{
"type": "FeatureCollection",
"name": "gu",
"crs": { "type": "name", "properties": { "name": "urn:ogc:def:crs:OGC:1.3:CRS84" } },
"features": [
{ "type": "Feature", "properties": { "fid": 11, "BASE_DATE": "20240630", "SIGUNGU_CD": "31021", "SIGUNGU_NM": "성남시 수정구" }, "geometry": { "type": "MultiPolygon", "coordinates": [ [ [ [ 127.132856051697146, 37.474626458205513 ], [ 127.133122428317492, 37.474579859333772 ], [ 127.133130100606024, 37.474596546703502 ], [ 127.133420751111515, 37.474545700474764 ], [ 127.133520772602694, 37.474528202458686 ], [ 127.133576338280079, 37.474529479861168 ], [ 127.133660553583326, 37.474531415729224 ], [ 127.133717070595225, 37.474521529896322 ], [ 127.134072564856282, 37.474459349178026 ], [ 127.134339187997284, 37.474412713169016 ], [ 127.134359836300689, 37.474409376213359 ], [ 127.134487702242851, 37.474388715917087 ], [ 127.134859014592493, 37.474328721601253 ], [ 127.135060385636038, 37.47429618607282 ], [ 127.135268991459569, 37.474267558321095 ], [ 127.135282894508592, 37.474265650680181 ], [ 127.135287311969989, 37.474257049060768 ], [ 127.135468283147077, 37.474240212051875 ], [ 127.135470911028222, 37.47424007323648 ], [ 127.135535678265867, 37.474236632413152 ], [ 127.135878015879427, 37.474218447307393 ], [ 127.136020426830811, 37.474212365597069 ], [ 127.136034435235729, 37.474211814747783 ], [ 127.136167007183673, 37.474206600313671 ], [ 127.136263138490193, 37.474202819401491 ], [ 127.136396953531573, 37.474170481930443 ], [ 127.136777609986865, 37.474155487586692 ], [ 127.136842519733207, 37.474153186712584 ], [ 127.137029934569085, 37.474153404732199 ], [ 127.13716101245474, 37.474153551325266 ], [ 127.137167032485365, 37.474153558093391 ], [ 127.137168345515491, 37.474153559421197 ], [ 127.137337249069674, 37.474153745347685 ], [ 127.137431757775474, 37.474153853306248 ], [ 127.137507299383088, 37.474153937254876 ], [ 127.137623109931496, 37.474149524259104 ], [ 127.137663884016249, 37.474147918677374 ], [ 127.138012763329414, 37.474134181263054 ], [ 127.138080002182292, 37.474131536212965 ], [ 127.138197722773313, 37.474126903162748 ], [ 127.138247832147883, 37.474129901296955 ], [ 127.138334052610702, 37.474135061454056 ], [ 127.13835623820043, 37.474134187430877 ], [ 127.138890857202227, 37.474113136920074 ], [ 127.139118959241145, 37.474104153135762 ], [ 127.139119589298062, 37.474104128920459 ], [ 127.139488150448443, 37.474089616199429 ], [ 127.139525079641047, 37.474088159588682 ], [ 127.139560327898366, 37.474086773553509 ], [ 127.1395948276989, 37.474085103097416 ], [ 127.139905874442576, 37.474072877965575 ], [ 127.139966030938979, 37.474070514018365 ], [ 127.140099846393042, 37.474038183166606 ], [ 127.14014237592373, 37.47403651086821 ], [ 127.140577117498623, 37.474019412866205 ], [ 127.140763761485189, 37.47402514258318 ], [ 127.140805240945241, 37.474026416123216 ], [ 127.140814269129933, 37.474026694147483 ], [ 127.140963485293767, 37.474031274099197 ], [ 127.141328483653425, 37.474016914266862 ], [ 127.141350096825875, 37.474016058675232 ], [ 127.141368625266963, 37.47401533433014 ], [ 127.141669190152143, 37.474003508100388 ], [ 127.141753731044759, 37.47400018151869 ], [ 127.142120845529945, 37.473985735517168 ], [ 127.14219328406061, 37.473982887546342 ], [ 127.142278922122344, 37.473979520645607 ], [ 127.143383742921486, 37.473936040597565 ], [ 127.143392008316425, 37.473935715812914 ], [ 127.143526588260514, 37.473930417154619 ], [ 127.143606429015321, 37.473927276071798 ], [ 127.143932934170294, 37.473914419949253 ], [ 127.144433410580703, 37.473894712490498 ], [ 127.144592733385068, 37.473888438782346 ], [ 127.144717088609212, 37.473883542471313 ], [ 127.14514089913574, 37.473866856304177 ], [ 127.145239279470076, 37.473862983803194 ], [ 127.145748484361164, 37.473842933727859 ], [ 127.145976082069737, 37.47384750255312 ], [ 127.145979744765583, 37.473847357590714 ], [ 127.145990528103241, 37.473846932905644 ], [ 127.146262493723739, 37.473836222539447 ], [ 127.14639632646562, 37.473803883699105 ], [ 127.146749385692758, 37.473789980658161 ], [ 127.146861487937912, 37.473785563742894 ], [ 127.14720159980898, 37.473807291320462 ], [ 127.147205608946877, 37.473807547560995 ], [ 127.147516530956224, 37.473827408679995 ], [ 127.147864063252356, 37.473813725584058 ], [ 127.147897013887402, 37.473812423054639 ], [ 127.148337961576885, 37.473795045474979 ], [ 127.148776197674394, 37.47377777716958 ], [ 127.148910029167254, 37.473745453502794 ], [ 127.14935899163045, 37.473727755208891 ], [ 127.149392088107902, 37.473726449991076 ], [ 127.149561022746212, 37.473719791585779 ], [ 127.149643243007603, 37.473716552526653 ], [ 127.149835083514759, 37.473708985465777 ], [ 127.149868995508442, 37.473707654588715 ], [ 127.149938413344245, 37.47370491820719 ], [ 127.150286836088682, 37.47369118194694 ], [ 127.150473526975262, 37.473695821134932 ], [ 127.150491064796924, 37.473696256993847 ], [ 127.15070788630976, 37.473701642929313 ], [ 127.151442552632318, 37.473672677391264 ], [ 127.151908526658886, 37.473654303001872 ], [ 127.151951483318143, 37.473652609682709 ], [ 127.152057698567106, 37.473648421075467 ], [ 127.152091169344189, 37.473647108091342 ], [ 127.152364659419561, 37.473636320561859 ], [ 127.152638357545854, 37.473625525799825 ], [ 127.152957402349855, 37.473612940082013 ], [ 127.153361726813273, 37.473596990134283 ], [ 127.153384261606959, 37.473596101693857 ], [ 127.153388463835697, 37.473595935550229 ], [ 127.153431874026836, 37.473594223193025 ], [ 127.153601076143318, 37.473587547175327 ], [ 127.153734905303253, 37.473555209016958 ], [ 127.154125740373004, 37.473539782980751 ], [ 127.154326202716533, 37.473531884132896 ], [ 127.15444779227424, 37.473527084861729 ], [ 127.154600653584239, 37.47352105006992 ], [ 127.154588310981609, 37.473322369051331 ], [ 127.154585746618309, 37.473280950075846 ], [ 127.154585713865941, 37.473280448820375 ], [ 127.154583645903131, 37.473247158015724 ], [ 127.154577030104264, 37.473140461052097 ], [ 127.154574894697618, 37.473106099226008 ], [ 127.154570044584105, 37.473028095212833 ], [ 127.154564453222108, 37.472938157642993 ], [ 127.154564889606874, 37.472903296765985 ], [ 127.154558895564193, 37.472806988059489 ], [ 127.154580975089814, 37.472808148668079 ], [ 127.154618457531228, 37.472828074777347 ], [ 127.154613437415676, 37.472810603337983 ], [ 127.154609642035837, 37.472780857964644 ], [ 127.154601691114507, 37.472718534070779 ], [ 127.154548515134394, 37.472301681357401 ], [ 127.154530668365069, 37.472161787557212 ], [ 127.154507354195133, 37.47197902409043 ], [ 127.15450672308036, 37.47196871782149 ], [ 127.154501318894646, 37.471882126653206 ], [ 127.154499033399929, 37.471845497442523 ], [ 127.154492371544407, 37.471766300111121 ], [ 127.154514843352999, 37.471765459943306 ], [ 127.154537176925203, 37.471763448491643 ], [ 127.154559305532672, 37.471760266462624 ], [ 127.154782869674847, 37.471718746683131 ], [ 127.154872019094611, 37.471702187601252 ], [ 127.15489267747347, 37.471699006623709 ], [ 127.154913586888185, 37.47169706124798 ], [ 127.154928382609455, 37.471696582565798 ], [ 127.154955649534102, 37.471696960543191 ], [ 127.154976567556488, 37.471698800921658 ], [ 127.155015349577909, 37.471702109500328 ], [ 127.155054340052274, 37.471702878623411 ], [ 127.155059674601844, 37.471702629194368 ], [ 127.155084170852717, 37.471701515404234 ], [ 127.155093281175681, 37.471701097623161 ], [ 127.15513190038449, 37.471696768408158 ], [ 127.155152975435556, 37.471692984685419 ], [ 127.155169947538496, 37.471689935317102 ], [ 127.155177168824849, 37.471688128418869 ], [ 127.155207154444923, 37.471680633622611 ], [ 127.155243295711557, 37.47166893657996 ], [ 127.155278107504387, 37.471654915529719 ], [ 127.155311355293975, 37.47163866353101 ], [ 127.155439293287145, 37.471563821217678 ], [ 127.155454966735562, 37.471555422015278 ], [ 127.155459652607163, 37.471553343606288 ], [ 127.155471467574372, 37.471548103257788 ], [ 127.155488683646439, 37.471541907883541 ], [ 127.155506490367273, 37.471536876090525 ], [ 127.155524749573573, 37.47153304983992 ], [ 127.155543340173011, 37.47153044770716 ], [ 127.155562158028701, 37.471529090120058 ], [ 127.155581050395668, 37.471528992857898 ], [ 127.155599873638351, 37.471530158206029 ], [ 127.15569390430494, 37.471539104282861 ], [ 127.155891679398323, 37.471557924965985 ], [ 127.155975869781898, 37.471565941696241 ], [ 127.156018006077815, 37.471568508873084 ], [ 127.156061629345103, 37.471568154526608 ], [ 127.156102319787081, 37.471565164144266 ], [ 127.156143910245717, 37.471559252333265 ], [ 127.156162763973725, 37.471555247440691 ], [ 127.156184747724794, 37.471550577430243 ], [ 127.156224504019761, 37.471539190760382 ], [ 127.156262920897959, 37.471525175400728 ], [ 127.156282453423017, 37.471518643228507 ], [ 127.156292623374014, 37.471516251739807 ], [ 127.156302986130413, 37.471514480951399 ], [ 127.15631348518464, 37.471513322586596 ], [ 127.156310060491393, 37.471453365425155 ], [ 127.156308418945926, 37.471424843208197 ], [ 127.156306471380674, 37.471390787511574 ], [ 127.156305489005504, 37.471373660487878 ], [ 127.156765377307508, 37.471296580139487 ], [ 127.156761843785432, 37.471249958394331 ], [ 127.156827429025611, 37.471239733593762 ], [ 127.156915198145214, 37.471226050627941 ], [ 127.157172972805725, 37.471181309512779 ], [ 127.157276406054365, 37.471163406455709 ], [ 127.157427573586105, 37.471138356859633 ], [ 127.158586922767398, 37.470945737110462 ], [ 127.159118887247161, 37.471058022989091 ], [ 127.15970169530074, 37.471129712026546 ], [ 127.159790651034015, 37.471140774665187 ], [ 127.160189669004879, 37.471189588009686 ], [ 127.160487906858251, 37.471095293400296 ], [ 127.160756706705627, 37.471031725851084 ], [ 127.16105175157972, 37.47104141946587 ], [ 127.161267460264767, 37.471012962630283 ], [ 127.161390903127355, 37.471011984213121 ], [ 127.161664087280371, 37.470991134829568 ], [ 127.161736799021085, 37.47098558597137 ], [ 127.162448779108431, 37.471170927593469 ], [ 127.162701286790224, 37.471102088358684 ], [ 127.162697523461929, 37.470859399871543 ], [ 127.163125531922958, 37.470785392772115 ], [ 127.163523504137913, 37.470868767419311 ], [ 127.16403040569233, 37.470753121278335 ], [ 127.164539368381853, 37.470504635322946 ], [ 127.164881233413752, 37.470409405154278 ], [ 127.165177991454755, 37.470318813520436 ], [ 127.165483324920558, 37.470236723675193 ], [ 127.16539076533185, 37.469900390446291 ], [ 127.165862339623317, 37.469886166374692 ], [ 127.166333490740413, 37.469680117451468 ], [ 127.166642709525163, 37.469655567136257 ], [ 127.166798231783673, 37.469643220787709 ], [ 127.166747175008283, 37.469553191555811 ], [ 127.166667121532583, 37.469534437252072 ], [ 127.16655480454898, 37.469463361223767 ], [ 127.166529480646147, 37.469439692864967 ], [ 127.166483930093307, 37.469397120723592 ], [ 127.166477188616838, 37.46939082186956 ], [ 127.166406494491738, 37.469324749485722 ], [ 127.166430012569236, 37.46926080888008 ], [ 127.166431021008336, 37.46925197021438 ], [ 127.166433129633887, 37.469233496333047 ], [ 127.166465306555423, 37.469159684049494 ], [ 127.166465332829617, 37.469159624633377 ], [ 127.166468627862727, 37.469152066954805 ], [ 127.166640065172089, 37.469115509034026 ], [ 127.166791310728428, 37.469062083425904 ], [ 127.166887346991402, 37.469039424309472 ], [ 127.167279055038463, 37.468934692041323 ], [ 127.167383875764401, 37.468892604843745 ], [ 127.16756426981911, 37.468842228489805 ], [ 127.167779786536798, 37.468772376515474 ], [ 127.168089433352137, 37.468778976668304 ], [ 127.168223676470703, 37.468782174942262 ], [ 127.168429773410296, 37.468771459290977 ], [ 127.168533411682915, 37.468784397139501 ], [ 127.168547968178288, 37.468786213665005 ], [ 127.168600468427556, 37.468802474661963 ], [ 127.168953445171539, 37.46883490647248 ], [ 127.169087430600499, 37.468884281001188 ], [ 127.169315999237838, 37.468970110009515 ], [ 127.169594616785943, 37.469082339870482 ], [ 127.169657393422014, 37.469114353486958 ], [ 127.170052895742543, 37.46920614236722 ], [ 127.170152870476684, 37.469287368783959 ], [ 127.170229110034839, 37.469339348008994 ], [ 127.170675215200077, 37.469466544721463 ], [ 127.170792358564185, 37.469561260535656 ], [ 127.170804325071003, 37.469569115038915 ], [ 127.170898494256605, 37.469630936235468 ], [ 127.170980585072286, 37.469691358154527 ], [ 127.171141790827022, 37.469824024886726 ], [ 127.171228496429961, 37.469889789260797 ], [ 127.171331999800387, 37.469970163686796 ], [ 127.171497836171184, 37.470195454698803 ], [ 127.171635539058656, 37.470322245194737 ], [ 127.171660752600914, 37.470379078864788 ], [ 127.171798732928281, 37.470547826783729 ], [ 127.171870466672928, 37.470636131050519 ], [ 127.171909444923088, 37.470686187649662 ], [ 127.171942566146086, 37.470730064425439 ], [ 127.172272439580212, 37.470928376519417 ], [ 127.17268531928805, 37.471044908552706 ], [ 127.172738135482334, 37.471084468026845 ], [ 127.172794129383774, 37.471126408675225 ], [ 127.172915755231642, 37.471171563188655 ], [ 127.17303441704162, 37.471230234390354 ], [ 127.173044885019237, 37.471249644553517 ], [ 127.173166222051805, 37.471246928199463 ], [ 127.17326253033157, 37.471268764262518 ], [ 127.173381161945358, 37.471314200257488 ], [ 127.173525907703251, 37.471349470558621 ], [ 127.173759789379361, 37.471360392108956 ], [ 127.17376898414183, 37.471362631252639 ], [ 127.173852748645672, 37.471381088130137 ], [ 127.174063484418767, 37.471463555210867 ], [ 127.174175897302618, 37.471493242593802 ], [ 127.174242581538294, 37.471536788523551 ], [ 127.174489801308781, 37.471659468061858 ], [ 127.174560553036642, 37.471701882082918 ], [ 127.174668375717175, 37.471736349825576 ], [ 127.174737489765121, 37.471754557522722 ], [ 127.174768963230179, 37.471769431984676 ], [ 127.174959284856456, 37.471807444436401 ], [ 127.175179785559351, 37.471834150771492 ], [ 127.175411226299644, 37.471859435546648 ], [ 127.175569859255617, 37.471940292081761 ], [ 127.175615357851498, 37.471957706119191 ], [ 127.175625668905369, 37.471961266883078 ], [ 127.175625445331775, 37.471950194776369 ], [ 127.17562462570541, 37.471909825698773 ], [ 127.175626912801647, 37.471904504897196 ], [ 127.175704379473473, 37.471724206129601 ], [ 127.175940958784352, 37.471608072242056 ], [ 127.176002410547753, 37.471338978922489 ], [ 127.176086034862394, 37.471331602450093 ], [ 127.176274020138479, 37.471234702345363 ], [ 127.17632155974502, 37.471148525757265 ], [ 127.176469568943148, 37.471201709760443 ], [ 127.176511550692183, 37.471259153462206 ], [ 127.176484314777682, 37.471320074421428 ], [ 127.176584189103593, 37.471373852985117 ], [ 127.176546907702345, 37.47150003069077 ], [ 127.176572504922405, 37.471520478867639 ], [ 127.176620732105931, 37.471516697125573 ], [ 127.176677460600089, 37.471474266364645 ], [ 127.176733838969085, 37.471446157344154 ], [ 127.176861437764401, 37.471539397661658 ], [ 127.176883326734483, 37.471559601274805 ], [ 127.176883508091876, 37.471559768523669 ], [ 127.176929964720188, 37.471602653709077 ], [ 127.176918703321448, 37.471548203771754 ], [ 127.176902682128443, 37.471521818408419 ], [ 127.176902513688219, 37.471521540326705 ], [ 127.176837757531445, 37.471414886530034 ], [ 127.176343386785007, 37.470749735904754 ], [ 127.176323166283595, 37.470624884401353 ], [ 127.176375597443908, 37.470511489969951 ], [ 127.176375777051845, 37.470508389757981 ], [ 127.176380341467109, 37.470508103004825 ], [ 127.176382439105083, 37.470507620208572 ], [ 127.176396999147315, 37.4705029648607 ], [ 127.176417826708487, 37.470415126856153 ], [ 127.176414428108842, 37.470396033798174 ], [ 127.176413917996086, 37.47039316605283 ], [ 127.176405788169248, 37.470347473304422 ], [ 127.176388400770449, 37.470303631849134 ], [ 127.176362951259776, 37.470243522063264 ], [ 127.176320866507496, 37.470204615541135 ], [ 127.176272620893684, 37.470164087691344 ], [ 127.176267279814596, 37.470159598670563 ], [ 127.176226223721329, 37.470131307633032 ], [ 127.176191655971422, 37.470103191199485 ], [ 127.176173529337945, 37.470091813138914 ], [ 127.176173024064752, 37.470091496275614 ], [ 127.176115947545824, 37.470055667325695 ], [ 127.176118227507544, 37.470030485762273 ], [ 127.176124208909613, 37.469964406682152 ], [ 127.176117244567976, 37.469847840776382 ], [ 127.176116730333561, 37.469848028654035 ], [ 127.176094465264157, 37.469856180885131 ], [ 127.175982911578359, 37.469716383017747 ], [ 127.175926580374494, 37.469645786667542 ], [ 127.175926410530991, 37.469645573478971 ], [ 127.175908060521962, 37.469622579742513 ], [ 127.175877900143988, 37.469584781996986 ], [ 127.175863432975504, 37.46956665276798 ], [ 127.175665958817504, 37.469388692034997 ], [ 127.175635163800564, 37.469360939127441 ], [ 127.175554357620484, 37.469128616935841 ], [ 127.175554232517911, 37.469128256946689 ], [ 127.175503538753659, 37.468982505414282 ], [ 127.175503181315307, 37.468981477775003 ], [ 127.175445298766377, 37.468815065153819 ], [ 127.17534060474776, 37.468577104929167 ], [ 127.175340281103203, 37.468576370326645 ], [ 127.175313056163048, 37.468514487839791 ], [ 127.175328611158903, 37.468313957336683 ], [ 127.175180056610003, 37.468134268838803 ], [ 127.175125401240138, 37.468080867583822 ], [ 127.175111247549964, 37.468051034860622 ], [ 127.174979162441204, 37.467891268346477 ], [ 127.175006919373786, 37.467893363753298 ], [ 127.175023989353434, 37.467791300151497 ], [ 127.17489730803257, 37.467576974185299 ], [ 127.174822015354962, 37.467480453158664 ], [ 127.174811056364504, 37.467463457455267 ], [ 127.174769665908514, 37.467421450670884 ], [ 127.174720049588245, 37.467356758136802 ], [ 127.174700352512744, 37.467334550997194 ], [ 127.174689228389539, 37.46732383646016 ], [ 127.174624090304661, 37.467267979626556 ], [ 127.174464032020452, 37.467097672413949 ], [ 127.174400683955739, 37.467009070987324 ], [ 127.17434413975073, 37.46692529707429 ], [ 127.174239896009169, 37.466802582349573 ], [ 127.174239719368387, 37.46680237454801 ], [ 127.17422659849187, 37.466786929491491 ], [ 127.174189410419743, 37.466728887933826 ], [ 127.174114628857254, 37.466464742258502 ], [ 127.174059298374544, 37.466361783228372 ], [ 127.174077063439256, 37.466334259381199 ], [ 127.174106476391401, 37.466288693424033 ], [ 127.174115790310452, 37.466274282800391 ], [ 127.174095538316578, 37.466150771078233 ], [ 127.174005702442301, 37.466044296156909 ], [ 127.173987147638769, 37.466022967274078 ], [ 127.173941176121502, 37.465973191281037 ], [ 127.173933638510462, 37.465925685512467 ], [ 127.173876029175972, 37.465850001807446 ], [ 127.173787825641753, 37.465779729261719 ], [ 127.173784314125371, 37.465776934340596 ], [ 127.173671005117953, 37.465686924547136 ], [ 127.173673891296531, 37.465669682135058 ], [ 127.173551794361259, 37.465568102334011 ], [ 127.173356375760065, 37.465429478133913 ], [ 127.173005847378008, 37.46522109035871 ], [ 127.172949498095662, 37.465198629161875 ], [ 127.172947386001908, 37.465197786846716 ], [ 127.172743693701605, 37.46511660275214 ], [ 127.172543122083383, 37.465002158356555 ], [ 127.172441398603539, 37.464896870644147 ], [ 127.172362015150767, 37.464818930101238 ], [ 127.172294742359597, 37.464736441435242 ], [ 127.172282526304855, 37.46470299564119 ], [ 127.172250781620932, 37.464616077899969 ], [ 127.172210969547734, 37.464555641602651 ], [ 127.17213810840056, 37.464322765684898 ], [ 127.172025890425871, 37.464259381041408 ], [ 127.17190467412594, 37.464207026589797 ], [ 127.171824995329487, 37.464175218690364 ], [ 127.17160211989281, 37.4641485094225 ], [ 127.171591430224169, 37.464149327001479 ], [ 127.171589135367313, 37.464150724054214 ], [ 127.171534051097453, 37.464184199202585 ], [ 127.171477554274034, 37.464213310479771 ], [ 127.171465508930396, 37.464219516263327 ], [ 127.171431851628839, 37.464232444752618 ], [ 127.171417647456266, 37.464237901801319 ], [ 127.171369055238316, 37.464255045906278 ], [ 127.17136293801147, 37.464256498124421 ], [ 127.171349768521296, 37.464259628906845 ], [ 127.171349213849595, 37.464259760766744 ], [ 127.171337170695224, 37.464262620664272 ], [ 127.171308119492082, 37.464269523662978 ], [ 127.171258414030504, 37.464277739277499 ], [ 127.171257275988467, 37.464277842472995 ], [ 127.171155868365005, 37.464286967900513 ], [ 127.170882858793888, 37.464153669769196 ], [ 127.170876660368421, 37.464146558737674 ], [ 127.170687799764721, 37.463929868247668 ], [ 127.170666716959175, 37.46390438369702 ], [ 127.170585238461726, 37.463772643355831 ], [ 127.170584267210586, 37.463771073168928 ], [ 127.170516196704369, 37.463661011105174 ], [ 127.17033687989769, 37.463526241372151 ], [ 127.170034244315843, 37.463298784607943 ], [ 127.169781157330647, 37.463108565854959 ], [ 127.169772477827081, 37.463102041833302 ], [ 127.169570887398407, 37.462950527060535 ], [ 127.169222295351886, 37.46268852364382 ], [ 127.169204240025579, 37.462674951675659 ], [ 127.168689819072029, 37.462288304437884 ], [ 127.168562381707346, 37.46219251920315 ], [ 127.167953928640159, 37.461735186460615 ], [ 127.167931311576766, 37.461718188897599 ], [ 127.167537412705173, 37.461422113926396 ], [ 127.167299108913326, 37.461242993007041 ], [ 127.167165857506234, 37.46114283357317 ], [ 127.167165804537049, 37.461142793763777 ], [ 127.166923428414734, 37.460960611282118 ], [ 127.166915283611985, 37.460954486961171 ], [ 127.166348090348322, 37.460528145777005 ], [ 127.166314601356305, 37.460488869624335 ], [ 127.166310498898014, 37.460484058251978 ], [ 127.165767461282144, 37.459847238947319 ], [ 127.165763624360636, 37.459842739278827 ], [ 127.165012720254978, 37.458962132732303 ], [ 127.165010988002891, 37.458960100643324 ], [ 127.164242108974079, 37.458058389381378 ], [ 127.164208362326733, 37.458018812633327 ], [ 127.163878648846207, 37.457632126323837 ], [ 127.163600323670863, 37.457305704883979 ], [ 127.1634160181532, 37.457089549174746 ], [ 127.16339472486122, 37.457064575585562 ], [ 127.162877852514384, 37.456458370969436 ], [ 127.162618980791493, 37.456154756828916 ], [ 127.162339302225661, 37.455826731269696 ], [ 127.162074482745268, 37.455516132235211 ], [ 127.16202646997543, 37.455459818894894 ], [ 127.161795339792121, 37.455188728839296 ], [ 127.16179401936148, 37.455187180113377 ], [ 127.161598460138364, 37.454957808582051 ], [ 127.161491569065021, 37.454832437450442 ], [ 127.161416869929013, 37.454744821274389 ], [ 127.161416511146086, 37.454744400208327 ], [ 127.161237490802392, 37.45453442514782 ], [ 127.161152398850717, 37.454434618634465 ], [ 127.161048623576875, 37.454312896659125 ], [ 127.160932837972851, 37.454177090486574 ], [ 127.160931475959742, 37.454175493858934 ], [ 127.160922495376767, 37.454150656093823 ], [ 127.160922858051705, 37.454150464241309 ], [ 127.160922572054929, 37.454149699960709 ], [ 127.160920067595413, 37.454143953755313 ], [ 127.160918665420866, 37.45414073454711 ], [ 127.160900959721232, 37.454100093272437 ], [ 127.160836714255638, 37.453949262121064 ], [ 127.160791066296369, 37.453843414881362 ], [ 127.160720365652566, 37.453679485358848 ], [ 127.160710371811206, 37.453656222063699 ], [ 127.160647629585114, 37.453510176881231 ], [ 127.160628880590878, 37.453466533709573 ], [ 127.160625846204795, 37.453459469975904 ], [ 127.160584605628145, 37.453363479163002 ], [ 127.160548118911095, 37.453278375210992 ], [ 127.160544908926184, 37.453270891833832 ], [ 127.16046604108395, 37.453087323079643 ], [ 127.16046356951081, 37.453081570648528 ], [ 127.160392704128299, 37.452916630904483 ], [ 127.160381649552789, 37.452891205750397 ], [ 127.160308057581091, 37.452721985623121 ], [ 127.160304315663552, 37.452713381208675 ], [ 127.160225547617827, 37.452532252573896 ], [ 127.160182192434078, 37.452432560813449 ], [ 127.160155168279445, 37.452370317435687 ], [ 127.160150493250512, 37.452359547946564 ], [ 127.160147422814646, 37.452352475082158 ], [ 127.160070571393831, 37.452175461191054 ], [ 127.160043526165538, 37.452113168149495 ], [ 127.15999496783185, 37.452001100862745 ], [ 127.159914325576935, 37.45181497662626 ], [ 127.159913357709854, 37.45181274204932 ], [ 127.159907843637242, 37.451800017768193 ], [ 127.159888991971513, 37.451756514786496 ], [ 127.159872044078213, 37.451721047584726 ], [ 127.159833762292322, 37.451632473359858 ], [ 127.159760636215765, 37.45146327583462 ], [ 127.159759011588662, 37.451459517853166 ], [ 127.159702938701557, 37.451329780880073 ], [ 127.159693922740601, 37.451308922457528 ], [ 127.159654905359687, 37.451220095470461 ], [ 127.159652698564102, 37.451215071188869 ], [ 127.159610649726645, 37.451119345383994 ], [ 127.159573256034591, 37.451034522422553 ], [ 127.159488224665765, 37.450841645682949 ], [ 127.159479062641253, 37.450820860734055 ], [ 127.159472520424416, 37.450806017953056 ], [ 127.159442607043914, 37.450738164959596 ], [ 127.159344880367243, 37.450515477470475 ], [ 127.159341296020301, 37.45050732776744 ], [ 127.159257169845375, 37.450316048881035 ], [ 127.159170028597515, 37.450118337169769 ], [ 127.159150747014863, 37.450074585844483 ], [ 127.159089182898072, 37.449934582336091 ], [ 127.159058118372101, 37.449863937077048 ], [ 127.158963721012185, 37.449648776276007 ], [ 127.158901287745294, 37.449506376113881 ], [ 127.15884433909882, 37.449376436966197 ], [ 127.158839461417514, 37.449365312597116 ], [ 127.158751633566396, 37.4491649214985 ], [ 127.158620090420797, 37.448863732725002 ], [ 127.158607861636938, 37.448835731487605 ], [ 127.158553377677109, 37.448710979481625 ], [ 127.158529893745907, 37.448657191766124 ], [ 127.158477516092077, 37.448537208648311 ], [ 127.158376979537252, 37.44830641515815 ], [ 127.158319608821898, 37.448174715941427 ], [ 127.15809203009745, 37.447652269786346 ], [ 127.158034224042254, 37.447519563229747 ], [ 127.158003739743606, 37.447449047342246 ], [ 127.157956679879888, 37.447339681280006 ], [ 127.157881346973014, 37.447164618092728 ], [ 127.157848646047796, 37.447089614130896 ], [ 127.157766912532281, 37.446902134884141 ], [ 127.157701295304037, 37.446751622391623 ], [ 127.157668746893364, 37.446676968549014 ], [ 127.157633694607, 37.44659656391007 ], [ 127.157490987360717, 37.446271305477886 ], [ 127.15749038874192, 37.44626994177208 ], [ 127.157456159171616, 37.446191919979853 ], [ 127.157426235176075, 37.446123719372174 ], [ 127.157423950268182, 37.446118535276263 ], [ 127.157338826208431, 37.445923107507781 ], [ 127.157249234326059, 37.445759988968682 ], [ 127.157192489788471, 37.445656674235281 ], [ 127.157053514485995, 37.445462971204016 ], [ 127.156887174963444, 37.445244671283177 ], [ 127.156855611287838, 37.445203245488308 ], [ 127.156788685444539, 37.445142186100838 ], [ 127.156778714011381, 37.445133089354556 ], [ 127.156779681555179, 37.445132138513884 ], [ 127.156819259090327, 37.44509244800151 ], [ 127.156873979701601, 37.445038182105584 ], [ 127.156874200018962, 37.445037963712089 ], [ 127.156906586706171, 37.445005848145406 ], [ 127.156893033860882, 37.444994758897678 ], [ 127.156603065143386, 37.444757461961721 ], [ 127.156459712101892, 37.444637976086042 ], [ 127.15642979526875, 37.444613041935689 ], [ 127.156205650920725, 37.444476544557105 ], [ 127.156071790885491, 37.444395066885974 ], [ 127.156059477810444, 37.444387572211305 ], [ 127.156056538209626, 37.44438615301155 ], [ 127.155894275840865, 37.44430785544639 ], [ 127.155870494012945, 37.444296372145715 ], [ 127.1557514608768, 37.444238901127008 ], [ 127.155710790556753, 37.444219265278811 ], [ 127.155708664262491, 37.444218238733121 ], [ 127.155639260264422, 37.444184727280025 ], [ 127.155599673539683, 37.444165472225066 ], [ 127.155437284144142, 37.44408648591542 ], [ 127.155367370537064, 37.444052480668255 ], [ 127.155273290718441, 37.444007541575232 ], [ 127.155101107629406, 37.44392529662575 ], [ 127.155056603659119, 37.443904039516561 ], [ 127.155051295175852, 37.443901503790549 ], [ 127.154927280256302, 37.443842266938574 ], [ 127.154790056408189, 37.443776720539553 ], [ 127.154775579685406, 37.443769741305111 ], [ 127.154662530684391, 37.443715247670291 ], [ 127.154605288848487, 37.443688022151633 ], [ 127.154507647865259, 37.443641583877977 ], [ 127.154507061292662, 37.44364130454111 ], [ 127.154332385308919, 37.443558230034121 ], [ 127.154327840499704, 37.44355606787385 ], [ 127.15432244977724, 37.443553480496419 ], [ 127.154169130773468, 37.443479886633604 ], [ 127.154048075043306, 37.443421783328631 ], [ 127.153899209478936, 37.443352137536102 ], [ 127.153708069595865, 37.443258445318364 ], [ 127.153602225989403, 37.443206565924292 ], [ 127.153515313408761, 37.443164057602644 ], [ 127.153476638505396, 37.443145141621308 ], [ 127.153417931371735, 37.443116428475399 ], [ 127.153353920703154, 37.443085121824808 ], [ 127.153331329185164, 37.44307407145741 ], [ 127.153326195929779, 37.443071560504777 ], [ 127.153272677431161, 37.443045385442822 ], [ 127.153170604455767, 37.442995004886448 ], [ 127.153071428093355, 37.442946055107647 ], [ 127.153014747860425, 37.442918400511999 ], [ 127.152869460051917, 37.442847512820833 ], [ 127.152851823586346, 37.442838907912062 ], [ 127.152818726456246, 37.44282276088466 ], [ 127.152715638138275, 37.442772303941283 ], [ 127.152697506675196, 37.4427634289464 ], [ 127.152538026658462, 37.442685372002842 ], [ 127.152484397132937, 37.44265912324591 ], [ 127.152481533321279, 37.442657723108766 ], [ 127.152316238530304, 37.442581141439064 ], [ 127.152286281029617, 37.442567423679286 ], [ 127.152178907481087, 37.442518252536033 ], [ 127.152162919117174, 37.442510931419889 ], [ 127.152049105481325, 37.442458814453786 ], [ 127.151866055069448, 37.442374695797668 ], [ 127.151725112574113, 37.442309928088513 ], [ 127.151688692790259, 37.442293193174677 ], [ 127.15156214691028, 37.442235795843025 ], [ 127.15140508953985, 37.442164560678911 ], [ 127.151241067603863, 37.442090166181437 ], [ 127.151159277289182, 37.442053071353406 ], [ 127.151150465740216, 37.442049074806768 ], [ 127.151095259065812, 37.442024033107955 ], [ 127.150971423759401, 37.44196786720655 ], [ 127.15094156367995, 37.441957862140931 ], [ 127.150754415451232, 37.441895163363824 ], [ 127.150659107184808, 37.441863234565211 ], [ 127.150579529823602, 37.44183657293781 ], [ 127.150575749780458, 37.441835306152797 ], [ 127.150575391980652, 37.44183518611402 ], [ 127.150424466823196, 37.441784622694541 ], [ 127.150387327854332, 37.441772180285902 ], [ 127.150216023062811, 37.441714787019585 ], [ 127.150142236253828, 37.441690068464219 ], [ 127.150040468583015, 37.441656052301326 ], [ 127.149830485214679, 37.441585867064006 ], [ 127.14972638027281, 37.441551071231039 ], [ 127.149622391691651, 37.441516312607533 ], [ 127.149444110928854, 37.44145672433681 ], [ 127.149426651046824, 37.441450889353824 ], [ 127.149397738247586, 37.441441224722027 ], [ 127.14927253023869, 37.441399654279735 ], [ 127.149179255829679, 37.441368687579136 ], [ 127.14909406569187, 37.44134056609807 ], [ 127.148927483716776, 37.441285582632815 ], [ 127.148925287269023, 37.441284849603598 ], [ 127.148923791748345, 37.44128434940729 ], [ 127.148917238495386, 37.441282168453888 ], [ 127.148731711173625, 37.441220954044212 ], [ 127.148583223042408, 37.441171938663629 ], [ 127.148557993914196, 37.441162424491075 ], [ 127.148556786454321, 37.441161969313868 ], [ 127.148530805766143, 37.4411521734758 ], [ 127.148526308826163, 37.441150478144841 ], [ 127.148494419505298, 37.44113845276344 ], [ 127.148381330363463, 37.441095807829086 ], [ 127.148191895193165, 37.441024373818898 ], [ 127.148132180357422, 37.441001857380911 ], [ 127.148014377104417, 37.440958119120054 ], [ 127.147966130725251, 37.440940208505261 ], [ 127.147847375241042, 37.440895629867882 ], [ 127.14767985887751, 37.440832748552353 ], [ 127.147513552508116, 37.440770321293385 ], [ 127.147391425704953, 37.440724479237701 ], [ 127.147360382285626, 37.440712943715603 ], [ 127.147323450441149, 37.440699223719015 ], [ 127.147273214947546, 37.440680559649316 ], [ 127.147170071791592, 37.440642239171822 ], [ 127.147004953834923, 37.440580888277715 ], [ 127.146954979172762, 37.440562322199831 ], [ 127.146840965905753, 37.440520165179571 ], [ 127.146676237541143, 37.440459256662066 ], [ 127.14667019748893, 37.440457109567532 ], [ 127.146498101130675, 37.440395966953815 ], [ 127.146430963172861, 37.440372115058253 ], [ 127.146333142295333, 37.440337547757544 ], [ 127.146279557921062, 37.440318614551401 ], [ 127.146167466461023, 37.440279006302291 ], [ 127.146127055919038, 37.440264726582832 ], [ 127.14612519379142, 37.440264067513581 ], [ 127.146060402875946, 37.44024117428242 ], [ 127.145961069242318, 37.440206007238793 ], [ 127.145881845484482, 37.440177961705295 ], [ 127.145786820095424, 37.440142802014385 ], [ 127.145759516685331, 37.440132700544993 ], [ 127.145614235687788, 37.440054094519482 ], [ 127.145574487969938, 37.440032590304682 ], [ 127.145472316751963, 37.439977440854584 ], [ 127.145460506611087, 37.439971066085533 ], [ 127.145308641484064, 37.4398890976491 ], [ 127.145291332239509, 37.439879754369969 ], [ 127.145157302714239, 37.439807529003438 ], [ 127.145000162873032, 37.439722851036791 ], [ 127.144853797239648, 37.439643979419188 ], [ 127.144659974062208, 37.439539533665489 ], [ 127.144639659456644, 37.439571723658325 ], [ 127.144637523890779, 37.439575108196728 ], [ 127.144578376091317, 37.439668837923108 ], [ 127.144569621027941, 37.439664026215816 ], [ 127.144541080553623, 37.43964833855221 ], [ 127.144534634621522, 37.43964479570645 ], [ 127.144519243087103, 37.439636336017188 ], [ 127.144216166685226, 37.439469748464298 ], [ 127.144045324030827, 37.439375843005706 ], [ 127.143521615688584, 37.439085948436976 ], [ 127.142936326396196, 37.438761958640512 ], [ 127.142842938452219, 37.438712831171912 ], [ 127.142783913092686, 37.438681780830386 ], [ 127.142375074359236, 37.438458012159082 ], [ 127.141993096731511, 37.438248940972976 ], [ 127.141950689581947, 37.438225629246055 ], [ 127.141883442265595, 37.438188667591817 ], [ 127.14137891654218, 37.437911338068801 ], [ 127.141268782782532, 37.437850797658648 ], [ 127.140999718834863, 37.43770408475747 ], [ 127.140925132992606, 37.437662811541912 ], [ 127.140920557891434, 37.43766028371806 ], [ 127.14091996261017, 37.437659954711769 ], [ 127.140509996915412, 37.437432353434104 ], [ 127.140485032764033, 37.43741849283083 ], [ 127.140305280505444, 37.437318699544434 ], [ 127.140113462157743, 37.437212208110793 ], [ 127.140067158405401, 37.437186570021524 ], [ 127.13996517437657, 37.437130099467531 ], [ 127.139508952208985, 37.436877478652477 ], [ 127.139367867399116, 37.436799153550851 ], [ 127.138780439056816, 37.436473024686975 ], [ 127.138616695539653, 37.436382115697029 ], [ 127.138141343220028, 37.436115328240177 ], [ 127.138005577361383, 37.436039131508458 ], [ 127.137944992319461, 37.436005127384576 ], [ 127.137723149352624, 37.435883278967815 ], [ 127.137318084651156, 37.435677089192843 ], [ 127.137291049005356, 37.435666182563544 ], [ 127.137264916130334, 37.435655594178591 ], [ 127.137212102110837, 37.435634195773851 ], [ 127.137111860023467, 37.435593581425231 ], [ 127.137055677387607, 37.435570818748225 ], [ 127.137052044694173, 37.43556934737159 ], [ 127.136924751837839, 37.435522652973347 ], [ 127.136614492882444, 37.435408840603031 ], [ 127.136429828755567, 37.435341100723569 ], [ 127.1363984206818, 37.435329578324712 ], [ 127.136212746209864, 37.435274955365777 ], [ 127.136107443277552, 37.435246498516662 ], [ 127.135901326125733, 37.435190795385559 ], [ 127.135800803680382, 37.43517005070369 ], [ 127.135561204599824, 37.435120603891477 ], [ 127.135329912481026, 37.435072871392926 ], [ 127.134847882265277, 37.434967420864346 ], [ 127.134591932647595, 37.434912392562545 ], [ 127.134575724359024, 37.43490891003183 ], [ 127.134557351588654, 37.434904929559387 ], [ 127.13417681519563, 37.434822477564879 ], [ 127.133875605944809, 37.434757213168247 ], [ 127.133669733880453, 37.434712604596335 ], [ 127.133483236283311, 37.434672193940848 ], [ 127.133209049135061, 37.434612783115739 ], [ 127.132903361071712, 37.434546545087933 ], [ 127.132903319293192, 37.434546535944456 ], [ 127.132867785712264, 37.434538835132436 ], [ 127.132645477666543, 37.43449066468667 ], [ 127.132446346701713, 37.434447118723718 ], [ 127.132123263953773, 37.434376469160753 ], [ 127.131643136101772, 37.434271475697287 ], [ 127.131520466724936, 37.434241527462198 ], [ 127.131518444685852, 37.434241033516713 ], [ 127.131049412973738, 37.434144783991528 ], [ 127.13071996081473, 37.434077177180761 ], [ 127.130019718034987, 37.433933476607599 ], [ 127.129589804696678, 37.433845249661196 ], [ 127.128882634133461, 37.433700119914327 ], [ 127.128809821101768, 37.433685175488939 ], [ 127.128872614803228, 37.433566644863582 ], [ 127.128872886357158, 37.433566131934249 ], [ 127.128878939215653, 37.43355470982555 ], [ 127.128893718281134, 37.433526809191761 ], [ 127.128774904964416, 37.433503872972771 ], [ 127.128749577836246, 37.433498981906183 ], [ 127.128709930497777, 37.433491330020537 ], [ 127.12863639170844, 37.433477135854119 ], [ 127.127921818846175, 37.43333918808041 ], [ 127.127904564894379, 37.433335857281229 ], [ 127.127870094902491, 37.4333297582507 ], [ 127.127859352561345, 37.433327852281948 ], [ 127.127291208661617, 37.433226813986771 ], [ 127.126862753011125, 37.433150615939091 ], [ 127.126741360780485, 37.433128733155222 ], [ 127.126685965185089, 37.433118744982181 ], [ 127.126628040501473, 37.433108183634417 ], [ 127.126564752437091, 37.433096703942418 ], [ 127.12625736274876, 37.433040945244223 ], [ 127.126156329519532, 37.433031065801373 ], [ 127.125759682812628, 37.432992280248392 ], [ 127.12575824007763, 37.432992139573457 ], [ 127.125577569731988, 37.432974472906999 ], [ 127.125559259351391, 37.432972681567968 ], [ 127.12493820150813, 37.43291194765429 ], [ 127.124915233069387, 37.432909701566018 ], [ 127.124703393632927, 37.432888985366155 ], [ 127.12467618288845, 37.43288632375036 ], [ 127.124434626352269, 37.432864189493664 ], [ 127.123691825293704, 37.432796117995167 ], [ 127.12350937542584, 37.432778721027759 ], [ 127.123460447598902, 37.43277405651726 ], [ 127.123402075710786, 37.43276829647683 ], [ 127.123300882115288, 37.432758313129916 ], [ 127.123300344344528, 37.432758260037971 ], [ 127.123171268056154, 37.432745522362787 ], [ 127.121699961957631, 37.432607957881174 ], [ 127.121584706422198, 37.432597972228663 ], [ 127.121362209346174, 37.432578696878245 ], [ 127.120722331728984, 37.432522849801352 ], [ 127.120534069912367, 37.432507701953284 ], [ 127.120530323273954, 37.432507400585308 ], [ 127.120099636396432, 37.432472742141535 ], [ 127.120098940396275, 37.432472686723727 ], [ 127.119997833252526, 37.432464551344509 ], [ 127.119307551352037, 37.432406818351652 ], [ 127.119297881903236, 37.432406055295864 ], [ 127.119196486006018, 37.432398058014158 ], [ 127.119196167378604, 37.432398033552026 ], [ 127.119172073977992, 37.432396133357813 ], [ 127.118830383783703, 37.432371179923507 ], [ 127.118463190952369, 37.432344769498016 ], [ 127.118454129066393, 37.432344118301657 ], [ 127.118450646800582, 37.43231934908367 ], [ 127.118419670581346, 37.432099076419753 ], [ 127.118384170830851, 37.431898655371057 ], [ 127.118384123591653, 37.431898386609738 ], [ 127.118317190149028, 37.431520517334754 ], [ 127.118281173304027, 37.431371949590812 ], [ 127.118232139153832, 37.431169686529735 ], [ 127.118141807422106, 37.430820116731169 ], [ 127.118199913850447, 37.430656330439227 ], [ 127.118379382417615, 37.430079009707867 ], [ 127.118581239521234, 37.429860040090929 ], [ 127.118581283844037, 37.429859992461218 ], [ 127.118619844412166, 37.429818158004565 ], [ 127.118573367795179, 37.429729578931834 ], [ 127.118478322073855, 37.429564355353271 ], [ 127.118388634972348, 37.429402559786368 ], [ 127.118302442882253, 37.429243472338996 ], [ 127.118187969102195, 37.429031929160622 ], [ 127.118176352804753, 37.429005540923491 ], [ 127.118130710047851, 37.428901863670873 ], [ 127.118069421205064, 37.428765459300209 ], [ 127.118001681581148, 37.428614707638019 ], [ 127.11799125548157, 37.428580331660434 ], [ 127.117990980386594, 37.428579528550053 ], [ 127.117947278331485, 37.428453258285032 ], [ 127.117932245202894, 37.428410899279989 ], [ 127.11789487223399, 37.4282558325746 ], [ 127.117872445248821, 37.42813870966657 ], [ 127.117859880941495, 37.428069176845625 ], [ 127.117841780881207, 37.427847065241657 ], [ 127.117832674577159, 37.427735191708862 ], [ 127.117822078372214, 37.427505303871669 ], [ 127.117814839279006, 37.427348522779745 ], [ 127.117943598642242, 37.426512157898649 ], [ 127.11794363721728, 37.426511906540377 ], [ 127.117945764464054, 37.426498088162312 ], [ 127.117996219688408, 37.426204597532696 ], [ 127.117812531154115, 37.426064305455483 ], [ 127.117701706720197, 37.425981812219078 ], [ 127.117701588492821, 37.425981724403556 ], [ 127.117531566816254, 37.425855166133474 ], [ 127.117531344333528, 37.425849577804229 ], [ 127.11753006524215, 37.425848625421722 ], [ 127.117515358184605, 37.425448377354165 ], [ 127.117453423456439, 37.423894004574557 ], [ 127.117318719152962, 37.423185302092421 ], [ 127.11727567796855, 37.422709737995596 ], [ 127.117276235146392, 37.422709737996747 ], [ 127.117254534867712, 37.422498081198889 ], [ 127.117254517652313, 37.422497910783584 ], [ 127.117236960664783, 37.422326670543875 ], [ 127.117161250188559, 37.422226376558299 ], [ 127.117145420132587, 37.422205683844822 ], [ 127.11704209623386, 37.422069708724877 ], [ 127.116979100230751, 37.421986804538392 ], [ 127.116998776960529, 37.421905046128842 ], [ 127.117001744206831, 37.421893175642126 ], [ 127.117109101677116, 37.421458432304526 ], [ 127.117311885127108, 37.421371140117465 ], [ 127.117540467110913, 37.421299667223771 ], [ 127.117639702402812, 37.421268629449337 ], [ 127.117675791441513, 37.42125734199314 ], [ 127.117788804554365, 37.421244497804494 ], [ 127.117877480079343, 37.421248708148212 ], [ 127.117896065811408, 37.421250648487614 ], [ 127.117896101957498, 37.42125065220997 ], [ 127.118389327958411, 37.421302138213484 ], [ 127.11839651740442, 37.421304040784669 ], [ 127.118403717021991, 37.421305943388241 ], [ 127.118528961536498, 37.421339040415141 ], [ 127.118713698623196, 37.421387332566326 ], [ 127.118851091452925, 37.421414639251502 ], [ 127.118951651882881, 37.421405042913428 ], [ 127.118952042539448, 37.421404894544629 ], [ 127.118955876553031, 37.421404569789033 ], [ 127.118999957002231, 37.421386998973922 ], [ 127.119000408850553, 37.42138681835273 ], [ 127.119016967471794, 37.421380216877878 ], [ 127.11904876127781, 37.421368131866366 ], [ 127.119051106173671, 37.421366606186488 ], [ 127.119051560282031, 37.42136642557238 ], [ 127.119059523044101, 37.421361136733829 ], [ 127.119144509259201, 37.421305902181253 ], [ 127.119144628316349, 37.421305825046701 ], [ 127.119165499827062, 37.42129225811081 ], [ 127.119196950174199, 37.421264070718699 ], [ 127.119227838223154, 37.421235776046231 ], [ 127.119249471468166, 37.421215950608712 ], [ 127.119249876816625, 37.421215578745624 ], [ 127.119261047119977, 37.421205341768569 ], [ 127.119262905670311, 37.421203665791424 ], [ 127.119277237297467, 37.421190694312074 ], [ 127.119277524410236, 37.421190237338998 ], [ 127.119278385060781, 37.421189448704858 ], [ 127.119297901699369, 37.4211586449238 ], [ 127.119298007650784, 37.421158477609509 ], [ 127.119421689881293, 37.420963238136821 ], [ 127.119487830986643, 37.420835464119151 ], [ 127.119565218190417, 37.420685977010059 ], [ 127.119640213475577, 37.420485141713613 ], [ 127.119693728423826, 37.420341829627688 ], [ 127.119748214329391, 37.420055622267775 ], [ 127.119751545542826, 37.419931883392522 ], [ 127.119752048858857, 37.41991325181484 ], [ 127.119760192186163, 37.419924066548845 ], [ 127.119761402269461, 37.419602035758629 ], [ 127.119760514191242, 37.419029785852011 ], [ 127.119721486817099, 37.418815392944424 ], [ 127.119583263439679, 37.418406896290954 ], [ 127.119516949385911, 37.418203865640777 ], [ 127.119302621481452, 37.417664510064476 ], [ 127.119266738882501, 37.41754566552482 ], [ 127.119166972107578, 37.417208063536584 ], [ 127.119131281644997, 37.417087290626007 ], [ 127.119131151658209, 37.4170868494353 ], [ 127.119116197979778, 37.417036248594513 ], [ 127.118958958098446, 37.416599467810755 ], [ 127.119108643556046, 37.416070848916284 ], [ 127.119155369458369, 37.415907595619366 ], [ 127.119169998856691, 37.415831822747158 ], [ 127.119200158119114, 37.415675611677095 ], [ 127.119204664066416, 37.41566371272652 ], [ 127.11920569303453, 37.41566136165109 ], [ 127.119191344325415, 37.415652915526408 ], [ 127.119185340066835, 37.415649380826196 ], [ 127.119174260178127, 37.415642815580377 ], [ 127.119097142420145, 37.415599402128265 ], [ 127.118999468615229, 37.415544417239666 ], [ 127.118363276928633, 37.415186354859372 ], [ 127.118211547490077, 37.415104223886772 ], [ 127.118207715822095, 37.415102145562884 ], [ 127.118206221096983, 37.415101408819879 ], [ 127.11808295367581, 37.415040660056292 ], [ 127.118063894260231, 37.415031268358291 ], [ 127.117863214845713, 37.414932180777107 ], [ 127.117824618370065, 37.41491312444937 ], [ 127.117765082294582, 37.414894210430724 ], [ 127.117764847621402, 37.41489413575929 ], [ 127.117705136712928, 37.41487516345726 ], [ 127.117684920299695, 37.414868643341045 ], [ 127.117687239699094, 37.414835637103238 ], [ 127.117696095833651, 37.414715604474452 ], [ 127.117726729266053, 37.414300504322618 ], [ 127.11772915239203, 37.414267759814692 ], [ 127.117781053371957, 37.413564568848038 ], [ 127.117811243152318, 37.413291082126733 ], [ 127.117834779651503, 37.413170954494277 ], [ 127.117910255462348, 37.412818854689178 ], [ 127.117828178781181, 37.412709273381665 ], [ 127.117681381966904, 37.412513276165242 ], [ 127.117675891563195, 37.412498748079834 ], [ 127.117517049504244, 37.412078509145239 ], [ 127.117508415950581, 37.412055660206846 ], [ 127.117480361057702, 37.411981424150618 ], [ 127.117461575349253, 37.411931708432746 ], [ 127.11766612019504, 37.411553623182371 ], [ 127.117752284784061, 37.411510228379079 ], [ 127.117944677445209, 37.411413332304711 ], [ 127.118084158799078, 37.411393990566253 ], [ 127.118087986573514, 37.411393459402078 ], [ 127.118146980208124, 37.411558555593018 ], [ 127.118163316172655, 37.411604311666565 ], [ 127.118277447292542, 37.411658431003772 ], [ 127.118280057413742, 37.41163954300778 ], [ 127.118287700251017, 37.411583757254242 ], [ 127.11833159747971, 37.411263320473296 ], [ 127.118337013029731, 37.411223787425492 ], [ 127.118410858632544, 37.41068473312631 ], [ 127.118409117080546, 37.410682327143611 ], [ 127.1182863259735, 37.410512614672733 ], [ 127.118286655473725, 37.410509364476674 ], [ 127.118282934376722, 37.410504247074378 ], [ 127.118282530878759, 37.410507382556858 ], [ 127.118258365434926, 37.410474078947068 ], [ 127.11826129330521, 37.410395237010356 ], [ 127.118254306574812, 37.410380536459641 ], [ 127.118253586527985, 37.410379025232771 ], [ 127.118183489099891, 37.410409640327067 ], [ 127.118054931706794, 37.410325792007036 ], [ 127.117634807230189, 37.410074823439025 ], [ 127.117362757906818, 37.409817130706237 ], [ 127.117320170538747, 37.409707937292978 ], [ 127.117301635361343, 37.409660414487462 ], [ 127.117160868387174, 37.409568377236624 ], [ 127.116894467040069, 37.409235624356299 ], [ 127.116885931520841, 37.409228461411935 ], [ 127.116680601244582, 37.409056170434106 ], [ 127.116482967913086, 37.409004285433525 ], [ 127.116422063616213, 37.408988756365353 ], [ 127.116306399287495, 37.408913724653267 ], [ 127.11623548815696, 37.408890427411137 ], [ 127.116086824226983, 37.408841585989556 ], [ 127.115930998626453, 37.408650000961963 ], [ 127.115736143927194, 37.40856567513034 ], [ 127.115442146567389, 37.408500365556314 ], [ 127.115416275164563, 37.408496334282241 ], [ 127.115285832471216, 37.408475922810588 ], [ 127.115284655989868, 37.408475738707381 ], [ 127.115155825624782, 37.408432614075856 ], [ 127.115133902053145, 37.408424886430851 ], [ 127.115127008124233, 37.408422460923099 ], [ 127.115110612936022, 37.408411303509354 ], [ 127.115130425046189, 37.408366593988426 ], [ 127.115098891906953, 37.408353199656894 ], [ 127.115075836109398, 37.40834349069771 ], [ 127.114897372214116, 37.408267976410606 ], [ 127.114634907098804, 37.408138483247335 ], [ 127.114439355810717, 37.408079278844468 ], [ 127.114414777808449, 37.408071837159511 ], [ 127.114199849147695, 37.408005817863213 ], [ 127.113977140556528, 37.40795025847477 ], [ 127.113960852630058, 37.407936307889379 ], [ 127.11377499248448, 37.407890390557249 ], [ 127.113711257963544, 37.407874645334111 ], [ 127.113710681978517, 37.40787744943367 ], [ 127.113709881862562, 37.407877250319686 ], [ 127.113707953416053, 37.407886638152789 ], [ 127.113623968709973, 37.407814179785582 ], [ 127.113256626523992, 37.407719379947515 ], [ 127.11322410517036, 37.407720953727946 ], [ 127.113174969370974, 37.407723332153253 ], [ 127.112924757336827, 37.407627970705271 ], [ 127.112860564875533, 37.407602262425527 ], [ 127.11258023565297, 37.407536146805406 ], [ 127.112399005084058, 37.407493403604633 ], [ 127.112106309973029, 37.407464214429531 ], [ 127.112050907666742, 37.407502739514939 ], [ 127.112025300116528, 37.40752411723475 ], [ 127.11198994299923, 37.407521898298093 ], [ 127.111925783582791, 37.407517903751746 ], [ 127.111904884124712, 37.407516571423521 ], [ 127.111762870402686, 37.407491925788904 ], [ 127.111732720099084, 37.407496278674216 ], [ 127.111474102417787, 37.407444080461246 ], [ 127.111443597513869, 37.40743789232576 ], [ 127.111503600028627, 37.407301783520097 ], [ 127.110791746340794, 37.407345872170836 ], [ 127.110611944919668, 37.407355859591632 ], [ 127.110603813707641, 37.407356317751983 ], [ 127.110512226780131, 37.407367484275966 ], [ 127.110424028772442, 37.40737729631185 ], [ 127.110190590976856, 37.407386608788755 ], [ 127.110040248592853, 37.407392606527168 ], [ 127.109873969854561, 37.407380865606228 ], [ 127.109794107097372, 37.407375262313302 ], [ 127.109669060806752, 37.407366456849061 ], [ 127.109653780314829, 37.407344936543126 ], [ 127.109592740147278, 37.407390312143512 ], [ 127.109432667272358, 37.40737288989515 ], [ 127.109217045757632, 37.40729334674181 ], [ 127.109125847177239, 37.407259100384906 ], [ 127.108970511208696, 37.407316726354971 ], [ 127.108656663159522, 37.40726475303935 ], [ 127.108332460327489, 37.407237384584334 ], [ 127.108132489973883, 37.407201254663384 ], [ 127.107729890317799, 37.407087098076097 ], [ 127.107586750466226, 37.407062358963053 ], [ 127.107362880208413, 37.407138424621685 ], [ 127.107109200330498, 37.407060443116045 ], [ 127.107072468915092, 37.407124989318497 ], [ 127.107024636193245, 37.407207186297896 ], [ 127.106976231679099, 37.407290884849772 ], [ 127.106901870074239, 37.407410234806228 ], [ 127.10672704225658, 37.407644564406965 ], [ 127.106721895446213, 37.40765145903201 ], [ 127.106721815790308, 37.407651566030701 ], [ 127.106690923406234, 37.407692972496868 ], [ 127.106546537080746, 37.407664648617704 ], [ 127.106480498139021, 37.407651694206763 ], [ 127.106412460497111, 37.407687308212957 ], [ 127.106395018251675, 37.407696437864644 ], [ 127.105763178221125, 37.408032857675664 ], [ 127.105716432816351, 37.40808485896477 ], [ 127.105614394721741, 37.40819836050931 ], [ 127.10553578954007, 37.408311415545626 ], [ 127.105336642915603, 37.408440219052174 ], [ 127.105321307010428, 37.40845013526399 ], [ 127.105053075921603, 37.408455367102157 ], [ 127.105006836470181, 37.408456268142508 ], [ 127.104933817525733, 37.408457691718745 ], [ 127.104864526301327, 37.408534636792659 ], [ 127.104846251003153, 37.408554931465609 ], [ 127.104823520249766, 37.408580172411604 ], [ 127.104795572732513, 37.408578251909439 ], [ 127.104597578233353, 37.408564648879789 ], [ 127.104577894565722, 37.40856329678779 ], [ 127.104564469195054, 37.408566139891597 ], [ 127.104210080429198, 37.408641321266025 ], [ 127.104141104871204, 37.408655953115542 ], [ 127.104103072953421, 37.408664018368853 ], [ 127.104077295395001, 37.408653426525014 ], [ 127.103908138801913, 37.408584216639476 ], [ 127.103828265289152, 37.40855153197613 ], [ 127.103647251344299, 37.408705165868291 ], [ 127.103626146183217, 37.408722682742003 ], [ 127.103625999769363, 37.408722805739487 ], [ 127.103285754307109, 37.409005199249059 ], [ 127.103161205875963, 37.40911629396043 ], [ 127.103154623321856, 37.409121950527613 ], [ 127.103024269577887, 37.409233947712139 ], [ 127.102852453165823, 37.409379771986849 ], [ 127.102797744223793, 37.409426206404646 ], [ 127.102755591312501, 37.4094619836658 ], [ 127.102679296670402, 37.409526739854677 ], [ 127.10251359490249, 37.40966540742928 ], [ 127.10244615427581, 37.409721845599698 ], [ 127.102354409284317, 37.409633235693889 ], [ 127.102054178252956, 37.409343265524022 ], [ 127.102053826364426, 37.409342926324079 ], [ 127.102053472225535, 37.40934258531378 ], [ 127.102019126928354, 37.409309410885967 ], [ 127.101657972305276, 37.409248708407908 ], [ 127.101538656713785, 37.409227654952495 ], [ 127.101538490763176, 37.4092276255492 ], [ 127.101491790732027, 37.409219385523592 ], [ 127.101299539100609, 37.409186967508397 ], [ 127.101236043829246, 37.409176260467156 ], [ 127.101230927375283, 37.409174328690469 ], [ 127.101230880007989, 37.409174311404549 ], [ 127.100446235288516, 37.408878075565923 ], [ 127.100265594948382, 37.408806615103465 ], [ 127.100264238441284, 37.408806079607423 ], [ 127.100256136763676, 37.408742455715377 ], [ 127.100239758906994, 37.40861403104352 ], [ 127.100217614732699, 37.408669150053576 ], [ 127.10015768011813, 37.408438900291941 ], [ 127.100108420059271, 37.408244678496217 ], [ 127.100103217473787, 37.408241111285172 ], [ 127.100011490731504, 37.408178193303485 ], [ 127.10001695711226, 37.408082618283423 ], [ 127.099972082049788, 37.408047750005935 ], [ 127.099937221152274, 37.408020660210092 ], [ 127.099922654056854, 37.40800934012632 ], [ 127.099864561350401, 37.4079418721224 ], [ 127.099854390496986, 37.407871997367614 ], [ 127.099874138466816, 37.40781467816511 ], [ 127.099918656733763, 37.407703905614333 ], [ 127.10007865908949, 37.407305749837626 ], [ 127.100078726646245, 37.407305582410416 ], [ 127.100079784726162, 37.407302946763203 ], [ 127.10007708683483, 37.40729053832262 ], [ 127.100073513171495, 37.407274103181422 ], [ 127.100061937423803, 37.40724147751498 ], [ 127.100039078210841, 37.407207122698196 ], [ 127.100019021061541, 37.407182586119596 ], [ 127.099993810629499, 37.407058300360497 ], [ 127.099979639460827, 37.406989122355704 ], [ 127.099978873614887, 37.406985036535495 ], [ 127.099977401407571, 37.406978640805164 ], [ 127.09996542275556, 37.406981643319043 ], [ 127.099918070555859, 37.406961409473205 ], [ 127.099908695152891, 37.406959975208323 ], [ 127.099838032212659, 37.406908316226463 ], [ 127.099799732748906, 37.406900057994633 ], [ 127.099781886052284, 37.406899712750565 ], [ 127.099663416578011, 37.406910714068147 ], [ 127.099617678581467, 37.406915437432779 ], [ 127.099509518903318, 37.406949314352794 ], [ 127.099493717514619, 37.406957436299692 ], [ 127.099304364265365, 37.406918399755057 ], [ 127.09915872814274, 37.406882839004609 ], [ 127.098863951498316, 37.40681082172884 ], [ 127.098711007965278, 37.406769638095611 ], [ 127.098442960584009, 37.406697459905814 ], [ 127.098346353250378, 37.406669517231194 ], [ 127.098023088368222, 37.406576076347029 ], [ 127.098020831503518, 37.406578051699157 ], [ 127.098022389546344, 37.406578500472875 ], [ 127.098024450544713, 37.406580193051369 ], [ 127.097718299109758, 37.406569629661639 ], [ 127.097230838258056, 37.406550231042679 ], [ 127.097191866673484, 37.406557854609872 ], [ 127.097191045482305, 37.406558014961035 ], [ 127.09710432025085, 37.406574984403655 ], [ 127.096858089035607, 37.406623540435994 ], [ 127.096830661146086, 37.406708277119229 ], [ 127.096778578713668, 37.406869193252753 ], [ 127.096515418589689, 37.407002259634488 ], [ 127.096453887321942, 37.407021908729028 ], [ 127.096134379672577, 37.407123940475593 ], [ 127.096025996195181, 37.407107819578677 ], [ 127.09602440876337, 37.407107583402791 ], [ 127.095981091958663, 37.407101141991092 ], [ 127.095963625208753, 37.407098634169067 ], [ 127.095835622211737, 37.407080273736909 ], [ 127.095648557194664, 37.407053923312041 ], [ 127.095588839729587, 37.407026598496657 ], [ 127.095528006028914, 37.406999254509032 ], [ 127.095487051300537, 37.406980970620602 ], [ 127.095462335066429, 37.406970024487777 ], [ 127.095415636984001, 37.406948779736936 ], [ 127.095215313832782, 37.406932280355065 ], [ 127.094978026637122, 37.406972949011724 ], [ 127.094818704191425, 37.406976868537107 ], [ 127.094756360638343, 37.406978161970002 ], [ 127.094504761102954, 37.406847351726867 ], [ 127.094467339216749, 37.406808673374393 ], [ 127.094238760386048, 37.406575301953708 ], [ 127.094205774106698, 37.406541169050286 ], [ 127.094185754926912, 37.406520453444649 ], [ 127.09416527280105, 37.406499260320508 ], [ 127.094032465953262, 37.406397707972751 ], [ 127.0939138628178, 37.406307018957264 ], [ 127.093865272199395, 37.406287378752133 ], [ 127.093693891356352, 37.406200077656536 ], [ 127.093508618417474, 37.406071161642288 ], [ 127.093437867367371, 37.406021931348462 ], [ 127.092910149187261, 37.405643003663769 ], [ 127.092719761688898, 37.405389651091369 ], [ 127.092640375949898, 37.405363358512851 ], [ 127.092471379023522, 37.405302822976729 ], [ 127.09267198946678, 37.405167029844932 ], [ 127.09269902212273, 37.405162953209761 ], [ 127.092930701130982, 37.405127797028022 ], [ 127.093013022738944, 37.405115560321818 ], [ 127.093008036478025, 37.405107822879877 ], [ 127.093018227992516, 37.405105789304891 ], [ 127.093016948123449, 37.405103849646899 ], [ 127.092951110303744, 37.405004022851536 ], [ 127.092928905515905, 37.40497035485614 ], [ 127.092803756229358, 37.404788565423424 ], [ 127.09269499625303, 37.404633390433816 ], [ 127.09269280870059, 37.404630269547965 ], [ 127.092690209496524, 37.404618240755333 ], [ 127.092691520806014, 37.404606437257144 ], [ 127.092693480643746, 37.404588795982939 ], [ 127.092652707482117, 37.404305459638124 ], [ 127.092473896271954, 37.404102237733511 ], [ 127.092440460933432, 37.404101293221586 ], [ 127.0924363611676, 37.404101176332837 ], [ 127.092408244989059, 37.404076943285865 ], [ 127.092241766449391, 37.404078720059694 ], [ 127.092050428426177, 37.404166264120903 ], [ 127.092049875653188, 37.40416651910563 ], [ 127.091901991132403, 37.404234224847542 ], [ 127.091794164959552, 37.404263771078192 ], [ 127.091544537879358, 37.404155208163466 ], [ 127.091409855934728, 37.404096584283288 ], [ 127.091326331371008, 37.404060227085687 ], [ 127.091093092315376, 37.403958770417461 ], [ 127.090550838520699, 37.403759424160825 ], [ 127.090308766732662, 37.403646363501181 ], [ 127.0898524615761, 37.403433241354001 ], [ 127.089629736195889, 37.403320888190635 ], [ 127.089079111693124, 37.403043120727467 ], [ 127.089078178723412, 37.403042649671207 ], [ 127.089061843828972, 37.403034409312923 ], [ 127.089056949103764, 37.40302676846828 ], [ 127.089056781052264, 37.403026506485318 ], [ 127.088927110278931, 37.402824005232503 ], [ 127.088875425441358, 37.402743292145715 ], [ 127.088875145365833, 37.402742854004835 ], [ 127.088701353187403, 37.402471452973167 ], [ 127.088739684609081, 37.40211804791975 ], [ 127.088761120729501, 37.40161166210212 ], [ 127.088776447038001, 37.401536032307831 ], [ 127.088836934334026, 37.401237577262947 ], [ 127.088838831629474, 37.401228222173316 ], [ 127.088813692355728, 37.401111805916734 ], [ 127.088799004207132, 37.401043788408636 ], [ 127.088759459040048, 37.400860668009926 ], [ 127.088702275522564, 37.400737385358838 ], [ 127.088647370258528, 37.400619008679584 ], [ 127.088070291089338, 37.40040505195207 ], [ 127.088069210892101, 37.400404651583521 ], [ 127.087899620181219, 37.400341773768503 ], [ 127.08747024974403, 37.400262887999396 ], [ 127.087209712170093, 37.400371830281379 ], [ 127.087005139582359, 37.400263141023217 ], [ 127.08657675699034, 37.400035539283195 ], [ 127.086576700663016, 37.400035509340846 ], [ 127.08640751920062, 37.399945622896233 ], [ 127.086401715239418, 37.399942538818323 ], [ 127.086163123513785, 37.399584196736079 ], [ 127.086110307084056, 37.399516658365968 ], [ 127.085911314244342, 37.399218207467428 ], [ 127.08556292324181, 37.398970074784039 ], [ 127.085405407069402, 37.398857888084677 ], [ 127.085398520012674, 37.398666070975004 ], [ 127.085361264512414, 37.398635892971228 ], [ 127.085360732483807, 37.398635462050621 ], [ 127.085294488831224, 37.398581798875462 ], [ 127.085239517729022, 37.398537306142494 ], [ 127.085063355317885, 37.398480872181921 ], [ 127.085062744039476, 37.398480676241043 ], [ 127.084727703783258, 37.398373352207621 ], [ 127.084411010744006, 37.397943700174274 ], [ 127.084600559887775, 37.397536231276852 ], [ 127.084600654783571, 37.397536027899264 ], [ 127.084601532884463, 37.397534140798463 ], [ 127.084452489249969, 37.397304240327024 ], [ 127.084407405757361, 37.397275415416182 ], [ 127.084406635695117, 37.397274923262444 ], [ 127.084317208416735, 37.397217757323645 ], [ 127.08430450241373, 37.397209636325471 ], [ 127.08415645089157, 37.397114947181294 ], [ 127.083913086426364, 37.397076593813466 ], [ 127.083912935166722, 37.397076569845431 ], [ 127.083796146403614, 37.397058165551364 ], [ 127.083506799799835, 37.397068814145889 ], [ 127.082919480737985, 37.397518396456924 ], [ 127.082776063281628, 37.397551154873142 ], [ 127.082576346508318, 37.397597181838698 ], [ 127.082095197728648, 37.397506607533508 ], [ 127.081867907372512, 37.397681054932917 ], [ 127.081422632754666, 37.398004414715423 ], [ 127.081286047227636, 37.39810045586438 ], [ 127.081270298811575, 37.398112036858571 ], [ 127.081270101416578, 37.39811218218243 ], [ 127.08123894489465, 37.398135095688424 ], [ 127.081099822743013, 37.398159839621684 ], [ 127.080908577164564, 37.398185124267158 ], [ 127.080829212531569, 37.398203603281338 ], [ 127.080828190988996, 37.398203841228678 ], [ 127.080587111415838, 37.398259973135531 ], [ 127.080305631618643, 37.398335978912264 ], [ 127.080194670739431, 37.398365939743051 ], [ 127.079828056576645, 37.398614763924719 ], [ 127.079807245608976, 37.398628889343584 ], [ 127.079538659161429, 37.398798565899916 ], [ 127.079538592266829, 37.398798608026688 ], [ 127.0794558256638, 37.398850895436652 ], [ 127.079392812697691, 37.398866795113875 ], [ 127.079189956039841, 37.39892053987063 ], [ 127.079109399962846, 37.39895487499269 ], [ 127.078940169777766, 37.398994675747041 ], [ 127.078925304967029, 37.3989982679756 ], [ 127.078924509629672, 37.398998459840428 ], [ 127.078489090842766, 37.399103668284084 ], [ 127.078488329442607, 37.399103852154575 ], [ 127.078435405861427, 37.39911663968261 ], [ 127.078269311741892, 37.399156773347293 ], [ 127.077631587624637, 37.398989490343233 ], [ 127.077481242215796, 37.398939416302134 ], [ 127.077035936422632, 37.398918673605849 ], [ 127.076552624335932, 37.399001043903489 ], [ 127.076222906375165, 37.39867000245053 ], [ 127.076222605285849, 37.398669700311956 ], [ 127.076127947930701, 37.398574662499335 ], [ 127.075980007454703, 37.398426127993538 ], [ 127.075467456683711, 37.398180219768101 ], [ 127.075044018433204, 37.398081118490836 ], [ 127.075043383194497, 37.398080969283562 ], [ 127.07496260032157, 37.398062063716928 ], [ 127.07486848082452, 37.39804003465138 ], [ 127.074804774540652, 37.398016620398423 ], [ 127.07476582715698, 37.397965156908583 ], [ 127.074765744169312, 37.397965047543671 ], [ 127.07459991389409, 37.397745928739873 ], [ 127.074397042897729, 37.397774174325889 ], [ 127.074390595683099, 37.397775073227024 ], [ 127.074188832619498, 37.39780316289972 ], [ 127.074116166451915, 37.397836423357667 ], [ 127.073854346398463, 37.397956258985268 ], [ 127.073854239918276, 37.397956308177214 ], [ 127.073690317507442, 37.398031334594663 ], [ 127.073643818554743, 37.398037235000153 ], [ 127.073643551731948, 37.398037268290295 ], [ 127.073093471363066, 37.398107058284801 ], [ 127.07281046483665, 37.398105273607968 ], [ 127.072633390969671, 37.39808882090697 ], [ 127.072559613152777, 37.39807435305476 ], [ 127.072270810731055, 37.398017722667475 ], [ 127.072140721620912, 37.397981733308107 ], [ 127.07173692786256, 37.397806860351423 ], [ 127.071176108602558, 37.39779873269412 ], [ 127.070530266620224, 37.397860029420599 ], [ 127.070502063522838, 37.39785702815697 ], [ 127.070440079495384, 37.397850432071365 ], [ 127.069752785869866, 37.397781748830766 ], [ 127.069419136140596, 37.397951977750331 ], [ 127.069368101907827, 37.397978012912382 ], [ 127.068927552343837, 37.398103110390082 ], [ 127.068383284425551, 37.398194402860732 ], [ 127.068218948924525, 37.398181079062248 ], [ 127.068120858310621, 37.398173126740161 ], [ 127.067850363065332, 37.398003130551764 ], [ 127.067198396601555, 37.398114318373693 ], [ 127.066717081489045, 37.398315745490763 ], [ 127.066176140138296, 37.398377626295961 ], [ 127.066106483960453, 37.398336855691177 ], [ 127.066106414147569, 37.39833681487309 ], [ 127.065699954908624, 37.398098905420831 ], [ 127.064981857526277, 37.398482057950666 ], [ 127.064981636529808, 37.398482176119138 ], [ 127.064735999640703, 37.398613237103191 ], [ 127.064559960952408, 37.398635900318673 ], [ 127.064428265041812, 37.398632420891033 ], [ 127.064106131061791, 37.39861898230469 ], [ 127.064104429973597, 37.398618911134676 ], [ 127.064051630692205, 37.398616708215862 ], [ 127.063795812482411, 37.398641465671467 ], [ 127.063793890720547, 37.398641651476197 ], [ 127.063625704773457, 37.398657928984058 ], [ 127.063445231003683, 37.398595106671834 ], [ 127.063444446238506, 37.398594833361877 ], [ 127.063193508612926, 37.398507480058633 ], [ 127.06252691291364, 37.398853752320058 ], [ 127.062441435609855, 37.398898997849315 ], [ 127.062438619345912, 37.398900488217244 ], [ 127.062240182815827, 37.399005524688818 ], [ 127.062234871000328, 37.399008335341023 ], [ 127.061973533877833, 37.399146667819792 ], [ 127.061642587189439, 37.399320326156584 ], [ 127.061290938439342, 37.399568381959824 ], [ 127.061173080135262, 37.399644767001881 ], [ 127.060994114131375, 37.399721054857139 ], [ 127.060863703415862, 37.399771784918649 ], [ 127.060862097667851, 37.399772409917553 ], [ 127.060622969195947, 37.399865429517384 ], [ 127.060621900209796, 37.399865844684435 ], [ 127.06037851668529, 37.399960520025587 ], [ 127.05993179578752, 37.400333462457411 ], [ 127.059813411566182, 37.400432292009327 ], [ 127.059568561939614, 37.400666756231836 ], [ 127.059537177743422, 37.400778031222082 ], [ 127.0595371604321, 37.400778093352443 ], [ 127.059482927449764, 37.40097039521897 ], [ 127.059463308730059, 37.400977152742996 ], [ 127.059462347386713, 37.400980406729573 ], [ 127.059164576965941, 37.401084698271617 ], [ 127.058726085058197, 37.401238276634025 ], [ 127.058627443666765, 37.40127056075643 ], [ 127.058309944956065, 37.401256052826547 ], [ 127.05830934968435, 37.401256025364361 ], [ 127.058287359592271, 37.401255020209014 ], [ 127.058265085550659, 37.4012627374929 ], [ 127.058264295305662, 37.401263011262643 ], [ 127.057973396423151, 37.401363794779257 ], [ 127.057971483075832, 37.401364457347704 ], [ 127.057561443649988, 37.401506515412869 ], [ 127.057456652465575, 37.401562859370756 ], [ 127.056918467020424, 37.401883523301109 ], [ 127.05669581539081, 37.402108830080444 ], [ 127.056695505090957, 37.402109143496759 ], [ 127.056665577282047, 37.402139429239419 ], [ 127.056147791428501, 37.402430319787214 ], [ 127.055943994416012, 37.402401769711844 ], [ 127.055943092392624, 37.402401643737257 ], [ 127.055732894461826, 37.402372197629617 ], [ 127.054948058787161, 37.40222921125541 ], [ 127.05487143315807, 37.40225618217395 ], [ 127.05487058511919, 37.402256480941787 ], [ 127.05449483146235, 37.402388744977934 ], [ 127.054493198788748, 37.402389319311318 ], [ 127.054433761220253, 37.402410241585081 ], [ 127.054359813827304, 37.402457871848291 ], [ 127.054359076598061, 37.402458346798078 ], [ 127.054086462368815, 37.402633945099076 ], [ 127.053955863141397, 37.402628875314136 ], [ 127.053955701605076, 37.402628869296542 ], [ 127.053325460669157, 37.402604404594349 ], [ 127.052889778124012, 37.402709156102361 ], [ 127.052834010578565, 37.402696655869356 ], [ 127.052519643193463, 37.402797732853116 ], [ 127.052519181324413, 37.40279788073326 ], [ 127.052322495817748, 37.402861119342958 ], [ 127.052294817359879, 37.402870019270338 ], [ 127.051502111782085, 37.403218696987651 ], [ 127.050880172795033, 37.403362859974486 ], [ 127.050852621779384, 37.403381772510272 ], [ 127.050852532149264, 37.403381834364602 ], [ 127.050680195008923, 37.403500140228211 ], [ 127.05030113913503, 37.403510197969247 ], [ 127.050299364934574, 37.403510244402334 ], [ 127.050274666198575, 37.403510900403788 ], [ 127.04967914818765, 37.403526700927259 ], [ 127.047759573677439, 37.403492066335524 ], [ 127.047094517925487, 37.403662867537115 ], [ 127.046437025795711, 37.403492925981368 ], [ 127.04560174240163, 37.403436027587432 ], [ 127.044998362576067, 37.403490284617675 ], [ 127.044283334547771, 37.403784239697323 ], [ 127.043634482989617, 37.40384725881551 ], [ 127.043634273838762, 37.403847278739796 ], [ 127.043311259740832, 37.403878648645119 ], [ 127.043249863607414, 37.403884611134309 ], [ 127.043245170655453, 37.403885067127803 ], [ 127.043166710566339, 37.404604053029011 ], [ 127.04316649596602, 37.404604411847934 ], [ 127.042944445401133, 37.404939930105378 ], [ 127.042749157861152, 37.405234976094683 ], [ 127.042748938901738, 37.405235307854738 ], [ 127.042749327555043, 37.405941106449951 ], [ 127.042749327895152, 37.405941794199229 ], [ 127.042749413309309, 37.406100281219693 ], [ 127.04263539008852, 37.406381172358053 ], [ 127.042634893410607, 37.406382392699093 ], [ 127.042478713920445, 37.406767124648709 ], [ 127.042415370356451, 37.406921596636323 ], [ 127.042415067559176, 37.40692233549192 ], [ 127.042392591949749, 37.406977142137968 ], [ 127.042392413024601, 37.406977578611482 ], [ 127.042264383035274, 37.407289784721819 ], [ 127.042590245672272, 37.407950620278029 ], [ 127.042761911153079, 37.408298747402384 ], [ 127.043304207237227, 37.408532820775548 ], [ 127.043937026452269, 37.409055182696953 ], [ 127.04487077391336, 37.409338543613906 ], [ 127.044871372830741, 37.409338725292642 ], [ 127.044885989334958, 37.409343161329758 ], [ 127.044896765335764, 37.409390326591264 ], [ 127.044896909553145, 37.409390956304748 ], [ 127.044953933047779, 37.409640471223256 ], [ 127.045563628055504, 37.410095019753605 ], [ 127.045565206321641, 37.410096195802005 ], [ 127.045654545297197, 37.41016279908181 ], [ 127.045776744294301, 37.410306913209411 ], [ 127.04577683404915, 37.41030701991621 ], [ 127.04593712556148, 37.410496058619067 ], [ 127.046648882646309, 37.41073907078416 ], [ 127.046909760257449, 37.411320857799751 ], [ 127.046910004454531, 37.411321401362009 ], [ 127.046931649379303, 37.411369671699461 ], [ 127.046916046989594, 37.411443097223547 ], [ 127.046915946966593, 37.411443569159538 ], [ 127.046794057599698, 37.412017157416173 ], [ 127.046793484256582, 37.412019853928086 ], [ 127.046789954559372, 37.412036468920434 ], [ 127.046789631244934, 37.412037991000815 ], [ 127.046740164649748, 37.412270757520425 ], [ 127.046814630245905, 37.412407370185171 ], [ 127.046815115309315, 37.412408260797925 ], [ 127.047113337948304, 37.412955382963766 ], [ 127.047021129961678, 37.413225582075846 ], [ 127.047020639926586, 37.41322701698607 ], [ 127.046951591114265, 37.413429340377192 ], [ 127.046886874019648, 37.413618986294146 ], [ 127.04688674403144, 37.413619367076464 ], [ 127.046842847973636, 37.413747993231596 ], [ 127.045476272230985, 37.413982759263249 ], [ 127.044900365688221, 37.414307336267775 ], [ 127.044290445532155, 37.414415679851132 ], [ 127.04397437573175, 37.414803228330527 ], [ 127.043556533628688, 37.415001599675051 ], [ 127.042980656238626, 37.415407258373541 ], [ 127.042437767746975, 37.415398786666323 ], [ 127.042437140619271, 37.415398777028138 ], [ 127.042415844295533, 37.415398444922396 ], [ 127.042077035939514, 37.415538219424732 ], [ 127.042076765013803, 37.415538728551837 ], [ 127.042060794291416, 37.415568896903345 ], [ 127.042060612512984, 37.415569241424663 ], [ 127.041981466436766, 37.415718733829912 ], [ 127.041834034154789, 37.416276564251092 ], [ 127.041806381500237, 37.416380755719011 ], [ 127.041806452795726, 37.416381110234461 ], [ 127.04211476173333, 37.417477705799897 ], [ 127.042030520236437, 37.417656170167248 ], [ 127.041967380597214, 37.417757277587263 ], [ 127.041892649076615, 37.417933565823866 ], [ 127.041892700860657, 37.417933969838998 ], [ 127.041931841220361, 37.418290344453062 ], [ 127.041931899049672, 37.418290869275374 ], [ 127.041932206337108, 37.418293669224731 ], [ 127.041932253601246, 37.418294073222299 ], [ 127.041943545847701, 37.418382362151803 ], [ 127.041943602169113, 37.418382763480366 ], [ 127.042095782800942, 37.418769021051702 ], [ 127.042258733720416, 37.41915809453041 ], [ 127.042484555763394, 37.419265847908441 ], [ 127.042640126575606, 37.41936150670341 ], [ 127.042640364143892, 37.419361652743298 ], [ 127.042695548627265, 37.419395584727539 ], [ 127.042909414288459, 37.419619708565747 ], [ 127.042800373508271, 37.419774975379141 ], [ 127.042725224145954, 37.419881126762533 ], [ 127.042724886724244, 37.419881604085553 ], [ 127.042282181048549, 37.420506946900439 ], [ 127.042184314976936, 37.420692814667682 ], [ 127.042184394139554, 37.420693177325461 ], [ 127.042505394758194, 37.422169649021441 ], [ 127.042546193245116, 37.422357374091341 ], [ 127.042546251108362, 37.422357708723879 ], [ 127.042546391966084, 37.422400876825336 ], [ 127.042546392295677, 37.42240100842676 ], [ 127.04254688929754, 37.422553389811412 ], [ 127.042482414568354, 37.423111480070254 ], [ 127.042249639405071, 37.423225592964364 ], [ 127.042227275322389, 37.423317675134697 ], [ 127.042082659401729, 37.423393170901264 ], [ 127.041967679387653, 37.423453194816545 ], [ 127.041832662354281, 37.423806608345259 ], [ 127.041769585954029, 37.424033855401561 ], [ 127.041765627780904, 37.424553343222712 ], [ 127.041771314208418, 37.424625422633056 ], [ 127.041773846990409, 37.424733542838112 ], [ 127.041773941261724, 37.424737175726925 ], [ 127.041773948479445, 37.424737475009948 ], [ 127.04178285841472, 37.425084933809643 ], [ 127.041782887513435, 37.425138762868116 ], [ 127.041966504621897, 37.425676505586125 ], [ 127.041966536820965, 37.425676600354777 ], [ 127.042095068475845, 37.426053010326946 ], [ 127.042095123717061, 37.426053404439777 ], [ 127.042102510682867, 37.426107068196728 ], [ 127.042102567004989, 37.426107470426054 ], [ 127.04197392431179, 37.426850001346359 ], [ 127.041959007665056, 37.427013034776188 ], [ 127.04195546752355, 37.427517675695348 ], [ 127.04195376090486, 37.427760874969707 ], [ 127.041956973891047, 37.427835689421009 ], [ 127.042016084945914, 37.428103236877767 ], [ 127.042053898492128, 37.428165448111791 ], [ 127.042293812927198, 37.428331173890733 ], [ 127.042471904133748, 37.428454194565084 ], [ 127.042931474467281, 37.428553424965372 ], [ 127.043496374919883, 37.428544215457158 ], [ 127.043852308961391, 37.428620674510178 ], [ 127.043921712388752, 37.428658942264761 ], [ 127.044090734266774, 37.428802484859688 ], [ 127.044539450822143, 37.429057983642238 ], [ 127.044730362557118, 37.429186587426898 ], [ 127.044887124991845, 37.429498504441042 ], [ 127.045191952366238, 37.429422932324869 ], [ 127.045202913770808, 37.429444607377995 ], [ 127.045581343855588, 37.429340850347167 ], [ 127.045690132043518, 37.4294137377506 ], [ 127.045897711758698, 37.42967720539049 ], [ 127.046327476975009, 37.430094886483047 ], [ 127.047015318337301, 37.430764181149613 ], [ 127.047035126585484, 37.430822739733152 ], [ 127.047301365186883, 37.430726385574509 ], [ 127.047301415032749, 37.430726366836645 ], [ 127.047369238181219, 37.43070181996211 ], [ 127.047554902436445, 37.430607420910178 ], [ 127.047786136097827, 37.430569038472633 ], [ 127.048144291316547, 37.430508648035037 ], [ 127.048538994011864, 37.430443166351395 ], [ 127.049241884559819, 37.4303254654114 ], [ 127.049579750051763, 37.430270143670981 ], [ 127.049865227522417, 37.430309734041892 ], [ 127.049966848642327, 37.430209454169713 ], [ 127.050050461768677, 37.430094820750305 ], [ 127.05019351067277, 37.429902170924635 ], [ 127.050361520580054, 37.429821290212928 ], [ 127.050554230872706, 37.429729136901194 ], [ 127.050716564007018, 37.429605469492067 ], [ 127.050918417673898, 37.429450807863056 ], [ 127.051359064117406, 37.429198339770991 ], [ 127.051417750978388, 37.429053864630703 ], [ 127.05165486437005, 37.428828232730702 ], [ 127.051880682841613, 37.428613580382631 ], [ 127.052169482426692, 37.428339774016052 ], [ 127.052324620656833, 37.428297477151482 ], [ 127.052396129895371, 37.428319124845856 ], [ 127.052463274203262, 37.428400754788782 ], [ 127.052475269059656, 37.428415287024968 ], [ 127.052500905002304, 37.428446347050063 ], [ 127.052910691502674, 37.428536271609502 ], [ 127.053125433774781, 37.428633603251889 ], [ 127.053380424406029, 37.428752028115738 ], [ 127.053458318741619, 37.42880858592963 ], [ 127.053684397018813, 37.42897461585423 ], [ 127.05389006162882, 37.428982120025019 ], [ 127.054112541068918, 37.429056363431137 ], [ 127.054275702278659, 37.429110351611527 ], [ 127.054768520083044, 37.429273149410228 ], [ 127.055121254070045, 37.42929298439477 ], [ 127.055337938455068, 37.429398186487951 ], [ 127.05554675017423, 37.429361491910498 ], [ 127.055971100017615, 37.429549951556751 ], [ 127.056107785312363, 37.429610707097552 ], [ 127.056394626642202, 37.429581002998503 ], [ 127.056758216656576, 37.429717957338312 ], [ 127.056808367897162, 37.429730882643085 ], [ 127.057379025955029, 37.429857322485176 ], [ 127.058069931031866, 37.430010733815585 ], [ 127.058460679024662, 37.429886368132927 ], [ 127.058673175866389, 37.429807994322687 ], [ 127.059057376014835, 37.429663645870988 ], [ 127.059189419213496, 37.429649500996042 ], [ 127.059781119227679, 37.429587264360691 ], [ 127.059961345931484, 37.42956887683156 ], [ 127.060119776133931, 37.429663125192491 ], [ 127.060207197070568, 37.429714043495544 ], [ 127.060517939237201, 37.429764001204454 ], [ 127.060575146301971, 37.429783128236764 ], [ 127.060768514491258, 37.429852861233108 ], [ 127.061144987138633, 37.429985280919219 ], [ 127.061641406121495, 37.429904670917793 ], [ 127.061644020685364, 37.429904246153036 ], [ 127.0624562217223, 37.429772350786997 ], [ 127.062462857101352, 37.4297712729715 ], [ 127.062498679091291, 37.429765454710783 ], [ 127.062880825553648, 37.429703394857135 ], [ 127.062926730020763, 37.429715193178893 ], [ 127.062984059828125, 37.42971991650159 ], [ 127.062984284644529, 37.429719935360147 ], [ 127.063096566168994, 37.429729187450107 ], [ 127.063155441545248, 37.429735194545628 ], [ 127.06315551383463, 37.429735202925116 ], [ 127.063316198928135, 37.429751597663973 ], [ 127.063407540644619, 37.42965210647673 ], [ 127.063407670310468, 37.429651966341858 ], [ 127.063462064367968, 37.429592719139521 ], [ 127.063656029372993, 37.429532357518077 ], [ 127.064041044609482, 37.429320416481815 ], [ 127.064385648033564, 37.429113571238901 ], [ 127.064593966270891, 37.429156510264427 ], [ 127.064594107385005, 37.42915653962806 ], [ 127.064669033052013, 37.429171983849145 ], [ 127.064757707037501, 37.42913146026212 ], [ 127.064757901956881, 37.429131371744099 ], [ 127.065073669272692, 37.428987060862013 ], [ 127.065392864005148, 37.429011387457123 ], [ 127.065681645140742, 37.428985318485509 ], [ 127.065693776541565, 37.429113432509375 ], [ 127.065693781942855, 37.429113475794992 ], [ 127.06569800340705, 37.42915810194237 ], [ 127.065961350259599, 37.429532415117585 ], [ 127.065978668215763, 37.429544975307174 ], [ 127.0659796058154, 37.429545654777705 ], [ 127.066091708995486, 37.429626949921818 ], [ 127.066091765448476, 37.429627352140351 ], [ 127.066093837263239, 37.429642428859282 ], [ 127.066093893716257, 37.429642831077828 ], [ 127.066117908975357, 37.429652394436246 ], [ 127.066305722301095, 37.429783621049488 ], [ 127.066577350643996, 37.429973401278218 ], [ 127.066585855410196, 37.430052125718014 ], [ 127.066585902818858, 37.430052528804524 ], [ 127.066700366098146, 37.430128763614903 ], [ 127.066720138700134, 37.430130445939433 ], [ 127.067829915709581, 37.430406608875906 ], [ 127.068270263432481, 37.430679476439046 ], [ 127.06837211712859, 37.430663650770271 ], [ 127.068750597071102, 37.430455925019892 ], [ 127.068909285570825, 37.430433866829645 ], [ 127.068964194367567, 37.430432431978502 ], [ 127.069013281221416, 37.430451269332217 ], [ 127.069118529678747, 37.430481618188828 ], [ 127.069334488165239, 37.430545124360009 ], [ 127.069424543027679, 37.430564498384967 ], [ 127.069581036834649, 37.430603189084295 ], [ 127.069615428247943, 37.430611691644806 ], [ 127.06970605221332, 37.43068766638838 ], [ 127.069764886221606, 37.430739440739359 ], [ 127.069911263873379, 37.430863174548044 ], [ 127.069901842843123, 37.430885496061862 ], [ 127.069820195545674, 37.430969066978321 ], [ 127.069819824903803, 37.43096944510647 ], [ 127.069873674546301, 37.4309722352099 ], [ 127.070014861767049, 37.430924571520585 ], [ 127.070032498198131, 37.430910477846098 ], [ 127.07011269602225, 37.430762890679624 ], [ 127.070235943880306, 37.430606267801686 ], [ 127.070334868469729, 37.43047950261677 ], [ 127.070563885858974, 37.430342252971784 ], [ 127.070706466105406, 37.430274027834876 ], [ 127.070852683950008, 37.430203720043977 ], [ 127.070852809749141, 37.430203661010182 ], [ 127.070884203804084, 37.430188564350956 ], [ 127.070874374029017, 37.430202957808262 ], [ 127.070874285127346, 37.430203087282905 ], [ 127.07087417545732, 37.430203488896069 ], [ 127.070889599932656, 37.430212699210905 ], [ 127.070896222000542, 37.430203444540133 ], [ 127.070896253900088, 37.430203400488779 ], [ 127.070905116008717, 37.430191010869464 ], [ 127.070952454395368, 37.430212663264101 ], [ 127.070952457901512, 37.430213039148413 ], [ 127.070952669574098, 37.430234373557845 ], [ 127.071105171289972, 37.43041867860402 ], [ 127.071169608188157, 37.430420055323381 ], [ 127.071186878830886, 37.430502128283287 ], [ 127.071193045859388, 37.430531428976025 ], [ 127.071193117393761, 37.430531768150871 ], [ 127.071220138932603, 37.430660248389437 ], [ 127.071220197962276, 37.430660600138083 ], [ 127.071206753205516, 37.430817717952202 ], [ 127.071178521203635, 37.430918270689205 ], [ 127.070960060358161, 37.431696345917651 ], [ 127.070896062596162, 37.431790711539939 ], [ 127.070629003780951, 37.432044554680751 ], [ 127.070571100871021, 37.432416751811701 ], [ 127.070586578280299, 37.43246761918563 ], [ 127.07058679908549, 37.432468341985398 ], [ 127.070705394347073, 37.43285733636678 ], [ 127.070705798221383, 37.432858661045159 ], [ 127.070730816256486, 37.432940719810453 ], [ 127.070746767822953, 37.43295312921552 ], [ 127.070746816209976, 37.432953167248783 ], [ 127.070792293115829, 37.432988545317762 ], [ 127.070909977323808, 37.433094912426796 ], [ 127.071004301657254, 37.433341229713818 ], [ 127.071119106245959, 37.433401701008421 ], [ 127.071370969270944, 37.433900196150759 ], [ 127.071519791844793, 37.434116878864621 ], [ 127.071519358643911, 37.434373706474219 ], [ 127.071502669209721, 37.434444850603278 ], [ 127.07154585476502, 37.434528854392248 ], [ 127.071484771321792, 37.434637148901992 ], [ 127.071469346250282, 37.434756542534785 ], [ 127.07145812641572, 37.434841576763397 ], [ 127.071445595089571, 37.435037276439274 ], [ 127.07143537453203, 37.435055880615096 ], [ 127.071435263737939, 37.435056082120276 ], [ 127.071285590479192, 37.435328524646167 ], [ 127.071285001088711, 37.43532959784276 ], [ 127.071274453805344, 37.435348791215795 ], [ 127.071272062693851, 37.43560112284554 ], [ 127.071272090067438, 37.435601476281775 ], [ 127.071439527501965, 37.435863516787911 ], [ 127.071688751767908, 37.435981059195228 ], [ 127.071964769254564, 37.436054101931809 ], [ 127.07209358080442, 37.43616102009662 ], [ 127.072779248754244, 37.436299138473316 ], [ 127.07302422801753, 37.436406832383 ], [ 127.073203506042972, 37.436669700943547 ], [ 127.073492914259731, 37.436908352059525 ], [ 127.073560066269849, 37.436963725727381 ], [ 127.073628317319233, 37.437070670682999 ], [ 127.073628535798122, 37.437071013991599 ], [ 127.073647950660032, 37.437101435845982 ], [ 127.073843458126319, 37.437407780030362 ], [ 127.073795374792979, 37.437657071528079 ], [ 127.073760192067709, 37.437789434276731 ], [ 127.073702493321704, 37.437821841351607 ], [ 127.073555323647597, 37.437910914725613 ], [ 127.072966269581585, 37.438208317638562 ], [ 127.072490104748979, 37.438592657419115 ], [ 127.072007909820414, 37.43885672442341 ], [ 127.072211642956461, 37.439382588035059 ], [ 127.072211715782657, 37.439382901073792 ], [ 127.072110607388453, 37.43993991571157 ], [ 127.072110600380157, 37.439939955346439 ], [ 127.072077693182862, 37.440121239472113 ], [ 127.071901966499979, 37.440859221064805 ], [ 127.071901920189191, 37.440859412888685 ], [ 127.071861371805298, 37.441029702290074 ], [ 127.071626007270183, 37.441523854316955 ], [ 127.071670865970304, 37.441628998432932 ], [ 127.071670935132644, 37.44162916093002 ], [ 127.071702514353149, 37.441703176804886 ], [ 127.071914948656769, 37.44192520363675 ], [ 127.072075888299295, 37.442168213205171 ], [ 127.072076086689165, 37.442168512276545 ], [ 127.072138443074721, 37.442262669674662 ], [ 127.072194079364309, 37.442231265466177 ], [ 127.072194181432948, 37.442231208148037 ], [ 127.072249801813882, 37.442199810165036 ], [ 127.072607791567449, 37.442114847807382 ], [ 127.07275886955199, 37.442050838870713 ], [ 127.07299331623274, 37.442017188910036 ], [ 127.073853026738874, 37.442212635730655 ], [ 127.074497687369899, 37.442232800887673 ], [ 127.074755983831395, 37.442218846175912 ], [ 127.075242850721764, 37.441941761950481 ], [ 127.076010573681543, 37.442138935627042 ], [ 127.076053559119856, 37.442124822949076 ], [ 127.076440200843663, 37.441997880336835 ], [ 127.076671089979541, 37.441945647532243 ], [ 127.076721400053287, 37.441937452192505 ], [ 127.076936062044837, 37.441715163444108 ], [ 127.077077946465749, 37.441650877200175 ], [ 127.077358485183808, 37.441630982442923 ], [ 127.077601879806011, 37.441709096254918 ], [ 127.077744644224239, 37.441859069599268 ], [ 127.077744815048561, 37.44185924868065 ], [ 127.077748405689931, 37.441863020217568 ], [ 127.077750537137973, 37.441861317934922 ], [ 127.077750629114036, 37.441861245252625 ], [ 127.077860954456568, 37.44177312579167 ], [ 127.078178904033209, 37.44155161554788 ], [ 127.078530624573659, 37.441557576316349 ], [ 127.079083350142014, 37.441298742009181 ], [ 127.079575342207619, 37.441386544989051 ], [ 127.079960953846623, 37.441211999363397 ], [ 127.080171599717303, 37.441051092588381 ], [ 127.080598872113157, 37.441131756018628 ], [ 127.080598978268071, 37.441131775324045 ], [ 127.080700692240399, 37.441150976621081 ], [ 127.081250119061153, 37.441118504754968 ], [ 127.081444102331872, 37.441231000408472 ], [ 127.082097336805703, 37.441350786419576 ], [ 127.082431816378616, 37.441579466972243 ], [ 127.082904588299371, 37.442173809103139 ], [ 127.082974672279732, 37.442320172858473 ], [ 127.083208008088022, 37.442568069317964 ], [ 127.083234042626373, 37.4426480233316 ], [ 127.083234129322065, 37.442648290442598 ], [ 127.083334677556124, 37.442957107887949 ], [ 127.083471445592934, 37.443062314624818 ], [ 127.083805023574186, 37.443416296405886 ], [ 127.083805071127927, 37.443416691372938 ], [ 127.083810114881132, 37.443461476529222 ], [ 127.083810146126979, 37.443461754260895 ], [ 127.083861902450394, 37.443921387724323 ], [ 127.084126618388723, 37.443996529164473 ], [ 127.084126872351504, 37.443996601266178 ], [ 127.085260066299981, 37.444318253488483 ], [ 127.085703010020538, 37.44441676362203 ], [ 127.086421298471748, 37.444262239141899 ], [ 127.087303878875204, 37.444641708842873 ], [ 127.0874767475662, 37.44480179244637 ], [ 127.087778158305184, 37.444875151895147 ], [ 127.087855071654644, 37.444893870246304 ], [ 127.087869041055725, 37.44491639369182 ], [ 127.087945574039949, 37.445039111508237 ], [ 127.087946061527788, 37.445039892891934 ], [ 127.088134029197221, 37.445341282591407 ], [ 127.088135036673592, 37.445342898651177 ], [ 127.088161282711653, 37.445384983083272 ], [ 127.08816132130481, 37.445385367200942 ], [ 127.088162337682974, 37.445395877999715 ], [ 127.088162367642212, 37.445396187273644 ], [ 127.08823777492961, 37.446178093625292 ], [ 127.088237820222588, 37.446178493089469 ], [ 127.088257294598961, 37.446207192012487 ], [ 127.088257398891614, 37.446207346509894 ], [ 127.088386412319153, 37.446397481733776 ], [ 127.088302348053048, 37.446517565829886 ], [ 127.088276871001227, 37.446553954571854 ], [ 127.088276925333773, 37.446554354968825 ], [ 127.088308646745318, 37.446789811034243 ], [ 127.088369302389168, 37.44724005764246 ], [ 127.088369356722694, 37.44724045803936 ], [ 127.088545831294766, 37.447453750461072 ], [ 127.08864226177927, 37.447596787197703 ], [ 127.088557061101668, 37.447775981045019 ], [ 127.088556929565044, 37.447776259109993 ], [ 127.08841495231998, 37.448074860470939 ], [ 127.088360192590102, 37.448372800985119 ], [ 127.088326764276587, 37.448627358988809 ], [ 127.088326828050313, 37.448627687308985 ], [ 127.088327026056561, 37.448628483907036 ], [ 127.088432139054632, 37.448994842511667 ], [ 127.088959503899332, 37.449461774852388 ], [ 127.08887107996533, 37.449645871014503 ], [ 127.088871063959886, 37.449645903408111 ], [ 127.088821274078342, 37.449749418191445 ], [ 127.088905134847508, 37.449797815042608 ], [ 127.088905318552179, 37.449797921141695 ], [ 127.089542737934366, 37.450165766717248 ], [ 127.089542783251233, 37.450166163476638 ], [ 127.089574517198173, 37.450464046072454 ], [ 127.089574564520476, 37.450464489709873 ], [ 127.089593490067756, 37.450642155603759 ], [ 127.089593539547977, 37.450642618177419 ], [ 127.089619522307871, 37.450886523069578 ], [ 127.089619572177412, 37.450886914436524 ], [ 127.090140567014842, 37.451095729670584 ], [ 127.090302866108559, 37.451266797896196 ], [ 127.090442587294532, 37.451589518541759 ], [ 127.090442826233229, 37.451590071007011 ], [ 127.090518364375541, 37.451764548261451 ], [ 127.090518469339358, 37.451764789290394 ], [ 127.090959108289724, 37.452782534518953 ], [ 127.09112884136718, 37.452955841064018 ], [ 127.091882256412489, 37.453466876162359 ], [ 127.09272551067339, 37.453634040518885 ], [ 127.09281536575223, 37.453759265291644 ], [ 127.093206898661165, 37.454690584436726 ], [ 127.093217531221512, 37.454715872849036 ], [ 127.093199643013037, 37.454778509505744 ], [ 127.093142642812452, 37.454905669317093 ], [ 127.093342218435268, 37.455312412398804 ], [ 127.093458184791999, 37.455549395119505 ], [ 127.093540359767417, 37.455888054733428 ], [ 127.093773520409883, 37.456077363906033 ], [ 127.094312153190486, 37.456224769684894 ], [ 127.095039132601912, 37.456302188314439 ], [ 127.095213810388245, 37.456320907841743 ], [ 127.095213860246588, 37.456321307318284 ], [ 127.095222731948425, 37.456393827476994 ], [ 127.095222780681112, 37.45639422604831 ], [ 127.095230434910775, 37.456396207330762 ], [ 127.09525687072005, 37.456402844503842 ], [ 127.095458442226501, 37.45645345241104 ], [ 127.095769338624265, 37.456519654462447 ], [ 127.096076331659532, 37.456429588507781 ], [ 127.096365317960263, 37.456346861380801 ], [ 127.097230500928788, 37.456367562040754 ], [ 127.09823745919185, 37.456371247398245 ], [ 127.098472013628083, 37.456254771237312 ], [ 127.098685386733337, 37.456148159356665 ], [ 127.098893194605552, 37.456116174053648 ], [ 127.099052059637359, 37.456196664448811 ], [ 127.099095704625526, 37.456218776139558 ], [ 127.099135822406836, 37.456370228403479 ], [ 127.099306107756547, 37.456677555682802 ], [ 127.099506328540215, 37.456912777411127 ], [ 127.099738775402557, 37.457354635560733 ], [ 127.100249233189459, 37.457547647037345 ], [ 127.100765889882695, 37.457759797956967 ], [ 127.101059528435769, 37.457989864888411 ], [ 127.101277656046975, 37.458241518272359 ], [ 127.101164812068689, 37.458540231888186 ], [ 127.101226547146211, 37.458661141411945 ], [ 127.101320219405764, 37.458844921751343 ], [ 127.101381140956406, 37.458972416537776 ], [ 127.10162566596135, 37.459050768587595 ], [ 127.101850903909309, 37.459176613990188 ], [ 127.10185175395759, 37.459177089170545 ], [ 127.101852601749243, 37.459177563441877 ], [ 127.101867087066523, 37.459202169091526 ], [ 127.101937668130276, 37.459322057041973 ], [ 127.101939265041821, 37.459324769226633 ], [ 127.101953663003769, 37.459349226746752 ], [ 127.102098764423147, 37.459423156992386 ], [ 127.102132693396157, 37.459438895526226 ], [ 127.102258896461606, 37.459520447003619 ], [ 127.102287527783957, 37.459538154275762 ], [ 127.102381426447863, 37.459627336036718 ], [ 127.102447202248001, 37.459689503788013 ], [ 127.102550653290479, 37.45978795746236 ], [ 127.102556682678141, 37.459793668071015 ], [ 127.10263411636231, 37.459867004103963 ], [ 127.102670730515612, 37.459777718806933 ], [ 127.102691851168586, 37.459723928624165 ], [ 127.102800280009916, 37.459716790135637 ], [ 127.102945814258405, 37.459724549630685 ], [ 127.103065065198109, 37.459754017527466 ], [ 127.103158851425817, 37.459759000686887 ], [ 127.103245741969175, 37.459763431518432 ], [ 127.103442823503727, 37.459751431520694 ], [ 127.10354606660708, 37.459828495087159 ], [ 127.103640243373803, 37.459862769100319 ], [ 127.103703031865251, 37.459886587383757 ], [ 127.103703548710939, 37.459886782910928 ], [ 127.103749088448225, 37.45990405798878 ], [ 127.103810936267365, 37.459927655831216 ], [ 127.10388962646023, 37.46000248791956 ], [ 127.103941606091098, 37.460050593237206 ], [ 127.103952575880911, 37.460103028274901 ], [ 127.103952583605789, 37.460103064355479 ], [ 127.103958222947199, 37.460130014301512 ], [ 127.103960663724152, 37.460141685270379 ], [ 127.103961289070156, 37.460144678102168 ], [ 127.103969343822925, 37.460183179049345 ], [ 127.103969384950702, 37.460183528016273 ], [ 127.103974534784356, 37.460231043715083 ], [ 127.10397458355628, 37.460231444085544 ], [ 127.103974525117891, 37.460238665642862 ], [ 127.103974524276524, 37.460238825182003 ], [ 127.103974287541703, 37.460268491083774 ], [ 127.103974284309899, 37.460268889477227 ], [ 127.103978751900343, 37.460268884618849 ], [ 127.103978846881063, 37.460268884937136 ], [ 127.103985871083339, 37.460268879632395 ], [ 127.103983225170808, 37.460351423371392 ], [ 127.10398320227408, 37.460352120051404 ], [ 127.10397998413508, 37.46045354370883 ], [ 127.103980007290289, 37.460453870081288 ], [ 127.10398704689463, 37.460470673521108 ], [ 127.104009548345189, 37.460524354123656 ], [ 127.104023416580191, 37.460557447414139 ], [ 127.104046241606639, 37.460585584351335 ], [ 127.104158888215579, 37.460713352835889 ], [ 127.104158920821433, 37.460713388098441 ], [ 127.104170766957154, 37.460726825697733 ], [ 127.104233513650698, 37.460786848767107 ], [ 127.104249277125007, 37.46080192824774 ], [ 127.104252134858015, 37.460802939236686 ], [ 127.104252839132513, 37.460803188569756 ], [ 127.104258822073774, 37.460805307889444 ], [ 127.104299099504786, 37.460817093833917 ], [ 127.104395168016083, 37.460939667884432 ], [ 127.104397358258026, 37.460942463144697 ], [ 127.104408261185682, 37.460956375286834 ], [ 127.104427018455269, 37.460985074505672 ], [ 127.104472302799195, 37.461029526466191 ], [ 127.104520727695643, 37.461056513216228 ], [ 127.1046253400701, 37.46109977915031 ], [ 127.104780232050317, 37.461160152547414 ], [ 127.104749718266604, 37.461263544547009 ], [ 127.104743012845532, 37.461272357318371 ], [ 127.104741007719184, 37.46127499071558 ], [ 127.104646010208853, 37.46139982142639 ], [ 127.104644558440313, 37.461401730171445 ], [ 127.104611854477866, 37.461444703389091 ], [ 127.104583687151319, 37.461521807613877 ], [ 127.104582890944343, 37.461523983553533 ], [ 127.104550628870811, 37.461612289776177 ], [ 127.104497392030567, 37.461708351459073 ], [ 127.104497015295721, 37.461709031631536 ], [ 127.104471004749797, 37.46175596257676 ], [ 127.104430274186782, 37.461887402369911 ], [ 127.104429350474902, 37.461890383703555 ], [ 127.104344146856448, 37.462165343444092 ], [ 127.104343996158562, 37.462165830578982 ], [ 127.104343867329661, 37.462166244776391 ], [ 127.104341357303767, 37.462174345068298 ], [ 127.104547712785347, 37.462162992635186 ], [ 127.104705145916512, 37.462154332634427 ], [ 127.104811338504547, 37.462158490675058 ], [ 127.104813430000874, 37.462158572482849 ], [ 127.104862960010806, 37.462160512899764 ], [ 127.104865293440625, 37.462160604529195 ], [ 127.10486693724016, 37.462160669515811 ], [ 127.104960256660434, 37.462149659442531 ], [ 127.105030444209248, 37.462141379741347 ], [ 127.105099727082603, 37.462144503772578 ], [ 127.105103791242072, 37.462144686810802 ], [ 127.105128471254147, 37.462145799543649 ], [ 127.105189161657051, 37.46215618776958 ], [ 127.105196824776215, 37.46215750052346 ], [ 127.105270857604665, 37.462170172277837 ], [ 127.10530786208497, 37.462171035899658 ], [ 127.10530990062172, 37.462171082368464 ], [ 127.105608200050852, 37.46217803903717 ], [ 127.10563673792177, 37.462212375400505 ], [ 127.105636954788849, 37.462212636619277 ], [ 127.105656136996146, 37.462235715231877 ], [ 127.105925465072872, 37.462354302443458 ], [ 127.106052315431128, 37.462381655526407 ], [ 127.10605384815841, 37.46238198602942 ], [ 127.106167238381573, 37.462406437685267 ], [ 127.106467234058655, 37.462423929410726 ], [ 127.106672085505323, 37.462410510439959 ], [ 127.106880073357189, 37.462369501694731 ], [ 127.107301734964906, 37.462180472793143 ], [ 127.107514393006966, 37.462189013065057 ], [ 127.107886023075395, 37.462238452778614 ], [ 127.107886594850456, 37.462238528587889 ], [ 127.107924102543819, 37.46224351591259 ], [ 127.108153493538452, 37.462274032695305 ], [ 127.108686157851139, 37.462156420716688 ], [ 127.109038046083839, 37.462026532983145 ], [ 127.109039130318749, 37.462026131856419 ], [ 127.109089149909025, 37.462007668779052 ], [ 127.109169664528793, 37.4619778168152 ], [ 127.109459131865108, 37.461870495298676 ], [ 127.109784804666134, 37.461923697197662 ], [ 127.109785246418767, 37.461923769864356 ], [ 127.109891046258738, 37.461941053157751 ], [ 127.110449703246999, 37.46183036129176 ], [ 127.110456743850037, 37.461828966650181 ], [ 127.110637720143544, 37.461793106388249 ], [ 127.110762597707733, 37.46178410660243 ], [ 127.110768604322075, 37.461783672999218 ], [ 127.111065079700325, 37.461762302450133 ], [ 127.111347240903953, 37.461717270065861 ], [ 127.111749288046269, 37.461652698114129 ], [ 127.111820270500274, 37.461644190744934 ], [ 127.112229802256209, 37.461504998627859 ], [ 127.112305154316559, 37.461463535999059 ], [ 127.112442533321129, 37.461387839126182 ], [ 127.112443070832114, 37.46138754253645 ], [ 127.112521680878615, 37.461344229129715 ], [ 127.112702913469988, 37.4612446687212 ], [ 127.112783214099721, 37.461209390959731 ], [ 127.112922475754914, 37.461154360831451 ], [ 127.11297490367491, 37.461134319387803 ], [ 127.113121109976916, 37.461113341084712 ], [ 127.113297192816034, 37.461091743783165 ], [ 127.113297593356663, 37.461091694617316 ], [ 127.113325627794779, 37.461088255696367 ], [ 127.113333873943986, 37.461087245204496 ], [ 127.113333889845265, 37.461084157172394 ], [ 127.113333890072681, 37.461084113006144 ], [ 127.113334095527975, 37.461045750587566 ], [ 127.113334155525877, 37.461034757709072 ], [ 127.113334844038178, 37.460905658933733 ], [ 127.113334845634796, 37.460905348868643 ], [ 127.11329182612279, 37.460836408540459 ], [ 127.113184861702464, 37.460758230809731 ], [ 127.112908650115742, 37.460641928826483 ], [ 127.112763284807741, 37.460530249994136 ], [ 127.112842599710319, 37.460487525464941 ], [ 127.113075951741024, 37.460406569067096 ], [ 127.113076001581206, 37.460406552104288 ], [ 127.113078213883441, 37.460405784171883 ], [ 127.11308919155293, 37.460401976683741 ], [ 127.113233412681268, 37.460353411698343 ], [ 127.113233787066918, 37.460344389335226 ], [ 127.113233789630115, 37.460344330754744 ], [ 127.1132364781474, 37.460279642109867 ], [ 127.11324096259456, 37.460208964347594 ], [ 127.113243092452223, 37.460198076490848 ], [ 127.113243164451092, 37.460197708968607 ], [ 127.113271114519222, 37.460054918387051 ], [ 127.113403841554799, 37.459917272192193 ], [ 127.11340458274627, 37.459916504849154 ], [ 127.113419754581656, 37.459900768833556 ], [ 127.113536353525291, 37.459801546396555 ], [ 127.113634258689416, 37.459732464844549 ], [ 127.113670818423557, 37.459728351547 ], [ 127.113671082038081, 37.459728321762313 ], [ 127.113737740114232, 37.459720824852994 ], [ 127.113768679841826, 37.4596934550014 ], [ 127.113768949049927, 37.459693217018895 ], [ 127.113836509083541, 37.459633450899773 ], [ 127.113955364443271, 37.459516766012605 ], [ 127.114073109069551, 37.459482586753772 ], [ 127.114184848679372, 37.459452070759987 ], [ 127.114302643440325, 37.459403246917311 ], [ 127.114304379416538, 37.459402526982252 ], [ 127.114361875043102, 37.459378695879636 ], [ 127.114504679430141, 37.459278252805802 ], [ 127.11450814745389, 37.459275814201654 ], [ 127.114510596408223, 37.459274091564531 ], [ 127.114511691130261, 37.459273616509364 ], [ 127.114513231220442, 37.459272948211542 ], [ 127.114592487546872, 37.459238540122016 ], [ 127.114785112739241, 37.459202594285806 ], [ 127.114992690179093, 37.459130315851283 ], [ 127.115148527324095, 37.459060058887438 ], [ 127.115285249720202, 37.458965880290648 ], [ 127.115365832965537, 37.458881333819498 ], [ 127.115478672840041, 37.458757336635266 ], [ 127.115476648508547, 37.458704404444312 ], [ 127.115496067920418, 37.458697915588395 ], [ 127.11557709768941, 37.458677565826044 ], [ 127.115686902792788, 37.458647329646929 ], [ 127.115729791666354, 37.458636584199191 ], [ 127.115826186131059, 37.458610586680329 ], [ 127.115882362477421, 37.458594890794934 ], [ 127.115883189077294, 37.458594660928867 ], [ 127.115892911317303, 37.458591944259254 ], [ 127.116101125873769, 37.458594450609297 ], [ 127.116101177885938, 37.45859445077825 ], [ 127.116124083694459, 37.458594726191151 ], [ 127.116239409841583, 37.458596113889655 ], [ 127.116697027804761, 37.458623257384538 ], [ 127.11674915573046, 37.45862777825235 ], [ 127.116749310571961, 37.458627791373651 ], [ 127.116894893998108, 37.45864042106458 ], [ 127.116896049086165, 37.458640520354152 ], [ 127.116906746489732, 37.459287143906884 ], [ 127.116905194636615, 37.45977087761063 ], [ 127.116906375630947, 37.460076651436864 ], [ 127.116901922245262, 37.460283326869735 ], [ 127.116899629392805, 37.460400738770709 ], [ 127.116899677103049, 37.460401139132522 ], [ 127.116907688021783, 37.460472811193583 ], [ 127.116907738002823, 37.460473209760032 ], [ 127.116936080325985, 37.460852438394411 ], [ 127.116936531211365, 37.460858479017304 ], [ 127.116939658067793, 37.460900308993175 ], [ 127.116989262427808, 37.46148413936384 ], [ 127.11698929447428, 37.46148450722557 ], [ 127.117119939910054, 37.461677537447933 ], [ 127.117138633321417, 37.461705113149527 ], [ 127.117138655752555, 37.46170514927686 ], [ 127.117421541547074, 37.462122372708428 ], [ 127.117423736835178, 37.462125611216926 ], [ 127.117470771787012, 37.462194983071676 ], [ 127.117474847824838, 37.462200609980705 ], [ 127.118326352687404, 37.462695044606022 ], [ 127.119204272372457, 37.46312665539925 ], [ 127.120104346646244, 37.463493194497957 ], [ 127.120745733463593, 37.463891811113022 ], [ 127.120749560638501, 37.463894387784983 ], [ 127.120831346839239, 37.463949451548181 ], [ 127.121093155435929, 37.464125719863439 ], [ 127.121354492329317, 37.464311007866691 ], [ 127.121439366790057, 37.464372298731973 ], [ 127.121664140121467, 37.464776953554932 ], [ 127.121859497644905, 37.465134009064528 ], [ 127.121859370013794, 37.46513846952066 ], [ 127.12191603473039, 37.465153167346834 ], [ 127.121916343043566, 37.465153246752187 ], [ 127.121957719885458, 37.465163977402021 ], [ 127.121966529838474, 37.465166271622387 ], [ 127.121968127849499, 37.465166687757829 ], [ 127.122025570418359, 37.465181648514942 ], [ 127.122151022437066, 37.465211930028566 ], [ 127.122179998274873, 37.465222314482631 ], [ 127.122234819864929, 37.46526421041564 ], [ 127.122299194927479, 37.4653136993267 ], [ 127.122318640698779, 37.465330294349613 ], [ 127.122330073924644, 37.465339384219376 ], [ 127.122330307075643, 37.465339568843348 ], [ 127.12239893125826, 37.465394129750571 ], [ 127.122435714532315, 37.46542337405085 ], [ 127.122508389301728, 37.465474820093249 ], [ 127.122521655519776, 37.465484382707892 ], [ 127.122592913761324, 37.465533299444608 ], [ 127.122689098037085, 37.465598801558166 ], [ 127.122736260951925, 37.465600446605364 ], [ 127.122785355321284, 37.465602090588327 ], [ 127.12282485808953, 37.465669903919668 ], [ 127.122824912628417, 37.46567030249787 ], [ 127.122831110290392, 37.465713824043654 ], [ 127.12285816030618, 37.465733500684181 ], [ 127.122887869735123, 37.465756839946437 ], [ 127.122937775210374, 37.465819013233912 ], [ 127.123002830861736, 37.46584935529517 ], [ 127.123036758114296, 37.465865087821264 ], [ 127.123060275738766, 37.465876614706161 ], [ 127.123085206959701, 37.465894888318601 ], [ 127.12311614351232, 37.465914840495415 ], [ 127.123202259171592, 37.465978670489967 ], [ 127.123315725923504, 37.466021629031758 ], [ 127.123426729848134, 37.466078116341968 ], [ 127.123607427383774, 37.466193645146404 ], [ 127.123613801913393, 37.466199279162588 ], [ 127.123766970427653, 37.466333424294625 ], [ 127.123915967898427, 37.466396897815422 ], [ 127.124143266735715, 37.466495213780355 ], [ 127.12420687988913, 37.466520484007283 ], [ 127.124209702421155, 37.4665171029432 ], [ 127.124488096368765, 37.466643522189479 ], [ 127.124528451639748, 37.466698667141699 ], [ 127.12453136944228, 37.466754696351956 ], [ 127.124570465307499, 37.466793507227344 ], [ 127.124577540887842, 37.466800536931437 ], [ 127.124724645737928, 37.466888231252639 ], [ 127.124759305752903, 37.466916352191006 ], [ 127.124822113781462, 37.466995131864806 ], [ 127.124827267529469, 37.467001596604661 ], [ 127.124835943727277, 37.467015103187492 ], [ 127.124849940875137, 37.467040992511343 ], [ 127.124866979750266, 37.467091375311597 ], [ 127.124897970330224, 37.467143710590435 ], [ 127.124938337486512, 37.467198853634258 ], [ 127.124984502811841, 37.467244665189313 ], [ 127.124988224080852, 37.46724835818037 ], [ 127.125005365060176, 37.467251159942769 ], [ 127.125047946608802, 37.467264630783703 ], [ 127.12506520600158, 37.467339504384235 ], [ 127.125067518560954, 37.467349926111446 ], [ 127.125102822557594, 37.467447304591474 ], [ 127.125079006212147, 37.467461692357254 ], [ 127.125060309830772, 37.467475505968679 ], [ 127.125067580706528, 37.467498023543051 ], [ 127.125069559978655, 37.467518572868698 ], [ 127.12508046823443, 37.467593740889214 ], [ 127.125072298582921, 37.467678500210447 ], [ 127.125103677295797, 37.467747166720102 ], [ 127.125132644971472, 37.46775108401944 ], [ 127.125138553566629, 37.467758356961433 ], [ 127.125138624377399, 37.467758443717244 ], [ 127.125199373787694, 37.46783323080836 ], [ 127.125174064878692, 37.468019926291468 ], [ 127.125182028268938, 37.468352451221797 ], [ 127.125157425314242, 37.46842398944743 ], [ 127.125137886451157, 37.4684687812615 ], [ 127.125141622727909, 37.468589285974616 ], [ 127.125168204992249, 37.468751438681863 ], [ 127.125045829052624, 37.468979628828585 ], [ 127.125031541567807, 37.46899457411525 ], [ 127.125015525788243, 37.46902950441838 ], [ 127.124965492832516, 37.469214821584963 ], [ 127.124948662915202, 37.469292271248946 ], [ 127.124897596883656, 37.469385523152717 ], [ 127.124935651271372, 37.469487327977795 ], [ 127.124935678056346, 37.469487399270761 ], [ 127.124937155604854, 37.469491350142135 ], [ 127.124851363482676, 37.469523254773343 ], [ 127.124878342850494, 37.469597278597057 ], [ 127.124943340618131, 37.469603122064036 ], [ 127.125100917447298, 37.469613651614132 ], [ 127.125102986352061, 37.469613774454373 ], [ 127.125105329976321, 37.469613914390742 ], [ 127.125203016053149, 37.469619745142886 ], [ 127.125304485413494, 37.469559100331296 ], [ 127.125314886560759, 37.46955290036481 ], [ 127.125374536240386, 37.46951707540223 ], [ 127.125518174169159, 37.469430483054317 ], [ 127.125701319210165, 37.469318232997217 ], [ 127.126024551216247, 37.469105878675734 ], [ 127.126315703139412, 37.468843750414671 ], [ 127.126317108324344, 37.468842485734548 ], [ 127.126373047678712, 37.468792123007958 ], [ 127.126446868599004, 37.468750107552609 ], [ 127.12651361048664, 37.468712123120916 ], [ 127.126577860735637, 37.468675555837493 ], [ 127.126665975353433, 37.468625407315706 ], [ 127.126681298597148, 37.468621776349401 ], [ 127.126832702482972, 37.468585892556739 ], [ 127.126919845995062, 37.468640527332511 ], [ 127.127168443458231, 37.468595313427009 ], [ 127.1271697790893, 37.46859507066673 ], [ 127.127571781257728, 37.468521955796575 ], [ 127.127998844349335, 37.468442337576988 ], [ 127.128229114125574, 37.46839795068076 ], [ 127.128268311445026, 37.468389654331467 ], [ 127.128396397912354, 37.468355829611568 ], [ 127.128514065591389, 37.468317437223511 ], [ 127.128628366869989, 37.468273040050299 ], [ 127.128738812229372, 37.468222833061446 ], [ 127.128842407805593, 37.468172626086577 ], [ 127.128973267989792, 37.468109215783109 ], [ 127.129062215105378, 37.468066124877559 ], [ 127.129169110041474, 37.468014327143891 ], [ 127.129201051638191, 37.467999812620988 ], [ 127.129234106622533, 37.467987001560317 ], [ 127.129268156084123, 37.467975928741062 ], [ 127.129303025568191, 37.467966655809519 ], [ 127.129338587149363, 37.467959211207379 ], [ 127.130188924363239, 37.467803369241125 ], [ 127.130301388923385, 37.46778322587901 ], [ 127.130544709874556, 37.467738621103877 ], [ 127.130584636685086, 37.467732713083763 ], [ 127.130591982436911, 37.467731622860143 ], [ 127.130639814684741, 37.467727858647862 ], [ 127.130674500948146, 37.467727497451747 ], [ 127.130687902286624, 37.467727356358942 ], [ 127.130735846146962, 37.467730097620034 ], [ 127.130783242598028, 37.467736073959038 ], [ 127.130819183816399, 37.467743132185412 ], [ 127.130830012628849, 37.467745256286122 ], [ 127.130875544820171, 37.467757569681289 ], [ 127.130919599953174, 37.467772908840338 ], [ 127.131011562648979, 37.467808741435832 ], [ 127.131369427690359, 37.467948156863145 ], [ 127.13138611324058, 37.467954662699498 ], [ 127.131646161289794, 37.468057429909507 ], [ 127.131648171452738, 37.468058224871527 ], [ 127.131795293527929, 37.468115546110539 ], [ 127.131874644873349, 37.468146470455181 ], [ 127.131959343068417, 37.468177381654883 ], [ 127.132045008646472, 37.46820451457306 ], [ 127.132132305296778, 37.468228123656452 ], [ 127.132451543723818, 37.46830732053327 ], [ 127.132799601914158, 37.468393664711229 ], [ 127.132705329028013, 37.468544696756119 ], [ 127.132673593056438, 37.468595163872564 ], [ 127.1325571833694, 37.468780284263623 ], [ 127.132498347682954, 37.468880270162707 ], [ 127.132457336326382, 37.468956539732872 ], [ 127.132414851723908, 37.469032271997079 ], [ 127.132400286881335, 37.469055426060123 ], [ 127.132648202748598, 37.46905898496852 ], [ 127.132649968510748, 37.46905912115605 ], [ 127.132651690228485, 37.469059476238719 ], [ 127.132653319310151, 37.469060042854515 ], [ 127.132654813997746, 37.469060803747681 ], [ 127.132656144963931, 37.469061743503751 ], [ 127.132657271612501, 37.469062838561072 ], [ 127.132658171467398, 37.469064060006041 ], [ 127.132658819795225, 37.469065378016658 ], [ 127.132659202049254, 37.469066760999887 ], [ 127.132659303695803, 37.469068174658609 ], [ 127.132658274496578, 37.469110256262738 ], [ 127.132784313273532, 37.469114823144523 ], [ 127.132786216684735, 37.469115024656183 ], [ 127.132788046481963, 37.469115479223042 ], [ 127.132789757492546, 37.469116174085585 ], [ 127.132791295527824, 37.469117090146781 ], [ 127.132792614363623, 37.46911819841916 ], [ 127.132793680215315, 37.469119469954123 ], [ 127.132794463865622, 37.469120866803372 ], [ 127.132794933848885, 37.469122348307721 ], [ 127.132795088110583, 37.469123872096574 ], [ 127.132794586872805, 37.469186346055885 ], [ 127.132809442291773, 37.469186073135432 ], [ 127.132811363187969, 37.46918616833976 ], [ 127.132813239850606, 37.469186521197457 ], [ 127.132814953684658, 37.469187101594876 ], [ 127.132816527360333, 37.469187898786082 ], [ 127.132817916893103, 37.469188888297488 ], [ 127.13281908166897, 37.469190050172841 ], [ 127.132819991348626, 37.469191344657794 ], [ 127.132820622316302, 37.469192744637908 ], [ 127.132820956694218, 37.469194205890687 ], [ 127.13282098335884, 37.469195690524224 ], [ 127.132787028899926, 37.469595834999836 ], [ 127.132786985397672, 37.469596405429641 ], [ 127.132786699849845, 37.469597908021541 ], [ 127.132786101347179, 37.469599349249286 ], [ 127.132785204780603, 37.469600690400441 ], [ 127.132784039742219, 37.469601892808228 ], [ 127.132782638068235, 37.46960292141825 ], [ 127.132781038353684, 37.469603746605358 ], [ 127.132779287074342, 37.469604345979796 ], [ 127.132777434076573, 37.469604701669155 ], [ 127.132775534817, 37.469604804832116 ], [ 127.132775158238204, 37.469604803661802 ], [ 127.132114285959233, 37.469596577236842 ], [ 127.132112507732671, 37.469596443706564 ], [ 127.132110776967153, 37.469596086785167 ], [ 127.132109142241404, 37.469595516538931 ], [ 127.132107635140173, 37.469594749290714 ], [ 127.13210630080097, 37.469593805011151 ], [ 127.132105170799733, 37.469592701825945 ], [ 127.132104269865366, 37.469591470458475 ], [ 127.132103627236916, 37.469590144350434 ], [ 127.132103251819927, 37.46958875237317 ], [ 127.132103154746432, 37.469587330616029 ], [ 127.132104507799426, 37.469546151395591 ], [ 127.13208558937437, 37.469570353672495 ], [ 127.132058310912754, 37.469613813748623 ], [ 127.132034197271437, 37.469658528460414 ], [ 127.132013587888025, 37.469704232963842 ], [ 127.131996373091383, 37.469750923313683 ], [ 127.131982779689039, 37.469798241473953 ], [ 127.132267039436911, 37.470228337289271 ], [ 127.132272366082688, 37.470236620296838 ], [ 127.132277694991373, 37.47024490331119 ], [ 127.132283135425325, 37.470253275006243 ], [ 127.132288464327544, 37.470261559822802 ], [ 127.132293790536465, 37.470269932964648 ], [ 127.132299231654571, 37.470278396600428 ], [ 127.13230456012765, 37.47028676974881 ], [ 127.132309888160407, 37.470295233032132 ], [ 127.132315215063514, 37.470303696311795 ], [ 127.132320542648301, 37.470312251532626 ], [ 127.132325870684667, 37.470320714815301 ], [ 127.132331197149867, 37.470329268229413 ], [ 127.132336528148585, 37.470337819854713 ], [ 127.132341741073645, 37.470346465755824 ], [ 127.132347069362751, 37.470355109311491 ], [ 127.132352285691695, 37.470363753419974 ], [ 127.132357613546205, 37.470372486209094 ], [ 127.132362826480474, 37.470381131207908 ], [ 127.132368043511292, 37.470389863651718 ], [ 127.132373257826885, 37.470398688927631 ], [ 127.132378474414253, 37.470407512407583 ], [ 127.132383577906083, 37.470416337338207 ], [ 127.132388791103267, 37.470425160807153 ], [ 127.132393894160515, 37.470434074971209 ], [ 127.132398998345423, 37.470442990039885 ], [ 127.132404100274186, 37.470451904200019 ], [ 127.132409200636332, 37.470460907590223 ], [ 127.132414304387893, 37.470469911892174 ], [ 127.132419296183514, 37.470478915845604 ], [ 127.132424283015467, 37.470488009920004 ], [ 127.132429275489741, 37.470497106715833 ], [ 127.132432654287939, 37.470503408763072 ], [ 127.13243415149779, 37.470506200445051 ], [ 127.132439140144882, 37.470515386463795 ], [ 127.132444016849234, 37.470524569429998 ], [ 127.132448782273798, 37.470533844890582 ], [ 127.132453658530352, 37.470543119794371 ], [ 127.132458422826403, 37.470552395251062 ], [ 127.132463188254505, 37.470561670711007 ], [ 127.132467949849826, 37.470571036295532 ], [ 127.132472601313864, 37.470580490772555 ], [ 127.132477254342447, 37.470589856920355 ], [ 127.132481791585292, 37.470599311943047 ], [ 127.132486443738003, 37.470608857459588 ], [ 127.132490980978744, 37.470618313383319 ], [ 127.132495408777729, 37.470627948338382 ], [ 127.132499832486772, 37.470637494946608 ], [ 127.132504256895345, 37.470647129890757 ], [ 127.132517195617098, 37.470676217560495 ], [ 127.132533543697377, 37.470715303871089 ], [ 127.132536484998994, 37.47072319366341 ], [ 127.132540018126136, 37.470732857382217 ], [ 127.132549808653366, 37.470759823356644 ], [ 127.132581032722499, 37.47083817436539 ], [ 127.132615179338472, 37.470958764361981 ], [ 127.132615385005877, 37.470959489699879 ], [ 127.132615530633174, 37.470960004832811 ], [ 127.132640810351788, 37.471083279462007 ], [ 127.132656750865166, 37.471207528270696 ], [ 127.13282423791641, 37.471200927140067 ], [ 127.132831809080727, 37.471323056042699 ], [ 127.132832843680688, 37.471339739940404 ], [ 127.132845120313618, 37.471537763169302 ], [ 127.132837653921456, 37.471605526310427 ], [ 127.132828848225202, 37.471703403536935 ], [ 127.132800163405946, 37.471849793606943 ], [ 127.132776833709855, 37.4719320843353 ], [ 127.132776444744536, 37.471933456808436 ], [ 127.132759188807697, 37.47199432471119 ], [ 127.132697394021875, 37.472159834372498 ], [ 127.132667328925763, 37.472241310033944 ], [ 127.13265873296298, 37.47226461066456 ], [ 127.132623543292837, 37.472395357076643 ], [ 127.132604955640289, 37.472503206317704 ], [ 127.132600712879764, 37.472527830162988 ], [ 127.132599247297335, 37.472575867512859 ], [ 127.132592566455088, 37.472794986838707 ], [ 127.132605817612699, 37.473004082748169 ], [ 127.132613814255237, 37.473130279913164 ], [ 127.132651145132456, 37.473719341229476 ], [ 127.132654285416308, 37.473768863918593 ], [ 127.132687045742173, 37.474285787270844 ], [ 127.132713876582571, 37.474366200389674 ], [ 127.132726576427928, 37.474376069258469 ], [ 127.132730993753995, 37.474425105566688 ], [ 127.132733328556895, 37.47446198138605 ], [ 127.132739247905505, 37.474555373160271 ], [ 127.132856051697146, 37.474626458205513 ] ] ] ] } },
{ "type": "Feature", "properties": { "fid": 12, "BASE_DATE": "20240630", "SIGUNGU_CD": "31022", "SIGUNGU_NM": "성남시 중원구" }, "geometry": { "type": "MultiPolygon", "coordinates": [ [ [ [ 127.178786325912313, 37.474809265845778 ], [ 127.17896232719508, 37.474689610001278 ], [ 127.179313094687416, 37.474432978905611 ], [ 127.179314082841174, 37.474432255987139 ], [ 127.179381133163716, 37.474383204382654 ], [ 127.179492755252411, 37.474301381868983 ], [ 127.179742837010394, 37.474257094359508 ], [ 127.179743526285364, 37.47425697183909 ], [ 127.179882431165382, 37.474232373166323 ], [ 127.179891773604481, 37.474229546551463 ], [ 127.179968927459058, 37.474208312025652 ], [ 127.180193581853274, 37.474124629851602 ], [ 127.18045856350588, 37.473984573052874 ], [ 127.180474514880956, 37.473958171884952 ], [ 127.180474609416535, 37.473958015302692 ], [ 127.180543018537278, 37.47384479027864 ], [ 127.18059345928549, 37.473664514426225 ], [ 127.180674984785441, 37.473628350193103 ], [ 127.180819251214118, 37.473533524974471 ], [ 127.180926415291992, 37.47343875803508 ], [ 127.180991674183119, 37.473311288040563 ], [ 127.180991930779768, 37.473310785770465 ], [ 127.181016434720149, 37.47326292623481 ], [ 127.181031900019121, 37.473230799994482 ], [ 127.181038891951005, 37.473199820853843 ], [ 127.181043328372809, 37.473060158783518 ], [ 127.181043323182323, 37.473058186578278 ], [ 127.181040620241944, 37.473033701756272 ], [ 127.181001962327244, 37.472902827053439 ], [ 127.180977074871024, 37.472834730077778 ], [ 127.180972730203806, 37.472639336195805 ], [ 127.180951619999462, 37.472528708483672 ], [ 127.180951732288875, 37.472479409408656 ], [ 127.180951734196185, 37.472478694629601 ], [ 127.180952022676664, 37.472352291274454 ], [ 127.18095205105034, 37.472339496443176 ], [ 127.180952931092065, 37.472337591526276 ], [ 127.181058894080394, 37.47210957928931 ], [ 127.180973442856697, 37.471830398868335 ], [ 127.181058929625237, 37.471714219855777 ], [ 127.181059398269525, 37.471713582952667 ], [ 127.181215697530519, 37.471501164854232 ], [ 127.181350633458649, 37.471199123656952 ], [ 127.181316019796142, 37.470906350893365 ], [ 127.181445793180487, 37.470811548862031 ], [ 127.181648488134158, 37.470814838891322 ], [ 127.181648622702582, 37.470814841056615 ], [ 127.181826271001469, 37.47081772438446 ], [ 127.181903632629243, 37.470815354756411 ], [ 127.182050082308933, 37.470603395736831 ], [ 127.182050258217984, 37.470456134387454 ], [ 127.18205987838094, 37.470385203717321 ], [ 127.182086011754322, 37.470192537306289 ], [ 127.182077915655555, 37.470130326568139 ], [ 127.182071850738552, 37.470109216445692 ], [ 127.181983736362, 37.469822441779861 ], [ 127.181871684421751, 37.46942617655445 ], [ 127.181848690861088, 37.469340893936845 ], [ 127.181776994433903, 37.46916660530681 ], [ 127.181776903762199, 37.469166386030288 ], [ 127.181769631395568, 37.46914870414448 ], [ 127.181805486953138, 37.468905404365046 ], [ 127.181805532367207, 37.468905095318163 ], [ 127.181814121917682, 37.468846800853434 ], [ 127.181827522749231, 37.46868938420711 ], [ 127.181858286912671, 37.468409747361086 ], [ 127.181970842285921, 37.468206849575147 ], [ 127.182179404333979, 37.467827264194931 ], [ 127.182188382887261, 37.467814018404248 ], [ 127.182184939180658, 37.467778547524098 ], [ 127.182173368066231, 37.467737451880893 ], [ 127.182117965009553, 37.467544109049051 ], [ 127.182103354650849, 37.467490629438878 ], [ 127.182033339734488, 37.467242666711414 ], [ 127.182033050064931, 37.467241639273752 ], [ 127.181996470721316, 37.467112093571771 ], [ 127.181996966855905, 37.467076124913191 ], [ 127.182002557958256, 37.466670271934241 ], [ 127.182002559520512, 37.466670170083873 ], [ 127.182005036502304, 37.466490387156611 ], [ 127.182006754501501, 37.466391275534242 ], [ 127.182003808354395, 37.466346229844056 ], [ 127.18200014144125, 37.466287668902048 ], [ 127.181997376038282, 37.46623839808327 ], [ 127.181970911782059, 37.466050032847463 ], [ 127.181970812994081, 37.466049327711637 ], [ 127.181960713809431, 37.465977452470021 ], [ 127.181942571409294, 37.465850770416417 ], [ 127.181715741633951, 37.465535767832186 ], [ 127.181621533167856, 37.465430041338038 ], [ 127.18143860843, 37.465232947301885 ], [ 127.181415396002464, 37.465202852933501 ], [ 127.181474960444135, 37.464851092253937 ], [ 127.181552644631196, 37.464432089592805 ], [ 127.181565976495108, 37.464360185499324 ], [ 127.181778369296993, 37.464153381597804 ], [ 127.181912217192419, 37.464023053440606 ], [ 127.18191228758775, 37.464022986027416 ], [ 127.181948866105742, 37.463987370458462 ], [ 127.182050887046813, 37.463886419508476 ], [ 127.182158017328234, 37.463782639294294 ], [ 127.182199456134313, 37.46375442072965 ], [ 127.182278410658057, 37.463683347401883 ], [ 127.182462688825822, 37.463565932888855 ], [ 127.182564243337026, 37.463493697837094 ], [ 127.182987444421684, 37.463213736671577 ], [ 127.183252417729662, 37.462943028862171 ], [ 127.183540420075502, 37.462847981368107 ], [ 127.183891028021932, 37.462933035490217 ], [ 127.184023453306452, 37.462848361735304 ], [ 127.184331594647404, 37.462682046252745 ], [ 127.184629623045836, 37.462528150874498 ], [ 127.184641692021685, 37.462521918569401 ], [ 127.184628070967719, 37.462455613583366 ], [ 127.184578777337862, 37.46221567464309 ], [ 127.184403284608834, 37.462094310898593 ], [ 127.184380349994612, 37.462034654741529 ], [ 127.184357553526127, 37.46195613149473 ], [ 127.184344240716158, 37.46192686995014 ], [ 127.184272344103775, 37.461702575937814 ], [ 127.184331745388562, 37.461532619265547 ], [ 127.184362144056408, 37.461445651656462 ], [ 127.184227577360232, 37.461161485313198 ], [ 127.184145725997155, 37.460981969848874 ], [ 127.184132370234252, 37.460947388281141 ], [ 127.184117470871371, 37.460908805915253 ], [ 127.183935478249467, 37.460293026734298 ], [ 127.183997787320436, 37.460351495724844 ], [ 127.184088253245037, 37.460369375589075 ], [ 127.184165009642228, 37.460332503835417 ], [ 127.184201151207645, 37.460315140901663 ], [ 127.184268681531179, 37.460197907194711 ], [ 127.184211969339771, 37.460116902847503 ], [ 127.18417700523365, 37.460106512169808 ], [ 127.184121482790857, 37.460090012936377 ], [ 127.18404873324711, 37.460092657769856 ], [ 127.184076161894197, 37.460045032445208 ], [ 127.184186672380804, 37.459924387516381 ], [ 127.184294924230926, 37.459806209804306 ], [ 127.184346693733559, 37.459742778128458 ], [ 127.184512472618934, 37.459502349712565 ], [ 127.184650814504607, 37.459309825926461 ], [ 127.184672488259082, 37.45922529295418 ], [ 127.184697127848864, 37.459129183490958 ], [ 127.184723500914359, 37.459026308460466 ], [ 127.184728660118111, 37.459006180224755 ], [ 127.184755078795234, 37.458831274175559 ], [ 127.184756988587893, 37.458818614128866 ], [ 127.184815233386928, 37.458803503893854 ], [ 127.184962252871102, 37.458765362371075 ], [ 127.185868311063999, 37.458509138943363 ], [ 127.186682851907406, 37.458315556299858 ], [ 127.187268484975803, 37.458179207884157 ], [ 127.187296369349596, 37.458172186991312 ], [ 127.1872966500638, 37.458172115624549 ], [ 127.187411441686677, 37.458143220348113 ], [ 127.187687181891278, 37.458198712087651 ], [ 127.187722415995111, 37.458205802528994 ], [ 127.187851911517413, 37.458224464077844 ], [ 127.188008475222745, 37.458261105358858 ], [ 127.188073152718189, 37.458276482195771 ], [ 127.188239690810661, 37.45827931929567 ], [ 127.188293395854558, 37.458285990482246 ], [ 127.188434698852333, 37.458294778287232 ], [ 127.188739911513437, 37.458312315587044 ], [ 127.188819401472145, 37.458320352417338 ], [ 127.188875212888547, 37.458319983781628 ], [ 127.189315781065375, 37.458343927662078 ], [ 127.189315986808808, 37.458343939019386 ], [ 127.189378596341626, 37.458347341320653 ], [ 127.189433246079432, 37.458271617576251 ], [ 127.189433351838701, 37.458271471832319 ], [ 127.189732168147088, 37.457857416694821 ], [ 127.189730722310529, 37.457844471033539 ], [ 127.189812178297842, 37.457792253993816 ], [ 127.190492826749178, 37.457453291979647 ], [ 127.190513639791718, 37.457441996439329 ], [ 127.190561632325199, 37.457424745507318 ], [ 127.190568869160131, 37.457422193749593 ], [ 127.190887371157402, 37.457318351199284 ], [ 127.191331865916894, 37.457177421072757 ], [ 127.191415480812182, 37.457141719849197 ], [ 127.191415702819327, 37.457141624883675 ], [ 127.191460293246834, 37.457122585397627 ], [ 127.191485814107111, 37.457111331721229 ], [ 127.191664040859052, 37.457032725997692 ], [ 127.191696713051527, 37.456546131008594 ], [ 127.191497969034728, 37.45616803030952 ], [ 127.191005288048729, 37.455758862440142 ], [ 127.191120343344721, 37.455547764900196 ], [ 127.191243976643008, 37.455320929195011 ], [ 127.19124399601246, 37.455320893190809 ], [ 127.191258413401442, 37.455294438688867 ], [ 127.191913511047517, 37.455126699722378 ], [ 127.192657671047598, 37.454427219907586 ], [ 127.192896101199423, 37.454024481940777 ], [ 127.192958342414542, 37.453924640232273 ], [ 127.192958549550298, 37.453924308164737 ], [ 127.193073739970686, 37.453739529908717 ], [ 127.193276793359956, 37.45345313285879 ], [ 127.193925227159511, 37.45289796173865 ], [ 127.194177147410514, 37.45197402042136 ], [ 127.194841876913102, 37.451171040853481 ], [ 127.194791944310822, 37.450911236904354 ], [ 127.194685028044532, 37.450470208433849 ], [ 127.194686619939318, 37.450470205335264 ], [ 127.194671470293557, 37.450415038354514 ], [ 127.194670031509219, 37.450405188061893 ], [ 127.194644883745411, 37.450034401851852 ], [ 127.194624880013976, 37.449739078164264 ], [ 127.194628323233744, 37.449705003519547 ], [ 127.19478002959022, 37.449232575817732 ], [ 127.194817156033707, 37.449179860359983 ], [ 127.19501735353353, 37.449025234949303 ], [ 127.195046265563192, 37.449008295272158 ], [ 127.195131810471878, 37.448971833769775 ], [ 127.195400162397547, 37.448882698644965 ], [ 127.195406835464013, 37.448863076768625 ], [ 127.195415587549832, 37.448837345347862 ], [ 127.195416646951685, 37.448836495380952 ], [ 127.195405783888646, 37.448530172448592 ], [ 127.195364472366052, 37.44736794240545 ], [ 127.195358935786842, 37.447344867449544 ], [ 127.195350362018075, 37.447306868771058 ], [ 127.195248288718275, 37.447078985906856 ], [ 127.19524805007876, 37.447078451679666 ], [ 127.195188039259548, 37.44694447932585 ], [ 127.195187497906346, 37.446940812953507 ], [ 127.195179428928256, 37.446892118085941 ], [ 127.19520641288824, 37.446724325271539 ], [ 127.195206452324513, 37.446724079298789 ], [ 127.195242161207275, 37.446502050914049 ], [ 127.195287234176064, 37.446381468074641 ], [ 127.195349155400208, 37.44629126520536 ], [ 127.195350898390345, 37.446282694950739 ], [ 127.195350951465315, 37.446282430985676 ], [ 127.195361184424868, 37.446232123873841 ], [ 127.195237055926, 37.44534201578562 ], [ 127.195241379457613, 37.445305122073421 ], [ 127.195522980549896, 37.444815583657608 ], [ 127.195523215413786, 37.444772970109803 ], [ 127.1955232195577, 37.444772226488759 ], [ 127.195523213983662, 37.44477025427301 ], [ 127.195425531686055, 37.444411138538747 ], [ 127.19542936812671, 37.444395643928246 ], [ 127.195466487224877, 37.444341801484484 ], [ 127.195722144468235, 37.443994777367365 ], [ 127.195728122884788, 37.443985762814506 ], [ 127.195819150295236, 37.443611127351268 ], [ 127.195818555301543, 37.443586919476211 ], [ 127.195773426846756, 37.44349148774765 ], [ 127.195773128682404, 37.443490858723933 ], [ 127.195697477288164, 37.443330889482546 ], [ 127.195656182256883, 37.443271833428504 ], [ 127.195451874419845, 37.443048431221015 ], [ 127.195451773126493, 37.443048320091272 ], [ 127.195323477806213, 37.442908031607061 ], [ 127.195206274645727, 37.442510374871681 ], [ 127.195182117346519, 37.442454943989233 ], [ 127.195024667795153, 37.442198697773804 ], [ 127.194940124189785, 37.442052505982709 ], [ 127.19493883432645, 37.442050277165727 ], [ 127.194798454822674, 37.441807526769551 ], [ 127.194779028525758, 37.441773933842015 ], [ 127.194750015753499, 37.441683881239136 ], [ 127.194732429755547, 37.441572409086952 ], [ 127.194715911772093, 37.441467973096479 ], [ 127.194709897883783, 37.441463200120495 ], [ 127.194661525059288, 37.441393171946245 ], [ 127.194559546219466, 37.441355045414511 ], [ 127.194499130087209, 37.441298265066514 ], [ 127.194498489302688, 37.441297663096378 ], [ 127.194482383000292, 37.441282527085171 ], [ 127.194384986391739, 37.441095911161838 ], [ 127.194379925205439, 37.441086214632591 ], [ 127.194285780919913, 37.440905834613204 ], [ 127.194244715523951, 37.440828723250881 ], [ 127.194244327350944, 37.44082799483926 ], [ 127.194112441615573, 37.440580345867758 ], [ 127.194094970710026, 37.44051392899884 ], [ 127.194071980720437, 37.440432028488758 ], [ 127.194064220966837, 37.440296890877541 ], [ 127.194058755288324, 37.439954517449102 ], [ 127.194060227043209, 37.439904833101004 ], [ 127.194062491725319, 37.439828371028312 ], [ 127.194062072259797, 37.439818392650515 ], [ 127.194062060944319, 37.4398181177026 ], [ 127.194058735767882, 37.439739118218526 ], [ 127.194043662743582, 37.439713242261313 ], [ 127.194008149869163, 37.43963389444842 ], [ 127.193905153776811, 37.439542836117582 ], [ 127.193829764412229, 37.439472541117468 ], [ 127.19382938939961, 37.439472192216229 ], [ 127.193713133236471, 37.439363794817702 ], [ 127.193669248117416, 37.43925968252703 ], [ 127.193660563952946, 37.439243371316557 ], [ 127.193649411405616, 37.439164828353434 ], [ 127.193652822707406, 37.439115548339302 ], [ 127.193658704465975, 37.439100537702451 ], [ 127.193658738734825, 37.439100450358126 ], [ 127.193684392748878, 37.439034973535904 ], [ 127.193917888336884, 37.438723178888559 ], [ 127.193900766279114, 37.438655630750503 ], [ 127.19390968380327, 37.438623802037903 ], [ 127.193637019012115, 37.438268483891619 ], [ 127.19363686608942, 37.438268284291851 ], [ 127.193373643463843, 37.437925267592661 ], [ 127.193377419229691, 37.437920785846948 ], [ 127.193378397238405, 37.437919627415901 ], [ 127.193663115980101, 37.437687156183685 ], [ 127.193681067247113, 37.43766403291832 ], [ 127.193759251301259, 37.437378125349539 ], [ 127.193820156703353, 37.437155187936945 ], [ 127.193922624277789, 37.436780095494306 ], [ 127.194026640968247, 37.43644711188302 ], [ 127.194109400056774, 37.436291841941099 ], [ 127.194116054774227, 37.436279308444441 ], [ 127.194116659642688, 37.436278169772834 ], [ 127.194141724700359, 37.43623097113872 ], [ 127.194143388716697, 37.436188449565797 ], [ 127.194140016852728, 37.436173432979572 ], [ 127.194139844752101, 37.436172669071247 ], [ 127.19400230182336, 37.435560225770971 ], [ 127.193905402350197, 37.435225039037 ], [ 127.193835396512327, 37.434983574546521 ], [ 127.193834841925778, 37.434982360763023 ], [ 127.193823682851203, 37.434957968641797 ], [ 127.193797762235889, 37.434901419648604 ], [ 127.193765788524388, 37.434826569709784 ], [ 127.193761620027502, 37.434783220884469 ], [ 127.193819374609177, 37.434006006325987 ], [ 127.193819390151717, 37.434005798148995 ], [ 127.193835864853654, 37.433784107475333 ], [ 127.193842688986692, 37.43376185041086 ], [ 127.194255202993716, 37.432904094884648 ], [ 127.194270280375534, 37.432866056257922 ], [ 127.194274531644396, 37.432855196688386 ], [ 127.194274851455788, 37.432854380871063 ], [ 127.194324061913107, 37.4327286763884 ], [ 127.194339214284355, 37.432689969126329 ], [ 127.194363971833425, 37.432626884712022 ], [ 127.194384989896051, 37.432573330761812 ], [ 127.194389538008537, 37.432558677172118 ], [ 127.194410620821202, 37.432518380787116 ], [ 127.194413961304463, 37.432511618304467 ], [ 127.194446370784405, 37.432412170607343 ], [ 127.194451444569992, 37.432395269446467 ], [ 127.194573629436519, 37.431924575110884 ], [ 127.194575463975013, 37.431893131823728 ], [ 127.194575664586552, 37.43188965934916 ], [ 127.194575247936044, 37.431885657074723 ], [ 127.194514494290857, 37.431304383522175 ], [ 127.194516242035732, 37.431299028470271 ], [ 127.19455781518586, 37.431283084236277 ], [ 127.194557964619577, 37.43128302693448 ], [ 127.194781675694159, 37.431197231538412 ], [ 127.195209127005768, 37.431033216304456 ], [ 127.195209307003893, 37.431033147362804 ], [ 127.195239304512214, 37.431021636643464 ], [ 127.195239376967947, 37.431021607986331 ], [ 127.195433869213034, 37.430946981554527 ], [ 127.195429428560985, 37.430938255630345 ], [ 127.195388383652841, 37.430858240369382 ], [ 127.195388366829974, 37.430858207876568 ], [ 127.19522538583891, 37.430540461795587 ], [ 127.19519436887964, 37.43049011399922 ], [ 127.195034245589312, 37.430277725793829 ], [ 127.195034074704168, 37.430277499108087 ], [ 127.194907929056072, 37.430110183251486 ], [ 127.194887401313906, 37.430092764397003 ], [ 127.194404790351669, 37.429790289349206 ], [ 127.19440460094178, 37.429790171680899 ], [ 127.194394957037318, 37.429784127373175 ], [ 127.194391421596634, 37.429781879219867 ], [ 127.194433814500385, 37.429240926407701 ], [ 127.1944282929352, 37.429221220715675 ], [ 127.194424902774841, 37.429206872892657 ], [ 127.194371160296626, 37.42911206803862 ], [ 127.19419073402851, 37.4287492228624 ], [ 127.194189200369379, 37.428746137096468 ], [ 127.19401536227538, 37.428396530935416 ], [ 127.194015204193548, 37.428396215045268 ], [ 127.193911048501931, 37.4281867508546 ], [ 127.193911912462511, 37.428179147295666 ], [ 127.193911177110735, 37.428171263775049 ], [ 127.193988788850476, 37.428022983132287 ], [ 127.193988809352689, 37.42802294442626 ], [ 127.194045398434156, 37.427914824133765 ], [ 127.194045351961449, 37.427896803738335 ], [ 127.194046908001255, 37.427882719285265 ], [ 127.193963161758788, 37.427660249735261 ], [ 127.193962960498126, 37.427659712896499 ], [ 127.193822197734349, 37.427285790911462 ], [ 127.193821997591257, 37.427285257680786 ], [ 127.193648409873674, 37.42682412539196 ], [ 127.193404834700829, 37.426143411345876 ], [ 127.193411351955149, 37.426138894334748 ], [ 127.193866377722117, 37.425837724602083 ], [ 127.1939125982707, 37.425825258395541 ], [ 127.193923887251543, 37.425821582975729 ], [ 127.194115566458734, 37.425813946010862 ], [ 127.194121917446836, 37.425809997297343 ], [ 127.194139909960796, 37.425804057822944 ], [ 127.194254257021825, 37.425651537272181 ], [ 127.194302986921429, 37.42558670392912 ], [ 127.194314962260137, 37.425571540423704 ], [ 127.194315217873324, 37.425571217491218 ], [ 127.194433897461309, 37.425420928949883 ], [ 127.19445466332516, 37.425394431732023 ], [ 127.194467984788034, 37.4253597758564 ], [ 127.19446684740177, 37.425354864030076 ], [ 127.194409082174445, 37.425105618009908 ], [ 127.194379528053261, 37.424976342155738 ], [ 127.194379460301647, 37.424976049033745 ], [ 127.194348916833832, 37.42484245032221 ], [ 127.19434245749818, 37.424800788303273 ], [ 127.194335608003598, 37.424674945882565 ], [ 127.194307936030071, 37.424626274001589 ], [ 127.193950132468501, 37.424282973601954 ], [ 127.19394940407372, 37.424282274052082 ], [ 127.193937923089351, 37.424271258371228 ], [ 127.193941342161636, 37.424269264368348 ], [ 127.193941560809733, 37.424269136939159 ], [ 127.193968420559315, 37.424253475682065 ], [ 127.193911021092333, 37.424219833786701 ], [ 127.193910532878945, 37.424219547688132 ], [ 127.193337995601951, 37.42388396023965 ], [ 127.193301934171473, 37.423865720207672 ], [ 127.192912125203648, 37.423705008946563 ], [ 127.19287975665911, 37.423682256180577 ], [ 127.192758525353995, 37.4235710107533 ], [ 127.192757823869528, 37.423570368052552 ], [ 127.192741956698868, 37.423555802958347 ], [ 127.192741748392478, 37.423555612226785 ], [ 127.19253916078064, 37.423369706024559 ], [ 127.192522555121158, 37.423019186605735 ], [ 127.192506415918089, 37.422989929259863 ], [ 127.192378467290169, 37.422863224504503 ], [ 127.192377804304002, 37.422862566578239 ], [ 127.192082599633622, 37.422570229339385 ], [ 127.192045594995037, 37.42252974413362 ], [ 127.191910650758359, 37.422354274275826 ], [ 127.191838927049062, 37.422261188909395 ], [ 127.19181875926391, 37.422244326590921 ], [ 127.19137681755511, 37.422066932291457 ], [ 127.191375196165723, 37.42206628267396 ], [ 127.191371050747151, 37.422064618729586 ], [ 127.191370218051404, 37.42206428484964 ], [ 127.191363228164391, 37.422061477746276 ], [ 127.191340448678545, 37.422057289974198 ], [ 127.191057421021043, 37.422099135230177 ], [ 127.191026702833085, 37.422098616880561 ], [ 127.19081317944611, 37.422050817551273 ], [ 127.190494537776473, 37.421972342894762 ], [ 127.190493185202186, 37.421972010351617 ], [ 127.190383790617972, 37.421945070230521 ], [ 127.190357469850355, 37.421935252920342 ], [ 127.190305694342356, 37.421912253013637 ], [ 127.190279518957809, 37.42189568026027 ], [ 127.190072144524919, 37.421766490710311 ], [ 127.189478362043431, 37.421419420992009 ], [ 127.189460165802956, 37.421414377773409 ], [ 127.189359695811845, 37.421408585677867 ], [ 127.189341556527339, 37.421407540189684 ], [ 127.189327053231253, 37.421406705260715 ], [ 127.189311844935261, 37.421393781035825 ], [ 127.189231381109821, 37.421263825595453 ], [ 127.189185332736926, 37.421205050247877 ], [ 127.188994103447001, 37.421035575520449 ], [ 127.188953785998478, 37.421008321827927 ], [ 127.188750732727257, 37.420912351588683 ], [ 127.188746482782122, 37.420907573926854 ], [ 127.188715996618015, 37.420854400851518 ], [ 127.188690102490696, 37.420808553619366 ], [ 127.188659453919797, 37.420762416236485 ], [ 127.188539500685508, 37.420580438894703 ], [ 127.188532911552898, 37.420556515259022 ], [ 127.188527215688154, 37.420537940934707 ], [ 127.188518195884427, 37.420458835908256 ], [ 127.188502290668936, 37.420454357431026 ], [ 127.18849786599931, 37.42044648037129 ], [ 127.188351160987949, 37.420436286755169 ], [ 127.188125711779605, 37.420423137855842 ], [ 127.188085979115812, 37.420413902098232 ], [ 127.187847770952189, 37.420307570879224 ], [ 127.187852346768153, 37.420300797407926 ], [ 127.187836440816483, 37.420294063598114 ], [ 127.187863214334044, 37.420261837112506 ], [ 127.187863315420799, 37.420261715693698 ], [ 127.18792778666527, 37.420184113433919 ], [ 127.187927413780642, 37.420175383530754 ], [ 127.187929515371593, 37.42017059556435 ], [ 127.187794459741326, 37.419878827922417 ], [ 127.187782747255298, 37.419851815219431 ], [ 127.187724230958281, 37.419743502826897 ], [ 127.187720158626107, 37.419738440762011 ], [ 127.187570039222379, 37.419563543250625 ], [ 127.187198456992363, 37.419121223795131 ], [ 127.187181106483038, 37.419102670844239 ], [ 127.187089695927952, 37.419039455233104 ], [ 127.187048885799527, 37.41902347398576 ], [ 127.186828204439777, 37.418936258396776 ], [ 127.186767964873695, 37.418915233763805 ], [ 127.186321848205367, 37.41881427945944 ], [ 127.186255087569648, 37.418796085609067 ], [ 127.185678972818181, 37.418578472112031 ], [ 127.185678928811853, 37.418578455770231 ], [ 127.185666404273533, 37.418573724500575 ], [ 127.185603163114564, 37.418549603180445 ], [ 127.185601034406417, 37.418546796044183 ], [ 127.185582288266005, 37.418531056846206 ], [ 127.185529783636497, 37.418282793741035 ], [ 127.185522306538402, 37.418249614046694 ], [ 127.185522196689931, 37.418249127913043 ], [ 127.185506942832959, 37.418181465237531 ], [ 127.185495937284557, 37.418083218468865 ], [ 127.18549350095428, 37.418049933199875 ], [ 127.185493402586488, 37.418048593494028 ], [ 127.185478768443218, 37.417848703359738 ], [ 127.185468890799982, 37.4177774846289 ], [ 127.185324011106886, 37.417012298019579 ], [ 127.185309749185762, 37.416936971744498 ], [ 127.185307475753092, 37.416875315194801 ], [ 127.185343242470481, 37.416488667888665 ], [ 127.185338194666727, 37.416373795733513 ], [ 127.185317008342224, 37.416296963751115 ], [ 127.185280480482007, 37.416230292697058 ], [ 127.185185976580144, 37.416125975433687 ], [ 127.185148130745475, 37.416095058409873 ], [ 127.184991673926532, 37.415995072044346 ], [ 127.184932058475098, 37.415937158422842 ], [ 127.184892551359155, 37.415875554052597 ], [ 127.184830469555791, 37.415750922971661 ], [ 127.184735545294345, 37.415551718175742 ], [ 127.184723487497308, 37.415525547920403 ], [ 127.184719227609406, 37.415516265908209 ], [ 127.184116181080014, 37.415468201952535 ], [ 127.184082610930858, 37.415456152795244 ], [ 127.183898268275556, 37.415353379118855 ], [ 127.183872107954514, 37.415338670824021 ], [ 127.183871341319104, 37.415338239719091 ], [ 127.183580665315532, 37.415174797988549 ], [ 127.183553274732532, 37.415162446132655 ], [ 127.183176829379036, 37.415029847838483 ], [ 127.183159169960618, 37.415023115908269 ], [ 127.183144420780891, 37.415026233900029 ], [ 127.183144161767359, 37.415026288189786 ], [ 127.182497803733398, 37.415162940566269 ], [ 127.182114805112604, 37.415240958439355 ], [ 127.182097561302427, 37.415262105224187 ], [ 127.181924189098908, 37.415464250189011 ], [ 127.181850083108088, 37.415547707487043 ], [ 127.181832253002383, 37.415546329072846 ], [ 127.181087444880234, 37.415485795946921 ], [ 127.181082510445478, 37.415488055906124 ], [ 127.180500544089497, 37.415771063368226 ], [ 127.180477323816504, 37.415801797020457 ], [ 127.180452109884811, 37.415886304967025 ], [ 127.180374877993629, 37.416143487658793 ], [ 127.180372235897053, 37.416143213708452 ], [ 127.180366782379906, 37.416151662882946 ], [ 127.180331184196419, 37.416137714290123 ], [ 127.179691728901787, 37.415887173151695 ], [ 127.179627364350992, 37.415863259214305 ], [ 127.179626662556714, 37.415862997716332 ], [ 127.179475861981189, 37.415806965967889 ], [ 127.179244980302641, 37.415725942470779 ], [ 127.179201528291074, 37.415713899370587 ], [ 127.179057278986079, 37.415696095087263 ], [ 127.178916720145224, 37.415666743210117 ], [ 127.178897293707351, 37.415663674445057 ], [ 127.178852265949828, 37.415653604555281 ], [ 127.178830015866424, 37.415648853352579 ], [ 127.178814993560067, 37.415640703764815 ], [ 127.178797495563728, 37.415631161132943 ], [ 127.178775302962791, 37.415614275754734 ], [ 127.178772868782204, 37.415612424024509 ], [ 127.178664528196109, 37.415529997137973 ], [ 127.178613622903711, 37.415498537757863 ], [ 127.178588625216534, 37.415479084811516 ], [ 127.178373851132349, 37.415311937278211 ], [ 127.178326294993568, 37.415283005329186 ], [ 127.178093378487503, 37.41516426137941 ], [ 127.177999209899255, 37.415116247337743 ], [ 127.177975890321051, 37.415109803882928 ], [ 127.177945333361365, 37.41510056086527 ], [ 127.177878223382805, 37.415097896544999 ], [ 127.177878104746569, 37.415097891714908 ], [ 127.177788054949886, 37.415094316643398 ], [ 127.177608361876167, 37.415086979917035 ], [ 127.177583623786475, 37.415077448008461 ], [ 127.177575507176698, 37.415074923653506 ], [ 127.177119934814925, 37.415069407810584 ], [ 127.177141336107127, 37.415017516359555 ], [ 127.17722407128322, 37.414816906706349 ], [ 127.177228227964363, 37.41480682625 ], [ 127.17722881474586, 37.41479859738849 ], [ 127.177228843611431, 37.414798190946762 ], [ 127.177264294833549, 37.414302765309117 ], [ 127.177274318580501, 37.414290083270231 ], [ 127.177289960085787, 37.414260218310766 ], [ 127.177744845876802, 37.413978812810043 ], [ 127.177749046632584, 37.413965011573467 ], [ 127.177760840292592, 37.41395092095896 ], [ 127.17771202641029, 37.41357541794126 ], [ 127.177711984789966, 37.413575109557179 ], [ 127.177688050650886, 37.4133909878108 ], [ 127.177691365039067, 37.413374377273115 ], [ 127.177700232454526, 37.413316356428403 ], [ 127.177768628064342, 37.413206881438519 ], [ 127.177768697470739, 37.413206770758364 ], [ 127.17782700370141, 37.413113441626017 ], [ 127.177854789964528, 37.41306862880684 ], [ 127.17788216718904, 37.413002425208923 ], [ 127.177898360657352, 37.412618426264004 ], [ 127.177900726532016, 37.412562308516051 ], [ 127.177878859076628, 37.412495611992682 ], [ 127.177620681415149, 37.412183524234912 ], [ 127.177619524615835, 37.412182125750057 ], [ 127.177378675084682, 37.411890985815063 ], [ 127.177376615138144, 37.411841433337592 ], [ 127.177371997374124, 37.411826798608921 ], [ 127.177461115011894, 37.411598823176192 ], [ 127.177461551456389, 37.411597708462871 ], [ 127.177497439864965, 37.411505906531318 ], [ 127.177511061765969, 37.4114456343938 ], [ 127.17751482073902, 37.411405701051393 ], [ 127.177514868125954, 37.411405191001592 ], [ 127.177528105608971, 37.411264560101166 ], [ 127.177578593983284, 37.41073259812044 ], [ 127.177578691077116, 37.410731563604919 ], [ 127.177582707660775, 37.410689246816979 ], [ 127.177573437323346, 37.410647020888398 ], [ 127.177421569904567, 37.410458882340194 ], [ 127.177387065379733, 37.410421487427115 ], [ 127.177189860736647, 37.410242700127199 ], [ 127.177186717545069, 37.410184134514573 ], [ 127.177183348707246, 37.410177101789699 ], [ 127.177197046841258, 37.410147519954478 ], [ 127.177221053192469, 37.41014917372194 ], [ 127.177234749521588, 37.410117900894726 ], [ 127.17724403799312, 37.410089731190439 ], [ 127.177246657670139, 37.410080428923948 ], [ 127.177320470056046, 37.409868022687064 ], [ 127.177323957357515, 37.409851124181031 ], [ 127.177318805482145, 37.409835642496596 ], [ 127.1772037005599, 37.409685783588301 ], [ 127.177203437612434, 37.409685441248641 ], [ 127.177181648949897, 37.409657071319295 ], [ 127.177181407363733, 37.409656754276462 ], [ 127.177001041833577, 37.409421928058322 ], [ 127.1769932487707, 37.409408146350756 ], [ 127.176892390346879, 37.409072109723304 ], [ 127.176880289351814, 37.409032140252712 ], [ 127.17687763741786, 37.409027640543158 ], [ 127.176865762507902, 37.409007384799189 ], [ 127.176811306891324, 37.408945546629432 ], [ 127.176810912199784, 37.40894509756626 ], [ 127.176772162363619, 37.408901096388689 ], [ 127.176486041971827, 37.408584191965573 ], [ 127.176448546356042, 37.408547644892899 ], [ 127.176222226361247, 37.408367781136285 ], [ 127.176206636818463, 37.408342179000734 ], [ 127.176197250540127, 37.408329236564235 ], [ 127.176123418766991, 37.407998223605972 ], [ 127.176104806715344, 37.407964742352597 ], [ 127.176094879889362, 37.407945614980669 ], [ 127.175800797012002, 37.407614932034186 ], [ 127.17577374278072, 37.407590753224255 ], [ 127.175671880566213, 37.407521632982807 ], [ 127.175671693536501, 37.407521507178345 ], [ 127.175345623263098, 37.407300247233813 ], [ 127.175339245724871, 37.407289274385441 ], [ 127.175321721197747, 37.40726705419106 ], [ 127.175203815472656, 37.406569789207218 ], [ 127.175159751603971, 37.406519730057383 ], [ 127.175146087110861, 37.406511655835864 ], [ 127.174426353251178, 37.406086355183547 ], [ 127.174421408073414, 37.406081010821659 ], [ 127.174357998881035, 37.40598227060174 ], [ 127.174209409309256, 37.405751189822006 ], [ 127.174050388844449, 37.405654521410931 ], [ 127.173907511265398, 37.405567666434955 ], [ 127.173907235160371, 37.405567498918629 ], [ 127.173840705499515, 37.405527055396476 ], [ 127.173840362906049, 37.405526847134617 ], [ 127.173415561235814, 37.405405190136598 ], [ 127.172584491791, 37.405224394642019 ], [ 127.171893475082896, 37.405418726927614 ], [ 127.171110893447974, 37.4055797830489 ], [ 127.17080348579141, 37.405715320335545 ], [ 127.170208903976913, 37.405795675172733 ], [ 127.170208476609417, 37.405795733471578 ], [ 127.16946625326969, 37.40589603296899 ], [ 127.169466058805767, 37.405896059466649 ], [ 127.169353349414195, 37.40591129217939 ], [ 127.169352965025723, 37.405911340680191 ], [ 127.168660983223901, 37.405844772069578 ], [ 127.168101745538095, 37.405750712349082 ], [ 127.167523439787928, 37.405774478460515 ], [ 127.167440520870969, 37.405905475847213 ], [ 127.167344568403166, 37.40605706722009 ], [ 127.167024100019404, 37.406203623208206 ], [ 127.166833703462686, 37.406318119682027 ], [ 127.166417348542822, 37.406577145303558 ], [ 127.166416197391641, 37.406577852340718 ], [ 127.166411110176583, 37.40658096396276 ], [ 127.166410758330827, 37.406581062121518 ], [ 127.166407884425254, 37.406580914299568 ], [ 127.166407160304246, 37.406580876201403 ], [ 127.166163952786931, 37.406568346559915 ], [ 127.166163062599466, 37.406568300780364 ], [ 127.165954729494345, 37.406557563760813 ], [ 127.165731535932764, 37.406452120857693 ], [ 127.165730940575685, 37.406451839747717 ], [ 127.165616755129449, 37.406397896661588 ], [ 127.165290563447229, 37.406471781669744 ], [ 127.165064669040831, 37.406458052174003 ], [ 127.164555064806834, 37.406657487411643 ], [ 127.164181265716721, 37.406892834012105 ], [ 127.164040756650266, 37.407080011352321 ], [ 127.164040638429128, 37.407080169658741 ], [ 127.164005199329594, 37.407127375009537 ], [ 127.16400488481824, 37.407127461549315 ], [ 127.163792803508372, 37.407156947525849 ], [ 127.163791617460831, 37.407157111809262 ], [ 127.163554384910867, 37.407190044809774 ], [ 127.163496520615155, 37.407194027371155 ], [ 127.163198441176448, 37.407243395232825 ], [ 127.162959302331714, 37.407505511056868 ], [ 127.162969007021019, 37.407622907879968 ], [ 127.162970830629959, 37.407628991962561 ], [ 127.162970877392866, 37.407629147132631 ], [ 127.163004061093005, 37.407739811792247 ], [ 127.162790420710223, 37.407929864555427 ], [ 127.162790144224388, 37.407930037732562 ], [ 127.162719427373801, 37.407908771750499 ], [ 127.162719122693318, 37.407908680743724 ], [ 127.162531908532969, 37.407852379261683 ], [ 127.162247652128499, 37.407960116755035 ], [ 127.161843265382899, 37.40811338559817 ], [ 127.161628249209869, 37.408367509360957 ], [ 127.161627733464172, 37.408368119018235 ], [ 127.161596292307635, 37.40840527751493 ], [ 127.161387226659627, 37.408531717144314 ], [ 127.161386923045427, 37.408531891141813 ], [ 127.161321610179272, 37.408525541358443 ], [ 127.161315768443885, 37.408528510884835 ], [ 127.161315442242682, 37.408528682113307 ], [ 127.161228370056804, 37.408520478910049 ], [ 127.161227738673432, 37.408520419412845 ], [ 127.160979681883447, 37.408497048687316 ], [ 127.160443254098908, 37.408709130121245 ], [ 127.160075226075392, 37.408508150895983 ], [ 127.159949032190269, 37.408439236529709 ], [ 127.159790907534955, 37.408537598636606 ], [ 127.159668449744828, 37.408613765853424 ], [ 127.159585851640074, 37.408665148090641 ], [ 127.159571329845647, 37.408678508844567 ], [ 127.159569681137668, 37.408680025620789 ], [ 127.159344003698763, 37.408887669266804 ], [ 127.159295445469212, 37.40889464391168 ], [ 127.159271710205928, 37.408913400757839 ], [ 127.159182473760723, 37.408922690033236 ], [ 127.159181665448955, 37.408922774235322 ], [ 127.158973584545791, 37.408944432818906 ], [ 127.158703111135154, 37.409191217173131 ], [ 127.158592657374683, 37.409291994840579 ], [ 127.158591507948458, 37.40929304342761 ], [ 127.158110918733485, 37.40973153080688 ], [ 127.158027398147752, 37.409793188567683 ], [ 127.158027279099315, 37.409793276558204 ], [ 127.157056110406586, 37.41051024032884 ], [ 127.156959539021159, 37.410581532133619 ], [ 127.155637906895066, 37.411098641223198 ], [ 127.155636939715592, 37.41109812462178 ], [ 127.155284056595789, 37.410909860642313 ], [ 127.155283846930374, 37.410909748260359 ], [ 127.154543348012027, 37.410514683414348 ], [ 127.154542868937313, 37.410514427826506 ], [ 127.154537774962336, 37.410511710616895 ], [ 127.154535247223748, 37.410512189072634 ], [ 127.154001239827863, 37.41061378728709 ], [ 127.154001026074639, 37.410613827223486 ], [ 127.153840126091609, 37.410644440190957 ], [ 127.153832081376748, 37.410645969707687 ], [ 127.153533160612369, 37.410706593190284 ], [ 127.153068738479121, 37.410800778059212 ], [ 127.152826073160043, 37.41084999024379 ], [ 127.152825621835419, 37.410849843796974 ], [ 127.152546893369944, 37.410759344401285 ], [ 127.152462287500157, 37.41071396203504 ], [ 127.152076239719364, 37.410506884741061 ], [ 127.152075736990255, 37.410506614651617 ], [ 127.151896707488717, 37.410410580578194 ], [ 127.15148812503115, 37.410338658532417 ], [ 127.151487014316274, 37.41033937545771 ], [ 127.150973986286203, 37.410670793375573 ], [ 127.150973530661361, 37.410671087681813 ], [ 127.150970217738816, 37.410673229486001 ], [ 127.150967800140606, 37.410673344034613 ], [ 127.150967316178367, 37.410673657186074 ], [ 127.150963219040648, 37.410673849702924 ], [ 127.150962409784611, 37.410673887875738 ], [ 127.150362851793901, 37.410702093395905 ], [ 127.150285516996149, 37.410744617829707 ], [ 127.150285175991073, 37.410744806109982 ], [ 127.150093816087377, 37.410850029903642 ], [ 127.150092341743331, 37.41084972087517 ], [ 127.149599436248494, 37.410746404687366 ], [ 127.149255166276717, 37.410797984550285 ], [ 127.149060285848378, 37.410937389914288 ], [ 127.148225902362654, 37.41153425033017 ], [ 127.147432698538992, 37.412101633614284 ], [ 127.147046999580837, 37.412377521474959 ], [ 127.146865132759658, 37.412494671900312 ], [ 127.146865039815353, 37.412494732014814 ], [ 127.146829456178821, 37.412517652263396 ], [ 127.146601486405714, 37.41266450098064 ], [ 127.146592122903371, 37.412670532938847 ], [ 127.14655458728096, 37.412694710997087 ], [ 127.14617801807691, 37.412937266975774 ], [ 127.146146082655349, 37.412957836330492 ], [ 127.145898842361248, 37.413117088414147 ], [ 127.145603074610563, 37.413307593928948 ], [ 127.145593098872126, 37.413314019675568 ], [ 127.145587368004968, 37.413317711655672 ], [ 127.145541448802575, 37.413347231045023 ], [ 127.145467214827505, 37.413397232191976 ], [ 127.145369768352253, 37.413462866525833 ], [ 127.144963386420784, 37.413736578036378 ], [ 127.144948951668042, 37.413746301990095 ], [ 127.144948500474428, 37.413746606201258 ], [ 127.14492907426343, 37.413759691714091 ], [ 127.144906083878212, 37.413775172289292 ], [ 127.144875736975052, 37.413795661338263 ], [ 127.144851268417597, 37.413812110046479 ], [ 127.14483478635897, 37.413823192518123 ], [ 127.144828676526942, 37.413830542906098 ], [ 127.144802757494048, 37.413861717521215 ], [ 127.144802388127317, 37.41386216259226 ], [ 127.144771684392083, 37.413899093429499 ], [ 127.144680777702931, 37.414008436494811 ], [ 127.144666973693447, 37.414025041604916 ], [ 127.144624477333522, 37.414076175081796 ], [ 127.144612951039335, 37.414087611335397 ], [ 127.14456255378002, 37.414148208013088 ], [ 127.144562284424254, 37.414148532599711 ], [ 127.144524279593512, 37.414194226222662 ], [ 127.144509941331464, 37.414211478697538 ], [ 127.144503373407503, 37.41421938293778 ], [ 127.144402923151219, 37.414251408668989 ], [ 127.144387969358306, 37.414256149992511 ], [ 127.144386854585321, 37.414256503583935 ], [ 127.144271083433907, 37.414293211731859 ], [ 127.144271446892205, 37.414293300258862 ], [ 127.14421707286715, 37.414310589066574 ], [ 127.144215315251031, 37.414311148038145 ], [ 127.143985040209472, 37.414384370297746 ], [ 127.143959213548044, 37.414392573456027 ], [ 127.143824115506177, 37.414435545204448 ], [ 127.143804416102185, 37.414441810804071 ], [ 127.143803966231502, 37.414441833785773 ], [ 127.143685454674227, 37.414447652890296 ], [ 127.143685341640449, 37.41444765885926 ], [ 127.143614434544986, 37.414451138969071 ], [ 127.143597018631212, 37.414451988744695 ], [ 127.143529508204765, 37.414455287050288 ], [ 127.143343696617649, 37.414464348828297 ], [ 127.14332110607576, 37.414465457871984 ], [ 127.143307324248525, 37.414466104041381 ], [ 127.143282698906845, 37.414585788244366 ], [ 127.143299118185368, 37.414709796691959 ], [ 127.143301721176968, 37.41472947705693 ], [ 127.143323169115419, 37.414796327350324 ], [ 127.143358991453852, 37.414907987795246 ], [ 127.143367457595701, 37.415073931243363 ], [ 127.143367469968183, 37.415074181862934 ], [ 127.14336825786873, 37.415089622090051 ], [ 127.143352919586832, 37.415092225862772 ], [ 127.143266524358737, 37.41510689918497 ], [ 127.143053679167693, 37.415143040061309 ], [ 127.142655019706254, 37.415210730542547 ], [ 127.142637746266743, 37.415213663684561 ], [ 127.142636434979195, 37.415214225784339 ], [ 127.142635147937156, 37.415214441829448 ], [ 127.142609119256164, 37.415225590674964 ], [ 127.142389282764555, 37.415319738838278 ], [ 127.142308435613856, 37.415354396400524 ], [ 127.142079263260143, 37.415449885827208 ], [ 127.141958890157682, 37.415500042503517 ], [ 127.141957487222712, 37.415500625951189 ], [ 127.141810576951229, 37.415528379554544 ], [ 127.141736241528974, 37.41553037710392 ], [ 127.141662492782018, 37.415532338527001 ], [ 127.141551197236353, 37.415556390540083 ], [ 127.14146285555276, 37.415575482390338 ], [ 127.141460768366088, 37.415575707713906 ], [ 127.141412841163785, 37.415580865143419 ], [ 127.141412263400269, 37.415580927388625 ], [ 127.141183253151752, 37.415605573804967 ], [ 127.141141432393596, 37.415610110582811 ], [ 127.141095907072554, 37.415602370189987 ], [ 127.140860894944069, 37.415562383602548 ], [ 127.140475337663361, 37.415496781455936 ], [ 127.14045108797059, 37.415492659634381 ], [ 127.140449672011641, 37.415492419167862 ], [ 127.140237849725821, 37.415456424650266 ], [ 127.140148752936099, 37.41544103202515 ], [ 127.140083894214001, 37.415459111768861 ], [ 127.140082778631182, 37.415459390502988 ], [ 127.140076368229685, 37.415461178243881 ], [ 127.139795058289295, 37.415539619939523 ], [ 127.139785759377048, 37.415567607239765 ], [ 127.139774463366265, 37.415589984606434 ], [ 127.139736335136902, 37.415619392958277 ], [ 127.139709093893387, 37.415633017150455 ], [ 127.139663743526285, 37.415630301904429 ], [ 127.139622997736708, 37.4155963157583 ], [ 127.139602149915916, 37.41556099132351 ], [ 127.139605019324591, 37.415547986921652 ], [ 127.139540866690581, 37.415539888987361 ], [ 127.139257064028072, 37.415504068029151 ], [ 127.139256329925189, 37.415503975651646 ], [ 127.139220530620008, 37.415499456883929 ], [ 127.139098200421586, 37.415537151275231 ], [ 127.138949418927368, 37.415582998820625 ], [ 127.138883893067685, 37.415603194098139 ], [ 127.138680570501108, 37.415812087535343 ], [ 127.138680219914903, 37.415810730796167 ], [ 127.138658680602049, 37.415832858615396 ], [ 127.138629554903289, 37.41586278447091 ], [ 127.138628921194737, 37.415863435129225 ], [ 127.138605192247397, 37.415887814189304 ], [ 127.138604276141209, 37.41591995531531 ], [ 127.138628823561689, 37.415958552405662 ], [ 127.138622022778321, 37.416007940476248 ], [ 127.138612912542399, 37.416031836016231 ], [ 127.138542773823275, 37.4160664849677 ], [ 127.138487738377037, 37.416070840689009 ], [ 127.138433251324528, 37.416050448113637 ], [ 127.138417105719654, 37.415988189452769 ], [ 127.13787637578676, 37.416008862364748 ], [ 127.137875695355177, 37.416008888223182 ], [ 127.137800338034268, 37.416011769822987 ], [ 127.137712786524418, 37.416071325802186 ], [ 127.137691768220861, 37.416085628403231 ], [ 127.137547229300239, 37.416184019296189 ], [ 127.137545725883413, 37.416185042254135 ], [ 127.137430309455198, 37.416263605507737 ], [ 127.137385880251585, 37.416293849175823 ], [ 127.137365763150981, 37.416307547857066 ], [ 127.137113979301958, 37.416294493142956 ], [ 127.137115899869116, 37.416290161623124 ], [ 127.137127369562833, 37.416264294925313 ], [ 127.136947679948776, 37.416213448346539 ], [ 127.13694607629381, 37.416212994537261 ], [ 127.136877815455776, 37.41619367845459 ], [ 127.136833063225581, 37.416181018191089 ], [ 127.136829050287886, 37.416085065342344 ], [ 127.136843751635794, 37.416031437243362 ], [ 127.13674488475948, 37.41608074607084 ], [ 127.136743106660873, 37.41608154823912 ], [ 127.136706849276152, 37.416097909450926 ], [ 127.136637996234171, 37.416129163038015 ], [ 127.136528616632276, 37.416173888330803 ], [ 127.136416857156391, 37.416214830344202 ], [ 127.136299224222313, 37.416255600948759 ], [ 127.136332876802626, 37.41631475893562 ], [ 127.136169192264632, 37.416439735676832 ], [ 127.13613217985413, 37.416460500306307 ], [ 127.135871785691492, 37.416578378065992 ], [ 127.135851571373024, 37.416582907406124 ], [ 127.135827468980892, 37.416589188756213 ], [ 127.135821951715414, 37.416590626579342 ], [ 127.13581935941238, 37.416591302737238 ], [ 127.135786647307611, 37.416599829922177 ], [ 127.135583029142268, 37.416663548881523 ], [ 127.13548022461184, 37.416689286178467 ], [ 127.135324246653909, 37.416728628774273 ], [ 127.135323052950724, 37.416728929756722 ], [ 127.135232836266198, 37.416751646401146 ], [ 127.135203097370692, 37.416754565231308 ], [ 127.135098207886742, 37.416764864228952 ], [ 127.135022144705559, 37.416807299601025 ], [ 127.134984433164846, 37.416818333174866 ], [ 127.134989137118438, 37.416828239382696 ], [ 127.134795286931251, 37.41688295806933 ], [ 127.134746754451712, 37.416879148555559 ], [ 127.13473689555677, 37.416881936693869 ], [ 127.134716757920515, 37.416887632455001 ], [ 127.134706447506417, 37.416890546289451 ], [ 127.134696903865375, 37.416836570435336 ], [ 127.134696635477923, 37.416835056198138 ], [ 127.13470430098215, 37.416825030459208 ], [ 127.134742277056347, 37.416775358569119 ], [ 127.134685147145944, 37.41679128059765 ], [ 127.134684992133344, 37.416791319779136 ], [ 127.134679815622746, 37.416792627001115 ], [ 127.134551797945505, 37.416824948535712 ], [ 127.134490935622679, 37.416840332529681 ], [ 127.134354585764484, 37.416871230057268 ], [ 127.13429513736466, 37.416884702000978 ], [ 127.134097634435136, 37.416924479677569 ], [ 127.133955788630558, 37.416949571106635 ], [ 127.133933832373714, 37.416953455650152 ], [ 127.133924243194343, 37.416955152089812 ], [ 127.133904598835258, 37.416958627351597 ], [ 127.133900508898378, 37.416959351109334 ], [ 127.133898763660923, 37.416959660284562 ], [ 127.133896671446408, 37.416959977398967 ], [ 127.133871519519076, 37.416963813275601 ], [ 127.133784980585546, 37.416977010871086 ], [ 127.133698758297996, 37.416990157104507 ], [ 127.133497728439153, 37.417015880335818 ], [ 127.133430754317047, 37.417022893600659 ], [ 127.133295784438474, 37.417036918650261 ], [ 127.133230167465598, 37.41704347991552 ], [ 127.133093730582615, 37.417057055805408 ], [ 127.133058827446575, 37.417058715974058 ], [ 127.133041157856752, 37.41705952825167 ], [ 127.133036688464728, 37.417059733412714 ], [ 127.133037349307926, 37.417115143853728 ], [ 127.132868998060729, 37.417164438333479 ], [ 127.132836264387009, 37.417174023747911 ], [ 127.132756596189566, 37.417197368869395 ], [ 127.132747067145843, 37.417200161471477 ], [ 127.132522207860873, 37.417230142821531 ], [ 127.132493979526558, 37.417237473385654 ], [ 127.132411638249081, 37.417243061000647 ], [ 127.132315743508542, 37.41724938339096 ], [ 127.132266581407237, 37.417249513512523 ], [ 127.132257228605042, 37.417249538502418 ], [ 127.132143474279744, 37.417249754270934 ], [ 127.13210946793788, 37.41724826033623 ], [ 127.132001466602773, 37.417243694051727 ], [ 127.131950857679456, 37.417242038422472 ], [ 127.131872794375766, 37.417239422051097 ], [ 127.131792915152062, 37.417232391350112 ], [ 127.13174297764688, 37.417227939856943 ], [ 127.13163801453706, 37.417215893184398 ], [ 127.131548153596995, 37.417205556523058 ], [ 127.131491356468274, 37.417199023904118 ], [ 127.131396242225037, 37.417188129927581 ], [ 127.131304139159312, 37.417177579675354 ], [ 127.131298148498416, 37.417176893073872 ], [ 127.131303121222913, 37.417045429603249 ], [ 127.131191676395673, 37.417042566254544 ], [ 127.131037417731847, 37.417038602916421 ], [ 127.130976262530311, 37.417037030232997 ], [ 127.130883896959276, 37.417034655201547 ], [ 127.130763818212273, 37.417031569795341 ], [ 127.130231134664712, 37.41701787876115 ], [ 127.130179675594221, 37.417016556829033 ], [ 127.13014293073573, 37.417015613515808 ], [ 127.129688051853137, 37.417030883912425 ], [ 127.129457765843185, 37.417024944298568 ], [ 127.129131454512063, 37.417016528023169 ], [ 127.129060606936861, 37.417071476170719 ], [ 127.129005591336778, 37.417070634718741 ], [ 127.128793060416911, 37.417060294032602 ], [ 127.128764620527875, 37.417058910356964 ], [ 127.128649606132257, 37.417055754878234 ], [ 127.128518347746223, 37.417052148937564 ], [ 127.128518180785932, 37.417020972578264 ], [ 127.128428930583993, 37.416947996257832 ], [ 127.128207512548869, 37.416942558006454 ], [ 127.128033089081299, 37.416938329930723 ], [ 127.127967753937284, 37.41693673352593 ], [ 127.12744066267723, 37.41692385424868 ], [ 127.127145073299431, 37.416916631683925 ], [ 127.126651560070201, 37.416904569573845 ], [ 127.126569419184236, 37.416902561476704 ], [ 127.12524807744721, 37.416870256574221 ], [ 127.124608219077373, 37.416854608600168 ], [ 127.124560778020339, 37.416853448411821 ], [ 127.124362079284438, 37.416848587087379 ], [ 127.124105301183832, 37.41684227524734 ], [ 127.124005322165928, 37.416837514442577 ], [ 127.123985211845749, 37.416835553089157 ], [ 127.123905786311113, 37.416827976778137 ], [ 127.123807258906837, 37.416813843427491 ], [ 127.123765905953121, 37.416805851848537 ], [ 127.123709852307726, 37.41679502281054 ], [ 127.123601363718663, 37.416767923763267 ], [ 127.12354880628925, 37.416752419535428 ], [ 127.123548405700575, 37.416752301081225 ], [ 127.123520103743829, 37.416743949861868 ], [ 127.123500549862896, 37.416736942502219 ], [ 127.123459566224653, 37.416750680520188 ], [ 127.123418467285319, 37.416762616309484 ], [ 127.123389331003196, 37.416767872251121 ], [ 127.123340204037049, 37.416775490995924 ], [ 127.123171352582531, 37.416793144445471 ], [ 127.123012662175668, 37.416807092957953 ], [ 127.122978209860733, 37.416808299999275 ], [ 127.122839259862531, 37.416805559190983 ], [ 127.122792773156661, 37.416803849696848 ], [ 127.122757578599419, 37.416800279726345 ], [ 127.122773107596316, 37.416836018288869 ], [ 127.122782784727562, 37.416858291476807 ], [ 127.122783150034394, 37.416859135427295 ], [ 127.122783690764408, 37.416860378344921 ], [ 127.122763436082479, 37.416861518853231 ], [ 127.122550554041595, 37.416873475740125 ], [ 127.122424895689846, 37.416880939874396 ], [ 127.122423095040617, 37.416881022458163 ], [ 127.122361799726434, 37.416884687263924 ], [ 127.122291305588391, 37.416888777842878 ], [ 127.122222190427124, 37.416893263982701 ], [ 127.122079280640989, 37.416900608623891 ], [ 127.121986540861926, 37.41675760205576 ], [ 127.121708977700791, 37.416753959629176 ], [ 127.121604012328405, 37.416727096269099 ], [ 127.121602567675097, 37.416726726588621 ], [ 127.120742455351447, 37.416506600484958 ], [ 127.120733334898958, 37.416504267313762 ], [ 127.120695612719672, 37.416494619668313 ], [ 127.120635887932238, 37.416479344436844 ], [ 127.12055202407258, 37.416457894805646 ], [ 127.120540606207513, 37.416451074415924 ], [ 127.120539925684966, 37.416450668416019 ], [ 127.120429253354203, 37.416384567804357 ], [ 127.120413457162428, 37.416375140992741 ], [ 127.12025867848655, 37.416284312713941 ], [ 127.119897609968291, 37.416072000057383 ], [ 127.119850324268995, 37.416043792744567 ], [ 127.11948851763384, 37.415827950285639 ], [ 127.119291842734171, 37.415712089024687 ], [ 127.119249676621266, 37.415687249266782 ], [ 127.11920569303453, 37.41566136165109 ], [ 127.119204664066416, 37.41566371272652 ], [ 127.119200158119114, 37.415675611677095 ], [ 127.119169998856691, 37.415831822747158 ], [ 127.119155369458369, 37.415907595619366 ], [ 127.119108643556046, 37.416070848916284 ], [ 127.118958958098446, 37.416599467810755 ], [ 127.119116197979778, 37.417036248594513 ], [ 127.119131151658209, 37.4170868494353 ], [ 127.119131281644997, 37.417087290626007 ], [ 127.119166972107578, 37.417208063536584 ], [ 127.119266738882501, 37.41754566552482 ], [ 127.119302621481452, 37.417664510064476 ], [ 127.119516949385911, 37.418203865640777 ], [ 127.119583263439679, 37.418406896290954 ], [ 127.119721486817099, 37.418815392944424 ], [ 127.119760514191242, 37.419029785852011 ], [ 127.119761402269461, 37.419602035758629 ], [ 127.119760192186163, 37.419924066548845 ], [ 127.119752048858857, 37.41991325181484 ], [ 127.119751545542826, 37.419931883392522 ], [ 127.119748214329391, 37.420055622267775 ], [ 127.119693728423826, 37.420341829627688 ], [ 127.119640213475577, 37.420485141713613 ], [ 127.119565218190417, 37.420685977010059 ], [ 127.119487830986643, 37.420835464119151 ], [ 127.119421689881293, 37.420963238136821 ], [ 127.119298007650784, 37.421158477609509 ], [ 127.119297901699369, 37.4211586449238 ], [ 127.119278385060781, 37.421189448704858 ], [ 127.119277524410236, 37.421190237338998 ], [ 127.119277237297467, 37.421190694312074 ], [ 127.119262905670311, 37.421203665791424 ], [ 127.119261047119977, 37.421205341768569 ], [ 127.119249876816625, 37.421215578745624 ], [ 127.119249471468166, 37.421215950608712 ], [ 127.119227838223154, 37.421235776046231 ], [ 127.119196950174199, 37.421264070718699 ], [ 127.119165499827062, 37.42129225811081 ], [ 127.119144628316349, 37.421305825046701 ], [ 127.119144509259201, 37.421305902181253 ], [ 127.119059523044101, 37.421361136733829 ], [ 127.119051560282031, 37.42136642557238 ], [ 127.119051106173671, 37.421366606186488 ], [ 127.11904876127781, 37.421368131866366 ], [ 127.119016967471794, 37.421380216877878 ], [ 127.119000408850553, 37.42138681835273 ], [ 127.118999957002231, 37.421386998973922 ], [ 127.118955876553031, 37.421404569789033 ], [ 127.118952042539448, 37.421404894544629 ], [ 127.118951651882881, 37.421405042913428 ], [ 127.118851091452925, 37.421414639251502 ], [ 127.118713698623196, 37.421387332566326 ], [ 127.118528961536498, 37.421339040415141 ], [ 127.118403717021991, 37.421305943388241 ], [ 127.11839651740442, 37.421304040784669 ], [ 127.118389327958411, 37.421302138213484 ], [ 127.117896101957498, 37.42125065220997 ], [ 127.117896065811408, 37.421250648487614 ], [ 127.117877480079343, 37.421248708148212 ], [ 127.117788804554365, 37.421244497804494 ], [ 127.117675791441513, 37.42125734199314 ], [ 127.117639702402812, 37.421268629449337 ], [ 127.117540467110913, 37.421299667223771 ], [ 127.117311885127108, 37.421371140117465 ], [ 127.117109101677116, 37.421458432304526 ], [ 127.117001744206831, 37.421893175642126 ], [ 127.116998776960529, 37.421905046128842 ], [ 127.116979100230751, 37.421986804538392 ], [ 127.11704209623386, 37.422069708724877 ], [ 127.117145420132587, 37.422205683844822 ], [ 127.117161250188559, 37.422226376558299 ], [ 127.117236960664783, 37.422326670543875 ], [ 127.117254517652313, 37.422497910783584 ], [ 127.117254534867712, 37.422498081198889 ], [ 127.117276235146392, 37.422709737996747 ], [ 127.11727567796855, 37.422709737995596 ], [ 127.117318719152962, 37.423185302092421 ], [ 127.117453423456439, 37.423894004574557 ], [ 127.117515358184605, 37.425448377354165 ], [ 127.11753006524215, 37.425848625421722 ], [ 127.117531344333528, 37.425849577804229 ], [ 127.117531566816254, 37.425855166133474 ], [ 127.117701588492821, 37.425981724403556 ], [ 127.117701706720197, 37.425981812219078 ], [ 127.117812531154115, 37.426064305455483 ], [ 127.117996219688408, 37.426204597532696 ], [ 127.117945764464054, 37.426498088162312 ], [ 127.11794363721728, 37.426511906540377 ], [ 127.117943598642242, 37.426512157898649 ], [ 127.117814839279006, 37.427348522779745 ], [ 127.117822078372214, 37.427505303871669 ], [ 127.117832674577159, 37.427735191708862 ], [ 127.117841780881207, 37.427847065241657 ], [ 127.117859880941495, 37.428069176845625 ], [ 127.117872445248821, 37.42813870966657 ], [ 127.11789487223399, 37.4282558325746 ], [ 127.117932245202894, 37.428410899279989 ], [ 127.117947278331485, 37.428453258285032 ], [ 127.117990980386594, 37.428579528550053 ], [ 127.11799125548157, 37.428580331660434 ], [ 127.118001681581148, 37.428614707638019 ], [ 127.118069421205064, 37.428765459300209 ], [ 127.118130710047851, 37.428901863670873 ], [ 127.118176352804753, 37.429005540923491 ], [ 127.118187969102195, 37.429031929160622 ], [ 127.118302442882253, 37.429243472338996 ], [ 127.118388634972348, 37.429402559786368 ], [ 127.118478322073855, 37.429564355353271 ], [ 127.118573367795179, 37.429729578931834 ], [ 127.118619844412166, 37.429818158004565 ], [ 127.118581283844037, 37.429859992461218 ], [ 127.118581239521234, 37.429860040090929 ], [ 127.118379382417615, 37.430079009707867 ], [ 127.118199913850447, 37.430656330439227 ], [ 127.118141807422106, 37.430820116731169 ], [ 127.118232139153832, 37.431169686529735 ], [ 127.118281173304027, 37.431371949590812 ], [ 127.118317190149028, 37.431520517334754 ], [ 127.118384123591653, 37.431898386609738 ], [ 127.118384170830851, 37.431898655371057 ], [ 127.118419670581346, 37.432099076419753 ], [ 127.118450646800582, 37.43231934908367 ], [ 127.118454129066393, 37.432344118301657 ], [ 127.118463190952369, 37.432344769498016 ], [ 127.118830383783703, 37.432371179923507 ], [ 127.119172073977992, 37.432396133357813 ], [ 127.119196167378604, 37.432398033552026 ], [ 127.119196486006018, 37.432398058014158 ], [ 127.119297881903236, 37.432406055295864 ], [ 127.119307551352037, 37.432406818351652 ], [ 127.119997833252526, 37.432464551344509 ], [ 127.120098940396275, 37.432472686723727 ], [ 127.120099636396432, 37.432472742141535 ], [ 127.120530323273954, 37.432507400585308 ], [ 127.120534069912367, 37.432507701953284 ], [ 127.120722331728984, 37.432522849801352 ], [ 127.121362209346174, 37.432578696878245 ], [ 127.121584706422198, 37.432597972228663 ], [ 127.121699961957631, 37.432607957881174 ], [ 127.123171268056154, 37.432745522362787 ], [ 127.123300344344528, 37.432758260037971 ], [ 127.123300882115288, 37.432758313129916 ], [ 127.123402075710786, 37.43276829647683 ], [ 127.123460447598902, 37.43277405651726 ], [ 127.12350937542584, 37.432778721027759 ], [ 127.123691825293704, 37.432796117995167 ], [ 127.124434626352269, 37.432864189493664 ], [ 127.12467618288845, 37.43288632375036 ], [ 127.124703393632927, 37.432888985366155 ], [ 127.124915233069387, 37.432909701566018 ], [ 127.12493820150813, 37.43291194765429 ], [ 127.125559259351391, 37.432972681567968 ], [ 127.125577569731988, 37.432974472906999 ], [ 127.12575824007763, 37.432992139573457 ], [ 127.125759682812628, 37.432992280248392 ], [ 127.126156329519532, 37.433031065801373 ], [ 127.12625736274876, 37.433040945244223 ], [ 127.126564752437091, 37.433096703942418 ], [ 127.126628040501473, 37.433108183634417 ], [ 127.126685965185089, 37.433118744982181 ], [ 127.126741360780485, 37.433128733155222 ], [ 127.126862753011125, 37.433150615939091 ], [ 127.127291208661617, 37.433226813986771 ], [ 127.127859352561345, 37.433327852281948 ], [ 127.127870094902491, 37.4333297582507 ], [ 127.127904564894379, 37.433335857281229 ], [ 127.127921818846175, 37.43333918808041 ], [ 127.12863639170844, 37.433477135854119 ], [ 127.128709930497777, 37.433491330020537 ], [ 127.128749577836246, 37.433498981906183 ], [ 127.128774904964416, 37.433503872972771 ], [ 127.128893718281134, 37.433526809191761 ], [ 127.128878939215653, 37.43355470982555 ], [ 127.128872886357158, 37.433566131934249 ], [ 127.128872614803228, 37.433566644863582 ], [ 127.128809821101768, 37.433685175488939 ], [ 127.128882634133461, 37.433700119914327 ], [ 127.129589804696678, 37.433845249661196 ], [ 127.130019718034987, 37.433933476607599 ], [ 127.13071996081473, 37.434077177180761 ], [ 127.131049412973738, 37.434144783991528 ], [ 127.131518444685852, 37.434241033516713 ], [ 127.131520466724936, 37.434241527462198 ], [ 127.131643136101772, 37.434271475697287 ], [ 127.132123263953773, 37.434376469160753 ], [ 127.132446346701713, 37.434447118723718 ], [ 127.132645477666543, 37.43449066468667 ], [ 127.132867785712264, 37.434538835132436 ], [ 127.132903319293192, 37.434546535944456 ], [ 127.132903361071712, 37.434546545087933 ], [ 127.133209049135061, 37.434612783115739 ], [ 127.133483236283311, 37.434672193940848 ], [ 127.133669733880453, 37.434712604596335 ], [ 127.133875605944809, 37.434757213168247 ], [ 127.13417681519563, 37.434822477564879 ], [ 127.134557351588654, 37.434904929559387 ], [ 127.134575724359024, 37.43490891003183 ], [ 127.134591932647595, 37.434912392562545 ], [ 127.134847882265277, 37.434967420864346 ], [ 127.135329912481026, 37.435072871392926 ], [ 127.135561204599824, 37.435120603891477 ], [ 127.135800803680382, 37.43517005070369 ], [ 127.135901326125733, 37.435190795385559 ], [ 127.136107443277552, 37.435246498516662 ], [ 127.136212746209864, 37.435274955365777 ], [ 127.1363984206818, 37.435329578324712 ], [ 127.136429828755567, 37.435341100723569 ], [ 127.136614492882444, 37.435408840603031 ], [ 127.136924751837839, 37.435522652973347 ], [ 127.137052044694173, 37.43556934737159 ], [ 127.137055677387607, 37.435570818748225 ], [ 127.137111860023467, 37.435593581425231 ], [ 127.137212102110837, 37.435634195773851 ], [ 127.137264916130334, 37.435655594178591 ], [ 127.137291049005356, 37.435666182563544 ], [ 127.137318084651156, 37.435677089192843 ], [ 127.137723149352624, 37.435883278967815 ], [ 127.137944992319461, 37.436005127384576 ], [ 127.138005577361383, 37.436039131508458 ], [ 127.138141343220028, 37.436115328240177 ], [ 127.138616695539653, 37.436382115697029 ], [ 127.138780439056816, 37.436473024686975 ], [ 127.139367867399116, 37.436799153550851 ], [ 127.139508952208985, 37.436877478652477 ], [ 127.13996517437657, 37.437130099467531 ], [ 127.140067158405401, 37.437186570021524 ], [ 127.140113462157743, 37.437212208110793 ], [ 127.140305280505444, 37.437318699544434 ], [ 127.140485032764033, 37.43741849283083 ], [ 127.140509996915412, 37.437432353434104 ], [ 127.14091996261017, 37.437659954711769 ], [ 127.140920557891434, 37.43766028371806 ], [ 127.140925132992606, 37.437662811541912 ], [ 127.140999718834863, 37.43770408475747 ], [ 127.141268782782532, 37.437850797658648 ], [ 127.14137891654218, 37.437911338068801 ], [ 127.141883442265595, 37.438188667591817 ], [ 127.141950689581947, 37.438225629246055 ], [ 127.141993096731511, 37.438248940972976 ], [ 127.142375074359236, 37.438458012159082 ], [ 127.142783913092686, 37.438681780830386 ], [ 127.142842938452219, 37.438712831171912 ], [ 127.142936326396196, 37.438761958640512 ], [ 127.143521615688584, 37.439085948436976 ], [ 127.144045324030827, 37.439375843005706 ], [ 127.144216166685226, 37.439469748464298 ], [ 127.144519243087103, 37.439636336017188 ], [ 127.144534634621522, 37.43964479570645 ], [ 127.144541080553623, 37.43964833855221 ], [ 127.144569621027941, 37.439664026215816 ], [ 127.144578376091317, 37.439668837923108 ], [ 127.144637523890779, 37.439575108196728 ], [ 127.144639659456644, 37.439571723658325 ], [ 127.144659974062208, 37.439539533665489 ], [ 127.144853797239648, 37.439643979419188 ], [ 127.145000162873032, 37.439722851036791 ], [ 127.145157302714239, 37.439807529003438 ], [ 127.145291332239509, 37.439879754369969 ], [ 127.145308641484064, 37.4398890976491 ], [ 127.145460506611087, 37.439971066085533 ], [ 127.145472316751963, 37.439977440854584 ], [ 127.145574487969938, 37.440032590304682 ], [ 127.145614235687788, 37.440054094519482 ], [ 127.145759516685331, 37.440132700544993 ], [ 127.145786820095424, 37.440142802014385 ], [ 127.145881845484482, 37.440177961705295 ], [ 127.145961069242318, 37.440206007238793 ], [ 127.146060402875946, 37.44024117428242 ], [ 127.14612519379142, 37.440264067513581 ], [ 127.146127055919038, 37.440264726582832 ], [ 127.146167466461023, 37.440279006302291 ], [ 127.146279557921062, 37.440318614551401 ], [ 127.146333142295333, 37.440337547757544 ], [ 127.146430963172861, 37.440372115058253 ], [ 127.146498101130675, 37.440395966953815 ], [ 127.14667019748893, 37.440457109567532 ], [ 127.146676237541143, 37.440459256662066 ], [ 127.146840965905753, 37.440520165179571 ], [ 127.146954979172762, 37.440562322199831 ], [ 127.147004953834923, 37.440580888277715 ], [ 127.147170071791592, 37.440642239171822 ], [ 127.147273214947546, 37.440680559649316 ], [ 127.147323450441149, 37.440699223719015 ], [ 127.147360382285626, 37.440712943715603 ], [ 127.147391425704953, 37.440724479237701 ], [ 127.147513552508116, 37.440770321293385 ], [ 127.14767985887751, 37.440832748552353 ], [ 127.147847375241042, 37.440895629867882 ], [ 127.147966130725251, 37.440940208505261 ], [ 127.148014377104417, 37.440958119120054 ], [ 127.148132180357422, 37.441001857380911 ], [ 127.148191895193165, 37.441024373818898 ], [ 127.148381330363463, 37.441095807829086 ], [ 127.148494419505298, 37.44113845276344 ], [ 127.148526308826163, 37.441150478144841 ], [ 127.148530805766143, 37.4411521734758 ], [ 127.148556786454321, 37.441161969313868 ], [ 127.148557993914196, 37.441162424491075 ], [ 127.148583223042408, 37.441171938663629 ], [ 127.148731711173625, 37.441220954044212 ], [ 127.148917238495386, 37.441282168453888 ], [ 127.148923791748345, 37.44128434940729 ], [ 127.148925287269023, 37.441284849603598 ], [ 127.148927483716776, 37.441285582632815 ], [ 127.14909406569187, 37.44134056609807 ], [ 127.149179255829679, 37.441368687579136 ], [ 127.14927253023869, 37.441399654279735 ], [ 127.149397738247586, 37.441441224722027 ], [ 127.149426651046824, 37.441450889353824 ], [ 127.149444110928854, 37.44145672433681 ], [ 127.149622391691651, 37.441516312607533 ], [ 127.14972638027281, 37.441551071231039 ], [ 127.149830485214679, 37.441585867064006 ], [ 127.150040468583015, 37.441656052301326 ], [ 127.150142236253828, 37.441690068464219 ], [ 127.150216023062811, 37.441714787019585 ], [ 127.150387327854332, 37.441772180285902 ], [ 127.150424466823196, 37.441784622694541 ], [ 127.150575391980652, 37.44183518611402 ], [ 127.150575749780458, 37.441835306152797 ], [ 127.150579529823602, 37.44183657293781 ], [ 127.150659107184808, 37.441863234565211 ], [ 127.150754415451232, 37.441895163363824 ], [ 127.15094156367995, 37.441957862140931 ], [ 127.150971423759401, 37.44196786720655 ], [ 127.151095259065812, 37.442024033107955 ], [ 127.151150465740216, 37.442049074806768 ], [ 127.151159277289182, 37.442053071353406 ], [ 127.151241067603863, 37.442090166181437 ], [ 127.15140508953985, 37.442164560678911 ], [ 127.15156214691028, 37.442235795843025 ], [ 127.151688692790259, 37.442293193174677 ], [ 127.151725112574113, 37.442309928088513 ], [ 127.151866055069448, 37.442374695797668 ], [ 127.152049105481325, 37.442458814453786 ], [ 127.152162919117174, 37.442510931419889 ], [ 127.152178907481087, 37.442518252536033 ], [ 127.152286281029617, 37.442567423679286 ], [ 127.152316238530304, 37.442581141439064 ], [ 127.152481533321279, 37.442657723108766 ], [ 127.152484397132937, 37.44265912324591 ], [ 127.152538026658462, 37.442685372002842 ], [ 127.152697506675196, 37.4427634289464 ], [ 127.152715638138275, 37.442772303941283 ], [ 127.152818726456246, 37.44282276088466 ], [ 127.152851823586346, 37.442838907912062 ], [ 127.152869460051917, 37.442847512820833 ], [ 127.153014747860425, 37.442918400511999 ], [ 127.153071428093355, 37.442946055107647 ], [ 127.153170604455767, 37.442995004886448 ], [ 127.153272677431161, 37.443045385442822 ], [ 127.153326195929779, 37.443071560504777 ], [ 127.153331329185164, 37.44307407145741 ], [ 127.153353920703154, 37.443085121824808 ], [ 127.153417931371735, 37.443116428475399 ], [ 127.153476638505396, 37.443145141621308 ], [ 127.153515313408761, 37.443164057602644 ], [ 127.153602225989403, 37.443206565924292 ], [ 127.153708069595865, 37.443258445318364 ], [ 127.153899209478936, 37.443352137536102 ], [ 127.154048075043306, 37.443421783328631 ], [ 127.154169130773468, 37.443479886633604 ], [ 127.15432244977724, 37.443553480496419 ], [ 127.154327840499704, 37.44355606787385 ], [ 127.154332385308919, 37.443558230034121 ], [ 127.154507061292662, 37.44364130454111 ], [ 127.154507647865259, 37.443641583877977 ], [ 127.154605288848487, 37.443688022151633 ], [ 127.154662530684391, 37.443715247670291 ], [ 127.154775579685406, 37.443769741305111 ], [ 127.154790056408189, 37.443776720539553 ], [ 127.154927280256302, 37.443842266938574 ], [ 127.155051295175852, 37.443901503790549 ], [ 127.155056603659119, 37.443904039516561 ], [ 127.155101107629406, 37.44392529662575 ], [ 127.155273290718441, 37.444007541575232 ], [ 127.155367370537064, 37.444052480668255 ], [ 127.155437284144142, 37.44408648591542 ], [ 127.155599673539683, 37.444165472225066 ], [ 127.155639260264422, 37.444184727280025 ], [ 127.155708664262491, 37.444218238733121 ], [ 127.155710790556753, 37.444219265278811 ], [ 127.1557514608768, 37.444238901127008 ], [ 127.155870494012945, 37.444296372145715 ], [ 127.155894275840865, 37.44430785544639 ], [ 127.156056538209626, 37.44438615301155 ], [ 127.156059477810444, 37.444387572211305 ], [ 127.156071790885491, 37.444395066885974 ], [ 127.156205650920725, 37.444476544557105 ], [ 127.15642979526875, 37.444613041935689 ], [ 127.156459712101892, 37.444637976086042 ], [ 127.156603065143386, 37.444757461961721 ], [ 127.156893033860882, 37.444994758897678 ], [ 127.156906586706171, 37.445005848145406 ], [ 127.156874200018962, 37.445037963712089 ], [ 127.156873979701601, 37.445038182105584 ], [ 127.156819259090327, 37.44509244800151 ], [ 127.156779681555179, 37.445132138513884 ], [ 127.156778714011381, 37.445133089354556 ], [ 127.156788685444539, 37.445142186100838 ], [ 127.156855611287838, 37.445203245488308 ], [ 127.156887174963444, 37.445244671283177 ], [ 127.157053514485995, 37.445462971204016 ], [ 127.157192489788471, 37.445656674235281 ], [ 127.157249234326059, 37.445759988968682 ], [ 127.157338826208431, 37.445923107507781 ], [ 127.157423950268182, 37.446118535276263 ], [ 127.157426235176075, 37.446123719372174 ], [ 127.157456159171616, 37.446191919979853 ], [ 127.15749038874192, 37.44626994177208 ], [ 127.157490987360717, 37.446271305477886 ], [ 127.157633694607, 37.44659656391007 ], [ 127.157668746893364, 37.446676968549014 ], [ 127.157701295304037, 37.446751622391623 ], [ 127.157766912532281, 37.446902134884141 ], [ 127.157848646047796, 37.447089614130896 ], [ 127.157881346973014, 37.447164618092728 ], [ 127.157956679879888, 37.447339681280006 ], [ 127.158003739743606, 37.447449047342246 ], [ 127.158034224042254, 37.447519563229747 ], [ 127.15809203009745, 37.447652269786346 ], [ 127.158319608821898, 37.448174715941427 ], [ 127.158376979537252, 37.44830641515815 ], [ 127.158477516092077, 37.448537208648311 ], [ 127.158529893745907, 37.448657191766124 ], [ 127.158553377677109, 37.448710979481625 ], [ 127.158607861636938, 37.448835731487605 ], [ 127.158620090420797, 37.448863732725002 ], [ 127.158751633566396, 37.4491649214985 ], [ 127.158839461417514, 37.449365312597116 ], [ 127.15884433909882, 37.449376436966197 ], [ 127.158901287745294, 37.449506376113881 ], [ 127.158963721012185, 37.449648776276007 ], [ 127.159058118372101, 37.449863937077048 ], [ 127.159089182898072, 37.449934582336091 ], [ 127.159150747014863, 37.450074585844483 ], [ 127.159170028597515, 37.450118337169769 ], [ 127.159257169845375, 37.450316048881035 ], [ 127.159341296020301, 37.45050732776744 ], [ 127.159344880367243, 37.450515477470475 ], [ 127.159442607043914, 37.450738164959596 ], [ 127.159472520424416, 37.450806017953056 ], [ 127.159479062641253, 37.450820860734055 ], [ 127.159488224665765, 37.450841645682949 ], [ 127.159573256034591, 37.451034522422553 ], [ 127.159610649726645, 37.451119345383994 ], [ 127.159652698564102, 37.451215071188869 ], [ 127.159654905359687, 37.451220095470461 ], [ 127.159693922740601, 37.451308922457528 ], [ 127.159702938701557, 37.451329780880073 ], [ 127.159759011588662, 37.451459517853166 ], [ 127.159760636215765, 37.45146327583462 ], [ 127.159833762292322, 37.451632473359858 ], [ 127.159872044078213, 37.451721047584726 ], [ 127.159888991971513, 37.451756514786496 ], [ 127.159907843637242, 37.451800017768193 ], [ 127.159913357709854, 37.45181274204932 ], [ 127.159914325576935, 37.45181497662626 ], [ 127.15999496783185, 37.452001100862745 ], [ 127.160043526165538, 37.452113168149495 ], [ 127.160070571393831, 37.452175461191054 ], [ 127.160147422814646, 37.452352475082158 ], [ 127.160150493250512, 37.452359547946564 ], [ 127.160155168279445, 37.452370317435687 ], [ 127.160182192434078, 37.452432560813449 ], [ 127.160225547617827, 37.452532252573896 ], [ 127.160304315663552, 37.452713381208675 ], [ 127.160308057581091, 37.452721985623121 ], [ 127.160381649552789, 37.452891205750397 ], [ 127.160392704128299, 37.452916630904483 ], [ 127.16046356951081, 37.453081570648528 ], [ 127.16046604108395, 37.453087323079643 ], [ 127.160544908926184, 37.453270891833832 ], [ 127.160548118911095, 37.453278375210992 ], [ 127.160584605628145, 37.453363479163002 ], [ 127.160625846204795, 37.453459469975904 ], [ 127.160628880590878, 37.453466533709573 ], [ 127.160647629585114, 37.453510176881231 ], [ 127.160710371811206, 37.453656222063699 ], [ 127.160720365652566, 37.453679485358848 ], [ 127.160791066296369, 37.453843414881362 ], [ 127.160836714255638, 37.453949262121064 ], [ 127.160900959721232, 37.454100093272437 ], [ 127.160918665420866, 37.45414073454711 ], [ 127.160920067595413, 37.454143953755313 ], [ 127.160922572054929, 37.454149699960709 ], [ 127.160922858051705, 37.454150464241309 ], [ 127.160922495376767, 37.454150656093823 ], [ 127.160931475959742, 37.454175493858934 ], [ 127.160932837972851, 37.454177090486574 ], [ 127.161048623576875, 37.454312896659125 ], [ 127.161152398850717, 37.454434618634465 ], [ 127.161237490802392, 37.45453442514782 ], [ 127.161416511146086, 37.454744400208327 ], [ 127.161416869929013, 37.454744821274389 ], [ 127.161491569065021, 37.454832437450442 ], [ 127.161598460138364, 37.454957808582051 ], [ 127.16179401936148, 37.455187180113377 ], [ 127.161795339792121, 37.455188728839296 ], [ 127.16202646997543, 37.455459818894894 ], [ 127.162074482745268, 37.455516132235211 ], [ 127.162339302225661, 37.455826731269696 ], [ 127.162618980791493, 37.456154756828916 ], [ 127.162877852514384, 37.456458370969436 ], [ 127.16339472486122, 37.457064575585562 ], [ 127.1634160181532, 37.457089549174746 ], [ 127.163600323670863, 37.457305704883979 ], [ 127.163878648846207, 37.457632126323837 ], [ 127.164208362326733, 37.458018812633327 ], [ 127.164242108974079, 37.458058389381378 ], [ 127.165010988002891, 37.458960100643324 ], [ 127.165012720254978, 37.458962132732303 ], [ 127.165763624360636, 37.459842739278827 ], [ 127.165767461282144, 37.459847238947319 ], [ 127.166310498898014, 37.460484058251978 ], [ 127.166314601356305, 37.460488869624335 ], [ 127.166348090348322, 37.460528145777005 ], [ 127.166915283611985, 37.460954486961171 ], [ 127.166923428414734, 37.460960611282118 ], [ 127.167165804537049, 37.461142793763777 ], [ 127.167165857506234, 37.46114283357317 ], [ 127.167299108913326, 37.461242993007041 ], [ 127.167537412705173, 37.461422113926396 ], [ 127.167931311576766, 37.461718188897599 ], [ 127.167953928640159, 37.461735186460615 ], [ 127.168562381707346, 37.46219251920315 ], [ 127.168689819072029, 37.462288304437884 ], [ 127.169204240025579, 37.462674951675659 ], [ 127.169222295351886, 37.46268852364382 ], [ 127.169570887398407, 37.462950527060535 ], [ 127.169772477827081, 37.463102041833302 ], [ 127.169781157330647, 37.463108565854959 ], [ 127.170034244315843, 37.463298784607943 ], [ 127.17033687989769, 37.463526241372151 ], [ 127.170516196704369, 37.463661011105174 ], [ 127.170584267210586, 37.463771073168928 ], [ 127.170585238461726, 37.463772643355831 ], [ 127.170666716959175, 37.46390438369702 ], [ 127.170687799764721, 37.463929868247668 ], [ 127.170876660368421, 37.464146558737674 ], [ 127.170882858793888, 37.464153669769196 ], [ 127.171155868365005, 37.464286967900513 ], [ 127.171257275988467, 37.464277842472995 ], [ 127.171258414030504, 37.464277739277499 ], [ 127.171308119492082, 37.464269523662978 ], [ 127.171337170695224, 37.464262620664272 ], [ 127.171349213849595, 37.464259760766744 ], [ 127.171349768521296, 37.464259628906845 ], [ 127.17136293801147, 37.464256498124421 ], [ 127.171369055238316, 37.464255045906278 ], [ 127.171417647456266, 37.464237901801319 ], [ 127.171431851628839, 37.464232444752618 ], [ 127.171465508930396, 37.464219516263327 ], [ 127.171477554274034, 37.464213310479771 ], [ 127.171534051097453, 37.464184199202585 ], [ 127.171589135367313, 37.464150724054214 ], [ 127.171591430224169, 37.464149327001479 ], [ 127.17160211989281, 37.4641485094225 ], [ 127.171824995329487, 37.464175218690364 ], [ 127.17190467412594, 37.464207026589797 ], [ 127.172025890425871, 37.464259381041408 ], [ 127.17213810840056, 37.464322765684898 ], [ 127.172210969547734, 37.464555641602651 ], [ 127.172250781620932, 37.464616077899969 ], [ 127.172282526304855, 37.46470299564119 ], [ 127.172294742359597, 37.464736441435242 ], [ 127.172362015150767, 37.464818930101238 ], [ 127.172441398603539, 37.464896870644147 ], [ 127.172543122083383, 37.465002158356555 ], [ 127.172743693701605, 37.46511660275214 ], [ 127.172947386001908, 37.465197786846716 ], [ 127.172949498095662, 37.465198629161875 ], [ 127.173005847378008, 37.46522109035871 ], [ 127.173356375760065, 37.465429478133913 ], [ 127.173551794361259, 37.465568102334011 ], [ 127.173673891296531, 37.465669682135058 ], [ 127.173671005117953, 37.465686924547136 ], [ 127.173784314125371, 37.465776934340596 ], [ 127.173787825641753, 37.465779729261719 ], [ 127.173876029175972, 37.465850001807446 ], [ 127.173933638510462, 37.465925685512467 ], [ 127.173941176121502, 37.465973191281037 ], [ 127.173987147638769, 37.466022967274078 ], [ 127.174005702442301, 37.466044296156909 ], [ 127.174095538316578, 37.466150771078233 ], [ 127.174115790310452, 37.466274282800391 ], [ 127.174106476391401, 37.466288693424033 ], [ 127.174077063439256, 37.466334259381199 ], [ 127.174059298374544, 37.466361783228372 ], [ 127.174114628857254, 37.466464742258502 ], [ 127.174189410419743, 37.466728887933826 ], [ 127.17422659849187, 37.466786929491491 ], [ 127.174239719368387, 37.46680237454801 ], [ 127.174239896009169, 37.466802582349573 ], [ 127.17434413975073, 37.46692529707429 ], [ 127.174400683955739, 37.467009070987324 ], [ 127.174464032020452, 37.467097672413949 ], [ 127.174624090304661, 37.467267979626556 ], [ 127.174689228389539, 37.46732383646016 ], [ 127.174700352512744, 37.467334550997194 ], [ 127.174720049588245, 37.467356758136802 ], [ 127.174769665908514, 37.467421450670884 ], [ 127.174811056364504, 37.467463457455267 ], [ 127.174822015354962, 37.467480453158664 ], [ 127.17489730803257, 37.467576974185299 ], [ 127.175023989353434, 37.467791300151497 ], [ 127.175006919373786, 37.467893363753298 ], [ 127.174979162441204, 37.467891268346477 ], [ 127.175111247549964, 37.468051034860622 ], [ 127.175125401240138, 37.468080867583822 ], [ 127.175180056610003, 37.468134268838803 ], [ 127.175328611158903, 37.468313957336683 ], [ 127.175313056163048, 37.468514487839791 ], [ 127.175340281103203, 37.468576370326645 ], [ 127.17534060474776, 37.468577104929167 ], [ 127.175445298766377, 37.468815065153819 ], [ 127.175503181315307, 37.468981477775003 ], [ 127.175503538753659, 37.468982505414282 ], [ 127.175554232517911, 37.469128256946689 ], [ 127.175554357620484, 37.469128616935841 ], [ 127.175635163800564, 37.469360939127441 ], [ 127.175665958817504, 37.469388692034997 ], [ 127.175863432975504, 37.46956665276798 ], [ 127.175877900143988, 37.469584781996986 ], [ 127.175908060521962, 37.469622579742513 ], [ 127.175926410530991, 37.469645573478971 ], [ 127.175926580374494, 37.469645786667542 ], [ 127.175982911578359, 37.469716383017747 ], [ 127.176094465264157, 37.469856180885131 ], [ 127.176116730333561, 37.469848028654035 ], [ 127.176117244567976, 37.469847840776382 ], [ 127.176124208909613, 37.469964406682152 ], [ 127.176118227507544, 37.470030485762273 ], [ 127.176115947545824, 37.470055667325695 ], [ 127.176173024064752, 37.470091496275614 ], [ 127.176173529337945, 37.470091813138914 ], [ 127.176191655971422, 37.470103191199485 ], [ 127.176226223721329, 37.470131307633032 ], [ 127.176267279814596, 37.470159598670563 ], [ 127.176272620893684, 37.470164087691344 ], [ 127.176320866507496, 37.470204615541135 ], [ 127.176362951259776, 37.470243522063264 ], [ 127.176388400770449, 37.470303631849134 ], [ 127.176405788169248, 37.470347473304422 ], [ 127.176413917996086, 37.47039316605283 ], [ 127.176414428108842, 37.470396033798174 ], [ 127.176417826708487, 37.470415126856153 ], [ 127.176396999147315, 37.4705029648607 ], [ 127.176382439105083, 37.470507620208572 ], [ 127.176380341467109, 37.470508103004825 ], [ 127.176375777051845, 37.470508389757981 ], [ 127.176375597443908, 37.470511489969951 ], [ 127.176323166283595, 37.470624884401353 ], [ 127.176343386785007, 37.470749735904754 ], [ 127.176837757531445, 37.471414886530034 ], [ 127.176902513688219, 37.471521540326705 ], [ 127.176902682128443, 37.471521818408419 ], [ 127.176918703321448, 37.471548203771754 ], [ 127.176929964720188, 37.471602653709077 ], [ 127.176883508091876, 37.471559768523669 ], [ 127.176883326734483, 37.471559601274805 ], [ 127.176861437764401, 37.471539397661658 ], [ 127.176733838969085, 37.471446157344154 ], [ 127.176677460600089, 37.471474266364645 ], [ 127.176620732105931, 37.471516697125573 ], [ 127.176572504922405, 37.471520478867639 ], [ 127.176546907702345, 37.47150003069077 ], [ 127.176584189103593, 37.471373852985117 ], [ 127.176484314777682, 37.471320074421428 ], [ 127.176511550692183, 37.471259153462206 ], [ 127.176469568943148, 37.471201709760443 ], [ 127.17632155974502, 37.471148525757265 ], [ 127.176274020138479, 37.471234702345363 ], [ 127.176086034862394, 37.471331602450093 ], [ 127.176002410547753, 37.471338978922489 ], [ 127.175940958784352, 37.471608072242056 ], [ 127.175704379473473, 37.471724206129601 ], [ 127.175626912801647, 37.471904504897196 ], [ 127.17562462570541, 37.471909825698773 ], [ 127.175625445331775, 37.471950194776369 ], [ 127.175625668905369, 37.471961266883078 ], [ 127.17597168431314, 37.47208075954785 ], [ 127.176029036146346, 37.472127030750009 ], [ 127.176029263800501, 37.472127214351715 ], [ 127.176246870952497, 37.472302783264766 ], [ 127.176315194694638, 37.472365473045613 ], [ 127.176419292698426, 37.472468943061543 ], [ 127.176504636355091, 37.472554402803404 ], [ 127.176775823522064, 37.472726884206566 ], [ 127.176917366808894, 37.472827191451813 ], [ 127.177279128866203, 37.472831158163359 ], [ 127.177354588728221, 37.472923119796874 ], [ 127.177481597820844, 37.473077506557999 ], [ 127.177524648854131, 37.473132349655664 ], [ 127.177548235091749, 37.47316750784708 ], [ 127.17766507063692, 37.473278272928653 ], [ 127.177726817434689, 37.473321546527167 ], [ 127.177900808081773, 37.473248071891739 ], [ 127.178045157798337, 37.473185622883797 ], [ 127.178201107826467, 37.47310458935744 ], [ 127.178353451636781, 37.473214733872148 ], [ 127.178362335812082, 37.473233586711615 ], [ 127.178445713875846, 37.473278323144392 ], [ 127.178540784000901, 37.473329330589884 ], [ 127.178725866571284, 37.47331441157678 ], [ 127.178871924368877, 37.473304615953047 ], [ 127.178899862369647, 37.473321188697028 ], [ 127.178942157655456, 37.473351254250254 ], [ 127.178942491889927, 37.473352170045914 ], [ 127.178942584673649, 37.473352423582163 ], [ 127.178958327269086, 37.473395814899071 ], [ 127.178931535136186, 37.473639599735499 ], [ 127.178656309717198, 37.474378825139844 ], [ 127.178656369244564, 37.474379185848491 ], [ 127.17870741764979, 37.474602609462224 ], [ 127.178707432081993, 37.47460267259715 ], [ 127.17875425472937, 37.474807516536046 ], [ 127.178754343565814, 37.474807899858412 ], [ 127.178760165806139, 37.474807891350622 ], [ 127.178786325912313, 37.474809265845778 ] ] ] ] } },
{ "type": "Feature", "properties": { "fid": 13, "BASE_DATE": "20240630", "SIGUNGU_CD": "31023", "SIGUNGU_NM": "성남시 분당구" }, "geometry": { "type": "MultiPolygon", "coordinates": [ [ [ [ 127.133295784438474, 37.417036918650261 ], [ 127.133430754317047, 37.417022893600659 ], [ 127.133497728439153, 37.417015880335818 ], [ 127.133698758297996, 37.416990157104507 ], [ 127.133784980585546, 37.416977010871086 ], [ 127.133871519519076, 37.416963813275601 ], [ 127.133896671446408, 37.416959977398967 ], [ 127.133898763660923, 37.416959660284562 ], [ 127.133900508898378, 37.416959351109334 ], [ 127.133904598835258, 37.416958627351597 ], [ 127.133924243194343, 37.416955152089812 ], [ 127.133933832373714, 37.416953455650152 ], [ 127.133955788630558, 37.416949571106635 ], [ 127.134097634435136, 37.416924479677569 ], [ 127.13429513736466, 37.416884702000978 ], [ 127.134354585764484, 37.416871230057268 ], [ 127.134490935622679, 37.416840332529681 ], [ 127.134551797945505, 37.416824948535712 ], [ 127.134679815622746, 37.416792627001115 ], [ 127.134684992133344, 37.416791319779136 ], [ 127.134685147145944, 37.41679128059765 ], [ 127.134742277056347, 37.416775358569119 ], [ 127.13470430098215, 37.416825030459208 ], [ 127.134696635477923, 37.416835056198138 ], [ 127.134696903865375, 37.416836570435336 ], [ 127.134706447506417, 37.416890546289451 ], [ 127.134716757920515, 37.416887632455001 ], [ 127.13473689555677, 37.416881936693869 ], [ 127.134746754451712, 37.416879148555559 ], [ 127.134795286931251, 37.41688295806933 ], [ 127.134989137118438, 37.416828239382696 ], [ 127.134984433164846, 37.416818333174866 ], [ 127.135022144705559, 37.416807299601025 ], [ 127.135098207886742, 37.416764864228952 ], [ 127.135203097370692, 37.416754565231308 ], [ 127.135232836266198, 37.416751646401146 ], [ 127.135323052950724, 37.416728929756722 ], [ 127.135324246653909, 37.416728628774273 ], [ 127.13548022461184, 37.416689286178467 ], [ 127.135583029142268, 37.416663548881523 ], [ 127.135786647307611, 37.416599829922177 ], [ 127.13581935941238, 37.416591302737238 ], [ 127.135821951715414, 37.416590626579342 ], [ 127.135827468980892, 37.416589188756213 ], [ 127.135851571373024, 37.416582907406124 ], [ 127.135871785691492, 37.416578378065992 ], [ 127.13613217985413, 37.416460500306307 ], [ 127.136169192264632, 37.416439735676832 ], [ 127.136332876802626, 37.41631475893562 ], [ 127.136299224222313, 37.416255600948759 ], [ 127.136416857156391, 37.416214830344202 ], [ 127.136528616632276, 37.416173888330803 ], [ 127.136637996234171, 37.416129163038015 ], [ 127.136706849276152, 37.416097909450926 ], [ 127.136743106660873, 37.41608154823912 ], [ 127.13674488475948, 37.41608074607084 ], [ 127.136843751635794, 37.416031437243362 ], [ 127.136829050287886, 37.416085065342344 ], [ 127.136833063225581, 37.416181018191089 ], [ 127.136877815455776, 37.41619367845459 ], [ 127.13694607629381, 37.416212994537261 ], [ 127.136947679948776, 37.416213448346539 ], [ 127.137127369562833, 37.416264294925313 ], [ 127.137115899869116, 37.416290161623124 ], [ 127.137113979301958, 37.416294493142956 ], [ 127.137365763150981, 37.416307547857066 ], [ 127.137385880251585, 37.416293849175823 ], [ 127.137430309455198, 37.416263605507737 ], [ 127.137545725883413, 37.416185042254135 ], [ 127.137547229300239, 37.416184019296189 ], [ 127.137691768220861, 37.416085628403231 ], [ 127.137712786524418, 37.416071325802186 ], [ 127.137800338034268, 37.416011769822987 ], [ 127.137875695355177, 37.416008888223182 ], [ 127.13787637578676, 37.416008862364748 ], [ 127.138417105719654, 37.415988189452769 ], [ 127.138433251324528, 37.416050448113637 ], [ 127.138487738377037, 37.416070840689009 ], [ 127.138542773823275, 37.4160664849677 ], [ 127.138612912542399, 37.416031836016231 ], [ 127.138622022778321, 37.416007940476248 ], [ 127.138628823561689, 37.415958552405662 ], [ 127.138604276141209, 37.41591995531531 ], [ 127.138605192247397, 37.415887814189304 ], [ 127.138628921194737, 37.415863435129225 ], [ 127.138629554903289, 37.41586278447091 ], [ 127.138658680602049, 37.415832858615396 ], [ 127.138680219914903, 37.415810730796167 ], [ 127.138680570501108, 37.415812087535343 ], [ 127.138883893067685, 37.415603194098139 ], [ 127.138949418927368, 37.415582998820625 ], [ 127.139098200421586, 37.415537151275231 ], [ 127.139220530620008, 37.415499456883929 ], [ 127.139256329925189, 37.415503975651646 ], [ 127.139257064028072, 37.415504068029151 ], [ 127.139540866690581, 37.415539888987361 ], [ 127.139605019324591, 37.415547986921652 ], [ 127.139602149915916, 37.41556099132351 ], [ 127.139622997736708, 37.4155963157583 ], [ 127.139663743526285, 37.415630301904429 ], [ 127.139709093893387, 37.415633017150455 ], [ 127.139736335136902, 37.415619392958277 ], [ 127.139774463366265, 37.415589984606434 ], [ 127.139785759377048, 37.415567607239765 ], [ 127.139795058289295, 37.415539619939523 ], [ 127.140076368229685, 37.415461178243881 ], [ 127.140082778631182, 37.415459390502988 ], [ 127.140083894214001, 37.415459111768861 ], [ 127.140148752936099, 37.41544103202515 ], [ 127.140237849725821, 37.415456424650266 ], [ 127.140449672011641, 37.415492419167862 ], [ 127.14045108797059, 37.415492659634381 ], [ 127.140475337663361, 37.415496781455936 ], [ 127.140860894944069, 37.415562383602548 ], [ 127.141095907072554, 37.415602370189987 ], [ 127.141141432393596, 37.415610110582811 ], [ 127.141183253151752, 37.415605573804967 ], [ 127.141412263400269, 37.415580927388625 ], [ 127.141412841163785, 37.415580865143419 ], [ 127.141460768366088, 37.415575707713906 ], [ 127.14146285555276, 37.415575482390338 ], [ 127.141551197236353, 37.415556390540083 ], [ 127.141662492782018, 37.415532338527001 ], [ 127.141736241528974, 37.41553037710392 ], [ 127.141810576951229, 37.415528379554544 ], [ 127.141957487222712, 37.415500625951189 ], [ 127.141958890157682, 37.415500042503517 ], [ 127.142079263260143, 37.415449885827208 ], [ 127.142308435613856, 37.415354396400524 ], [ 127.142389282764555, 37.415319738838278 ], [ 127.142609119256164, 37.415225590674964 ], [ 127.142635147937156, 37.415214441829448 ], [ 127.142636434979195, 37.415214225784339 ], [ 127.142637746266743, 37.415213663684561 ], [ 127.142655019706254, 37.415210730542547 ], [ 127.143053679167693, 37.415143040061309 ], [ 127.143266524358737, 37.41510689918497 ], [ 127.143352919586832, 37.415092225862772 ], [ 127.14336825786873, 37.415089622090051 ], [ 127.143367469968183, 37.415074181862934 ], [ 127.143367457595701, 37.415073931243363 ], [ 127.143358991453852, 37.414907987795246 ], [ 127.143323169115419, 37.414796327350324 ], [ 127.143301721176968, 37.41472947705693 ], [ 127.143299118185368, 37.414709796691959 ], [ 127.143282698906845, 37.414585788244366 ], [ 127.143307324248525, 37.414466104041381 ], [ 127.14332110607576, 37.414465457871984 ], [ 127.143343696617649, 37.414464348828297 ], [ 127.143529508204765, 37.414455287050288 ], [ 127.143597018631212, 37.414451988744695 ], [ 127.143614434544986, 37.414451138969071 ], [ 127.143685341640449, 37.41444765885926 ], [ 127.143685454674227, 37.414447652890296 ], [ 127.143803966231502, 37.414441833785773 ], [ 127.143804416102185, 37.414441810804071 ], [ 127.143824115506177, 37.414435545204448 ], [ 127.143959213548044, 37.414392573456027 ], [ 127.143985040209472, 37.414384370297746 ], [ 127.144215315251031, 37.414311148038145 ], [ 127.14421707286715, 37.414310589066574 ], [ 127.144271446892205, 37.414293300258862 ], [ 127.144271083433907, 37.414293211731859 ], [ 127.144386854585321, 37.414256503583935 ], [ 127.144387969358306, 37.414256149992511 ], [ 127.144402923151219, 37.414251408668989 ], [ 127.144503373407503, 37.41421938293778 ], [ 127.144509941331464, 37.414211478697538 ], [ 127.144524279593512, 37.414194226222662 ], [ 127.144562284424254, 37.414148532599711 ], [ 127.14456255378002, 37.414148208013088 ], [ 127.144612951039335, 37.414087611335397 ], [ 127.144624477333522, 37.414076175081796 ], [ 127.144666973693447, 37.414025041604916 ], [ 127.144680777702931, 37.414008436494811 ], [ 127.144771684392083, 37.413899093429499 ], [ 127.144802388127317, 37.41386216259226 ], [ 127.144802757494048, 37.413861717521215 ], [ 127.144828676526942, 37.413830542906098 ], [ 127.14483478635897, 37.413823192518123 ], [ 127.144851268417597, 37.413812110046479 ], [ 127.144875736975052, 37.413795661338263 ], [ 127.144906083878212, 37.413775172289292 ], [ 127.14492907426343, 37.413759691714091 ], [ 127.144948500474428, 37.413746606201258 ], [ 127.144948951668042, 37.413746301990095 ], [ 127.144963386420784, 37.413736578036378 ], [ 127.145369768352253, 37.413462866525833 ], [ 127.145467214827505, 37.413397232191976 ], [ 127.145541448802575, 37.413347231045023 ], [ 127.145587368004968, 37.413317711655672 ], [ 127.145593098872126, 37.413314019675568 ], [ 127.145603074610563, 37.413307593928948 ], [ 127.145898842361248, 37.413117088414147 ], [ 127.146146082655349, 37.412957836330492 ], [ 127.14617801807691, 37.412937266975774 ], [ 127.14655458728096, 37.412694710997087 ], [ 127.146592122903371, 37.412670532938847 ], [ 127.146601486405714, 37.41266450098064 ], [ 127.146829456178821, 37.412517652263396 ], [ 127.146865039815353, 37.412494732014814 ], [ 127.146865132759658, 37.412494671900312 ], [ 127.147046999580837, 37.412377521474959 ], [ 127.147432698538992, 37.412101633614284 ], [ 127.148225902362654, 37.41153425033017 ], [ 127.149060285848378, 37.410937389914288 ], [ 127.149255166276717, 37.410797984550285 ], [ 127.149599436248494, 37.410746404687366 ], [ 127.150092341743331, 37.41084972087517 ], [ 127.150093816087377, 37.410850029903642 ], [ 127.150285175991073, 37.410744806109982 ], [ 127.150285516996149, 37.410744617829707 ], [ 127.150362851793901, 37.410702093395905 ], [ 127.150962409784611, 37.410673887875738 ], [ 127.150963219040648, 37.410673849702924 ], [ 127.150967316178367, 37.410673657186074 ], [ 127.150967800140606, 37.410673344034613 ], [ 127.150970217738816, 37.410673229486001 ], [ 127.150973530661361, 37.410671087681813 ], [ 127.150973986286203, 37.410670793375573 ], [ 127.151487014316274, 37.41033937545771 ], [ 127.15148812503115, 37.410338658532417 ], [ 127.151896707488717, 37.410410580578194 ], [ 127.152075736990255, 37.410506614651617 ], [ 127.152076239719364, 37.410506884741061 ], [ 127.152462287500157, 37.41071396203504 ], [ 127.152546893369944, 37.410759344401285 ], [ 127.152825621835419, 37.410849843796974 ], [ 127.152826073160043, 37.41084999024379 ], [ 127.153068738479121, 37.410800778059212 ], [ 127.153533160612369, 37.410706593190284 ], [ 127.153832081376748, 37.410645969707687 ], [ 127.153840126091609, 37.410644440190957 ], [ 127.154001026074639, 37.410613827223486 ], [ 127.154001239827863, 37.41061378728709 ], [ 127.154535247223748, 37.410512189072634 ], [ 127.154537774962336, 37.410511710616895 ], [ 127.154542868937313, 37.410514427826506 ], [ 127.154543348012027, 37.410514683414348 ], [ 127.155283846930374, 37.410909748260359 ], [ 127.155284056595789, 37.410909860642313 ], [ 127.155636939715592, 37.41109812462178 ], [ 127.155637906895066, 37.411098641223198 ], [ 127.156959539021159, 37.410581532133619 ], [ 127.157056110406586, 37.41051024032884 ], [ 127.158027279099315, 37.409793276558204 ], [ 127.158027398147752, 37.409793188567683 ], [ 127.158110918733485, 37.40973153080688 ], [ 127.158591507948458, 37.40929304342761 ], [ 127.158592657374683, 37.409291994840579 ], [ 127.158703111135154, 37.409191217173131 ], [ 127.158973584545791, 37.408944432818906 ], [ 127.159181665448955, 37.408922774235322 ], [ 127.159182473760723, 37.408922690033236 ], [ 127.159271710205928, 37.408913400757839 ], [ 127.159295445469212, 37.40889464391168 ], [ 127.159344003698763, 37.408887669266804 ], [ 127.159569681137668, 37.408680025620789 ], [ 127.159571329845647, 37.408678508844567 ], [ 127.159585851640074, 37.408665148090641 ], [ 127.159668449744828, 37.408613765853424 ], [ 127.159790907534955, 37.408537598636606 ], [ 127.159949032190269, 37.408439236529709 ], [ 127.160075226075392, 37.408508150895983 ], [ 127.160443254098908, 37.408709130121245 ], [ 127.160979681883447, 37.408497048687316 ], [ 127.161227738673432, 37.408520419412845 ], [ 127.161228370056804, 37.408520478910049 ], [ 127.161315442242682, 37.408528682113307 ], [ 127.161315768443885, 37.408528510884835 ], [ 127.161321610179272, 37.408525541358443 ], [ 127.161386923045427, 37.408531891141813 ], [ 127.161387226659627, 37.408531717144314 ], [ 127.161596292307635, 37.40840527751493 ], [ 127.161627733464172, 37.408368119018235 ], [ 127.161628249209869, 37.408367509360957 ], [ 127.161843265382899, 37.40811338559817 ], [ 127.162247652128499, 37.407960116755035 ], [ 127.162531908532969, 37.407852379261683 ], [ 127.162719122693318, 37.407908680743724 ], [ 127.162719427373801, 37.407908771750499 ], [ 127.162790144224388, 37.407930037732562 ], [ 127.162790420710223, 37.407929864555427 ], [ 127.163004061093005, 37.407739811792247 ], [ 127.162970877392866, 37.407629147132631 ], [ 127.162970830629959, 37.407628991962561 ], [ 127.162969007021019, 37.407622907879968 ], [ 127.162959302331714, 37.407505511056868 ], [ 127.163198441176448, 37.407243395232825 ], [ 127.163496520615155, 37.407194027371155 ], [ 127.163554384910867, 37.407190044809774 ], [ 127.163791617460831, 37.407157111809262 ], [ 127.163792803508372, 37.407156947525849 ], [ 127.16400488481824, 37.407127461549315 ], [ 127.164005199329594, 37.407127375009537 ], [ 127.164040638429128, 37.407080169658741 ], [ 127.164040756650266, 37.407080011352321 ], [ 127.164181265716721, 37.406892834012105 ], [ 127.164555064806834, 37.406657487411643 ], [ 127.165064669040831, 37.406458052174003 ], [ 127.165290563447229, 37.406471781669744 ], [ 127.165616755129449, 37.406397896661588 ], [ 127.165730940575685, 37.406451839747717 ], [ 127.165731535932764, 37.406452120857693 ], [ 127.165954729494345, 37.406557563760813 ], [ 127.166163062599466, 37.406568300780364 ], [ 127.166163952786931, 37.406568346559915 ], [ 127.166407160304246, 37.406580876201403 ], [ 127.166407884425254, 37.406580914299568 ], [ 127.166410758330827, 37.406581062121518 ], [ 127.166411110176583, 37.40658096396276 ], [ 127.166416197391641, 37.406577852340718 ], [ 127.166417348542822, 37.406577145303558 ], [ 127.166833703462686, 37.406318119682027 ], [ 127.167024100019404, 37.406203623208206 ], [ 127.167344568403166, 37.40605706722009 ], [ 127.167440520870969, 37.405905475847213 ], [ 127.167523439787928, 37.405774478460515 ], [ 127.168101745538095, 37.405750712349082 ], [ 127.168660983223901, 37.405844772069578 ], [ 127.169352965025723, 37.405911340680191 ], [ 127.169353349414195, 37.40591129217939 ], [ 127.169466058805767, 37.405896059466649 ], [ 127.16946625326969, 37.40589603296899 ], [ 127.170208476609417, 37.405795733471578 ], [ 127.170208903976913, 37.405795675172733 ], [ 127.17080348579141, 37.405715320335545 ], [ 127.171110893447974, 37.4055797830489 ], [ 127.171893475082896, 37.405418726927614 ], [ 127.172584491791, 37.405224394642019 ], [ 127.173415561235814, 37.405405190136598 ], [ 127.173840362906049, 37.405526847134617 ], [ 127.173840705499515, 37.405527055396476 ], [ 127.173907235160371, 37.405567498918629 ], [ 127.173907511265398, 37.405567666434955 ], [ 127.174050388844449, 37.405654521410931 ], [ 127.174209409309256, 37.405751189822006 ], [ 127.174179467936199, 37.405704624194009 ], [ 127.174158779195807, 37.405685796900741 ], [ 127.174149757216767, 37.405677079154906 ], [ 127.174074722471985, 37.405628009580411 ], [ 127.174056968574078, 37.405616396870357 ], [ 127.173945852629714, 37.405552350510654 ], [ 127.17394557648953, 37.40555219110675 ], [ 127.173892265478301, 37.405521462153011 ], [ 127.173874575478322, 37.405499811854533 ], [ 127.173995773299708, 37.405172738817896 ], [ 127.1739812429485, 37.405146574134719 ], [ 127.173658360165518, 37.404792830218852 ], [ 127.173658505652327, 37.404783253485959 ], [ 127.173662168424372, 37.404421732842771 ], [ 127.17366216873711, 37.404421660733469 ], [ 127.173662973838958, 37.404342319207991 ], [ 127.173653880947938, 37.404302065636209 ], [ 127.173541218535917, 37.40414756770079 ], [ 127.173541129798807, 37.40414744667121 ], [ 127.17334602296954, 37.403879883747088 ], [ 127.173345319874457, 37.403877349835284 ], [ 127.173181614424379, 37.403133128475183 ], [ 127.173190923064183, 37.403114249612123 ], [ 127.173237859760363, 37.403065045136181 ], [ 127.173394265001747, 37.402901088528324 ], [ 127.173380115692098, 37.402889847121983 ], [ 127.173123430508696, 37.402689744930569 ], [ 127.173114818052383, 37.402684141592907 ], [ 127.173114667077201, 37.402684042925358 ], [ 127.173070753060955, 37.402655465919707 ], [ 127.172520223985856, 37.402369912911489 ], [ 127.172295174119924, 37.402268026814852 ], [ 127.171868589212039, 37.402092665121174 ], [ 127.171857608128462, 37.402075794206418 ], [ 127.17166154236223, 37.401758182177794 ], [ 127.17145962785213, 37.401430729442318 ], [ 127.171467186518441, 37.401418329458146 ], [ 127.171659482860562, 37.401092346687015 ], [ 127.171659507901936, 37.401092304391788 ], [ 127.171693433005046, 37.401034793335654 ], [ 127.17170063473371, 37.401018727342034 ], [ 127.171642931964939, 37.400898314288675 ], [ 127.171642807677671, 37.400898056149472 ], [ 127.171230071913143, 37.400036740487032 ], [ 127.171219952793308, 37.400011976734589 ], [ 127.17094404958047, 37.39934139789839 ], [ 127.170652081416492, 37.398671687604327 ], [ 127.170649901636637, 37.398647758954866 ], [ 127.17076140983194, 37.39840403845988 ], [ 127.170767721533466, 37.398383766009353 ], [ 127.17038428859307, 37.397841731077719 ], [ 127.169662991850146, 37.397404922121211 ], [ 127.169425356922787, 37.39718901695651 ], [ 127.169409242908173, 37.397164261517752 ], [ 127.169096562229896, 37.396693087291311 ], [ 127.169094361608799, 37.396651409504123 ], [ 127.169173202607382, 37.396242751293045 ], [ 127.169166339888847, 37.396172932942257 ], [ 127.168677177475047, 37.39568679290786 ], [ 127.168648361034869, 37.395658402562837 ], [ 127.168352839331135, 37.395577133246036 ], [ 127.168338660924022, 37.395573233775522 ], [ 127.168210834654289, 37.395538221673334 ], [ 127.168215304883162, 37.395480616290698 ], [ 127.168215316876015, 37.39548045858313 ], [ 127.168269512121213, 37.394782134983487 ], [ 127.168274870073503, 37.394734823122789 ], [ 127.168395991476842, 37.39397216911032 ], [ 127.168417075075553, 37.393931593171786 ], [ 127.168443111879242, 37.393892974490491 ], [ 127.168490770985557, 37.393822521130765 ], [ 127.168512682812462, 37.393758293510409 ], [ 127.168542483663728, 37.39367096131965 ], [ 127.168620656658589, 37.393195853541378 ], [ 127.168616543039207, 37.393167424237376 ], [ 127.168463900229924, 37.392947768371933 ], [ 127.168463518539141, 37.392947219263341 ], [ 127.168330773817857, 37.392756190018581 ], [ 127.168299742571094, 37.392711538796142 ], [ 127.168245339782942, 37.392633250133827 ], [ 127.168260774755765, 37.392591834505311 ], [ 127.168308508596425, 37.392556573956 ], [ 127.168388420193736, 37.392501098261569 ], [ 127.168388646831019, 37.392500941155802 ], [ 127.168411580361521, 37.3924850195083 ], [ 127.168413817277681, 37.392483467296387 ], [ 127.168513753303586, 37.392414090711036 ], [ 127.168549532732641, 37.392394610346301 ], [ 127.16899192969278, 37.392204439877148 ], [ 127.168996482037571, 37.392202483106608 ], [ 127.169566839700394, 37.39195730227447 ], [ 127.169634320957357, 37.391910751604797 ], [ 127.169700319944724, 37.391845919488972 ], [ 127.169700808958396, 37.39184543951842 ], [ 127.169830099406809, 37.391718439301371 ], [ 127.16987061726968, 37.391693044293383 ], [ 127.169920808627566, 37.391681869391832 ], [ 127.169921203284176, 37.391681781256885 ], [ 127.170410279037711, 37.391572890514368 ], [ 127.170435479372557, 37.391561314028365 ], [ 127.170677574529478, 37.391405309844615 ], [ 127.170678177235118, 37.391404921225863 ], [ 127.170844073702142, 37.391298018926506 ], [ 127.170855170115217, 37.391290688248084 ], [ 127.170862762118077, 37.391292930378398 ], [ 127.17111208036394, 37.391375775775657 ], [ 127.171113472403974, 37.391376238449354 ], [ 127.171296439030627, 37.391437034139585 ], [ 127.171321663474046, 37.391436713054922 ], [ 127.171869881782342, 37.391380376916374 ], [ 127.1718733278081, 37.391380023222688 ], [ 127.171922576959844, 37.391374960714352 ], [ 127.171923157890546, 37.391374901032329 ], [ 127.172083032491116, 37.39135847246289 ], [ 127.172092865109803, 37.391336771077768 ], [ 127.172106972166873, 37.391332533150347 ], [ 127.172124626032698, 37.391207011840173 ], [ 127.172124677340904, 37.391206644219608 ], [ 127.172180253292495, 37.390811525397055 ], [ 127.172190734947932, 37.390767872704188 ], [ 127.172203664984153, 37.390713505789577 ], [ 127.172297238465646, 37.390463472787289 ], [ 127.172332396792129, 37.39036952838709 ], [ 127.172355655513115, 37.390278545387751 ], [ 127.172374593576947, 37.390069600389069 ], [ 127.172376152178458, 37.390054109992356 ], [ 127.172381924654147, 37.390034954542919 ], [ 127.172696898959359, 37.389969735803987 ], [ 127.172708138308252, 37.389946070543814 ], [ 127.172820788287794, 37.38935968598188 ], [ 127.172850260887799, 37.389206469875937 ], [ 127.172853758960201, 37.389194634522525 ], [ 127.172863213970118, 37.389161964932697 ], [ 127.172966112509172, 37.388895200473968 ], [ 127.17299231316268, 37.38882727914941 ], [ 127.173017301456099, 37.388797114166422 ], [ 127.173388460488198, 37.388612992854853 ], [ 127.173403970871718, 37.38860621224746 ], [ 127.174373864256893, 37.388533843458312 ], [ 127.174383393333883, 37.388532981838161 ], [ 127.174691863246608, 37.388250683960273 ], [ 127.174714068655547, 37.388237695766506 ], [ 127.175086899862052, 37.388083061435943 ], [ 127.175087515498447, 37.388082806234152 ], [ 127.175430776610099, 37.38794043486299 ], [ 127.17548644774655, 37.387902061766709 ], [ 127.17591150571468, 37.387525572650937 ], [ 127.175911841371885, 37.387525275214031 ], [ 127.175961849639037, 37.387480982331148 ], [ 127.175968553356228, 37.387479846933722 ], [ 127.175991342232678, 37.387476335403356 ], [ 127.17599144396992, 37.387476319457285 ], [ 127.176736130347194, 37.387361580087656 ], [ 127.176782137127603, 37.387344053215372 ], [ 127.177160288168992, 37.387139635510501 ], [ 127.177235354605529, 37.387098976350465 ], [ 127.177246095569316, 37.387085731040763 ], [ 127.177133122287628, 37.386815382675415 ], [ 127.177132989226308, 37.386815064124953 ], [ 127.177127568360731, 37.386802090181725 ], [ 127.177020581627346, 37.386546018778766 ], [ 127.176979313259736, 37.386477666169192 ], [ 127.176897701922385, 37.386361493269689 ], [ 127.176742288203897, 37.386140416065651 ], [ 127.176720486804669, 37.386098207927333 ], [ 127.176627676848597, 37.385719071583452 ], [ 127.176566939156459, 37.385470823975702 ], [ 127.176571154863296, 37.385311725642929 ], [ 127.176571809059283, 37.385287496524292 ], [ 127.176572326075103, 37.385268379659962 ], [ 127.176572942578304, 37.38524556199976 ], [ 127.176570823634506, 37.385241040288719 ], [ 127.176569996422259, 37.385239276729017 ], [ 127.176567799087948, 37.385234596160601 ], [ 127.176557861082813, 37.385209264527766 ], [ 127.176556620510851, 37.385206167597154 ], [ 127.176391249122958, 37.385032687996812 ], [ 127.176259673704095, 37.38489716226988 ], [ 127.176154799444362, 37.384789194410494 ], [ 127.176137306441476, 37.384776553318915 ], [ 127.17593097325819, 37.384662824263209 ], [ 127.175923375572353, 37.384658610220733 ], [ 127.175868266544427, 37.384630254089998 ], [ 127.175676059485866, 37.3845221284285 ], [ 127.175474495723947, 37.384412338969042 ], [ 127.175260922871416, 37.384294106308595 ], [ 127.175056707651066, 37.384178119975537 ], [ 127.175010948454812, 37.384151724398755 ], [ 127.174999992289429, 37.38414469597101 ], [ 127.17483757764154, 37.384021890707963 ], [ 127.174672141576465, 37.383892612207163 ], [ 127.174660832309101, 37.383884185636568 ], [ 127.174544216578326, 37.383802530488566 ], [ 127.174472628257973, 37.383752403277917 ], [ 127.174433711661123, 37.383711073309321 ], [ 127.174430002070551, 37.383707416110965 ], [ 127.174406086471876, 37.383662963584079 ], [ 127.174349352025146, 37.38355731519102 ], [ 127.1742654731746, 37.383401121901692 ], [ 127.174245027387315, 37.383363047151775 ], [ 127.174152555384239, 37.383197905537436 ], [ 127.174149889915299, 37.383193124481132 ], [ 127.173998842678273, 37.383101547961921 ], [ 127.173991588786805, 37.383097041793739 ], [ 127.173975791112341, 37.383087225473936 ], [ 127.17372623277295, 37.382932158651506 ], [ 127.173399214585871, 37.382733573272525 ], [ 127.173364932860125, 37.382712504363766 ], [ 127.173243061343797, 37.382651862618623 ], [ 127.173216410063091, 37.382644575227644 ], [ 127.173005673242031, 37.382611372655191 ], [ 127.172888501231498, 37.382594935531536 ], [ 127.17270125101436, 37.382571834253248 ], [ 127.172616900987492, 37.382560135213232 ], [ 127.17258318002132, 37.382552012358737 ], [ 127.172379405456752, 37.382471783984869 ], [ 127.172128499208313, 37.382376650067677 ], [ 127.172111255356512, 37.382370111416172 ], [ 127.17207905353645, 37.382357900361349 ], [ 127.172030879861225, 37.382355992855523 ], [ 127.172015695498587, 37.382358730602547 ], [ 127.172010002493849, 37.382359756809599 ], [ 127.171938703123047, 37.38237261193796 ], [ 127.171253167115424, 37.382496209282785 ], [ 127.171247510625122, 37.382491712795023 ], [ 127.171230805420905, 37.382478495380418 ], [ 127.171153027279416, 37.382416946481868 ], [ 127.17115266931097, 37.382416663354299 ], [ 127.171100111109581, 37.38237507170944 ], [ 127.170418357331457, 37.381835725429944 ], [ 127.170417349857445, 37.381834928505796 ], [ 127.170119218550681, 37.381599069439609 ], [ 127.170113559944284, 37.381594571088527 ], [ 127.169924052164163, 37.381424207744942 ], [ 127.169783463506064, 37.381274333878103 ], [ 127.169736443179588, 37.381231886351252 ], [ 127.169645998187818, 37.381179922418383 ], [ 127.169477658844755, 37.381088655063749 ], [ 127.169275592430921, 37.380979414265298 ], [ 127.16912880780022, 37.380898240861207 ], [ 127.169107083234394, 37.380888703861665 ], [ 127.169052369543323, 37.380877240235435 ], [ 127.168815357167361, 37.380840688259696 ], [ 127.168710692247203, 37.380820562925834 ], [ 127.168707343979207, 37.380818315417557 ], [ 127.168475359741805, 37.380665748392275 ], [ 127.168304859443978, 37.38054970426132 ], [ 127.168096085136682, 37.380409801086323 ], [ 127.168095313680325, 37.380409283331325 ], [ 127.16809018149614, 37.380405845482969 ], [ 127.167963676308943, 37.380317615647193 ], [ 127.167921114460299, 37.380298807811478 ], [ 127.167709749739657, 37.380311375181691 ], [ 127.167707961205679, 37.380311481026212 ], [ 127.167248353578969, 37.380338804884246 ], [ 127.167081996983327, 37.380348694465908 ], [ 127.167058162068017, 37.380338311963506 ], [ 127.166935470954058, 37.380295422214132 ], [ 127.166935315318284, 37.380295367692959 ], [ 127.166738067901107, 37.380226412531876 ], [ 127.166722706202165, 37.380223333391214 ], [ 127.166269236594886, 37.38027183787019 ], [ 127.166217713320947, 37.380266557296856 ], [ 127.165825520455954, 37.380147650967366 ], [ 127.16572959452408, 37.380118568132801 ], [ 127.16562121136073, 37.380091687226859 ], [ 127.165327699842607, 37.380014545176252 ], [ 127.165322717618309, 37.380013235792596 ], [ 127.165222633174764, 37.37998692965111 ], [ 127.164775358435875, 37.379846886965304 ], [ 127.164432968779096, 37.379739681894954 ], [ 127.164425917567044, 37.379741096885787 ], [ 127.163513628386667, 37.379912810180755 ], [ 127.16309812845671, 37.379991016383464 ], [ 127.163095480849591, 37.379991514515737 ], [ 127.163010906606402, 37.38000743170749 ], [ 127.162986721651095, 37.380000706994217 ], [ 127.162963914130543, 37.379994622576405 ], [ 127.16296209548392, 37.379994137858844 ], [ 127.162604183984598, 37.379898653495452 ], [ 127.161822220646513, 37.379690035365243 ], [ 127.161791078204303, 37.379645026893087 ], [ 127.161620092360451, 37.379045799101149 ], [ 127.161567296905559, 37.378860876643017 ], [ 127.16156341033728, 37.378853561630542 ], [ 127.161554023713421, 37.37883528000026 ], [ 127.161429820575123, 37.378667913012478 ], [ 127.161367675196146, 37.378565505855612 ], [ 127.161355460316273, 37.37854496986899 ], [ 127.161321618954275, 37.378474619321537 ], [ 127.161168687826091, 37.378156091095569 ], [ 127.161026551988684, 37.377845996274509 ], [ 127.161012994838458, 37.377812047457049 ], [ 127.161012893198802, 37.377811792976203 ], [ 127.160984521288611, 37.37774074591082 ], [ 127.160950969280847, 37.377641400448724 ], [ 127.160891261060428, 37.377443307581899 ], [ 127.160875464888775, 37.377390902855744 ], [ 127.160878232197177, 37.377367815601126 ], [ 127.160878292757175, 37.377365904846592 ], [ 127.160879226839157, 37.377336556749448 ], [ 127.160865628649873, 37.377329818691486 ], [ 127.161061843889883, 37.376934510756662 ], [ 127.161105176732278, 37.376821826163159 ], [ 127.161145013606259, 37.37670438666359 ], [ 127.161237900962632, 37.376430551707593 ], [ 127.161246325828358, 37.376328328543053 ], [ 127.161201169113554, 37.37598354879551 ], [ 127.161201095936946, 37.375982993334951 ], [ 127.161188767451279, 37.375888881736458 ], [ 127.161174334086908, 37.375823298236845 ], [ 127.16115070219027, 37.375743680010991 ], [ 127.161063200104053, 37.375448867718006 ], [ 127.16106305767525, 37.375448391380395 ], [ 127.160982446584214, 37.375176789507336 ], [ 127.160975168430255, 37.37515794058622 ], [ 127.160855908436773, 37.374900742767501 ], [ 127.160770664284357, 37.3747167173997 ], [ 127.160770126062559, 37.374713339280348 ], [ 127.160761386805376, 37.374664073537609 ], [ 127.160821435061251, 37.374166527138378 ], [ 127.160821445627946, 37.374166437931876 ], [ 127.160825871007091, 37.374129772499657 ], [ 127.160825894484631, 37.374129575164375 ], [ 127.160835581749865, 37.374049309663789 ], [ 127.160833265823115, 37.37403889747165 ], [ 127.16083059295012, 37.374023979149875 ], [ 127.160829875728481, 37.374021726342839 ], [ 127.160824668931497, 37.373978088140333 ], [ 127.160826848477882, 37.373923467952892 ], [ 127.160828688014078, 37.37379084391609 ], [ 127.160828780249219, 37.373783904442355 ], [ 127.16082878574791, 37.373783435739604 ], [ 127.160829745206811, 37.373708056834467 ], [ 127.160827977590372, 37.373705807324747 ], [ 127.160814688295048, 37.373688305842741 ], [ 127.160788886668485, 37.373654330875048 ], [ 127.16075686108303, 37.373608484878602 ], [ 127.160718278538496, 37.373553240284444 ], [ 127.160705190272651, 37.373534499065165 ], [ 127.160703532758362, 37.37353212998562 ], [ 127.160703123144316, 37.373531545616459 ], [ 127.160619024619152, 37.373411283532292 ], [ 127.160478701182953, 37.373206212127052 ], [ 127.16047000944414, 37.37318707788009 ], [ 127.16047641914227, 37.373178775624808 ], [ 127.160506783959065, 37.373139445361197 ], [ 127.160534047178544, 37.373101649352961 ], [ 127.160663320967586, 37.372922422691694 ], [ 127.160674411039182, 37.372908843643422 ], [ 127.160693937050226, 37.372884935523452 ], [ 127.160684531111443, 37.372857360504803 ], [ 127.16063707120405, 37.372772386269268 ], [ 127.160634433178302, 37.372767049729902 ], [ 127.160592434226459, 37.372682063201985 ], [ 127.160583418451168, 37.37267419170044 ], [ 127.160569102491124, 37.372659001990804 ], [ 127.160533951905336, 37.372639066196591 ], [ 127.160315621933705, 37.372498854937646 ], [ 127.160197823058866, 37.372427439881754 ], [ 127.160190661760822, 37.372423098081633 ], [ 127.160135812175739, 37.372389847142209 ], [ 127.160078939534515, 37.372354161138496 ], [ 127.159980369800834, 37.37228869166055 ], [ 127.159962530744124, 37.372276892662541 ], [ 127.159872628602386, 37.372222383579988 ], [ 127.159782375156155, 37.372168165466086 ], [ 127.159764887010709, 37.372157204831431 ], [ 127.15959920512239, 37.37205381010304 ], [ 127.159597741021187, 37.372052643106436 ], [ 127.15959390913703, 37.372049591716227 ], [ 127.159485122574026, 37.371910367481277 ], [ 127.159411723120058, 37.371816136582552 ], [ 127.159274519865363, 37.371633004218332 ], [ 127.15925046291359, 37.371600894384819 ], [ 127.159249796067229, 37.371600004602278 ], [ 127.15918820053794, 37.371517788738807 ], [ 127.159178223707713, 37.371504471814859 ], [ 127.159171510921468, 37.371501380560638 ], [ 127.159109145622807, 37.371492224862784 ], [ 127.15910875736347, 37.371492167858051 ], [ 127.158989060645268, 37.371474593785827 ], [ 127.158847365679108, 37.371453950032546 ], [ 127.158835358720722, 37.371445514517525 ], [ 127.158784097536369, 37.371398280243845 ], [ 127.158460746626346, 37.3711062843511 ], [ 127.158427754005189, 37.37107649033527 ], [ 127.158371252005978, 37.371025466658281 ], [ 127.158351784407699, 37.370990864053645 ], [ 127.158337528800971, 37.370935889040602 ], [ 127.158241081197673, 37.370563940774879 ], [ 127.15822303517777, 37.37049434789315 ], [ 127.158215256717114, 37.370481969268099 ], [ 127.158211307129449, 37.370479251003935 ], [ 127.15810502308581, 37.370406087796397 ], [ 127.158081861038212, 37.370378808110488 ], [ 127.15795473359583, 37.370135900203699 ], [ 127.157855524829401, 37.369946339203082 ], [ 127.157848267228829, 37.369935928875933 ], [ 127.157782836768121, 37.369855487709167 ], [ 127.157717309267682, 37.369775057942512 ], [ 127.157716653368354, 37.369774252011361 ], [ 127.15745744239544, 37.369456089710731 ], [ 127.157455677233486, 37.369453841057862 ], [ 127.157246096821808, 37.369357814459448 ], [ 127.157101658741055, 37.36929097113098 ], [ 127.157100145173885, 37.369290270875737 ], [ 127.156903922719721, 37.36919947075328 ], [ 127.156899847814941, 37.369195528004099 ], [ 127.156570059267935, 37.368889158185887 ], [ 127.156568618638715, 37.36888782085822 ], [ 127.156284836827822, 37.368624188555025 ], [ 127.156257600801752, 37.368593536313234 ], [ 127.156173208871522, 37.3684700359807 ], [ 127.155831557869021, 37.368339971557333 ], [ 127.155222101566011, 37.368107951919562 ], [ 127.15522141272838, 37.368107689412064 ], [ 127.154973826774807, 37.368013430073049 ], [ 127.154828768608553, 37.367958204580539 ], [ 127.154809647087021, 37.367921062294045 ], [ 127.154805989405119, 37.36785912303457 ], [ 127.154805868399791, 37.367799751318486 ], [ 127.154805868414371, 37.367799501635574 ], [ 127.154805529527181, 37.367633867998478 ], [ 127.154805407259929, 37.367574032064411 ], [ 127.154805363468341, 37.367552777335661 ], [ 127.15480267650284, 37.36753335551586 ], [ 127.15478854998824, 37.367470874613744 ], [ 127.154775217383772, 37.367467067019149 ], [ 127.154782848203098, 37.367445666131637 ], [ 127.154751946307343, 37.367309011964096 ], [ 127.154714314270649, 37.367135495926419 ], [ 127.154705121405087, 37.367093107711305 ], [ 127.154689434299058, 37.367012883928027 ], [ 127.154665009760336, 37.366886772281454 ], [ 127.154657213228631, 37.366868195456959 ], [ 127.154667017548022, 37.366831862305666 ], [ 127.154702674411681, 37.366669912221184 ], [ 127.154740727500993, 37.366472486184705 ], [ 127.154744356185134, 37.366436719994795 ], [ 127.154744860176848, 37.366424329256041 ], [ 127.154612073819095, 37.366269922308213 ], [ 127.154550763438067, 37.36619751365523 ], [ 127.154175532895621, 37.36575436640792 ], [ 127.154166685935536, 37.365740304207527 ], [ 127.15412909950777, 37.365644898307693 ], [ 127.154098130673134, 37.365505280890567 ], [ 127.153982325275067, 37.365241712226684 ], [ 127.153953887030326, 37.365176990861563 ], [ 127.153949634436657, 37.365167311088214 ], [ 127.153941327396268, 37.36515718408441 ], [ 127.153925051632115, 37.365135806139101 ], [ 127.153916231810172, 37.365133564733689 ], [ 127.153788534473534, 37.36504925965729 ], [ 127.1535757050939, 37.364908749084748 ], [ 127.153543895473149, 37.364880074864814 ], [ 127.153441709603939, 37.364763464656619 ], [ 127.153440488449021, 37.364762072047554 ], [ 127.153265635197158, 37.364562534241742 ], [ 127.153260855113416, 37.364554376233784 ], [ 127.153254832492578, 37.364544811129747 ], [ 127.153233714837981, 37.364480924093591 ], [ 127.153112211530313, 37.364113477778851 ], [ 127.153111606743536, 37.364111648000367 ], [ 127.153077549201143, 37.364008648026385 ], [ 127.153075534384101, 37.364004265000681 ], [ 127.153074967493666, 37.364003034752848 ], [ 127.153039466197214, 37.363925920957776 ], [ 127.153032028566628, 37.363912693878262 ], [ 127.152816152531742, 37.363516753459969 ], [ 127.152816001354424, 37.363516476291608 ], [ 127.152783657391637, 37.363457150563036 ], [ 127.152774110994272, 37.36344843771262 ], [ 127.152746014162318, 37.363420031066291 ], [ 127.152202311303569, 37.363108467768548 ], [ 127.152179360429614, 37.36309779280424 ], [ 127.152149811961905, 37.363086942493865 ], [ 127.151940191702806, 37.363009968776325 ], [ 127.151915692256964, 37.363002312443143 ], [ 127.151915206237788, 37.363002160481891 ], [ 127.151813649588618, 37.36297043124415 ], [ 127.151764718102569, 37.362932479578504 ], [ 127.151474076728192, 37.362682257683183 ], [ 127.151498731606281, 37.362667015826339 ], [ 127.151367775281287, 37.362533155786601 ], [ 127.151366824409322, 37.36253218399699 ], [ 127.151362824218552, 37.362528097954261 ], [ 127.151256812628702, 37.362437003526466 ], [ 127.151179606924217, 37.362371499496632 ], [ 127.151164774816124, 37.362360814024527 ], [ 127.150731650516121, 37.362213250390582 ], [ 127.150730413082016, 37.362211004095023 ], [ 127.150707303504916, 37.362195690758895 ], [ 127.150707092977513, 37.362195551324199 ], [ 127.150707002824632, 37.362193805078519 ], [ 127.150696460627842, 37.361989735021055 ], [ 127.150685035587728, 37.361921325948266 ], [ 127.150681641725143, 37.361900219950186 ], [ 127.150651847380871, 37.36181831880036 ], [ 127.150647796778841, 37.361808071629149 ], [ 127.150647315704703, 37.361806855143534 ], [ 127.150629831901938, 37.361762633015701 ], [ 127.150629567370473, 37.361761963407929 ], [ 127.150527237839967, 37.361503119129829 ], [ 127.150488687808334, 37.36145671017605 ], [ 127.150197528517722, 37.361293198459364 ], [ 127.150179871634677, 37.361285616084338 ], [ 127.149717398712809, 37.361147172261958 ], [ 127.149687456393636, 37.361138207665789 ], [ 127.149687070721555, 37.361138092949226 ], [ 127.149661909790154, 37.361130561284611 ], [ 127.14965767635681, 37.361130287344672 ], [ 127.149559236777606, 37.361128376854658 ], [ 127.149558012774136, 37.361128353397845 ], [ 127.149453074921993, 37.361126317203599 ], [ 127.149419209495989, 37.361126359254051 ], [ 127.149382697969543, 37.361124999912533 ], [ 127.14928251511553, 37.361123999830404 ], [ 127.14894423856002, 37.361130611232298 ], [ 127.148898537476342, 37.361119973569537 ], [ 127.148498834065293, 37.360918580194998 ], [ 127.148208314105091, 37.360772853381043 ], [ 127.148206801065399, 37.360772094423162 ], [ 127.148029044450112, 37.360682932587189 ], [ 127.147985975905783, 37.360669181815837 ], [ 127.147850721705765, 37.360678286115558 ], [ 127.147849577418299, 37.360678362932013 ], [ 127.147725868882972, 37.360686686610663 ], [ 127.14769958528386, 37.3606886923289 ], [ 127.147520066544246, 37.360704113802797 ], [ 127.147102814008846, 37.360455161406563 ], [ 127.146872381371125, 37.360362865197665 ], [ 127.146412490512432, 37.360178659235991 ], [ 127.146083484610216, 37.360050107895127 ], [ 127.146068491669666, 37.360048432431817 ], [ 127.145725889957106, 37.360004645178648 ], [ 127.145499694379808, 37.359775162106253 ], [ 127.145210683605512, 37.35962381592568 ], [ 127.145209917618033, 37.359623414315273 ], [ 127.14505338441694, 37.359541438899264 ], [ 127.145042802358475, 37.359539767528119 ], [ 127.144864240952003, 37.359514492187827 ], [ 127.144861824878888, 37.359514150520631 ], [ 127.144737069396712, 37.359496491864398 ], [ 127.144315836191183, 37.359445949140692 ], [ 127.144192725031274, 37.359431177479635 ], [ 127.144192320998386, 37.359431128490939 ], [ 127.144081868154188, 37.359417874862068 ], [ 127.144042728646639, 37.359426093081538 ], [ 127.143844141264807, 37.35949203994727 ], [ 127.143841951638635, 37.359492767080532 ], [ 127.143557662952446, 37.359587168958576 ], [ 127.143540919074411, 37.359592820653539 ], [ 127.143303282231372, 37.3595601646661 ], [ 127.143087936111357, 37.359529522451105 ], [ 127.14308372014797, 37.359528922027884 ], [ 127.142953970897622, 37.359510459515803 ], [ 127.142920990899754, 37.359505149964825 ], [ 127.142819418243405, 37.359495274209543 ], [ 127.142817963335531, 37.359495132805982 ], [ 127.142744684091198, 37.359488006007368 ], [ 127.142643509919623, 37.359478168261404 ], [ 127.142353373430069, 37.359421055856956 ], [ 127.14235281611208, 37.359420946005862 ], [ 127.142325029156851, 37.359415475319018 ], [ 127.142313747981675, 37.359414084624262 ], [ 127.142067527142189, 37.35940987219815 ], [ 127.142057222919377, 37.359416769050732 ], [ 127.142056974829742, 37.359416935055947 ], [ 127.142048145562313, 37.359422842145058 ], [ 127.141819330225289, 37.35957910739689 ], [ 127.141780437927395, 37.359625052118062 ], [ 127.141610999205895, 37.359934409244453 ], [ 127.141594472859268, 37.359964559119831 ], [ 127.1409567604111, 37.359895205262362 ], [ 127.140939643721197, 37.359893251386403 ], [ 127.140761162544223, 37.359953606926773 ], [ 127.14047589972607, 37.360050069798682 ], [ 127.140229277513242, 37.360117936848532 ], [ 127.140203879440236, 37.360118245388477 ], [ 127.14006132528273, 37.360109511749528 ], [ 127.140060178310591, 37.360109441556936 ], [ 127.139983886639783, 37.360104765559015 ], [ 127.139982240688994, 37.360104665002751 ], [ 127.139802587255005, 37.360093658415238 ], [ 127.139769742349173, 37.360069765478912 ], [ 127.139741782475994, 37.360035493560531 ], [ 127.139741550084253, 37.36003520891699 ], [ 127.13966049860511, 37.359935856739078 ], [ 127.139631355732817, 37.359913085545806 ], [ 127.139377752641707, 37.35991361424594 ], [ 127.139377586642055, 37.359913614641201 ], [ 127.139315649664084, 37.359913742180893 ], [ 127.139255300015932, 37.359897198036037 ], [ 127.138274847637078, 37.359464691949931 ], [ 127.138222699566995, 37.35944168690547 ], [ 127.138195873995329, 37.359432428773928 ], [ 127.137318423354657, 37.359454709966137 ], [ 127.137313176311167, 37.359454843507514 ], [ 127.137303472543095, 37.359455140054386 ], [ 127.13726977750018, 37.359447858114791 ], [ 127.137147652532946, 37.35939225308794 ], [ 127.136585515641556, 37.359136298487428 ], [ 127.136584622126662, 37.35913589192252 ], [ 127.136245823442167, 37.358981624375211 ], [ 127.136225156246368, 37.358969258737289 ], [ 127.13614307143925, 37.358884689062322 ], [ 127.135815937446509, 37.358547650193614 ], [ 127.135807093998508, 37.358538651496502 ], [ 127.135231774629034, 37.358428927271262 ], [ 127.135219768364053, 37.358426689067983 ], [ 127.135121317867075, 37.358303754905535 ], [ 127.134840774424546, 37.357939153908831 ], [ 127.134836155029589, 37.357920002375081 ], [ 127.134833849213095, 37.35791044149294 ], [ 127.134827109744464, 37.357891871115946 ], [ 127.134827278900246, 37.357885391591957 ], [ 127.134831819048571, 37.357765438671066 ], [ 127.134808235812059, 37.357693383177576 ], [ 127.134798133634234, 37.357659890828359 ], [ 127.134722804114318, 37.357553258917171 ], [ 127.134664641040061, 37.357470826239982 ], [ 127.134634960656882, 37.357441576611919 ], [ 127.134602789997331, 37.357404726028413 ], [ 127.134273466303213, 37.356576156968728 ], [ 127.134271871522969, 37.356573905789759 ], [ 127.134243052360674, 37.356526913181625 ], [ 127.134216067739558, 37.356496295367478 ], [ 127.133856779875401, 37.356088625485626 ], [ 127.133750713680868, 37.355968274275867 ], [ 127.133735666750667, 37.355937034399354 ], [ 127.133725760639706, 37.355918179227345 ], [ 127.133632676468878, 37.355433425100728 ], [ 127.133637800617862, 37.355340498378759 ], [ 127.133841408902285, 37.354786989516583 ], [ 127.13386953161492, 37.354732617648665 ], [ 127.134260388615772, 37.354156652543608 ], [ 127.134274044227226, 37.354098070545952 ], [ 127.13426707715665, 37.353982213938643 ], [ 127.134258417510239, 37.35383819826388 ], [ 127.134257690304224, 37.353827500191485 ], [ 127.13436975001413, 37.353267620123468 ], [ 127.134385718826977, 37.353220010592437 ], [ 127.134540525516911, 37.352905603893113 ], [ 127.134543663208603, 37.352878852389082 ], [ 127.134549250861184, 37.352847028251816 ], [ 127.134440470812038, 37.352368203094919 ], [ 127.134307887713916, 37.351784941030324 ], [ 127.134288448830063, 37.351766096985777 ], [ 127.133759805458823, 37.351500887663867 ], [ 127.133755751081722, 37.351499207550233 ], [ 127.133204963883131, 37.351375363424204 ], [ 127.133193313983739, 37.351369744125662 ], [ 127.132943468814531, 37.351178306501197 ], [ 127.132934255802653, 37.351171248917694 ], [ 127.13291323279293, 37.351149027651459 ], [ 127.132758317329333, 37.350594339559805 ], [ 127.132758236311517, 37.350594050865226 ], [ 127.132707030775094, 37.350410698092013 ], [ 127.132684478429752, 37.350318656190915 ], [ 127.132683218106365, 37.350308511700575 ], [ 127.132686462153458, 37.350245441074833 ], [ 127.132710053169191, 37.350118709335213 ], [ 127.13271431513742, 37.350037891800383 ], [ 127.13276062171812, 37.349590429557118 ], [ 127.132596888050116, 37.349541053480849 ], [ 127.132665367724769, 37.349337857857314 ], [ 127.132665495448748, 37.349337597753674 ], [ 127.132685153634696, 37.349297542665084 ], [ 127.132692549116896, 37.349282472841267 ], [ 127.13272293242521, 37.349209493714511 ], [ 127.132727466466733, 37.349183601091035 ], [ 127.132760817212585, 37.349093174046516 ], [ 127.132839615330937, 37.348876846512354 ], [ 127.132852796901346, 37.348852337305601 ], [ 127.132941839047987, 37.348736789273069 ], [ 127.132991830867169, 37.348688303847972 ], [ 127.133172736079686, 37.348472426211764 ], [ 127.133207242047021, 37.348438879097849 ], [ 127.133427958547273, 37.348300659820815 ], [ 127.134080271495364, 37.34790179558091 ], [ 127.134083964796901, 37.347898971247588 ], [ 127.134140087520095, 37.347618668056704 ], [ 127.13414011297553, 37.347618541040134 ], [ 127.134187845331098, 37.34738012446828 ], [ 127.134187950613693, 37.347379601089116 ], [ 127.134194088938742, 37.347348945935032 ], [ 127.134195649059791, 37.347331770359034 ], [ 127.134195600679377, 37.347304739472676 ], [ 127.134184125663595, 37.347196629715825 ], [ 127.134183580372436, 37.347189873049466 ], [ 127.134260661257727, 37.346710411318618 ], [ 127.134260693832189, 37.346710213114569 ], [ 127.134261906884291, 37.346702668665102 ], [ 127.134278828473072, 37.346699267772003 ], [ 127.134596578111598, 37.346672277869537 ], [ 127.13459664814151, 37.34667227177615 ], [ 127.134675182475647, 37.346665601601522 ], [ 127.134702679363215, 37.346661345440438 ], [ 127.135073879396714, 37.346557876306413 ], [ 127.135106647810233, 37.34654263039846 ], [ 127.135475109122993, 37.346193635830971 ], [ 127.135572121152137, 37.346110461028033 ], [ 127.136023666744549, 37.34577825383991 ], [ 127.136116626846842, 37.34569481372754 ], [ 127.136192451723346, 37.345607598124779 ], [ 127.136193500760442, 37.345606391691611 ], [ 127.13626267928494, 37.34552682278732 ], [ 127.1365767202564, 37.34482395549125 ], [ 127.13663184433932, 37.344783625565334 ], [ 127.137327018718167, 37.34452491218979 ], [ 127.137373191882944, 37.34450796526199 ], [ 127.137074767826732, 37.34388575565297 ], [ 127.137045284614075, 37.343865237999303 ], [ 127.136468572422174, 37.343513370831751 ], [ 127.136482280254413, 37.343487451240669 ], [ 127.136573811209573, 37.343302079436768 ], [ 127.136586638615697, 37.343274466128122 ], [ 127.136538312342509, 37.343069259607255 ], [ 127.136507507503211, 37.343004248958508 ], [ 127.136139341691319, 37.3424190047281 ], [ 127.136154719343423, 37.342371290287304 ], [ 127.136277701817747, 37.341989735902629 ], [ 127.136280487672423, 37.341972270198887 ], [ 127.13635083346972, 37.341765802245156 ], [ 127.136366756199351, 37.341702153842867 ], [ 127.136419176273819, 37.341134728369894 ], [ 127.136458453472358, 37.341113005780549 ], [ 127.136670171254295, 37.340988027283622 ], [ 127.136740688834166, 37.340973305155138 ], [ 127.137022121369498, 37.34098283938777 ], [ 127.137079079856719, 37.340985305452257 ], [ 127.137073257495601, 37.340784556102719 ], [ 127.137089255053056, 37.340764543925864 ], [ 127.137261530435879, 37.340568094135598 ], [ 127.137435396068639, 37.340373895213951 ], [ 127.137447709012392, 37.340356139582745 ], [ 127.137618440812417, 37.339961293003874 ], [ 127.13761860749284, 37.339960906819691 ], [ 127.137686336443721, 37.339804268526748 ], [ 127.13769867234042, 37.339798623964732 ], [ 127.137871811376499, 37.339722467704661 ], [ 127.137956495789354, 37.339685140874771 ], [ 127.137973590353681, 37.339677797310614 ], [ 127.137973224221327, 37.339668228875233 ], [ 127.137959304241406, 37.339427916326926 ], [ 127.137959287593617, 37.339427621522596 ], [ 127.137956300954684, 37.339376009813414 ], [ 127.137626943723276, 37.339421147945707 ], [ 127.137626043373302, 37.339421271382079 ], [ 127.137598645409042, 37.339425024662134 ], [ 127.137426141946307, 37.339448664999566 ], [ 127.137141508955125, 37.339617931740555 ], [ 127.137054150492077, 37.339674346554617 ], [ 127.13696348630728, 37.339684102613496 ], [ 127.136961843985787, 37.339684279653959 ], [ 127.136546413612393, 37.339728977551772 ], [ 127.136389461893202, 37.339642909547045 ], [ 127.136388439522833, 37.339642349348104 ], [ 127.136376380532298, 37.339635736671795 ], [ 127.136375680184742, 37.339635353232822 ], [ 127.136276257973961, 37.339580909448827 ], [ 127.13601664064791, 37.339589612517969 ], [ 127.136015897691124, 37.339589637273818 ], [ 127.135745902602309, 37.339598690008096 ], [ 127.135434168963855, 37.339482473151207 ], [ 127.135250808405956, 37.339328801206157 ], [ 127.135249740255702, 37.339327905540507 ], [ 127.135219440718657, 37.339302511108336 ], [ 127.134989712710862, 37.339115240827056 ], [ 127.13488602590408, 37.339073406632757 ], [ 127.134885997755561, 37.339073391222279 ], [ 127.134829770883471, 37.339050704660536 ], [ 127.13473601057575, 37.339142973183499 ], [ 127.134543349596811, 37.338909921478205 ], [ 127.134211715634208, 37.338687304269151 ], [ 127.134211065240493, 37.338686866888622 ], [ 127.134179195768354, 37.338665473997359 ], [ 127.134161862353096, 37.338653837584381 ], [ 127.134073153122642, 37.338641268332331 ], [ 127.134009735096441, 37.338624737240828 ], [ 127.133807370318664, 37.338650915580551 ], [ 127.133806878931651, 37.33865097895945 ], [ 127.133739758721987, 37.338659661563156 ], [ 127.133671542905915, 37.338672406890531 ], [ 127.13322037026434, 37.338769772142193 ], [ 127.133159492194167, 37.33877208203689 ], [ 127.132980172522579, 37.338727960980911 ], [ 127.132979475681324, 37.338727790259917 ], [ 127.132888172802467, 37.338705377948159 ], [ 127.132837812506637, 37.338706843264482 ], [ 127.132619982705151, 37.33874331588612 ], [ 127.132619452810971, 37.338743404379308 ], [ 127.132387649944576, 37.338782237179139 ], [ 127.132348444214671, 37.33878537115956 ], [ 127.132211805451732, 37.338752020628426 ], [ 127.13225129930521, 37.33864695521234 ], [ 127.131825644091762, 37.338536201246733 ], [ 127.131797068911609, 37.338528349578972 ], [ 127.131725435696055, 37.338502244211782 ], [ 127.131663937534938, 37.338419813875248 ], [ 127.131642709506139, 37.338386048551676 ], [ 127.131541992118969, 37.338259448886468 ], [ 127.131465952798436, 37.338167788029722 ], [ 127.131465306352112, 37.338167009020921 ], [ 127.131454715198871, 37.33815424304435 ], [ 127.13136743039135, 37.33804931473896 ], [ 127.13133649046371, 37.338005414555894 ], [ 127.131305745544893, 37.337961812429711 ], [ 127.131264573378047, 37.337912580187464 ], [ 127.131122450980527, 37.337804046491911 ], [ 127.130981419660827, 37.3377208648186 ], [ 127.130891595633642, 37.337675064599445 ], [ 127.130581544566468, 37.337523635650953 ], [ 127.130515581880601, 37.33750793843933 ], [ 127.130103931525795, 37.337439125670407 ], [ 127.129415857908938, 37.337321066738291 ], [ 127.129267239866834, 37.3373451350677 ], [ 127.128831256038069, 37.337486670294282 ], [ 127.12863124831668, 37.337523905391599 ], [ 127.128488975687844, 37.337550392149431 ], [ 127.128276002764423, 37.337529785427918 ], [ 127.128202967736456, 37.337508185864536 ], [ 127.128177727337587, 37.337499343263659 ], [ 127.127815898891512, 37.337372599171687 ], [ 127.12759775272859, 37.337298525443401 ], [ 127.127133664818899, 37.337371913971801 ], [ 127.127102029326593, 37.33736924801854 ], [ 127.12709865758498, 37.337368963369819 ], [ 127.126730169243885, 37.337337721199006 ], [ 127.126729278918518, 37.337337645377715 ], [ 127.126720287625716, 37.337336884182704 ], [ 127.12666519624014, 37.33734989132607 ], [ 127.126537380206059, 37.337363098863136 ], [ 127.126370624280597, 37.33738033147521 ], [ 127.125971833194242, 37.337409188530167 ], [ 127.125859372723951, 37.337429579252927 ], [ 127.125781997047653, 37.33744682864522 ], [ 127.125731873775919, 37.337458002323793 ], [ 127.125731143699625, 37.337458164967977 ], [ 127.125656326622462, 37.337474844583191 ], [ 127.125556282895545, 37.337503846488374 ], [ 127.125500611194113, 37.337519984470696 ], [ 127.125438457125227, 37.337340198194404 ], [ 127.125382846607408, 37.337267435279628 ], [ 127.125381744063915, 37.337265993175848 ], [ 127.125269877302557, 37.337119623324703 ], [ 127.125059575962609, 37.336930349144758 ], [ 127.124867025412513, 37.336817074483761 ], [ 127.124780260136035, 37.33679731136791 ], [ 127.124686960385901, 37.336776061805374 ], [ 127.124604918763055, 37.336757375378767 ], [ 127.124430486168436, 37.33672404737468 ], [ 127.124126497264413, 37.336709442218286 ], [ 127.124030263324883, 37.336702788882342 ], [ 127.123952899085566, 37.336713282127569 ], [ 127.123837537282512, 37.336728357952317 ], [ 127.123735720774832, 37.336741663153582 ], [ 127.123601244283591, 37.336768552820757 ], [ 127.12332401184176, 37.336846273200614 ], [ 127.123224830376756, 37.336872820505889 ], [ 127.123081153898497, 37.336911279321747 ], [ 127.122851725656687, 37.336993733525034 ], [ 127.122774435149424, 37.337018285156283 ], [ 127.1225066129971, 37.336817556607457 ], [ 127.122107959579139, 37.336518644368532 ], [ 127.121998458286015, 37.336360831370314 ], [ 127.121965307601613, 37.336313057431013 ], [ 127.121964434517878, 37.336311797207188 ], [ 127.12196369816634, 37.336310734823883 ], [ 127.121884218775321, 37.336196188643044 ], [ 127.121871159346426, 37.336162065482995 ], [ 127.121778707396118, 37.33592049494478 ], [ 127.121768173020186, 37.335892968078099 ], [ 127.121679017733939, 37.335660009923373 ], [ 127.121593649456457, 37.335500366364649 ], [ 127.121593094741115, 37.335499328897306 ], [ 127.12154536912557, 37.335410073279995 ], [ 127.121544510217618, 37.335408466064443 ], [ 127.121532599513117, 37.335386192560115 ], [ 127.121523285277974, 37.335354906283548 ], [ 127.121523055481745, 37.335354133060179 ], [ 127.121508398011187, 37.335304910123952 ], [ 127.121501923563628, 37.335283165093244 ], [ 127.121485984711796, 37.335237570642484 ], [ 127.121435293459839, 37.335122975624287 ], [ 127.12143496306669, 37.335122228219049 ], [ 127.12139149154352, 37.335023953351183 ], [ 127.12138298373732, 37.334996651968666 ], [ 127.121330002793954, 37.334832267791889 ], [ 127.121301061341413, 37.334786341450346 ], [ 127.121300523773627, 37.334785487919312 ], [ 127.121218472818882, 37.334655276851393 ], [ 127.121166723793422, 37.334598166963026 ], [ 127.121127186281427, 37.334569482626655 ], [ 127.121054482877085, 37.334534083087981 ], [ 127.120997288284258, 37.334488242847513 ], [ 127.120846223179711, 37.334398292598436 ], [ 127.120772777535777, 37.33420071481013 ], [ 127.1207472868563, 37.334429989152326 ], [ 127.120747262022377, 37.334430213517969 ], [ 127.120739464715172, 37.334500329929753 ], [ 127.120739212943221, 37.334500112789861 ], [ 127.120709983517742, 37.334474736995986 ], [ 127.120596383490494, 37.334364524371445 ], [ 127.120589375899371, 37.334357725274366 ], [ 127.120577196269252, 37.33434816036123 ], [ 127.120258945066283, 37.334285004941542 ], [ 127.120213710871838, 37.334276027962282 ], [ 127.119974364847621, 37.334228531537107 ], [ 127.119966258040634, 37.334224602493215 ], [ 127.119760477011525, 37.334098385372265 ], [ 127.119756702281322, 37.334096789504507 ], [ 127.119744488196275, 37.334091625866222 ], [ 127.119743190527316, 37.334091077257973 ], [ 127.119742803801714, 37.334090984073626 ], [ 127.119738810289604, 37.334090017571441 ], [ 127.119699733196541, 37.33408055721069 ], [ 127.119561302113055, 37.334047044795973 ], [ 127.119556408885558, 37.334045859963169 ], [ 127.119240515231155, 37.333969383284952 ], [ 127.119225346066173, 37.333966866469723 ], [ 127.118880395797063, 37.333933222053737 ], [ 127.118871466506448, 37.333932350493441 ], [ 127.118549071089177, 37.333900902334605 ], [ 127.118516641786798, 37.333897738470256 ], [ 127.11851239737102, 37.333890139615569 ], [ 127.118507466366694, 37.333881027822741 ], [ 127.118507427222411, 37.333880955585578 ], [ 127.11850129489261, 37.33386988120558 ], [ 127.118477890100024, 37.333871305643413 ], [ 127.11844866626835, 37.333873367520489 ], [ 127.118447575415232, 37.333873444226057 ], [ 127.118251175292741, 37.333887298681866 ], [ 127.118211322712014, 37.333890158185532 ], [ 127.118187881182919, 37.333892147616844 ], [ 127.118165436779236, 37.333892728689932 ], [ 127.118123524619023, 37.333889677434186 ], [ 127.118109069425444, 37.333888848373519 ], [ 127.118058555865147, 37.333890399754786 ], [ 127.118058511836296, 37.333890400513994 ], [ 127.118056949269501, 37.333890448651559 ], [ 127.118044265841917, 37.333890837667759 ], [ 127.118001463514588, 37.333892148910863 ], [ 127.117999729338493, 37.33389220190189 ], [ 127.117872257145549, 37.333896113316726 ], [ 127.117838404517457, 37.333896714268747 ], [ 127.117736849618836, 37.333896813455546 ], [ 127.11744259435045, 37.333419560616598 ], [ 127.117036311389271, 37.333374908479335 ], [ 127.116923610997304, 37.333375016864046 ], [ 127.11677426320729, 37.33346261132202 ], [ 127.116754363371442, 37.333474293736259 ], [ 127.116715211475224, 37.333521019188858 ], [ 127.116715094492164, 37.333521159426205 ], [ 127.116697758752849, 37.3335418477795 ], [ 127.116697130699094, 37.333542596599955 ], [ 127.116408195756392, 37.333887407788275 ], [ 127.116395690841713, 37.333899530556671 ], [ 127.116133126715468, 37.333990733982581 ], [ 127.116124671255051, 37.333995247734748 ], [ 127.115842285153477, 37.334153368236784 ], [ 127.115794727668231, 37.334179997613319 ], [ 127.115601764059903, 37.334292349733808 ], [ 127.115464305546183, 37.334372383356595 ], [ 127.115326311198018, 37.334452729659617 ], [ 127.115311528127251, 37.334466817138441 ], [ 127.115299211262212, 37.334484291031103 ], [ 127.115255216429816, 37.334538954076969 ], [ 127.115145053225376, 37.334675339727013 ], [ 127.115140833462263, 37.334682659681413 ], [ 127.115054382619064, 37.334882102247228 ], [ 127.115049809594851, 37.33488829792114 ], [ 127.114892155184464, 37.335019854206116 ], [ 127.114892234712627, 37.335020196991856 ], [ 127.114892253807255, 37.335021763663647 ], [ 127.114891932096754, 37.335023308494279 ], [ 127.114891278837305, 37.33502478734583 ], [ 127.114890316858919, 37.335026150716473 ], [ 127.114889073437894, 37.335027362639451 ], [ 127.11485691689154, 37.335053625321628 ], [ 127.114841444513416, 37.335066261967881 ], [ 127.114639888231835, 37.335230876651217 ], [ 127.114638540077749, 37.335231816913094 ], [ 127.114637022397901, 37.335232574542665 ], [ 127.114635373674304, 37.335233129834897 ], [ 127.114633637996505, 37.33523347031386 ], [ 127.114631856039878, 37.335233588901033 ], [ 127.11463007072831, 37.335233480327879 ], [ 127.114628330583756, 37.335233148358 ], [ 127.114626676207934, 37.335232600334649 ], [ 127.114625152671891, 37.335231852629761 ], [ 127.11462379602041, 37.335230920684204 ], [ 127.114618449151294, 37.335226610865845 ], [ 127.114536405396308, 37.335284275700388 ], [ 127.11453590350645, 37.335284628310092 ], [ 127.114436755656811, 37.335354315925855 ], [ 127.114380028895923, 37.335382805952385 ], [ 127.114024249416033, 37.335518867468849 ], [ 127.113944361594903, 37.335558114584707 ], [ 127.113767553337851, 37.335644975605227 ], [ 127.113703943035958, 37.335673751107592 ], [ 127.113701832209514, 37.335674600532663 ], [ 127.113381485965974, 37.335729299482672 ], [ 127.113184472917951, 37.335762938850984 ], [ 127.113143575690486, 37.335769176131173 ], [ 127.11306829936693, 37.335802331739941 ], [ 127.113067987090716, 37.335802469532176 ], [ 127.113078501915254, 37.335762759995582 ], [ 127.113040051742885, 37.335753218363223 ], [ 127.113058259270176, 37.335697556014573 ], [ 127.113058386561164, 37.33569716883477 ], [ 127.113067968569027, 37.335667872667734 ], [ 127.113063677973329, 37.335627330504529 ], [ 127.11312408571419, 37.335462558128079 ], [ 127.113150273506022, 37.335407913381914 ], [ 127.113194190414589, 37.335300597294193 ], [ 127.113217404266166, 37.335264523987171 ], [ 127.113281011627521, 37.335199076731065 ], [ 127.113159522510259, 37.335278661384031 ], [ 127.112784698080944, 37.335527171546019 ], [ 127.112784445486454, 37.335527338377169 ], [ 127.112557227082988, 37.335677985949765 ], [ 127.112556634669346, 37.335678377915563 ], [ 127.112455475715379, 37.335745305342584 ], [ 127.112384490710852, 37.335733279966163 ], [ 127.112306889834514, 37.335706234701895 ], [ 127.112295052226912, 37.335702109025789 ], [ 127.11214792275868, 37.335651841430881 ], [ 127.111881019788513, 37.335553826474126 ], [ 127.111751376073627, 37.335505948533708 ], [ 127.111702316071046, 37.335487831014689 ], [ 127.111701253646942, 37.33548501069567 ], [ 127.111700007979238, 37.335482480923048 ], [ 127.111681462646402, 37.335475075560716 ], [ 127.111524832333046, 37.335412534280323 ], [ 127.111500126728671, 37.335401854657867 ], [ 127.111353147145621, 37.335321178299893 ], [ 127.111339729811974, 37.335313873557773 ], [ 127.111215467815654, 37.335218533086156 ], [ 127.111125636609316, 37.335158645408434 ], [ 127.111120339303184, 37.335155272135751 ], [ 127.111069439595568, 37.335098626661079 ], [ 127.110913539752445, 37.334925135326515 ], [ 127.11090365008188, 37.334913043154828 ], [ 127.110901346378597, 37.334907950858188 ], [ 127.110855697467201, 37.334807075304241 ], [ 127.110839452088456, 37.334771180945637 ], [ 127.110816857674408, 37.334718506223162 ], [ 127.11079804688525, 37.334674648684782 ], [ 127.110757588288976, 37.334616957558175 ], [ 127.110734290123077, 37.334595021385333 ], [ 127.110697487772143, 37.334564494729655 ], [ 127.11062307385464, 37.334502768990461 ], [ 127.110579703054796, 37.334469347962091 ], [ 127.110544396346313, 37.334442142381882 ], [ 127.110542057644025, 37.334440338220375 ], [ 127.110504806076733, 37.334407423154403 ], [ 127.110474586918258, 37.334392289443528 ], [ 127.110472514063702, 37.334391250531581 ], [ 127.110470746336659, 37.334390364958544 ], [ 127.110441088359337, 37.334413679921681 ], [ 127.11043023470323, 37.334426524095086 ], [ 127.110428949870965, 37.334448202714754 ], [ 127.110428743131408, 37.334449545099744 ], [ 127.11042828712408, 37.334450847003026 ], [ 127.1104275944151, 37.334452079621542 ], [ 127.110426676423259, 37.334453217754046 ], [ 127.110389494808146, 37.33449244624498 ], [ 127.110388401461663, 37.334493439577891 ], [ 127.110387138368623, 37.334494295341109 ], [ 127.110385732732723, 37.334494991990937 ], [ 127.110384212840074, 37.334495517001017 ], [ 127.110382612607012, 37.33449586056787 ], [ 127.110380967083231, 37.334496011990261 ], [ 127.110364139716566, 37.334496575827359 ], [ 127.11025516600057, 37.334596588078284 ], [ 127.110221510323498, 37.334628912693724 ], [ 127.110198823988569, 37.334650700177782 ], [ 127.110166602977372, 37.334678886732185 ], [ 127.110136119488459, 37.334696543599208 ], [ 127.110116927900094, 37.334707658450391 ], [ 127.110105472940475, 37.334713858295508 ], [ 127.110046989718811, 37.334747141240165 ], [ 127.110017913451074, 37.334757016539186 ], [ 127.109963608089657, 37.334760165445232 ], [ 127.10994950708259, 37.334762431915927 ], [ 127.109898747802944, 37.334775992678367 ], [ 127.109797230308942, 37.334803115944048 ], [ 127.109779784682559, 37.334811016746379 ], [ 127.109763069776875, 37.334821686310939 ], [ 127.109697171697036, 37.334863748464876 ], [ 127.109552369991391, 37.334955668197523 ], [ 127.109535124472529, 37.334976802876163 ], [ 127.109524857858602, 37.335005078832857 ], [ 127.109522294927473, 37.335012137242877 ], [ 127.109515286364697, 37.33503144073547 ], [ 127.10951392378611, 37.335037336713057 ], [ 127.109513658207689, 37.33503848420267 ], [ 127.109511249445333, 37.33504890709483 ], [ 127.109508966755627, 37.335054819866059 ], [ 127.109504223464654, 37.335067212694554 ], [ 127.109501453224652, 37.335102977770298 ], [ 127.109501478469284, 37.335120998368232 ], [ 127.109496753222572, 37.335264887287849 ], [ 127.109491487939437, 37.335283470916046 ], [ 127.109456682468505, 37.335358962506589 ], [ 127.109445781846119, 37.335382345439882 ], [ 127.109429070590522, 37.335406012056048 ], [ 127.109383285036259, 37.335449132848773 ], [ 127.109372542164337, 37.33545730540304 ], [ 127.109315465675337, 37.335487767679872 ], [ 127.109243797009228, 37.335523310623174 ], [ 127.10924187977696, 37.335524261563215 ], [ 127.109240173057188, 37.335525107736316 ], [ 127.109239185016179, 37.335525597531294 ], [ 127.10923811095364, 37.335526131210052 ], [ 127.109221593505481, 37.335559654193013 ], [ 127.109192925772035, 37.335610652776253 ], [ 127.10916829869727, 37.335654589719702 ], [ 127.109163589441664, 37.335661920460609 ], [ 127.109141022045364, 37.335661941455733 ], [ 127.10914101124132, 37.335752043983007 ], [ 127.109136975715117, 37.335762463294706 ], [ 127.109126573346259, 37.335764166801013 ], [ 127.109064539464967, 37.335784206974431 ], [ 127.109043386258179, 37.33578732618102 ], [ 127.108997392307913, 37.335803703807265 ], [ 127.108986882944208, 37.335805575506825 ], [ 127.108986834356728, 37.335805584360124 ], [ 127.108983124834921, 37.335806245435833 ], [ 127.108926294942819, 37.335805174243653 ], [ 127.108870053218808, 37.335804098658919 ], [ 127.108836199935382, 37.335803560382601 ], [ 127.108768500412268, 37.335802214309645 ], [ 127.108746834005288, 37.335801110574778 ], [ 127.108669357942887, 37.33579724789395 ], [ 127.108667138269809, 37.33579752448874 ], [ 127.108646159793963, 37.335803733252561 ], [ 127.108555390169684, 37.335819872450564 ], [ 127.108552919540401, 37.335820433050955 ], [ 127.108511496380899, 37.335830048088212 ], [ 127.108386889182214, 37.33586478796159 ], [ 127.108286953516014, 37.335887124290053 ], [ 127.108278316645055, 37.33589078957479 ], [ 127.108140550013758, 37.335964411075587 ], [ 127.108122397664786, 37.335974843086568 ], [ 127.108039430363661, 37.336027293929412 ], [ 127.107951873173448, 37.336081434926491 ], [ 127.107950282371135, 37.33608256179599 ], [ 127.107939527758603, 37.336096855492755 ], [ 127.107934043031008, 37.336104144854446 ], [ 127.107852969030645, 37.336211882945378 ], [ 127.107821823440204, 37.336258088417814 ], [ 127.107713939975326, 37.336394127593955 ], [ 127.107709986664887, 37.336399112671465 ], [ 127.107704954974125, 37.336405457068871 ], [ 127.107689114597775, 37.336422365024312 ], [ 127.107506080903022, 37.336566398866907 ], [ 127.107485340749577, 37.336582719962152 ], [ 127.107467374327229, 37.336596858987001 ], [ 127.107319611176962, 37.336713275706174 ], [ 127.107228726709934, 37.336784592742859 ], [ 127.107117940449058, 37.336867476908282 ], [ 127.107018423289915, 37.336941333161789 ], [ 127.107002223494973, 37.336951772385198 ], [ 127.106690538482638, 37.337115071911718 ], [ 127.106499012473094, 37.337214634009555 ], [ 127.10603335557046, 37.337463394663921 ], [ 127.106030741869091, 37.337464748855822 ], [ 127.105978384035396, 37.337491880175499 ], [ 127.105967622685398, 37.337496116002782 ], [ 127.105864021436346, 37.337544916271405 ], [ 127.105810453976559, 37.337568894945804 ], [ 127.105506491445794, 37.337705161959214 ], [ 127.10471812179955, 37.338058946622454 ], [ 127.10463744537762, 37.338093216346138 ], [ 127.104629129372412, 37.338096750832023 ], [ 127.104623056284865, 37.338102912239719 ], [ 127.104621903186626, 37.338104081088993 ], [ 127.104618737266463, 37.338107183894962 ], [ 127.104579846582254, 37.338161837436857 ], [ 127.104575572544249, 37.338167864238748 ], [ 127.104548872889339, 37.338205509706476 ], [ 127.104530914723355, 37.338226076989436 ], [ 127.104516661170223, 37.338242426450449 ], [ 127.104506620097595, 37.338252002557482 ], [ 127.104474213993427, 37.33827991019146 ], [ 127.104384931766049, 37.338361916296861 ], [ 127.104368367372487, 37.338371789668876 ], [ 127.104228425134579, 37.338413304551004 ], [ 127.104224785337777, 37.338414414600102 ], [ 127.104110960420627, 37.338405805022646 ], [ 127.103965897222707, 37.338427325048023 ], [ 127.103953220642623, 37.338431841821674 ], [ 127.103889436710816, 37.338471884166104 ], [ 127.103872178983863, 37.338484569272779 ], [ 127.103790458439761, 37.338553900620987 ], [ 127.103780071976104, 37.338566019218995 ], [ 127.103722002816951, 37.33865110752452 ], [ 127.103714260961951, 37.338666314107748 ], [ 127.103662432882487, 37.338802640014585 ], [ 127.103657342183297, 37.338819258932318 ], [ 127.103651378720855, 37.338838690854352 ], [ 127.103619971550515, 37.338954164892058 ], [ 127.103605675568403, 37.338995493294028 ], [ 127.103605551766307, 37.338995850729262 ], [ 127.103587822464945, 37.339047107203477 ], [ 127.103562343670347, 37.339105983258996 ], [ 127.103519255615637, 37.339187672052311 ], [ 127.103499201526745, 37.339228233894019 ], [ 127.103475466461305, 37.339278368728046 ], [ 127.103439244866934, 37.339353302985636 ], [ 127.103420253089624, 37.339386550024862 ], [ 127.103408764018695, 37.33940414982262 ], [ 127.103354969604823, 37.339486555317798 ], [ 127.103345987886144, 37.339496421515776 ], [ 127.103317821065474, 37.339527980128047 ], [ 127.103282771762892, 37.339554482318633 ], [ 127.103201899508818, 37.339600440460067 ], [ 127.10312470607586, 37.339630359015246 ], [ 127.102992187906978, 37.339687345266384 ], [ 127.10297668544041, 37.339698062094925 ], [ 127.102911870106212, 37.339753585338258 ], [ 127.102863967422451, 37.339796424236589 ], [ 127.102858513559539, 37.33980178088995 ], [ 127.10284125526907, 37.339822628786315 ], [ 127.102836332504523, 37.339829390678553 ], [ 127.102829641360628, 37.339840100110244 ], [ 127.102812218508063, 37.33986432494072 ], [ 127.102797082146367, 37.339889115402684 ], [ 127.102789342774301, 37.339897574158918 ], [ 127.102744938394025, 37.339943219948935 ], [ 127.102739156856259, 37.339949484092749 ], [ 127.102687212956326, 37.340005495713918 ], [ 127.102629643171056, 37.340067780085086 ], [ 127.102600955415653, 37.340098477752491 ], [ 127.102600647735699, 37.34009880752739 ], [ 127.102541960785047, 37.340161615412399 ], [ 127.10249230635776, 37.340210934639778 ], [ 127.102441410919994, 37.340261370097423 ], [ 127.102408672282891, 37.340302792307192 ], [ 127.102389008574889, 37.340344084483526 ], [ 127.10236172136014, 37.340401385776062 ], [ 127.102348468168998, 37.340429107502402 ], [ 127.102338157846191, 37.340450672742314 ], [ 127.102330782728686, 37.340470961570631 ], [ 127.102327541063573, 37.340551768876416 ], [ 127.102328174652499, 37.340581910624714 ], [ 127.102328198163463, 37.340583018506209 ], [ 127.102328297084597, 37.34058780970129 ], [ 127.102337727694632, 37.340650873467659 ], [ 127.102339341821718, 37.34067790242247 ], [ 127.102389571413681, 37.341047846499471 ], [ 127.102391728898354, 37.341083597278164 ], [ 127.102399267667082, 37.341139775304875 ], [ 127.102399632666504, 37.341142493306428 ], [ 127.102399637015921, 37.341142524869504 ], [ 127.102424145694158, 37.341325160262464 ], [ 127.102442306641592, 37.341462550921648 ], [ 127.10244839335499, 37.341523923251586 ], [ 127.102450260726172, 37.34160529395411 ], [ 127.102442354287092, 37.341758483018914 ], [ 127.102440737412451, 37.341866887166944 ], [ 127.102437781246053, 37.341900397940179 ], [ 127.102408505161307, 37.342027124430068 ], [ 127.102407136990465, 37.342032666054067 ], [ 127.102407037772096, 37.342033069541166 ], [ 127.102376405955454, 37.342156962016169 ], [ 127.102318621298238, 37.342322574853426 ], [ 127.102301560536546, 37.342358063619223 ], [ 127.102292517994968, 37.342377659076156 ], [ 127.102276682719264, 37.342411968439237 ], [ 127.102276454323615, 37.34241246163036 ], [ 127.10226113064212, 37.342445665810288 ], [ 127.102196555941788, 37.342554970570802 ], [ 127.102175147026415, 37.342591383037558 ], [ 127.102174612748442, 37.342592290738324 ], [ 127.10214272434456, 37.342646523492917 ], [ 127.102065450672185, 37.342747674808706 ], [ 127.101960342469553, 37.342866024592439 ], [ 127.101910514854509, 37.342923786237357 ], [ 127.101898199900432, 37.342946889656851 ], [ 127.101875504132082, 37.342989419941986 ], [ 127.101859152618331, 37.343023510273838 ], [ 127.101865858555115, 37.343024620813324 ], [ 127.101874322656343, 37.343026308747106 ], [ 127.101873990295275, 37.343027461401292 ], [ 127.101864637294071, 37.343059849133311 ], [ 127.10184993330013, 37.343110765750559 ], [ 127.101729317615565, 37.343095083089324 ], [ 127.101175366559744, 37.343023059431786 ], [ 127.101161676905022, 37.343021279016291 ], [ 127.10073696466813, 37.342983186202019 ], [ 127.100726588606179, 37.342982256108471 ], [ 127.100066740567826, 37.342923083216604 ], [ 127.099965311363022, 37.342923167543482 ], [ 127.100078151579979, 37.3429140655781 ], [ 127.100168295441762, 37.342913988984698 ], [ 127.100213562435911, 37.342904946937644 ], [ 127.100472997377281, 37.342913732113232 ], [ 127.100540572697753, 37.342922648751752 ], [ 127.100529236771521, 37.342877645793571 ], [ 127.100506573774453, 37.342805582869914 ], [ 127.100483895325951, 37.342724510547185 ], [ 127.100303295214587, 37.34269763236275 ], [ 127.100292001222599, 37.34268862993251 ], [ 127.100156494222745, 37.342625672703875 ], [ 127.100145348924912, 37.342625681005295 ], [ 127.100077510339375, 37.342634746780945 ], [ 127.100054952916366, 37.342643777215976 ], [ 127.099930862770663, 37.342679921422693 ], [ 127.099851898748696, 37.342698002954876 ], [ 127.09944679178642, 37.342690452151537 ], [ 127.099389321239187, 37.342689382310333 ], [ 127.099389135624151, 37.342653339808891 ], [ 127.09937886829178, 37.342620690232593 ], [ 127.099377804698747, 37.342617308240449 ], [ 127.099373412392069, 37.342616144100745 ], [ 127.099315192978906, 37.342600702711863 ], [ 127.099310069006947, 37.342599343195367 ], [ 127.099310034243885, 37.342572313250045 ], [ 127.099281345020486, 37.342569282070443 ], [ 127.099141006355808, 37.342554461095936 ], [ 127.099141158380291, 37.342671564121687 ], [ 127.09915054289749, 37.342675300611141 ], [ 127.099163742052625, 37.342680557139985 ], [ 127.099175083697219, 37.342725599908725 ], [ 127.099208666421291, 37.342725571266016 ], [ 127.099307493882634, 37.342734257362089 ], [ 127.099310242792427, 37.342734498328433 ], [ 127.099411845409463, 37.342761443173913 ], [ 127.099450901591624, 37.342771800724215 ], [ 127.099513448085489, 37.342788390636549 ], [ 127.099569898676421, 37.342806364240559 ], [ 127.099615133700865, 37.342878409090133 ], [ 127.099648964176794, 37.342896374604777 ], [ 127.09945642738252, 37.342881162820063 ], [ 127.099299738786044, 37.342868784413319 ], [ 127.099148934275036, 37.342856870119064 ], [ 127.0988592615481, 37.342833993629021 ], [ 127.098859101288653, 37.342833983170394 ], [ 127.098858963570052, 37.342833979999256 ], [ 127.09842994465896, 37.342825072776556 ], [ 127.098024106871222, 37.34281664748729 ], [ 127.097854921342645, 37.342888863833387 ], [ 127.097659234685381, 37.343057406429963 ], [ 127.097658598067866, 37.34307219508694 ], [ 127.09765854393811, 37.343073453235924 ], [ 127.097569600023974, 37.343147572640738 ], [ 127.097328983685827, 37.343351913564106 ], [ 127.097274690307984, 37.343396805197941 ], [ 127.09703516045218, 37.343594857545014 ], [ 127.096678981315549, 37.343887131915558 ], [ 127.096548810229834, 37.343990574437001 ], [ 127.096372469881047, 37.344128967326931 ], [ 127.096303948576434, 37.344182767922099 ], [ 127.096230311620587, 37.344240584712779 ], [ 127.096064711556181, 37.344369679955257 ], [ 127.095922195958721, 37.34448081260188 ], [ 127.095921719786119, 37.344481184148634 ], [ 127.095750612989136, 37.344614611117095 ], [ 127.095498886627752, 37.344818947236028 ], [ 127.095487782990702, 37.344827966380194 ], [ 127.095454140890197, 37.344855303905753 ], [ 127.095245213246173, 37.345021879001649 ], [ 127.094841967410531, 37.345339808650841 ], [ 127.094826811191751, 37.345349109506479 ], [ 127.094534762268367, 37.345459434368593 ], [ 127.094531758271174, 37.345460004564174 ], [ 127.094390897619462, 37.345481793996285 ], [ 127.094385075621872, 37.345482358131818 ], [ 127.094176859935814, 37.34551462299455 ], [ 127.094136308906698, 37.345521972581068 ], [ 127.094075657350956, 37.345531318256263 ], [ 127.093861265901552, 37.345558507310265 ], [ 127.093857914154029, 37.345559078097601 ], [ 127.093462496895526, 37.345731118304215 ], [ 127.093307498868427, 37.345798555334156 ], [ 127.093268380938298, 37.345816049219536 ], [ 127.093207118789735, 37.345846011511938 ], [ 127.093308408499794, 37.345850955923893 ], [ 127.093310354820133, 37.345851187059516 ], [ 127.09331221955685, 37.345851682020232 ], [ 127.093313946322979, 37.345852428894176 ], [ 127.093315488960698, 37.345853403185338 ], [ 127.093316793428514, 37.345854576764971 ], [ 127.093317822673512, 37.345855911647597 ], [ 127.093318548674688, 37.345857369878821 ], [ 127.09331894457425, 37.345858907198455 ], [ 127.093319001602623, 37.345860474901563 ], [ 127.093313786079008, 37.345932381119503 ], [ 127.093313509121259, 37.345933910717669 ], [ 127.093312910732593, 37.34593537701538 ], [ 127.093312004665293, 37.345936742201722 ], [ 127.093310820496995, 37.345937964914718 ], [ 127.093309392306949, 37.345939006511962 ], [ 127.093307764272183, 37.34593984010381 ], [ 127.093305980574542, 37.345940437899245 ], [ 127.093304095484086, 37.345940785662656 ], [ 127.093302163270863, 37.345940869158483 ], [ 127.093203760437262, 37.345938421586908 ], [ 127.093168190461114, 37.345937588977897 ], [ 127.093144815430989, 37.346001979190312 ], [ 127.093138662880875, 37.346018599384735 ], [ 127.093113717096074, 37.346099142399844 ], [ 127.0930796332851, 37.346200534539783 ], [ 127.093078067307417, 37.346223341382526 ], [ 127.093077023459728, 37.346235172965407 ], [ 127.093091622548684, 37.346342995369469 ], [ 127.093103738450239, 37.34645111660091 ], [ 127.093104063417456, 37.346453454106197 ], [ 127.093119298418699, 37.34656291560372 ], [ 127.093141550190296, 37.34662262049266 ], [ 127.093141929680144, 37.346624060406754 ], [ 127.093142010959312, 37.346625527238146 ], [ 127.093141790810932, 37.346626989427335 ], [ 127.09314127738611, 37.346628401031765 ], [ 127.093140482154993, 37.346629728739664 ], [ 127.093139429031126, 37.346630934775163 ], [ 127.09313814415205, 37.346631987679658 ], [ 127.093136660410011, 37.346632859623391 ], [ 127.093135019705031, 37.346633527314481 ], [ 127.093133265027205, 37.346633974675882 ], [ 127.093129289129834, 37.346634706446181 ], [ 127.093140216798545, 37.346713223031585 ], [ 127.093138810535322, 37.346717730523658 ], [ 127.093136884144371, 37.346737446181187 ], [ 127.093118222855253, 37.346762238565091 ], [ 127.093107900308368, 37.346777257075978 ], [ 127.093129100608877, 37.346824270467117 ], [ 127.093263394353983, 37.346797230141355 ], [ 127.093265272142531, 37.346796984209981 ], [ 127.093267174522509, 37.346796993454817 ], [ 127.093269047305952, 37.346797256788143 ], [ 127.093270839716212, 37.346797768627134 ], [ 127.093272498777068, 37.346798512564703 ], [ 127.093273976052544, 37.346799467702468 ], [ 127.093275232163222, 37.346800608666356 ], [ 127.093276230036253, 37.346801901076326 ], [ 127.093318245272513, 37.34686819989701 ], [ 127.093320121571779, 37.34687116108401 ], [ 127.093320814251669, 37.346872519146807 ], [ 127.093321222025139, 37.346873949242287 ], [ 127.093321336078716, 37.346875410777855 ], [ 127.093321149818152, 37.346876870379667 ], [ 127.093320670250947, 37.346878284805356 ], [ 127.093319911109987, 37.346879619849574 ], [ 127.093318889544506, 37.346880835910312 ], [ 127.093317635054788, 37.346881906047486 ], [ 127.093316178294486, 37.346882798818008 ], [ 127.093314560020147, 37.346883493630202 ], [ 127.093312822136667, 37.34688396629069 ], [ 127.092994594255188, 37.346948411501131 ], [ 127.09298920314302, 37.346958022438457 ], [ 127.092964721735314, 37.346985079781106 ], [ 127.092904197262826, 37.347019576604922 ], [ 127.092887549113712, 37.347029065871524 ], [ 127.09288727730187, 37.347029221776971 ], [ 127.092886315745716, 37.347029777325936 ], [ 127.092797145065049, 37.347081221581064 ], [ 127.092247934383082, 37.347306967155056 ], [ 127.092247463650921, 37.347307161132896 ], [ 127.092093003142907, 37.347370649432627 ], [ 127.091888018827675, 37.347457251396001 ], [ 127.091496229083063, 37.347622894022322 ], [ 127.091494317732469, 37.34762370317452 ], [ 127.091438807242255, 37.347647170998165 ], [ 127.091058035517023, 37.347808154906389 ], [ 127.091054155236264, 37.347809561172241 ], [ 127.090526525302778, 37.347943150022708 ], [ 127.09003131317327, 37.348063466017393 ], [ 127.090004695406066, 37.348069116485206 ], [ 127.089821641565848, 37.348100827175273 ], [ 127.089821482219691, 37.348100854565644 ], [ 127.089632498474955, 37.348133590907899 ], [ 127.089465542107817, 37.34816017933742 ], [ 127.08944226545583, 37.348166395624105 ], [ 127.089202683091301, 37.348279030985623 ], [ 127.089201514912475, 37.348279579477214 ], [ 127.089196929334321, 37.348281736789488 ], [ 127.088946103248574, 37.348439273768221 ], [ 127.088937303682386, 37.348444801123357 ], [ 127.088821241557, 37.348517695587155 ], [ 127.088170689842201, 37.348971775185277 ], [ 127.088165050004534, 37.34897572614571 ], [ 127.087850248653481, 37.349265408905332 ], [ 127.087656822668535, 37.349440401867511 ], [ 127.087353470446146, 37.349715712763299 ], [ 127.08734975758145, 37.349719094421808 ], [ 127.087220601803651, 37.349987618427484 ], [ 127.087212434749134, 37.350004597230701 ], [ 127.087165909510773, 37.350101324571696 ], [ 127.087149877986349, 37.350134655862426 ], [ 127.087149687250573, 37.350135053608184 ], [ 127.087076892633974, 37.35028637795817 ], [ 127.087052443942738, 37.350344393980869 ], [ 127.087031700407195, 37.350394253695683 ], [ 127.086839888308447, 37.350916695390971 ], [ 127.086836016699579, 37.350924304866716 ], [ 127.086658933305657, 37.351188708225067 ], [ 127.086658653253437, 37.351189126389663 ], [ 127.086635839233637, 37.351223191065991 ], [ 127.086620865274995, 37.351237564476868 ], [ 127.086556151964544, 37.351278294466333 ], [ 127.08655411140127, 37.351279579016577 ], [ 127.086085666291453, 37.351574419280041 ], [ 127.086084192220909, 37.351575347955098 ], [ 127.085950853147637, 37.351659271511288 ], [ 127.085934461926882, 37.351666040312359 ], [ 127.085795442666921, 37.351686744236744 ], [ 127.085794251606018, 37.351686922145632 ], [ 127.085159335566132, 37.351781471581042 ], [ 127.085145230341311, 37.351783176206645 ], [ 127.084312776853423, 37.351850205715024 ], [ 127.084300081361093, 37.351850772239857 ], [ 127.083633459342039, 37.351840549685747 ], [ 127.083328009006024, 37.351837940027707 ], [ 127.083323074756109, 37.351837944280724 ], [ 127.083176853539243, 37.351782579089061 ], [ 127.08266717602902, 37.351596247358025 ], [ 127.082636109340044, 37.351581627290024 ], [ 127.082546594381327, 37.35152763948296 ], [ 127.082544758934844, 37.351526532417175 ], [ 127.082229009984445, 37.351336096658137 ], [ 127.08189760156327, 37.351133314350704 ], [ 127.081849543147925, 37.351046054656749 ], [ 127.081849521144406, 37.351028035931911 ], [ 127.081834784717785, 37.350978867478126 ], [ 127.081800668070954, 37.350865036498654 ], [ 127.081767073857236, 37.350839618612468 ], [ 127.081682068604223, 37.350775303622761 ], [ 127.0816194267951, 37.350730853927629 ], [ 127.081550077167847, 37.350695139211112 ], [ 127.081421851660082, 37.350606615931042 ], [ 127.081233800503725, 37.350476789392268 ], [ 127.081097408736483, 37.350382626641895 ], [ 127.080975094707853, 37.350282184087867 ], [ 127.08071441055489, 37.350010906762058 ], [ 127.080703134295661, 37.350118724500241 ], [ 127.080104325462401, 37.349895613827535 ], [ 127.079441188967039, 37.349656434146596 ], [ 127.079433282634881, 37.349655310857827 ], [ 127.079386534537988, 37.349653626721064 ], [ 127.079385405680782, 37.349653586651989 ], [ 127.078100712741346, 37.349607192160803 ], [ 127.078086438748485, 37.349610853148278 ], [ 127.077684235741302, 37.349785388695679 ], [ 127.077101957366907, 37.350038064636244 ], [ 127.077092740609274, 37.350042900056671 ], [ 127.07709173842494, 37.350043424684337 ], [ 127.07626461507418, 37.350538384285827 ], [ 127.076258458063705, 37.350545426369415 ], [ 127.076238727798611, 37.350566000967838 ], [ 127.076088833219899, 37.350931566896271 ], [ 127.076019604769769, 37.351098000713037 ], [ 127.075987145682959, 37.351176034265258 ], [ 127.07593823462517, 37.351293763419889 ], [ 127.075612955913996, 37.352096156205931 ], [ 127.075537631843702, 37.352259513949377 ], [ 127.075483786263689, 37.352377237804092 ], [ 127.07534759357047, 37.352692402351494 ], [ 127.075342675466146, 37.352706768959628 ], [ 127.075268166710728, 37.352988940673043 ], [ 127.075173444196651, 37.353323504700462 ], [ 127.075166047704101, 37.353342655049531 ], [ 127.075121041437569, 37.353417989597226 ], [ 127.075101257470436, 37.353451107438822 ], [ 127.074896288118978, 37.353765744909616 ], [ 127.074831826208367, 37.353857291993251 ], [ 127.074647465930838, 37.35414854370071 ], [ 127.074645181279109, 37.354152214026925 ], [ 127.074557853350186, 37.354306001204911 ], [ 127.074500114381564, 37.354413600656628 ], [ 127.074465950288555, 37.354476692603747 ], [ 127.074386732650211, 37.354620624262381 ], [ 127.074294840149051, 37.354791307442781 ], [ 127.074249949637618, 37.354872427123865 ], [ 127.074233055279805, 37.354906791906743 ], [ 127.074194686110275, 37.354998603797007 ], [ 127.074150884286311, 37.355107033828084 ], [ 127.0740745304347, 37.355296862230425 ], [ 127.074010476912463, 37.355451202389759 ], [ 127.074009419258999, 37.355453733267481 ], [ 127.073954562047192, 37.355499682860362 ], [ 127.073418375520603, 37.355948808360523 ], [ 127.073195102895951, 37.356140411077071 ], [ 127.073190177186675, 37.356144640616321 ], [ 127.072942445773549, 37.356397353920215 ], [ 127.072505133200877, 37.35684249645707 ], [ 127.072478863684523, 37.356865604888256 ], [ 127.072342794780724, 37.356973771905388 ], [ 127.072261927767087, 37.357038054508124 ], [ 127.072139267477041, 37.357135267505598 ], [ 127.072143260446396, 37.357137629146742 ], [ 127.072151849609938, 37.35714270885358 ], [ 127.072183030374546, 37.357161145821202 ], [ 127.072179552668885, 37.357163297460957 ], [ 127.072100014465008, 37.357212446950044 ], [ 127.07190636184086, 37.357348512022618 ], [ 127.071840923487926, 37.357394489922804 ], [ 127.071838453841437, 37.357395897955705 ], [ 127.071760705559186, 37.357431424800076 ], [ 127.071544574852169, 37.35753037822915 ], [ 127.071422055190851, 37.357585079113335 ], [ 127.071219149519365, 37.357677553855382 ], [ 127.070906927948059, 37.357817962031753 ], [ 127.070759988876645, 37.357887041717056 ], [ 127.070593307857422, 37.357965400485881 ], [ 127.070579902093456, 37.35797131896593 ], [ 127.070597907632447, 37.357986516725376 ], [ 127.070335744586615, 37.358086350022297 ], [ 127.069978192160306, 37.358227342813031 ], [ 127.069964267847908, 37.358232693270075 ], [ 127.069640730273505, 37.358345227684474 ], [ 127.069312786553141, 37.358461143374647 ], [ 127.069085401776405, 37.358538930128141 ], [ 127.069085036326598, 37.358539054990246 ], [ 127.068964038126126, 37.358580449053456 ], [ 127.068903390318354, 37.358602162254783 ], [ 127.068839379662123, 37.358623877589224 ], [ 127.068790015207256, 37.358638826429726 ], [ 127.068530814698875, 37.358711900881524 ], [ 127.068523937743237, 37.358713878666087 ], [ 127.068241992945261, 37.358786398994482 ], [ 127.067954576335751, 37.35886427450135 ], [ 127.06790379162274, 37.358877537608038 ], [ 127.067741220484734, 37.358920428070689 ], [ 127.067623981306639, 37.358952755780059 ], [ 127.067609325554429, 37.358956821520401 ], [ 127.067602123121915, 37.358958836820811 ], [ 127.067292645586917, 37.359045415831403 ], [ 127.067281711153143, 37.359048792066574 ], [ 127.06713273170871, 37.359113707989572 ], [ 127.067032595725706, 37.359157340627767 ], [ 127.066624990217989, 37.359344526889501 ], [ 127.066600298329902, 37.359352424461946 ], [ 127.066425903952279, 37.359392498941531 ], [ 127.066268839173844, 37.359428336218691 ], [ 127.06617850096579, 37.359448948524957 ], [ 127.066042379288561, 37.359483098305951 ], [ 127.065877498456601, 37.359522319917517 ], [ 127.065850524444571, 37.359528813618994 ], [ 127.065596077864839, 37.359595401905494 ], [ 127.065470201815671, 37.359628654821478 ], [ 127.065464749496101, 37.35963009502948 ], [ 127.065240413673564, 37.359689353159034 ], [ 127.06500937233379, 37.359750531383035 ], [ 127.065008073990327, 37.359750875442913 ], [ 127.064942066638181, 37.359768352936449 ], [ 127.064934478727878, 37.359770609127487 ], [ 127.064630152077584, 37.359879463301695 ], [ 127.064168367430909, 37.360043577186048 ], [ 127.064163436412088, 37.360045273444065 ], [ 127.063942516047177, 37.360134087156325 ], [ 127.063817333154162, 37.360186799876338 ], [ 127.063477319315851, 37.360323521767647 ], [ 127.063472455641943, 37.360325477842984 ], [ 127.063186303326944, 37.360440540967105 ], [ 127.063178340120885, 37.360441674340947 ], [ 127.06297174508633, 37.360444446426264 ], [ 127.062850883103181, 37.360446067581009 ], [ 127.062488078584408, 37.360445976406915 ], [ 127.062461741087887, 37.360442897218142 ], [ 127.06246063744058, 37.360442767843715 ], [ 127.062039383663119, 37.360393272514088 ], [ 127.062031321815013, 37.360392723468557 ], [ 127.061058195686925, 37.360685194701809 ], [ 127.061055552250664, 37.360685754564962 ], [ 127.060716599277939, 37.360728155533678 ], [ 127.060377465194748, 37.360770565673185 ], [ 127.060356511043224, 37.360771701951769 ], [ 127.0599161159342, 37.360774453074789 ], [ 127.05954396630537, 37.360779417207816 ], [ 127.059491558497598, 37.360779133709102 ], [ 127.059307266813946, 37.360778128145249 ], [ 127.058979911114051, 37.360769558198257 ], [ 127.05862997836789, 37.360761005860049 ], [ 127.058134358627242, 37.360746036748736 ], [ 127.058131927869937, 37.360745757254023 ], [ 127.057954482841396, 37.360731479792058 ], [ 127.057739631550248, 37.360706245639292 ], [ 127.057721285112819, 37.36070174945857 ], [ 127.057211977188857, 37.360537833415172 ], [ 127.056850678217046, 37.360420871066744 ], [ 127.056828445109829, 37.360412716804909 ], [ 127.056037173997652, 37.360081960590833 ], [ 127.055732312748859, 37.359955956673858 ], [ 127.055727028256214, 37.359953986237471 ], [ 127.055547610177769, 37.359946470734087 ], [ 127.055374606395816, 37.359956337862286 ], [ 127.055258361236341, 37.359962957757645 ], [ 127.055238954470838, 37.359964062892956 ], [ 127.055228524240817, 37.359963785709439 ], [ 127.055051995172292, 37.359994839587124 ], [ 127.054527237419876, 37.360084846766689 ], [ 127.054291567337941, 37.360125269255576 ], [ 127.054288925001856, 37.360125828971618 ], [ 127.054277985395387, 37.360132055951382 ], [ 127.054277610352287, 37.360132269968126 ], [ 127.053937912938054, 37.360325616463363 ], [ 127.053932929794897, 37.360328446034536 ], [ 127.053932798363206, 37.360328520353512 ], [ 127.053667457290288, 37.360479197457614 ], [ 127.053659528237617, 37.360484263944542 ], [ 127.053545119058938, 37.360573290601103 ], [ 127.053322243947065, 37.36074415317168 ], [ 127.053263250556526, 37.360789379795058 ], [ 127.05310180670854, 37.360916778612093 ], [ 127.05310028073049, 37.360917982499423 ], [ 127.053092960560591, 37.360923759733438 ], [ 127.05309190326679, 37.360926860093628 ], [ 127.052958851559808, 37.361344197697854 ], [ 127.052957447347637, 37.361351524220275 ], [ 127.052935448015617, 37.361685469265247 ], [ 127.052896596427502, 37.362135717000847 ], [ 127.052896947194611, 37.362137122677446 ], [ 127.052898375154669, 37.362143879414639 ], [ 127.053044045669949, 37.362387660249794 ], [ 127.053177018576605, 37.362613704243643 ], [ 127.053178781440437, 37.362620739867253 ], [ 127.053184441387359, 37.362640162559359 ], [ 127.053187974755701, 37.36297768335718 ], [ 127.053189912960008, 37.363162751267758 ], [ 127.053180939197588, 37.363196544368549 ], [ 127.05307382558577, 37.363321649680699 ], [ 127.053072480322456, 37.363323221111685 ], [ 127.052686058039114, 37.363774538985432 ], [ 127.052684223332946, 37.363776375369405 ], [ 127.052682786245384, 37.363777813044265 ], [ 127.052668606217892, 37.363791999421139 ], [ 127.052398018418444, 37.364016811152389 ], [ 127.052369640619304, 37.364035969859472 ], [ 127.052303785859038, 37.36407245095365 ], [ 127.051976663893342, 37.364253657972888 ], [ 127.051971329591225, 37.364256612321739 ], [ 127.051702804569857, 37.364403421212657 ], [ 127.051312785005436, 37.364625096995681 ], [ 127.051215461913841, 37.364680411417218 ], [ 127.05089138705037, 37.36486638174263 ], [ 127.050869525768732, 37.364874553570672 ], [ 127.050865474997295, 37.36487568113882 ], [ 127.050752413372166, 37.364883045094345 ], [ 127.050537760362104, 37.364897217752159 ], [ 127.050507746060504, 37.364899036252417 ], [ 127.0503140708649, 37.364910769767768 ], [ 127.050311760594553, 37.36491090971203 ], [ 127.050303712492735, 37.364911397406992 ], [ 127.050301029871875, 37.364913943521181 ], [ 127.050300265512902, 37.364914669831428 ], [ 127.050285907457507, 37.364928299089819 ], [ 127.050216132788492, 37.365044333419554 ], [ 127.050141674794347, 37.365152776499158 ], [ 127.050141534785979, 37.36515371790864 ], [ 127.050141446672484, 37.365154289949764 ], [ 127.050140939348537, 37.365155658117672 ], [ 127.050140165986633, 37.365156945952286 ], [ 127.050139661085794, 37.365157529928879 ], [ 127.050139149371518, 37.365158120189207 ], [ 127.050137912266536, 37.365159151169536 ], [ 127.050137325159909, 37.365159506784345 ], [ 127.050136733525392, 37.365159864184712 ], [ 127.050133485635484, 37.365164591287076 ], [ 127.050118501818872, 37.365175579805367 ], [ 127.050090204991079, 37.365183654899916 ], [ 127.05001291511978, 37.365223135168108 ], [ 127.050011189726092, 37.365223858721649 ], [ 127.050009332562155, 37.365224332992945 ], [ 127.050007401286166, 37.365224547384862 ], [ 127.050005452427143, 37.365224491295884 ], [ 127.050003543557253, 37.365224168550597 ], [ 127.050001734464033, 37.365223590192961 ], [ 127.050000075890154, 37.365222769035427 ], [ 127.049998619610577, 37.365221734119103 ], [ 127.049997409495219, 37.365220514455025 ], [ 127.049990526271344, 37.365212204585895 ], [ 127.049890844455746, 37.365243528623019 ], [ 127.049843743999475, 37.365256226486217 ], [ 127.049824340283322, 37.365260738857025 ], [ 127.049586104660349, 37.365305735550699 ], [ 127.049564283119764, 37.365309859190539 ], [ 127.049541987887636, 37.365314067554834 ], [ 127.049518706145008, 37.365320834780533 ], [ 127.049500542842836, 37.365322247470175 ], [ 127.049483796585392, 37.365331823042077 ], [ 127.049341347889651, 37.365459717991044 ], [ 127.049298341394916, 37.365499723212544 ], [ 127.049079915179533, 37.365693240798898 ], [ 127.049051716629123, 37.365713526108529 ], [ 127.048857578544855, 37.365825952204339 ], [ 127.048823373561433, 37.36584595855679 ], [ 127.048574590272295, 37.3659879681273 ], [ 127.048553951570241, 37.365998951086752 ], [ 127.048427523112366, 37.366061235139078 ], [ 127.048316610783942, 37.366115330685332 ], [ 127.04811576306011, 37.366208620677881 ], [ 127.047998146659381, 37.366267224249306 ], [ 127.047973774963836, 37.36627865074167 ], [ 127.047972596017985, 37.366279203288641 ], [ 127.047921801628149, 37.366303016500133 ], [ 127.047781257123333, 37.366358258405803 ], [ 127.047676674673866, 37.36639659258806 ], [ 127.047484813062027, 37.366468749669394 ], [ 127.047420807171406, 37.366493552309919 ], [ 127.047356961861624, 37.366519064014504 ], [ 127.047355423409158, 37.366519678276028 ], [ 127.04724022030895, 37.366565712472607 ], [ 127.047231927143173, 37.366574436727774 ], [ 127.047194708792148, 37.366626312864895 ], [ 127.047194132525277, 37.366627115590724 ], [ 127.047174132754961, 37.366654993507765 ], [ 127.047092179155925, 37.366770741351182 ], [ 127.047005467902437, 37.366880583102287 ], [ 127.046997705946978, 37.366891856673476 ], [ 127.046969329738161, 37.3669338207796 ], [ 127.046837861255938, 37.367108442567343 ], [ 127.046828156230816, 37.367127882391387 ], [ 127.046781873128808, 37.36728078452407 ], [ 127.046735382551034, 37.367429470988817 ], [ 127.046722531164619, 37.367457910736832 ], [ 127.04668115156062, 37.367515972245421 ], [ 127.046681079806007, 37.367516072924914 ], [ 127.046629993866503, 37.367587756716418 ], [ 127.046583814654966, 37.36765252949013 ], [ 127.046537648904689, 37.367717304099301 ], [ 127.046516149923335, 37.367749126896477 ], [ 127.04650118891476, 37.36777116324329 ], [ 127.046501063576869, 37.367771347545492 ], [ 127.046480193376723, 37.367802083880385 ], [ 127.046456928049111, 37.367826025443073 ], [ 127.046433832710534, 37.367849116750882 ], [ 127.046395432846197, 37.367886949107692 ], [ 127.046395362410109, 37.367887018243792 ], [ 127.046352918022777, 37.367928834495302 ], [ 127.046344811970144, 37.367948830250562 ], [ 127.0463094539042, 37.3681017290074 ], [ 127.04629820509092, 37.368167066505173 ], [ 127.046293453802946, 37.368185647339935 ], [ 127.046081846455124, 37.36829694897903 ], [ 127.046073383007112, 37.368298079276947 ], [ 127.045943429493789, 37.368313897227871 ], [ 127.045922394604034, 37.368314180630819 ], [ 127.045887999369825, 37.3683082851582 ], [ 127.045710221623025, 37.368297374506412 ], [ 127.045703665105123, 37.368297097838202 ], [ 127.045656229977368, 37.368318227841719 ], [ 127.045530953212435, 37.368381944570302 ], [ 127.045394186998337, 37.368451504813571 ], [ 127.04538448116584, 37.368456014064485 ], [ 127.045360678015314, 37.368463248078804 ], [ 127.04525274801037, 37.368496049882566 ], [ 127.045094196678505, 37.368545097155867 ], [ 127.045090668448793, 37.368549603101052 ], [ 127.045033388659363, 37.368631274881544 ], [ 127.044978231901922, 37.368712954800458 ], [ 127.044962009821546, 37.368731260695533 ], [ 127.044891696293689, 37.368780308218419 ], [ 127.044890651745249, 37.368781037020398 ], [ 127.044839635624371, 37.368816622753606 ], [ 127.044834569203147, 37.368820001455703 ], [ 127.044581268353738, 37.368811365567957 ], [ 127.0445683867583, 37.368810812095589 ], [ 127.0443780471293, 37.368803277209985 ], [ 127.044242756732856, 37.368801073989644 ], [ 127.044241550057791, 37.368783048967948 ], [ 127.044197199658271, 37.368784761943047 ], [ 127.044084354146008, 37.368789306228464 ], [ 127.044055111883708, 37.368791850770116 ], [ 127.044008904395668, 37.368807625241146 ], [ 127.043658815210861, 37.36890631366699 ], [ 127.043627606346206, 37.368917300042682 ], [ 127.043463054414772, 37.368978744773109 ], [ 127.04344930807973, 37.368983533920343 ], [ 127.043348436670257, 37.369020169552222 ], [ 127.043327621021476, 37.369024121952414 ], [ 127.043135182898936, 37.369035165202391 ], [ 127.04306928157115, 37.369038015874928 ], [ 127.043067912419005, 37.369038074583358 ], [ 127.043023486042145, 37.369039995944206 ], [ 127.042977625010877, 37.369041416887569 ], [ 127.042910038846628, 37.369041443250012 ], [ 127.042796993692761, 37.3690324702564 ], [ 127.042740547668032, 37.369032491811751 ], [ 127.042718011108477, 37.369031373503802 ], [ 127.042660545415629, 37.369028765361413 ], [ 127.042658409240232, 37.369028667864804 ], [ 127.042582708124257, 37.369025232913913 ], [ 127.042436403604341, 37.369026963716784 ], [ 127.042355624381671, 37.369032903147449 ], [ 127.042339220128014, 37.369034602770164 ], [ 127.042016632484561, 37.369116931751812 ], [ 127.041883656850601, 37.369158370553002 ], [ 127.041665148236348, 37.369237283417057 ], [ 127.041652270353211, 37.369240938179878 ], [ 127.041356132966527, 37.36930383857522 ], [ 127.041081911411538, 37.369364751896249 ], [ 127.040907993174727, 37.369370716502416 ], [ 127.040901678797482, 37.369371279691521 ], [ 127.040389343466344, 37.369402596732115 ], [ 127.040388388787633, 37.369402655217385 ], [ 127.040313626769134, 37.369407224904919 ], [ 127.039999407488622, 37.369365423159103 ], [ 127.039999166000811, 37.369365390671668 ], [ 127.039920889301513, 37.369354993466551 ], [ 127.039897779492748, 37.369354159029633 ], [ 127.039713137867324, 37.369370831810286 ], [ 127.039501122026024, 37.369384974817969 ], [ 127.039496890149678, 37.369386101289592 ], [ 127.039327047782436, 37.369442470125158 ], [ 127.038954921911895, 37.369578300125426 ], [ 127.038667065970131, 37.369627388087714 ], [ 127.038437825328941, 37.369659738355665 ], [ 127.038437673863271, 37.36965975939767 ], [ 127.03834710746284, 37.36967253901819 ], [ 127.038331246152751, 37.369675354307581 ], [ 127.038278502685543, 37.369697338561274 ], [ 127.038269317834164, 37.369711095603321 ], [ 127.038247660859923, 37.36974352559065 ], [ 127.038145206549018, 37.369804376046616 ], [ 127.038056679283827, 37.369858464582279 ], [ 127.038000777266902, 37.369886069991722 ], [ 127.037891619485606, 37.36995284314002 ], [ 127.037849293892947, 37.36997396652496 ], [ 127.03779797724242, 37.370004111812406 ], [ 127.03773820487929, 37.37003848574782 ], [ 127.03754844883666, 37.370148920002329 ], [ 127.037480224651532, 37.370192004132214 ], [ 127.037468171824912, 37.370191454028458 ], [ 127.037292780731917, 37.370184398853922 ], [ 127.037273229104841, 37.370183612076247 ], [ 127.03727228968809, 37.370183574148555 ], [ 127.037266720927079, 37.370183350452571 ], [ 127.037260332516851, 37.37018308028334 ], [ 127.037241224148971, 37.370190847515751 ], [ 127.037239700188593, 37.370191467109905 ], [ 127.036929652072104, 37.370317486804446 ], [ 127.036759101983691, 37.370387647465584 ], [ 127.036700554619344, 37.370411306475262 ], [ 127.036652048263164, 37.370424557814474 ], [ 127.036415863869522, 37.370446873446305 ], [ 127.036325552309151, 37.370456757284138 ], [ 127.036167510474726, 37.370474823174121 ], [ 127.03598781068338, 37.370489514754929 ], [ 127.035984498680222, 37.370489800117454 ], [ 127.035700552657815, 37.370599409326402 ], [ 127.03559013858191, 37.370640834044728 ], [ 127.035579561886649, 37.370643936522299 ], [ 127.035463337856513, 37.370668179665074 ], [ 127.035455435350102, 37.370669850429103 ], [ 127.035454159746152, 37.370670117635136 ], [ 127.035342231022, 37.370627109449856 ], [ 127.035306404163848, 37.370609938044915 ], [ 127.035297055832231, 37.370604318176092 ], [ 127.035177777702614, 37.370544938965025 ], [ 127.035152594370274, 37.370534530021629 ], [ 127.035029821630928, 37.370532873829809 ], [ 127.034916960496204, 37.370534867408878 ], [ 127.034912027777054, 37.370535158086113 ], [ 127.034773414879368, 37.370610936261386 ], [ 127.034695637707216, 37.370655801082073 ], [ 127.034695144668191, 37.370656084879379 ], [ 127.034690887492673, 37.370658541513606 ], [ 127.03468030271371, 37.370669529138304 ], [ 127.034663723578404, 37.370681354895645 ], [ 127.034646468094252, 37.370707964202985 ], [ 127.034645585529205, 37.370709326318917 ], [ 127.034612774618779, 37.37075992770189 ], [ 127.03454103693123, 37.370875396825085 ], [ 127.034538566269177, 37.370879344153472 ], [ 127.034506849574285, 37.37094804498475 ], [ 127.034465412201627, 37.370984376901774 ], [ 127.034254287221017, 37.371044985459093 ], [ 127.03400771380187, 37.371120503391133 ], [ 127.033973679456267, 37.371129244263187 ], [ 127.033875245388671, 37.371151517017921 ], [ 127.03362514489487, 37.37121888260382 ], [ 127.033611214908547, 37.371221427249132 ], [ 127.033413657981754, 37.37124653743799 ], [ 127.033289118936324, 37.371263466101787 ], [ 127.03315366294045, 37.371280955466588 ], [ 127.033115033022113, 37.371286029171209 ], [ 127.033083459890619, 37.371292515239553 ], [ 127.033015729574913, 37.371310554828213 ], [ 127.032980986495815, 37.371321546061338 ], [ 127.03293319549239, 37.371344364121796 ], [ 127.032870231170861, 37.371365501556525 ], [ 127.032699669604384, 37.371422139218531 ], [ 127.032541820399871, 37.371478772795648 ], [ 127.032474440821744, 37.371497938379271 ], [ 127.032323972360771, 37.371523034570586 ], [ 127.032220009849098, 37.371531504711839 ], [ 127.032201561643987, 37.37152758015575 ], [ 127.032169100937338, 37.371518010723371 ], [ 127.03213522444284, 37.371499998780315 ], [ 127.032118603597112, 37.371485168452615 ], [ 127.032118075700353, 37.371484697647539 ], [ 127.032103997732733, 37.371472138034235 ], [ 127.032095780701169, 37.371464052612481 ], [ 127.031935305080665, 37.371534684209294 ], [ 127.031929623733092, 37.371538571002759 ], [ 127.031928715219522, 37.371539192062457 ], [ 127.031926660003435, 37.371540597289922 ], [ 127.031809567631953, 37.371628189472659 ], [ 127.031748369206753, 37.371663127991347 ], [ 127.031571007129997, 37.371747911474834 ], [ 127.031565974314859, 37.371747393079445 ], [ 127.031562865891132, 37.371747076102118 ], [ 127.031475019245406, 37.371743447118952 ], [ 127.031466022907765, 37.371743723357078 ], [ 127.031397272426716, 37.371756420011721 ], [ 127.03137294357586, 37.371757727963349 ], [ 127.031307837296993, 37.371761226919439 ], [ 127.031298321835905, 37.371764886664344 ], [ 127.031233057352225, 37.371793627148918 ], [ 127.031152099789438, 37.371827427019419 ], [ 127.031142936104189, 37.371830817732786 ], [ 127.031136284581905, 37.37183360726992 ], [ 127.03105668648368, 37.371825900390562 ], [ 127.030953721339358, 37.37181594469304 ], [ 127.030938761854557, 37.371820731174488 ], [ 127.030867858725188, 37.371859879842759 ], [ 127.030857452106503, 37.371866081509303 ], [ 127.03077208909103, 37.371891439362692 ], [ 127.03076379215959, 37.371895109306998 ], [ 127.030716530305682, 37.371915673317631 ], [ 127.030696780429253, 37.371930876917553 ], [ 127.030685312437797, 37.371943557069336 ], [ 127.030650931457174, 37.371985516801509 ], [ 127.030603867265157, 37.372047754067701 ], [ 127.030601215453444, 37.372055358386085 ], [ 127.0305834082302, 37.37207253648387 ], [ 127.030577764701448, 37.372077042608616 ], [ 127.030501041939942, 37.372093611867989 ], [ 127.030500948071619, 37.372093632227092 ], [ 127.030368858123367, 37.372122131273677 ], [ 127.030317918925221, 37.372113484882426 ], [ 127.03031749809648, 37.372113413805103 ], [ 127.030249673953506, 37.372101901549982 ], [ 127.030233301277676, 37.372099655184471 ], [ 127.030129935574351, 37.372103901095656 ], [ 127.030124500708453, 37.372104463596834 ], [ 127.030047119955555, 37.372117680425937 ], [ 127.0300390823773, 37.37211126853348 ], [ 127.0300127603346, 37.372098578895596 ], [ 127.02999621737699, 37.372095205999322 ], [ 127.029962348436783, 37.372095212917301 ], [ 127.029945806234551, 37.372098597649021 ], [ 127.029909650125873, 37.372109299327441 ], [ 127.029854437639656, 37.372120864480308 ], [ 127.029843499661169, 37.37212423722287 ], [ 127.029811281383928, 37.372134462372401 ], [ 127.029793036783659, 37.372140256008251 ], [ 127.029777272368648, 37.372134109030533 ], [ 127.029747858295664, 37.37212680359147 ], [ 127.029655599227013, 37.37213104547488 ], [ 127.029651755182385, 37.372131329445232 ], [ 127.02961912921009, 37.372153303286453 ], [ 127.029587916728104, 37.372165412649927 ], [ 127.029580681368103, 37.372169081324856 ], [ 127.029528655246352, 37.372191617954243 ], [ 127.029428293804415, 37.372229646235191 ], [ 127.029420358951739, 37.372235001299742 ], [ 127.029409070601616, 37.372244013432166 ], [ 127.029330066723489, 37.372307103794782 ], [ 127.029315079337664, 37.37231668529035 ], [ 127.02925976131452, 37.372320339250265 ], [ 127.029245673173946, 37.372311628143343 ], [ 127.029238614388305, 37.3723040248654 ], [ 127.029208427003425, 37.372249133365166 ], [ 127.02920242999123, 37.372240970048829 ], [ 127.029183893560386, 37.372211403167938 ], [ 127.029172248148242, 37.372196765299989 ], [ 127.029159191846603, 37.372183252142271 ], [ 127.029104486877898, 37.372137087498729 ], [ 127.029086488965874, 37.37212527088176 ], [ 127.029038876926151, 37.372106547160776 ], [ 127.029038641458996, 37.372106454282594 ], [ 127.02901133495817, 37.372095716492652 ], [ 127.028993863013412, 37.372085583927678 ], [ 127.028947822485733, 37.37207545836484 ], [ 127.028856438988726, 37.372059433822166 ], [ 127.028853263604759, 37.372057182149398 ], [ 127.02882697697116, 37.372040852624245 ], [ 127.028809508723171, 37.37202959332415 ], [ 127.028788336775705, 37.372022002296433 ], [ 127.028745980679602, 37.372006245101758 ], [ 127.028710875775246, 37.371984295474931 ], [ 127.028658480575928, 37.371951355835073 ], [ 127.02864140372364, 37.371942351515244 ], [ 127.0280995175995, 37.371955988192191 ], [ 127.027967451902185, 37.371959063085164 ], [ 127.027916266240538, 37.371960251416027 ], [ 127.027913370405898, 37.371964760268405 ], [ 127.027854535073956, 37.372177351593848 ], [ 127.027830910510318, 37.372262673669518 ], [ 127.027775603126386, 37.37247921083911 ], [ 127.027762045291112, 37.372547356769488 ], [ 127.02775312011363, 37.372591754561462 ], [ 127.027752986051922, 37.372592421045887 ], [ 127.027716432694803, 37.372774307470102 ], [ 127.02771537114586, 37.372778253069384 ], [ 127.027704820462063, 37.372848083955333 ], [ 127.027706236723489, 37.372866104551051 ], [ 127.027725503756216, 37.372984079923931 ], [ 127.027897873765994, 37.3740359802241 ], [ 127.027905117482263, 37.37409229297139 ], [ 127.027944147977976, 37.374740169795196 ], [ 127.027944052762933, 37.374947123927178 ], [ 127.027928119549273, 37.37529908435144 ], [ 127.027914997031402, 37.375614162588334 ], [ 127.027917828272848, 37.375631336118452 ], [ 127.02794168624331, 37.375738893580426 ], [ 127.028005107785447, 37.376006086056137 ], [ 127.028005988943292, 37.376007501129976 ], [ 127.028320740110246, 37.376579855203651 ], [ 127.02834510968141, 37.376656715498036 ], [ 127.027995280259745, 37.377148975370837 ], [ 127.027994392087123, 37.377155166091072 ], [ 127.028013082554168, 37.37758708153342 ], [ 127.028020537933614, 37.377758562253931 ], [ 127.028021806302036, 37.377794440327023 ], [ 127.028021813976537, 37.377794657589526 ], [ 127.028038716943911, 37.378272138576612 ], [ 127.028043835280158, 37.378285932045408 ], [ 127.028055667579864, 37.378321690024087 ], [ 127.028171815159098, 37.378483559464918 ], [ 127.028175523849001, 37.378497361725707 ], [ 127.028190731454984, 37.379101040378771 ], [ 127.028191987733905, 37.379173121301108 ], [ 127.028200644923459, 37.379193950606457 ], [ 127.028236312031126, 37.379205818003861 ], [ 127.028740191857565, 37.379373473014653 ], [ 127.029272680887757, 37.379549892977494 ], [ 127.029276566734509, 37.379551294762308 ], [ 127.029612076539166, 37.379548813291535 ], [ 127.029670371828786, 37.379548385337557 ], [ 127.029753776458591, 37.379542174812791 ], [ 127.030707628426853, 37.379443111218485 ], [ 127.030956723861138, 37.379412080702807 ], [ 127.031142852071227, 37.379391119008091 ], [ 127.031142889372703, 37.379391114649032 ], [ 127.031397741827831, 37.379362414453674 ], [ 127.031404589609892, 37.379361590686933 ], [ 127.031942519974464, 37.379600193592694 ], [ 127.03194799470856, 37.379620745024965 ], [ 127.031950116740845, 37.379622437195778 ], [ 127.031914761440717, 37.379893031274982 ], [ 127.031896996452801, 37.380028189147964 ], [ 127.031897879308346, 37.380030440676769 ], [ 127.031901239401492, 37.380043386934105 ], [ 127.032050027590728, 37.380210038255598 ], [ 127.032162975965733, 37.38033671756618 ], [ 127.032168460110654, 37.380349953447606 ], [ 127.032173928154123, 37.380361781314235 ], [ 127.032277223308711, 37.38142409841857 ], [ 127.032271783107461, 37.3814837931169 ], [ 127.032047123276357, 37.382175670086696 ], [ 127.032057178152968, 37.382192841438929 ], [ 127.032057532477495, 37.38219762554575 ], [ 127.033100213567991, 37.383059237177982 ], [ 127.03310533461979, 37.383071335842892 ], [ 127.03313358082265, 37.383118353193211 ], [ 127.033112979891925, 37.383614205640676 ], [ 127.033117399899766, 37.383651929473508 ], [ 127.033118281999961, 37.383658687871659 ], [ 127.033190718934463, 37.383903068388427 ], [ 127.033227272512192, 37.38397231940548 ], [ 127.033809942966542, 37.384620902920162 ], [ 127.033811704819655, 37.384623145279129 ], [ 127.033820789834522, 37.38482080786445 ], [ 127.033842512655553, 37.385298053280081 ], [ 127.033861627462741, 37.385389005384731 ], [ 127.033873450585673, 37.385425042140064 ], [ 127.033874151948623, 37.385429259740071 ], [ 127.033879281940841, 37.385459667157477 ], [ 127.033908265020912, 37.385561591842944 ], [ 127.033940983666326, 37.385760084861367 ], [ 127.03394552514419, 37.385787394629013 ], [ 127.033953389384266, 37.385834691988379 ], [ 127.033953423135245, 37.385834896733783 ], [ 127.033958679029638, 37.385866507979287 ], [ 127.033959030160048, 37.38587073501477 ], [ 127.033963798185269, 37.385871300039213 ], [ 127.034110883768932, 37.385885574208402 ], [ 127.034112014970063, 37.385885684125981 ], [ 127.034391837419847, 37.385912839579191 ], [ 127.034924873572919, 37.385981408188293 ], [ 127.034940229884214, 37.385987592530526 ], [ 127.035265020650243, 37.386325949827288 ], [ 127.035351860697531, 37.386416585528089 ], [ 127.035526787755671, 37.386602377528227 ], [ 127.035528911179696, 37.3866046212813 ], [ 127.035423119935459, 37.386762617164592 ], [ 127.035395635664358, 37.38683441917037 ], [ 127.035382946562279, 37.386866804434142 ], [ 127.035183691505608, 37.387928934821367 ], [ 127.035181048849722, 37.387935403524182 ], [ 127.035166771165535, 37.387971449310953 ], [ 127.03502536395078, 37.388180984274712 ], [ 127.03498497776998, 37.388240399203681 ], [ 127.034970172330645, 37.388262370608892 ], [ 127.034896292522447, 37.388372485978785 ], [ 127.034771464855766, 37.388565953004267 ], [ 127.034716807127637, 37.388663953670005 ], [ 127.034681417441263, 37.388766241356592 ], [ 127.034681336907013, 37.388766477200122 ], [ 127.034671835941893, 37.388794336493284 ], [ 127.03468980601788, 37.388794806514262 ], [ 127.034696680060179, 37.388794984993758 ], [ 127.035355018890598, 37.388812165081326 ], [ 127.035411505826033, 37.388827136232045 ], [ 127.03541225469921, 37.388827334772742 ], [ 127.035761722889205, 37.388920169842294 ], [ 127.036063732096892, 37.389233204074877 ], [ 127.036064249569463, 37.389233740620917 ], [ 127.036100650114363, 37.389271468090122 ], [ 127.036845986157601, 37.389379369304024 ], [ 127.03694764311912, 37.389433399275767 ], [ 127.03723168433369, 37.389550258652335 ], [ 127.037232367189546, 37.389550539849751 ], [ 127.037297770540604, 37.389577446758913 ], [ 127.037416238299144, 37.389698671162343 ], [ 127.037721215429357, 37.390010716738701 ], [ 127.037725153620002, 37.390014745960158 ], [ 127.037975640407552, 37.390271032367657 ], [ 127.038348693532583, 37.390469312844701 ], [ 127.038416156863008, 37.390505168823161 ], [ 127.038438914500333, 37.390856547172923 ], [ 127.038574660304107, 37.391334043434838 ], [ 127.038660687846274, 37.391661892985269 ], [ 127.038660792730084, 37.391662290901039 ], [ 127.038733053829787, 37.391937674395294 ], [ 127.03863147724293, 37.392054837308415 ], [ 127.038524267778158, 37.392190395050754 ], [ 127.038523988832623, 37.392190748202729 ], [ 127.038496050147089, 37.392226073134722 ], [ 127.038501572016969, 37.39241240627323 ], [ 127.038501636631878, 37.392414581544173 ], [ 127.038507532093959, 37.392613505643993 ], [ 127.03850756919536, 37.392685586971481 ], [ 127.03847373502731, 37.392775700617811 ], [ 127.038372222822062, 37.393028015748463 ], [ 127.038290028603541, 37.393362070805381 ], [ 127.038278564043736, 37.393408671306197 ], [ 127.038278285986308, 37.393409799643635 ], [ 127.038236979982671, 37.393577676318316 ], [ 127.038225721660268, 37.393649762197867 ], [ 127.038214447180749, 37.393685805624976 ], [ 127.03821193853841, 37.393736180896909 ], [ 127.038211893413575, 37.393737091109578 ], [ 127.038192077751674, 37.394136321101243 ], [ 127.038180819308181, 37.394208405166133 ], [ 127.038370138641355, 37.394403351982596 ], [ 127.038370483304931, 37.394403705765789 ], [ 127.038451990781525, 37.394487635490322 ], [ 127.038415355262387, 37.394527052034249 ], [ 127.038372307687737, 37.394573394037188 ], [ 127.038372264476266, 37.394573439838652 ], [ 127.038192388309398, 37.394767030661249 ], [ 127.038158605672976, 37.39496526431202 ], [ 127.038102274503785, 37.395244596708046 ], [ 127.038147623894261, 37.395604988494711 ], [ 127.038226914501323, 37.396100522518466 ], [ 127.038215641902397, 37.396136565937141 ], [ 127.038196506953653, 37.396269317795415 ], [ 127.038148107463584, 37.396605114395364 ], [ 127.038080564058603, 37.397046632317625 ], [ 127.038076198907888, 37.39712389011342 ], [ 127.038069364641515, 37.397244858537029 ], [ 127.038103465062449, 37.39769535635147 ], [ 127.03813319259234, 37.398142690343768 ], [ 127.0381375945923, 37.398208923409193 ], [ 127.037990948421097, 37.398560364270274 ], [ 127.037765265537317, 37.398947870038022 ], [ 127.037629916677716, 37.399317327965576 ], [ 127.037483271564341, 37.399677778259623 ], [ 127.037381889146332, 37.400227427213103 ], [ 127.037314232387487, 37.400452700712599 ], [ 127.037287560216384, 37.400558180596235 ], [ 127.037121822304272, 37.401213619517343 ], [ 127.037100051471427, 37.401299718259217 ], [ 127.037450381441303, 37.401759129651722 ], [ 127.037766701500502, 37.401930225182632 ], [ 127.038026531669686, 37.402065298397169 ], [ 127.038421881368464, 37.402182306620368 ], [ 127.038692976383274, 37.402254302738591 ], [ 127.038805948425193, 37.402308328322 ], [ 127.038930200950503, 37.402344330648532 ], [ 127.039076845200015, 37.402362280888021 ], [ 127.039122068039006, 37.402353272170757 ], [ 127.039506063697189, 37.402344142927035 ], [ 127.039980429470504, 37.402325977159634 ], [ 127.040082193486739, 37.402367185450622 ], [ 127.040624454153317, 37.402587054600588 ], [ 127.041019822817177, 37.402722076288434 ], [ 127.041607308722092, 37.403073273590238 ], [ 127.041765486945053, 37.403181341305654 ], [ 127.0420027982627, 37.40342453384546 ], [ 127.042567660563122, 37.403694643079398 ], [ 127.043245333279273, 37.403883591305728 ], [ 127.043245170655453, 37.403885067127803 ], [ 127.043249863607414, 37.403884611134309 ], [ 127.043311259740832, 37.403878648645119 ], [ 127.043634273838762, 37.403847278739796 ], [ 127.043634482989617, 37.40384725881551 ], [ 127.044283334547771, 37.403784239697323 ], [ 127.044998362576067, 37.403490284617675 ], [ 127.04560174240163, 37.403436027587432 ], [ 127.046437025795711, 37.403492925981368 ], [ 127.047094517925487, 37.403662867537115 ], [ 127.047759573677439, 37.403492066335524 ], [ 127.04967914818765, 37.403526700927259 ], [ 127.050274666198575, 37.403510900403788 ], [ 127.050299364934574, 37.403510244402334 ], [ 127.05030113913503, 37.403510197969247 ], [ 127.050680195008923, 37.403500140228211 ], [ 127.050852532149264, 37.403381834364602 ], [ 127.050852621779384, 37.403381772510272 ], [ 127.050880172795033, 37.403362859974486 ], [ 127.051502111782085, 37.403218696987651 ], [ 127.052294817359879, 37.402870019270338 ], [ 127.052322495817748, 37.402861119342958 ], [ 127.052519181324413, 37.40279788073326 ], [ 127.052519643193463, 37.402797732853116 ], [ 127.052834010578565, 37.402696655869356 ], [ 127.052889778124012, 37.402709156102361 ], [ 127.053325460669157, 37.402604404594349 ], [ 127.053955701605076, 37.402628869296542 ], [ 127.053955863141397, 37.402628875314136 ], [ 127.054086462368815, 37.402633945099076 ], [ 127.054359076598061, 37.402458346798078 ], [ 127.054359813827304, 37.402457871848291 ], [ 127.054433761220253, 37.402410241585081 ], [ 127.054493198788748, 37.402389319311318 ], [ 127.05449483146235, 37.402388744977934 ], [ 127.05487058511919, 37.402256480941787 ], [ 127.05487143315807, 37.40225618217395 ], [ 127.054948058787161, 37.40222921125541 ], [ 127.055732894461826, 37.402372197629617 ], [ 127.055943092392624, 37.402401643737257 ], [ 127.055943994416012, 37.402401769711844 ], [ 127.056147791428501, 37.402430319787214 ], [ 127.056665577282047, 37.402139429239419 ], [ 127.056695505090957, 37.402109143496759 ], [ 127.05669581539081, 37.402108830080444 ], [ 127.056918467020424, 37.401883523301109 ], [ 127.057456652465575, 37.401562859370756 ], [ 127.057561443649988, 37.401506515412869 ], [ 127.057971483075832, 37.401364457347704 ], [ 127.057973396423151, 37.401363794779257 ], [ 127.058264295305662, 37.401263011262643 ], [ 127.058265085550659, 37.4012627374929 ], [ 127.058287359592271, 37.401255020209014 ], [ 127.05830934968435, 37.401256025364361 ], [ 127.058309944956065, 37.401256052826547 ], [ 127.058627443666765, 37.40127056075643 ], [ 127.058726085058197, 37.401238276634025 ], [ 127.059164576965941, 37.401084698271617 ], [ 127.059462347386713, 37.400980406729573 ], [ 127.059463308730059, 37.400977152742996 ], [ 127.059482927449764, 37.40097039521897 ], [ 127.0595371604321, 37.400778093352443 ], [ 127.059537177743422, 37.400778031222082 ], [ 127.059568561939614, 37.400666756231836 ], [ 127.059813411566182, 37.400432292009327 ], [ 127.05993179578752, 37.400333462457411 ], [ 127.06037851668529, 37.399960520025587 ], [ 127.060621900209796, 37.399865844684435 ], [ 127.060622969195947, 37.399865429517384 ], [ 127.060862097667851, 37.399772409917553 ], [ 127.060863703415862, 37.399771784918649 ], [ 127.060994114131375, 37.399721054857139 ], [ 127.061173080135262, 37.399644767001881 ], [ 127.061290938439342, 37.399568381959824 ], [ 127.061642587189439, 37.399320326156584 ], [ 127.061973533877833, 37.399146667819792 ], [ 127.062234871000328, 37.399008335341023 ], [ 127.062240182815827, 37.399005524688818 ], [ 127.062438619345912, 37.398900488217244 ], [ 127.062441435609855, 37.398898997849315 ], [ 127.06252691291364, 37.398853752320058 ], [ 127.063193508612926, 37.398507480058633 ], [ 127.063444446238506, 37.398594833361877 ], [ 127.063445231003683, 37.398595106671834 ], [ 127.063625704773457, 37.398657928984058 ], [ 127.063793890720547, 37.398641651476197 ], [ 127.063795812482411, 37.398641465671467 ], [ 127.064051630692205, 37.398616708215862 ], [ 127.064104429973597, 37.398618911134676 ], [ 127.064106131061791, 37.39861898230469 ], [ 127.064428265041812, 37.398632420891033 ], [ 127.064559960952408, 37.398635900318673 ], [ 127.064735999640703, 37.398613237103191 ], [ 127.064981636529808, 37.398482176119138 ], [ 127.064981857526277, 37.398482057950666 ], [ 127.065699954908624, 37.398098905420831 ], [ 127.066106414147569, 37.39833681487309 ], [ 127.066106483960453, 37.398336855691177 ], [ 127.066176140138296, 37.398377626295961 ], [ 127.066717081489045, 37.398315745490763 ], [ 127.067198396601555, 37.398114318373693 ], [ 127.067850363065332, 37.398003130551764 ], [ 127.068120858310621, 37.398173126740161 ], [ 127.068218948924525, 37.398181079062248 ], [ 127.068383284425551, 37.398194402860732 ], [ 127.068927552343837, 37.398103110390082 ], [ 127.069368101907827, 37.397978012912382 ], [ 127.069419136140596, 37.397951977750331 ], [ 127.069752785869866, 37.397781748830766 ], [ 127.070440079495384, 37.397850432071365 ], [ 127.070502063522838, 37.39785702815697 ], [ 127.070530266620224, 37.397860029420599 ], [ 127.071176108602558, 37.39779873269412 ], [ 127.07173692786256, 37.397806860351423 ], [ 127.072140721620912, 37.397981733308107 ], [ 127.072270810731055, 37.398017722667475 ], [ 127.072559613152777, 37.39807435305476 ], [ 127.072633390969671, 37.39808882090697 ], [ 127.07281046483665, 37.398105273607968 ], [ 127.073093471363066, 37.398107058284801 ], [ 127.073643551731948, 37.398037268290295 ], [ 127.073643818554743, 37.398037235000153 ], [ 127.073690317507442, 37.398031334594663 ], [ 127.073854239918276, 37.397956308177214 ], [ 127.073854346398463, 37.397956258985268 ], [ 127.074116166451915, 37.397836423357667 ], [ 127.074188832619498, 37.39780316289972 ], [ 127.074390595683099, 37.397775073227024 ], [ 127.074397042897729, 37.397774174325889 ], [ 127.07459991389409, 37.397745928739873 ], [ 127.074765744169312, 37.397965047543671 ], [ 127.07476582715698, 37.397965156908583 ], [ 127.074804774540652, 37.398016620398423 ], [ 127.07486848082452, 37.39804003465138 ], [ 127.07496260032157, 37.398062063716928 ], [ 127.075043383194497, 37.398080969283562 ], [ 127.075044018433204, 37.398081118490836 ], [ 127.075467456683711, 37.398180219768101 ], [ 127.075980007454703, 37.398426127993538 ], [ 127.076127947930701, 37.398574662499335 ], [ 127.076222605285849, 37.398669700311956 ], [ 127.076222906375165, 37.39867000245053 ], [ 127.076552624335932, 37.399001043903489 ], [ 127.077035936422632, 37.398918673605849 ], [ 127.077481242215796, 37.398939416302134 ], [ 127.077631587624637, 37.398989490343233 ], [ 127.078269311741892, 37.399156773347293 ], [ 127.078435405861427, 37.39911663968261 ], [ 127.078488329442607, 37.399103852154575 ], [ 127.078489090842766, 37.399103668284084 ], [ 127.078924509629672, 37.398998459840428 ], [ 127.078925304967029, 37.3989982679756 ], [ 127.078940169777766, 37.398994675747041 ], [ 127.079109399962846, 37.39895487499269 ], [ 127.079189956039841, 37.39892053987063 ], [ 127.079392812697691, 37.398866795113875 ], [ 127.0794558256638, 37.398850895436652 ], [ 127.079538592266829, 37.398798608026688 ], [ 127.079538659161429, 37.398798565899916 ], [ 127.079807245608976, 37.398628889343584 ], [ 127.079828056576645, 37.398614763924719 ], [ 127.080194670739431, 37.398365939743051 ], [ 127.080305631618643, 37.398335978912264 ], [ 127.080587111415838, 37.398259973135531 ], [ 127.080828190988996, 37.398203841228678 ], [ 127.080829212531569, 37.398203603281338 ], [ 127.080908577164564, 37.398185124267158 ], [ 127.081099822743013, 37.398159839621684 ], [ 127.08123894489465, 37.398135095688424 ], [ 127.081270101416578, 37.39811218218243 ], [ 127.081270298811575, 37.398112036858571 ], [ 127.081286047227636, 37.39810045586438 ], [ 127.081422632754666, 37.398004414715423 ], [ 127.081867907372512, 37.397681054932917 ], [ 127.082095197728648, 37.397506607533508 ], [ 127.082576346508318, 37.397597181838698 ], [ 127.082776063281628, 37.397551154873142 ], [ 127.082919480737985, 37.397518396456924 ], [ 127.083506799799835, 37.397068814145889 ], [ 127.083796146403614, 37.397058165551364 ], [ 127.083912935166722, 37.397076569845431 ], [ 127.083913086426364, 37.397076593813466 ], [ 127.08415645089157, 37.397114947181294 ], [ 127.08430450241373, 37.397209636325471 ], [ 127.084317208416735, 37.397217757323645 ], [ 127.084406635695117, 37.397274923262444 ], [ 127.084407405757361, 37.397275415416182 ], [ 127.084452489249969, 37.397304240327024 ], [ 127.084601532884463, 37.397534140798463 ], [ 127.084600654783571, 37.397536027899264 ], [ 127.084600559887775, 37.397536231276852 ], [ 127.084411010744006, 37.397943700174274 ], [ 127.084727703783258, 37.398373352207621 ], [ 127.085062744039476, 37.398480676241043 ], [ 127.085063355317885, 37.398480872181921 ], [ 127.085239517729022, 37.398537306142494 ], [ 127.085294488831224, 37.398581798875462 ], [ 127.085360732483807, 37.398635462050621 ], [ 127.085361264512414, 37.398635892971228 ], [ 127.085398520012674, 37.398666070975004 ], [ 127.085405407069402, 37.398857888084677 ], [ 127.08556292324181, 37.398970074784039 ], [ 127.085911314244342, 37.399218207467428 ], [ 127.086110307084056, 37.399516658365968 ], [ 127.086163123513785, 37.399584196736079 ], [ 127.086401715239418, 37.399942538818323 ], [ 127.08640751920062, 37.399945622896233 ], [ 127.086576700663016, 37.400035509340846 ], [ 127.08657675699034, 37.400035539283195 ], [ 127.087005139582359, 37.400263141023217 ], [ 127.087209712170093, 37.400371830281379 ], [ 127.08747024974403, 37.400262887999396 ], [ 127.087899620181219, 37.400341773768503 ], [ 127.088069210892101, 37.400404651583521 ], [ 127.088070291089338, 37.40040505195207 ], [ 127.088647370258528, 37.400619008679584 ], [ 127.088702275522564, 37.400737385358838 ], [ 127.088759459040048, 37.400860668009926 ], [ 127.088799004207132, 37.401043788408636 ], [ 127.088813692355728, 37.401111805916734 ], [ 127.088838831629474, 37.401228222173316 ], [ 127.088836934334026, 37.401237577262947 ], [ 127.088776447038001, 37.401536032307831 ], [ 127.088761120729501, 37.40161166210212 ], [ 127.088739684609081, 37.40211804791975 ], [ 127.088701353187403, 37.402471452973167 ], [ 127.088875145365833, 37.402742854004835 ], [ 127.088875425441358, 37.402743292145715 ], [ 127.088927110278931, 37.402824005232503 ], [ 127.089056781052264, 37.403026506485318 ], [ 127.089056949103764, 37.40302676846828 ], [ 127.089061843828972, 37.403034409312923 ], [ 127.089078178723412, 37.403042649671207 ], [ 127.089079111693124, 37.403043120727467 ], [ 127.089629736195889, 37.403320888190635 ], [ 127.0898524615761, 37.403433241354001 ], [ 127.090308766732662, 37.403646363501181 ], [ 127.090550838520699, 37.403759424160825 ], [ 127.091093092315376, 37.403958770417461 ], [ 127.091326331371008, 37.404060227085687 ], [ 127.091409855934728, 37.404096584283288 ], [ 127.091544537879358, 37.404155208163466 ], [ 127.091794164959552, 37.404263771078192 ], [ 127.091901991132403, 37.404234224847542 ], [ 127.092049875653188, 37.40416651910563 ], [ 127.092050428426177, 37.404166264120903 ], [ 127.092241766449391, 37.404078720059694 ], [ 127.092408244989059, 37.404076943285865 ], [ 127.0924363611676, 37.404101176332837 ], [ 127.092440460933432, 37.404101293221586 ], [ 127.092473896271954, 37.404102237733511 ], [ 127.092652707482117, 37.404305459638124 ], [ 127.092693480643746, 37.404588795982939 ], [ 127.092691520806014, 37.404606437257144 ], [ 127.092690209496524, 37.404618240755333 ], [ 127.09269280870059, 37.404630269547965 ], [ 127.09269499625303, 37.404633390433816 ], [ 127.092803756229358, 37.404788565423424 ], [ 127.092928905515905, 37.40497035485614 ], [ 127.092951110303744, 37.405004022851536 ], [ 127.093016948123449, 37.405103849646899 ], [ 127.093018227992516, 37.405105789304891 ], [ 127.093008036478025, 37.405107822879877 ], [ 127.093013022738944, 37.405115560321818 ], [ 127.092930701130982, 37.405127797028022 ], [ 127.09269902212273, 37.405162953209761 ], [ 127.09267198946678, 37.405167029844932 ], [ 127.092471379023522, 37.405302822976729 ], [ 127.092640375949898, 37.405363358512851 ], [ 127.092719761688898, 37.405389651091369 ], [ 127.092910149187261, 37.405643003663769 ], [ 127.093437867367371, 37.406021931348462 ], [ 127.093508618417474, 37.406071161642288 ], [ 127.093693891356352, 37.406200077656536 ], [ 127.093865272199395, 37.406287378752133 ], [ 127.0939138628178, 37.406307018957264 ], [ 127.094032465953262, 37.406397707972751 ], [ 127.09416527280105, 37.406499260320508 ], [ 127.094185754926912, 37.406520453444649 ], [ 127.094205774106698, 37.406541169050286 ], [ 127.094238760386048, 37.406575301953708 ], [ 127.094467339216749, 37.406808673374393 ], [ 127.094504761102954, 37.406847351726867 ], [ 127.094756360638343, 37.406978161970002 ], [ 127.094818704191425, 37.406976868537107 ], [ 127.094978026637122, 37.406972949011724 ], [ 127.095215313832782, 37.406932280355065 ], [ 127.095415636984001, 37.406948779736936 ], [ 127.095462335066429, 37.406970024487777 ], [ 127.095487051300537, 37.406980970620602 ], [ 127.095528006028914, 37.406999254509032 ], [ 127.095588839729587, 37.407026598496657 ], [ 127.095648557194664, 37.407053923312041 ], [ 127.095835622211737, 37.407080273736909 ], [ 127.095963625208753, 37.407098634169067 ], [ 127.095981091958663, 37.407101141991092 ], [ 127.09602440876337, 37.407107583402791 ], [ 127.096025996195181, 37.407107819578677 ], [ 127.096134379672577, 37.407123940475593 ], [ 127.096453887321942, 37.407021908729028 ], [ 127.096515418589689, 37.407002259634488 ], [ 127.096778578713668, 37.406869193252753 ], [ 127.096830661146086, 37.406708277119229 ], [ 127.096858089035607, 37.406623540435994 ], [ 127.09710432025085, 37.406574984403655 ], [ 127.097191045482305, 37.406558014961035 ], [ 127.097191866673484, 37.406557854609872 ], [ 127.097230838258056, 37.406550231042679 ], [ 127.097718299109758, 37.406569629661639 ], [ 127.098024450544713, 37.406580193051369 ], [ 127.098022389546344, 37.406578500472875 ], [ 127.098020831503518, 37.406578051699157 ], [ 127.098023088368222, 37.406576076347029 ], [ 127.098346353250378, 37.406669517231194 ], [ 127.098442960584009, 37.406697459905814 ], [ 127.098711007965278, 37.406769638095611 ], [ 127.098863951498316, 37.40681082172884 ], [ 127.09915872814274, 37.406882839004609 ], [ 127.099304364265365, 37.406918399755057 ], [ 127.099493717514619, 37.406957436299692 ], [ 127.099509518903318, 37.406949314352794 ], [ 127.099617678581467, 37.406915437432779 ], [ 127.099663416578011, 37.406910714068147 ], [ 127.099781886052284, 37.406899712750565 ], [ 127.099799732748906, 37.406900057994633 ], [ 127.099838032212659, 37.406908316226463 ], [ 127.099908695152891, 37.406959975208323 ], [ 127.099918070555859, 37.406961409473205 ], [ 127.09996542275556, 37.406981643319043 ], [ 127.099977401407571, 37.406978640805164 ], [ 127.099978873614887, 37.406985036535495 ], [ 127.099979639460827, 37.406989122355704 ], [ 127.099993810629499, 37.407058300360497 ], [ 127.100019021061541, 37.407182586119596 ], [ 127.100039078210841, 37.407207122698196 ], [ 127.100061937423803, 37.40724147751498 ], [ 127.100073513171495, 37.407274103181422 ], [ 127.10007708683483, 37.40729053832262 ], [ 127.100079784726162, 37.407302946763203 ], [ 127.100078726646245, 37.407305582410416 ], [ 127.10007865908949, 37.407305749837626 ], [ 127.099918656733763, 37.407703905614333 ], [ 127.099874138466816, 37.40781467816511 ], [ 127.099854390496986, 37.407871997367614 ], [ 127.099864561350401, 37.4079418721224 ], [ 127.099922654056854, 37.40800934012632 ], [ 127.099937221152274, 37.408020660210092 ], [ 127.099972082049788, 37.408047750005935 ], [ 127.10001695711226, 37.408082618283423 ], [ 127.100011490731504, 37.408178193303485 ], [ 127.100103217473787, 37.408241111285172 ], [ 127.100108420059271, 37.408244678496217 ], [ 127.10015768011813, 37.408438900291941 ], [ 127.100217614732699, 37.408669150053576 ], [ 127.100239758906994, 37.40861403104352 ], [ 127.100256136763676, 37.408742455715377 ], [ 127.100264238441284, 37.408806079607423 ], [ 127.100265594948382, 37.408806615103465 ], [ 127.100446235288516, 37.408878075565923 ], [ 127.101230880007989, 37.409174311404549 ], [ 127.101230927375283, 37.409174328690469 ], [ 127.101236043829246, 37.409176260467156 ], [ 127.101299539100609, 37.409186967508397 ], [ 127.101491790732027, 37.409219385523592 ], [ 127.101538490763176, 37.4092276255492 ], [ 127.101538656713785, 37.409227654952495 ], [ 127.101657972305276, 37.409248708407908 ], [ 127.102019126928354, 37.409309410885967 ], [ 127.102053472225535, 37.40934258531378 ], [ 127.102053826364426, 37.409342926324079 ], [ 127.102054178252956, 37.409343265524022 ], [ 127.102354409284317, 37.409633235693889 ], [ 127.10244615427581, 37.409721845599698 ], [ 127.10251359490249, 37.40966540742928 ], [ 127.102679296670402, 37.409526739854677 ], [ 127.102755591312501, 37.4094619836658 ], [ 127.102797744223793, 37.409426206404646 ], [ 127.102852453165823, 37.409379771986849 ], [ 127.103024269577887, 37.409233947712139 ], [ 127.103154623321856, 37.409121950527613 ], [ 127.103161205875963, 37.40911629396043 ], [ 127.103285754307109, 37.409005199249059 ], [ 127.103625999769363, 37.408722805739487 ], [ 127.103626146183217, 37.408722682742003 ], [ 127.103647251344299, 37.408705165868291 ], [ 127.103828265289152, 37.40855153197613 ], [ 127.103908138801913, 37.408584216639476 ], [ 127.104077295395001, 37.408653426525014 ], [ 127.104103072953421, 37.408664018368853 ], [ 127.104141104871204, 37.408655953115542 ], [ 127.104210080429198, 37.408641321266025 ], [ 127.104564469195054, 37.408566139891597 ], [ 127.104577894565722, 37.40856329678779 ], [ 127.104597578233353, 37.408564648879789 ], [ 127.104795572732513, 37.408578251909439 ], [ 127.104823520249766, 37.408580172411604 ], [ 127.104846251003153, 37.408554931465609 ], [ 127.104864526301327, 37.408534636792659 ], [ 127.104933817525733, 37.408457691718745 ], [ 127.105006836470181, 37.408456268142508 ], [ 127.105053075921603, 37.408455367102157 ], [ 127.105321307010428, 37.40845013526399 ], [ 127.105336642915603, 37.408440219052174 ], [ 127.10553578954007, 37.408311415545626 ], [ 127.105614394721741, 37.40819836050931 ], [ 127.105716432816351, 37.40808485896477 ], [ 127.105763178221125, 37.408032857675664 ], [ 127.106395018251675, 37.407696437864644 ], [ 127.106412460497111, 37.407687308212957 ], [ 127.106480498139021, 37.407651694206763 ], [ 127.106546537080746, 37.407664648617704 ], [ 127.106690923406234, 37.407692972496868 ], [ 127.106721815790308, 37.407651566030701 ], [ 127.106721895446213, 37.40765145903201 ], [ 127.10672704225658, 37.407644564406965 ], [ 127.106901870074239, 37.407410234806228 ], [ 127.106976231679099, 37.407290884849772 ], [ 127.107024636193245, 37.407207186297896 ], [ 127.107072468915092, 37.407124989318497 ], [ 127.107109200330498, 37.407060443116045 ], [ 127.107362880208413, 37.407138424621685 ], [ 127.107586750466226, 37.407062358963053 ], [ 127.107729890317799, 37.407087098076097 ], [ 127.108132489973883, 37.407201254663384 ], [ 127.108332460327489, 37.407237384584334 ], [ 127.108656663159522, 37.40726475303935 ], [ 127.108970511208696, 37.407316726354971 ], [ 127.109125847177239, 37.407259100384906 ], [ 127.109217045757632, 37.40729334674181 ], [ 127.109432667272358, 37.40737288989515 ], [ 127.109592740147278, 37.407390312143512 ], [ 127.109653780314829, 37.407344936543126 ], [ 127.109669060806752, 37.407366456849061 ], [ 127.109794107097372, 37.407375262313302 ], [ 127.109873969854561, 37.407380865606228 ], [ 127.110040248592853, 37.407392606527168 ], [ 127.110190590976856, 37.407386608788755 ], [ 127.110424028772442, 37.40737729631185 ], [ 127.110512226780131, 37.407367484275966 ], [ 127.110603813707641, 37.407356317751983 ], [ 127.110611944919668, 37.407355859591632 ], [ 127.110791746340794, 37.407345872170836 ], [ 127.111503600028627, 37.407301783520097 ], [ 127.111443597513869, 37.40743789232576 ], [ 127.111474102417787, 37.407444080461246 ], [ 127.111732720099084, 37.407496278674216 ], [ 127.111762870402686, 37.407491925788904 ], [ 127.111904884124712, 37.407516571423521 ], [ 127.111925783582791, 37.407517903751746 ], [ 127.11198994299923, 37.407521898298093 ], [ 127.112025300116528, 37.40752411723475 ], [ 127.112050907666742, 37.407502739514939 ], [ 127.112106309973029, 37.407464214429531 ], [ 127.112399005084058, 37.407493403604633 ], [ 127.11258023565297, 37.407536146805406 ], [ 127.112860564875533, 37.407602262425527 ], [ 127.112924757336827, 37.407627970705271 ], [ 127.113174969370974, 37.407723332153253 ], [ 127.11322410517036, 37.407720953727946 ], [ 127.113256626523992, 37.407719379947515 ], [ 127.113623968709973, 37.407814179785582 ], [ 127.113707953416053, 37.407886638152789 ], [ 127.113709881862562, 37.407877250319686 ], [ 127.113710681978517, 37.40787744943367 ], [ 127.113711257963544, 37.407874645334111 ], [ 127.11377499248448, 37.407890390557249 ], [ 127.113960852630058, 37.407936307889379 ], [ 127.113977140556528, 37.40795025847477 ], [ 127.114199849147695, 37.408005817863213 ], [ 127.114414777808449, 37.408071837159511 ], [ 127.114439355810717, 37.408079278844468 ], [ 127.114634907098804, 37.408138483247335 ], [ 127.114897372214116, 37.408267976410606 ], [ 127.115075836109398, 37.40834349069771 ], [ 127.115098891906953, 37.408353199656894 ], [ 127.115130425046189, 37.408366593988426 ], [ 127.115110612936022, 37.408411303509354 ], [ 127.115127008124233, 37.408422460923099 ], [ 127.115133902053145, 37.408424886430851 ], [ 127.115155825624782, 37.408432614075856 ], [ 127.115284655989868, 37.408475738707381 ], [ 127.115285832471216, 37.408475922810588 ], [ 127.115416275164563, 37.408496334282241 ], [ 127.115442146567389, 37.408500365556314 ], [ 127.115736143927194, 37.40856567513034 ], [ 127.115930998626453, 37.408650000961963 ], [ 127.116086824226983, 37.408841585989556 ], [ 127.11623548815696, 37.408890427411137 ], [ 127.116306399287495, 37.408913724653267 ], [ 127.116422063616213, 37.408988756365353 ], [ 127.116482967913086, 37.409004285433525 ], [ 127.116680601244582, 37.409056170434106 ], [ 127.116885931520841, 37.409228461411935 ], [ 127.116894467040069, 37.409235624356299 ], [ 127.117160868387174, 37.409568377236624 ], [ 127.117301635361343, 37.409660414487462 ], [ 127.117320170538747, 37.409707937292978 ], [ 127.117362757906818, 37.409817130706237 ], [ 127.117634807230189, 37.410074823439025 ], [ 127.118054931706794, 37.410325792007036 ], [ 127.118183489099891, 37.410409640327067 ], [ 127.118253586527985, 37.410379025232771 ], [ 127.118254306574812, 37.410380536459641 ], [ 127.11826129330521, 37.410395237010356 ], [ 127.118258365434926, 37.410474078947068 ], [ 127.118282530878759, 37.410507382556858 ], [ 127.118282934376722, 37.410504247074378 ], [ 127.118286655473725, 37.410509364476674 ], [ 127.1182863259735, 37.410512614672733 ], [ 127.118409117080546, 37.410682327143611 ], [ 127.118410858632544, 37.41068473312631 ], [ 127.118337013029731, 37.411223787425492 ], [ 127.11833159747971, 37.411263320473296 ], [ 127.118287700251017, 37.411583757254242 ], [ 127.118280057413742, 37.41163954300778 ], [ 127.118277447292542, 37.411658431003772 ], [ 127.118163316172655, 37.411604311666565 ], [ 127.118146980208124, 37.411558555593018 ], [ 127.118087986573514, 37.411393459402078 ], [ 127.118084158799078, 37.411393990566253 ], [ 127.117944677445209, 37.411413332304711 ], [ 127.117752284784061, 37.411510228379079 ], [ 127.11766612019504, 37.411553623182371 ], [ 127.117461575349253, 37.411931708432746 ], [ 127.117480361057702, 37.411981424150618 ], [ 127.117508415950581, 37.412055660206846 ], [ 127.117517049504244, 37.412078509145239 ], [ 127.117675891563195, 37.412498748079834 ], [ 127.117681381966904, 37.412513276165242 ], [ 127.117828178781181, 37.412709273381665 ], [ 127.117910255462348, 37.412818854689178 ], [ 127.117834779651503, 37.413170954494277 ], [ 127.117811243152318, 37.413291082126733 ], [ 127.117781053371957, 37.413564568848038 ], [ 127.11772915239203, 37.414267759814692 ], [ 127.117726729266053, 37.414300504322618 ], [ 127.117696095833651, 37.414715604474452 ], [ 127.117687239699094, 37.414835637103238 ], [ 127.117684920299695, 37.414868643341045 ], [ 127.117705136712928, 37.41487516345726 ], [ 127.117764847621402, 37.41489413575929 ], [ 127.117765082294582, 37.414894210430724 ], [ 127.117824618370065, 37.41491312444937 ], [ 127.117863214845713, 37.414932180777107 ], [ 127.118063894260231, 37.415031268358291 ], [ 127.11808295367581, 37.415040660056292 ], [ 127.118206221096983, 37.415101408819879 ], [ 127.118207715822095, 37.415102145562884 ], [ 127.118211547490077, 37.415104223886772 ], [ 127.118363276928633, 37.415186354859372 ], [ 127.118999468615229, 37.415544417239666 ], [ 127.119097142420145, 37.415599402128265 ], [ 127.119174260178127, 37.415642815580377 ], [ 127.119185340066835, 37.415649380826196 ], [ 127.119191344325415, 37.415652915526408 ], [ 127.11920569303453, 37.41566136165109 ], [ 127.119249676621266, 37.415687249266782 ], [ 127.119291842734171, 37.415712089024687 ], [ 127.11948851763384, 37.415827950285639 ], [ 127.119850324268995, 37.416043792744567 ], [ 127.119897609968291, 37.416072000057383 ], [ 127.12025867848655, 37.416284312713941 ], [ 127.120413457162428, 37.416375140992741 ], [ 127.120429253354203, 37.416384567804357 ], [ 127.120539925684966, 37.416450668416019 ], [ 127.120540606207513, 37.416451074415924 ], [ 127.12055202407258, 37.416457894805646 ], [ 127.120635887932238, 37.416479344436844 ], [ 127.120695612719672, 37.416494619668313 ], [ 127.120733334898958, 37.416504267313762 ], [ 127.120742455351447, 37.416506600484958 ], [ 127.121602567675097, 37.416726726588621 ], [ 127.121604012328405, 37.416727096269099 ], [ 127.121708977700791, 37.416753959629176 ], [ 127.121986540861926, 37.41675760205576 ], [ 127.122079280640989, 37.416900608623891 ], [ 127.122222190427124, 37.416893263982701 ], [ 127.122291305588391, 37.416888777842878 ], [ 127.122361799726434, 37.416884687263924 ], [ 127.122423095040617, 37.416881022458163 ], [ 127.122424895689846, 37.416880939874396 ], [ 127.122550554041595, 37.416873475740125 ], [ 127.122763436082479, 37.416861518853231 ], [ 127.122783690764408, 37.416860378344921 ], [ 127.122783150034394, 37.416859135427295 ], [ 127.122782784727562, 37.416858291476807 ], [ 127.122773107596316, 37.416836018288869 ], [ 127.122757578599419, 37.416800279726345 ], [ 127.122792773156661, 37.416803849696848 ], [ 127.122839259862531, 37.416805559190983 ], [ 127.122978209860733, 37.416808299999275 ], [ 127.123012662175668, 37.416807092957953 ], [ 127.123171352582531, 37.416793144445471 ], [ 127.123340204037049, 37.416775490995924 ], [ 127.123389331003196, 37.416767872251121 ], [ 127.123418467285319, 37.416762616309484 ], [ 127.123459566224653, 37.416750680520188 ], [ 127.123500549862896, 37.416736942502219 ], [ 127.123520103743829, 37.416743949861868 ], [ 127.123548405700575, 37.416752301081225 ], [ 127.12354880628925, 37.416752419535428 ], [ 127.123601363718663, 37.416767923763267 ], [ 127.123709852307726, 37.41679502281054 ], [ 127.123765905953121, 37.416805851848537 ], [ 127.123807258906837, 37.416813843427491 ], [ 127.123905786311113, 37.416827976778137 ], [ 127.123985211845749, 37.416835553089157 ], [ 127.124005322165928, 37.416837514442577 ], [ 127.124105301183832, 37.41684227524734 ], [ 127.124362079284438, 37.416848587087379 ], [ 127.124560778020339, 37.416853448411821 ], [ 127.124608219077373, 37.416854608600168 ], [ 127.12524807744721, 37.416870256574221 ], [ 127.126569419184236, 37.416902561476704 ], [ 127.126651560070201, 37.416904569573845 ], [ 127.127145073299431, 37.416916631683925 ], [ 127.12744066267723, 37.41692385424868 ], [ 127.127967753937284, 37.41693673352593 ], [ 127.128033089081299, 37.416938329930723 ], [ 127.128207512548869, 37.416942558006454 ], [ 127.128428930583993, 37.416947996257832 ], [ 127.128518180785932, 37.417020972578264 ], [ 127.128518347746223, 37.417052148937564 ], [ 127.128649606132257, 37.417055754878234 ], [ 127.128764620527875, 37.417058910356964 ], [ 127.128793060416911, 37.417060294032602 ], [ 127.129005591336778, 37.417070634718741 ], [ 127.129060606936861, 37.417071476170719 ], [ 127.129131454512063, 37.417016528023169 ], [ 127.129457765843185, 37.417024944298568 ], [ 127.129688051853137, 37.417030883912425 ], [ 127.13014293073573, 37.417015613515808 ], [ 127.130179675594221, 37.417016556829033 ], [ 127.130231134664712, 37.41701787876115 ], [ 127.130763818212273, 37.417031569795341 ], [ 127.130883896959276, 37.417034655201547 ], [ 127.130976262530311, 37.417037030232997 ], [ 127.131037417731847, 37.417038602916421 ], [ 127.131191676395673, 37.417042566254544 ], [ 127.131303121222913, 37.417045429603249 ], [ 127.131298148498416, 37.417176893073872 ], [ 127.131304139159312, 37.417177579675354 ], [ 127.131396242225037, 37.417188129927581 ], [ 127.131491356468274, 37.417199023904118 ], [ 127.131548153596995, 37.417205556523058 ], [ 127.13163801453706, 37.417215893184398 ], [ 127.13174297764688, 37.417227939856943 ], [ 127.131792915152062, 37.417232391350112 ], [ 127.131872794375766, 37.417239422051097 ], [ 127.131950857679456, 37.417242038422472 ], [ 127.132001466602773, 37.417243694051727 ], [ 127.13210946793788, 37.41724826033623 ], [ 127.132143474279744, 37.417249754270934 ], [ 127.132257228605042, 37.417249538502418 ], [ 127.132266581407237, 37.417249513512523 ], [ 127.132315743508542, 37.41724938339096 ], [ 127.132411638249081, 37.417243061000647 ], [ 127.132493979526558, 37.417237473385654 ], [ 127.132522207860873, 37.417230142821531 ], [ 127.132747067145843, 37.417200161471477 ], [ 127.132756596189566, 37.417197368869395 ], [ 127.132836264387009, 37.417174023747911 ], [ 127.132868998060729, 37.417164438333479 ], [ 127.133037349307926, 37.417115143853728 ], [ 127.133036688464728, 37.417059733412714 ], [ 127.133041157856752, 37.41705952825167 ], [ 127.133058827446575, 37.417058715974058 ], [ 127.133093730582615, 37.417057055805408 ], [ 127.133230167465598, 37.41704347991552 ], [ 127.133295784438474, 37.417036918650261 ] ] ] ] } }
]
}
