{
"type": "FeatureCollection",
"name": "karaoke",
"crs": { "type": "name", "properties": { "name": "urn:ogc:def:crs:OGC:1.3:CRS84" } },
"features": [
{ "type": "Feature", "properties": { "fid": 1568, "개방서비스명": "단란주점영업", "인허가일자": "1998-06-29", "영업상태명": "영업/정상", "소재지전화": "031 7536125", "소재지면적": 128.27, "도로명전체주소": "경기도 성남시 중원구 성남대로1151번길 5, 지층 (성남동)", "사업장명": "놈(NOM)", "업태구분명": "단란주점", "영업장주변구분명": null }, "geometry": { "type": "Point", "coordinates": [ 127.128323279806693, 37.432414756248384 ] } },
{ "type": "Feature", "properties": { "fid": 1605, "개방서비스명": "단란주점영업", "인허가일자": "2013-04-22", "영업상태명": "영업/정상", "소재지전화": "031 7584990", "소재지면적": 60.75, "도로명전체주소": "경기도 성남시 중원구 둔촌대로83번길 4, 2층 (성남동)", "사업장명": "모아노래빵", "업태구분명": "단란주점", "영업장주변구분명": "기타" }, "geometry": { "type": "Point", "coordinates": [ 127.128409598254493, 37.430555171698309 ] } },
{ "type": "Feature", "properties": { "fid": 1742, "개방서비스명": "유흥주점영업", "인허가일자": "2002-10-19", "영업상태명": "영업/정상", "소재지전화": "070 82263349", "소재지면적": 63.5, "도로명전체주소": "경기도 성남시 중원구 성남대로1151번길 3, 지층 (성남동)", "사업장명": "빙고노래빵", "업태구분명": "간이주점", "영업장주변구분명": "학교정화(상대)" }, "geometry": { "type": "Point", "coordinates": [ 127.128481315992488, 37.43242028549637 ] } },
{ "type": "Feature", "properties": { "fid": 1598, "개방서비스명": "단란주점영업", "인허가일자": "1994-10-05", "영업상태명": "영업/정상", "소재지전화": "031 7215599", "소재지면적": 79.45, "도로명전체주소": "경기도 성남시 중원구 성남대로1151번길 3, 지층 (성남동)", "사업장명": "삼공사공", "업태구분명": "단란주점", "영업장주변구분명": null }, "geometry": { "type": "Point", "coordinates": [ 127.128481315992488, 37.43242028549637 ] } },
{ "type": "Feature", "properties": { "fid": 1677, "개방서비스명": "단란주점영업", "인허가일자": "2022-06-29", "영업상태명": "영업/정상", "소재지전화": "031 403 6283", "소재지면적": 70.96, "도로명전체주소": "경기도 성남시 중원구 성남대로1151번길 4, 지하1층 (성남동)", "사업장명": "어게인", "업태구분명": "단란주점", "영업장주변구분명": null }, "geometry": { "type": "Point", "coordinates": [ 127.128529197428335, 37.432631512462656 ] } },
{ "type": "Feature", "properties": { "fid": 1681, "개방서비스명": "단란주점영업", "인허가일자": "2025-01-08", "영업상태명": "영업/정상", "소재지전화": null, "소재지면적": 112.54, "도로명전체주소": "경기도 성남시 중원구 성남대로 1149, 88빌딩 지1층 (성남동)", "사업장명": "7번출구라이브", "업태구분명": "단란주점", "영업장주변구분명": null }, "geometry": { "type": "Point", "coordinates": [ 127.128683345690277, 37.432384941614885 ] } },
{ "type": "Feature", "properties": { "fid": 1651, "개방서비스명": "단란주점영업", "인허가일자": "2006-12-13", "영업상태명": "영업/정상", "소재지전화": "031 7543845", "소재지면적": 146.79, "도로명전체주소": "경기도 성남시 중원구 성남대로 1158, 2층 (성남동)", "사업장명": "리캡라이브3040", "업태구분명": "단란주점", "영업장주변구분명": "학교정화(상대)" }, "geometry": { "type": "Point", "coordinates": [ 127.129299265411063, 37.433236528788377 ] } },
{ "type": "Feature", "properties": { "fid": 1782, "개방서비스명": "유흥주점영업", "인허가일자": "1990-06-12", "영업상태명": "영업/정상", "소재지전화": "031 7536060", "소재지면적": 131.25, "도로명전체주소": "경기도 성남시 수정구 산성대로 지하 93 (수진동)", "사업장명": "팡팡 술파는 노래빠", "업태구분명": "간이주점", "영업장주변구분명": null }, "geometry": { "type": "Point", "coordinates": [ 127.129337832774866, 37.43422326877343 ] } },
{ "type": "Feature", "properties": { "fid": 1658, "개방서비스명": "단란주점영업", "인허가일자": "2014-06-16", "영업상태명": "영업/정상", "소재지전화": null, "소재지면적": 147.91, "도로명전체주소": "경기도 성남시 중원구 광명로 2, 4층 (성남동)", "사업장명": "시크릿 라이브", "업태구분명": "단란주점", "영업장주변구분명": "유흥업소밀집지역" }, "geometry": { "type": "Point", "coordinates": [ 127.129448504022463, 37.432706368042474 ] } },
{ "type": "Feature", "properties": { "fid": 1790, "개방서비스명": "유흥주점영업", "인허가일자": "1989-12-16", "영업상태명": "영업/정상", "소재지전화": "031 7570405", "소재지면적": 127.0, "도로명전체주소": "경기도 성남시 중원구 광명로 2, 지층 (성남동)", "사업장명": "링코노래타운 모란점", "업태구분명": "간이주점", "영업장주변구분명": null }, "geometry": { "type": "Point", "coordinates": [ 127.129448504022463, 37.432706368042474 ] } },
{ "type": "Feature", "properties": { "fid": 1641, "개방서비스명": "단란주점영업", "인허가일자": "2012-09-04", "영업상태명": "영업/정상", "소재지전화": "031745 2223", "소재지면적": 98.89, "도로명전체주소": "경기도 성남시 중원구 성남대로1148번길 4, 2층 (성남동)", "사업장명": "사탕", "업태구분명": "단란주점", "영업장주변구분명": "기타" }, "geometry": { "type": "Point", "coordinates": [ 127.129741590767935, 37.432332049946211 ] } },
{ "type": "Feature", "properties": { "fid": 1706, "개방서비스명": "유흥주점영업", "인허가일자": "1999-05-20", "영업상태명": "영업/정상", "소재지전화": "031 745 2223", "소재지면적": 45.51, "도로명전체주소": "경기도 성남시 중원구 성남대로1148번길 4, 2층 (성남동)", "사업장명": "사탕", "업태구분명": "간이주점", "영업장주변구분명": null }, "geometry": { "type": "Point", "coordinates": [ 127.129741590767935, 37.432332049946211 ] } },
{ "type": "Feature", "properties": { "fid": 1666, "개방서비스명": "단란주점영업", "인허가일자": "2008-05-23", "영업상태명": "영업/정상", "소재지전화": null, "소재지면적": 135.93, "도로명전체주소": "경기도 성남시 중원구 둔촌대로101번길 27, 10층 (성남동)", "사업장명": "더팬라이브7080", "업태구분명": "단란주점", "영업장주변구분명": null }, "geometry": { "type": "Point", "coordinates": [ 127.129786365783858, 37.432121844715439 ] } },
{ "type": "Feature", "properties": { "fid": 1680, "개방서비스명": "단란주점영업", "인허가일자": "2023-11-27", "영업상태명": "영업/정상", "소재지전화": null, "소재지면적": 126.59, "도로명전체주소": "경기도 성남시 중원구 둔촌대로101번길 25, 지층 (성남동)", "사업장명": "웰컴인7080라이브", "업태구분명": "단란주점", "영업장주변구분명": null }, "geometry": { "type": "Point", "coordinates": [ 127.129856518870795, 37.431929142836431 ] } },
{ "type": "Feature", "properties": { "fid": 1743, "개방서비스명": "유흥주점영업", "인허가일자": "2002-10-19", "영업상태명": "영업/정상", "소재지전화": "031 7512513", "소재지면적": 47.34, "도로명전체주소": "경기도 성남시 중원구 둔촌대로101번길 23, 지층 (성남동)", "사업장명": "핑클노래방", "업태구분명": "간이주점", "영업장주변구분명": null }, "geometry": { "type": "Point", "coordinates": [ 127.129868047781002, 37.431837043629727 ] } },
{ "type": "Feature", "properties": { "fid": 1547, "개방서비스명": "단란주점영업", "인허가일자": "2023-08-07", "영업상태명": "영업/정상", "소재지전화": null, "소재지면적": 63.21, "도로명전체주소": "경기도 성남시 중원구 성남대로1140번길 3, 지층 일부호 (성남동)", "사업장명": "쿨노래바", "업태구분명": "단란주점", "영업장주변구분명": null }, "geometry": { "type": "Point", "coordinates": [ 127.12988963316613, 37.431642172557609 ] } },
{ "type": "Feature", "properties": { "fid": 1682, "개방서비스명": "유흥주점영업", "인허가일자": "2000-09-04", "영업상태명": "영업/정상", "소재지전화": "031 7579856", "소재지면적": 51.61, "도로명전체주소": "경기도 성남시 중원구 성남대로1140번길 3, 지층 (성남동)", "사업장명": "쿨", "업태구분명": "간이주점", "영업장주변구분명": null }, "geometry": { "type": "Point", "coordinates": [ 127.12988963316613, 37.431642172557609 ] } },
{ "type": "Feature", "properties": { "fid": 1699, "개방서비스명": "유흥주점영업", "인허가일자": "2003-07-29", "영업상태명": "영업/정상", "소재지전화": "031 7222454", "소재지면적": 83.62, "도로명전체주소": "경기도 성남시 중원구 둔촌대로101번길 29 (성남동)", "사업장명": "짱", "업태구분명": "간이주점", "영업장주변구분명": "유흥업소밀집지역" }, "geometry": { "type": "Point", "coordinates": [ 127.129876834768325, 37.43234593367567 ] } },
{ "type": "Feature", "properties": { "fid": 1611, "개방서비스명": "단란주점영업", "인허가일자": "2015-07-27", "영업상태명": "영업/정상", "소재지전화": null, "소재지면적": 148.38, "도로명전체주소": "경기도 성남시 중원구 광명로 8 (성남동, 지하1층)", "사업장명": "큐라이브", "업태구분명": "단란주점", "영업장주변구분명": "기타" }, "geometry": { "type": "Point", "coordinates": [ 127.130010480266549, 37.432849749596485 ] } },
{ "type": "Feature", "properties": { "fid": 1785, "개방서비스명": "유흥주점영업", "인허가일자": "1989-11-17", "영업상태명": "영업/정상", "소재지전화": "031 752 0247", "소재지면적": 113.45, "도로명전체주소": "경기도 성남시 중원구 광명로 8 (성남동)", "사업장명": "폭스", "업태구분명": "간이주점", "영업장주변구분명": null }, "geometry": { "type": "Point", "coordinates": [ 127.130010480266549, 37.432849749596485 ] } },
{ "type": "Feature", "properties": { "fid": 1565, "개방서비스명": "단란주점영업", "인허가일자": "1997-11-06", "영업상태명": "영업/정상", "소재지전화": "031 7223378", "소재지면적": 104.7, "도로명전체주소": "경기도 성남시 중원구 둔촌대로101번길 16-3, 지층 (성남동)", "사업장명": "럭키노래빵", "업태구분명": "단란주점", "영업장주변구분명": null }, "geometry": { "type": "Point", "coordinates": [ 127.13026316549292, 37.431224796610891 ] } },
{ "type": "Feature", "properties": { "fid": 1618, "개방서비스명": "단란주점영업", "인허가일자": "2011-04-19", "영업상태명": "영업/정상", "소재지전화": null, "소재지면적": 101.36, "도로명전체주소": "경기도 성남시 중원구 광명로 10, 3층 (성남동)", "사업장명": "3050라이브", "업태구분명": "단란주점", "영업장주변구분명": "기타" }, "geometry": { "type": "Point", "coordinates": [ 127.130275129608748, 37.432872040004355 ] } },
{ "type": "Feature", "properties": { "fid": 1640, "개방서비스명": "단란주점영업", "인허가일자": "2012-08-23", "영업상태명": "영업/정상", "소재지전화": "031 751 7289", "소재지면적": 118.06, "도로명전체주소": "경기도 성남시 중원구 성남대로1148번길 9, 지층 (성남동)", "사업장명": "소원", "업태구분명": "단란주점", "영업장주변구분명": "기타" }, "geometry": { "type": "Point", "coordinates": [ 127.1303382350454, 37.432646328082754 ] } },
{ "type": "Feature", "properties": { "fid": 1606, "개방서비스명": "단란주점영업", "인허가일자": "2013-05-10", "영업상태명": "영업/정상", "소재지전화": null, "소재지면적": 110.41, "도로명전체주소": "경기도 성남시 중원구 광명로 12, 2층 (성남동)", "사업장명": "뽕필7080라이브", "업태구분명": "단란주점", "영업장주변구분명": "기타" }, "geometry": { "type": "Point", "coordinates": [ 127.130521312076894, 37.432912569266819 ] } },
{ "type": "Feature", "properties": { "fid": 1722, "개방서비스명": "유흥주점영업", "인허가일자": "1999-06-25", "영업상태명": "영업/정상", "소재지전화": "031 7571822", "소재지면적": 35.23, "도로명전체주소": "경기도 성남시 중원구 광명로 14, 지층 (성남동)", "사업장명": "당근 노래빵", "업태구분명": "간이주점", "영업장주변구분명": null }, "geometry": { "type": "Point", "coordinates": [ 127.130616487404382, 37.432979131883172 ] } },
{ "type": "Feature", "properties": { "fid": 1708, "개방서비스명": "유흥주점영업", "인허가일자": "1986-02-12", "영업상태명": "영업/정상", "소재지전화": "031 7544973", "소재지면적": 106.56, "도로명전체주소": "경기도 성남시 중원구 광명로 15, 2,3층 (성남동)", "사업장명": "마징가 노래빵", "업태구분명": "간이주점", "영업장주변구분명": null }, "geometry": { "type": "Point", "coordinates": [ 127.130736357660439, 37.433308033885041 ] } },
{ "type": "Feature", "properties": { "fid": 1726, "개방서비스명": "유흥주점영업", "인허가일자": "1997-10-04", "영업상태명": "영업/정상", "소재지전화": "031 723 8588", "소재지면적": 41.16, "도로명전체주소": "경기도 성남시 중원구 산성대로 104, 지층 (성남동)", "사업장명": "야시노래빵", "업태구분명": "간이주점", "영업장주변구분명": null }, "geometry": { "type": "Point", "coordinates": [ 127.130768406030413, 37.433573737765471 ] } },
{ "type": "Feature", "properties": { "fid": 1591, "개방서비스명": "단란주점영업", "인허가일자": "1999-04-16", "영업상태명": "영업/정상", "소재지전화": "031 7545115", "소재지면적": 49.39, "도로명전체주소": "경기도 성남시 중원구 광명로 14-1, 지층 (성남동)", "사업장명": "무궁화 단란주점", "업태구분명": "단란주점", "영업장주변구분명": null }, "geometry": { "type": "Point", "coordinates": [ 127.130832078306256, 37.433010741482327 ] } },
{ "type": "Feature", "properties": { "fid": 1732, "개방서비스명": "유흥주점영업", "인허가일자": "1989-01-30", "영업상태명": "영업/정상", "소재지전화": "031 744 0321", "소재지면적": 108.67, "도로명전체주소": "경기도 성남시 중원구 광명로16번길 6, 3층 (성남동)", "사업장명": "에이스", "업태구분명": "간이주점", "영업장주변구분명": null }, "geometry": { "type": "Point", "coordinates": [ 127.130951830141484, 37.432801111529614 ] } },
{ "type": "Feature", "properties": { "fid": 1747, "개방서비스명": "유흥주점영업", "인허가일자": "1999-10-14", "영업상태명": "영업/정상", "소재지전화": "031 7588646", "소재지면적": 78.33, "도로명전체주소": "경기도 성남시 중원구 광명로16번길 3, 지층 (성남동)", "사업장명": "스카이", "업태구분명": "간이주점", "영업장주변구분명": null }, "geometry": { "type": "Point", "coordinates": [ 127.131098142716439, 37.433030208341926 ] } },
{ "type": "Feature", "properties": { "fid": 1811, "개방서비스명": "유흥주점영업", "인허가일자": "1999-08-14", "영업상태명": "영업/정상", "소재지전화": "031 7549173", "소재지면적": 85.85, "도로명전체주소": "경기도 성남시 중원구 광명로 11 (성남동)", "사업장명": "벤치", "업태구분명": "간이주점", "영업장주변구분명": null }, "geometry": { "type": "Point", "coordinates": [ 127.130468073388244, 37.433326837165815 ] } },
{ "type": "Feature", "properties": { "fid": 1813, "개방서비스명": "유흥주점영업", "인허가일자": "1995-07-31", "영업상태명": "영업/정상", "소재지전화": "031758 4403", "소재지면적": 68.15, "도로명전체주소": "경기도 성남시 중원구 성남대로 1152, 지하1층 (성남동)", "사업장명": "열창 노래빵", "업태구분명": "간이주점", "영업장주변구분명": null }, "geometry": { "type": "Point", "coordinates": [ 127.129380060688675, 37.432611299194775 ] } },
{ "type": "Feature", "properties": { "fid": 1820, "개방서비스명": "유흥주점영업", "인허가일자": "1999-08-28", "영업상태명": "영업/정상", "소재지전화": "031 7570453", "소재지면적": 96.8, "도로명전체주소": "경기도 성남시 중원구 광명로 12-3, 지층 (성남동)", "사업장명": "꿀노래빵", "업태구분명": "간이주점", "영업장주변구분명": null }, "geometry": { "type": "Point", "coordinates": [ 127.130592336925659, 37.432718273043541 ] } },
{ "type": "Feature", "properties": { "fid": 1826, "개방서비스명": "유흥주점영업", "인허가일자": "1999-09-11", "영업상태명": "영업/정상", "소재지전화": "031 7545115", "소재지면적": 63.45, "도로명전체주소": "경기도 성남시 중원구 광명로 14-1, 지층 (성남동)", "사업장명": "무궁화", "업태구분명": "간이주점", "영업장주변구분명": null }, "geometry": { "type": "Point", "coordinates": [ 127.130832078306256, 37.433010741482327 ] } },
{ "type": "Feature", "properties": { "fid": 1838, "개방서비스명": "유흥주점영업", "인허가일자": "1988-01-20", "영업상태명": "영업/정상", "소재지전화": "031 7213636", "소재지면적": 69.62, "도로명전체주소": "경기도 성남시 중원구 광명로 12, 지층 (성남동)", "사업장명": "귀족클럽", "업태구분명": "간이주점", "영업장주변구분명": null }, "geometry": { "type": "Point", "coordinates": [ 127.130521312076894, 37.432912569266819 ] } },
{ "type": "Feature", "properties": { "fid": 1843, "개방서비스명": "유흥주점영업", "인허가일자": "2000-01-06", "영업상태명": "영업/정상", "소재지전화": null, "소재지면적": 93.7, "도로명전체주소": "경기도 성남시 중원구 광명로 17, 지층 (성남동)", "사업장명": "써니", "업태구분명": "간이주점", "영업장주변구분명": null }, "geometry": { "type": "Point", "coordinates": [ 127.131055374659454, 37.433399401080543 ] } },
{ "type": "Feature", "properties": { "fid": 1845, "개방서비스명": "유흥주점영업", "인허가일자": "1996-06-18", "영업상태명": "영업/정상", "소재지전화": "031 7550940", "소재지면적": 103.95, "도로명전체주소": "경기도 성남시 중원구 성남대로1151번길 5, 지1층 (성남동)", "사업장명": "노래공짜", "업태구분명": "간이주점", "영업장주변구분명": null }, "geometry": { "type": "Point", "coordinates": [ 127.128323279806693, 37.432414756248384 ] } },
{ "type": "Feature", "properties": { "fid": 1862, "개방서비스명": "유흥주점영업", "인허가일자": "1988-02-11", "영업상태명": "영업/정상", "소재지전화": "031 7220403", "소재지면적": 160.92, "도로명전체주소": "경기도 성남시 중원구 성남대로1139번길 6, 지층 (성남동)", "사업장명": "루비", "업태구분명": "간이주점", "영업장주변구분명": null }, "geometry": { "type": "Point", "coordinates": [ 127.12854857524384, 37.431564688396485 ] } },
{ "type": "Feature", "properties": { "fid": 1863, "개방서비스명": "유흥주점영업", "인허가일자": "1988-02-20", "영업상태명": "영업/정상", "소재지전화": "031 7581267", "소재지면적": 73.38, "도로명전체주소": "경기도 성남시 중원구 성남대로1130번길 3, 지층 (성남동)", "사업장명": "룸노래 엘리스", "업태구분명": "간이주점", "영업장주변구분명": "기타" }, "geometry": { "type": "Point", "coordinates": [ 127.129846068593764, 37.430731036895281 ] } },
{ "type": "Feature", "properties": { "fid": 1869, "개방서비스명": "유흥주점영업", "인허가일자": "1997-04-12", "영업상태명": "영업/정상", "소재지전화": "031 751 7289", "소재지면적": 16.24, "도로명전체주소": "경기도 성남시 중원구 성남대로1148번길 9, 지1층 (성남동)", "사업장명": "가파치", "업태구분명": "간이주점", "영업장주변구분명": null }, "geometry": { "type": "Point", "coordinates": [ 127.130228386858917, 37.432635921255859 ] } },
{ "type": "Feature", "properties": { "fid": 1872, "개방서비스명": "유흥주점영업", "인허가일자": "2000-03-04", "영업상태명": "영업/정상", "소재지전화": null, "소재지면적": 77.37, "도로명전체주소": "경기도 성남시 중원구 광명로 6, 지층 (성남동)", "사업장명": "뱃고동노래빵", "업태구분명": "간이주점", "영업장주변구분명": null }, "geometry": { "type": "Point", "coordinates": [ 127.12991865027108, 37.432817703196136 ] } },
{ "type": "Feature", "properties": { "fid": 1625, "개방서비스명": "단란주점영업", "인허가일자": "1993-12-31", "영업상태명": "영업/정상", "소재지전화": "031 7572106", "소재지면적": 41.97, "도로명전체주소": "경기도 성남시 중원구 광명로 81, 지층 (성남동)", "사업장명": "향원", "업태구분명": "단란주점", "영업장주변구분명": null }, "geometry": { "type": "Point", "coordinates": [ 127.138105736401499, 37.434784215506888 ] } },
{ "type": "Feature", "properties": { "fid": 1692, "개방서비스명": "유흥주점영업", "인허가일자": "2024-06-21", "영업상태명": "영업/정상", "소재지전화": "031755 0325", "소재지면적": 130.92, "도로명전체주소": "경기도 성남시 수정구 수정로 163, 영성빌딩 5층 일부호 (태평동)", "사업장명": "당근 라이브", "업태구분명": "카바레", "영업장주변구분명": null }, "geometry": { "type": "Point", "coordinates": [ 127.138216324137446, 37.443045830960088 ] } },
{ "type": "Feature", "properties": { "fid": 1734, "개방서비스명": "유흥주점영업", "인허가일자": "1989-07-24", "영업상태명": "영업/정상", "소재지전화": null, "소재지면적": 88.4, "도로명전체주소": "경기도 성남시 수정구 수정로165번길 6, 지층 (태평동)", "사업장명": "댄스퀸라이브7080", "업태구분명": "간이주점", "영업장주변구분명": null }, "geometry": { "type": "Point", "coordinates": [ 127.138287412227953, 37.443345845274514 ] } },
{ "type": "Feature", "properties": { "fid": 1758, "개방서비스명": "유흥주점영업", "인허가일자": "2008-11-24", "영업상태명": "영업/정상", "소재지전화": "031 756 7781", "소재지면적": 125.84, "도로명전체주소": "경기도 성남시 수정구 수정로162번길 3 (신흥동,지하1층)", "사업장명": "발리노래빵", "업태구분명": "룸살롱", "영업장주변구분명": null }, "geometry": { "type": "Point", "coordinates": [ 127.138317226213985, 37.442467072264854 ] } },
{ "type": "Feature", "properties": { "fid": 1615, "개방서비스명": "단란주점영업", "인허가일자": "1993-10-19", "영업상태명": "영업/정상", "소재지전화": "031 7546136", "소재지면적": 72.18, "도로명전체주소": "경기도 성남시 수정구 시민로175번길 37-1 (신흥동,지층)", "사업장명": "알러뷰 단란주점", "업태구분명": "단란주점", "영업장주변구분명": null }, "geometry": { "type": "Point", "coordinates": [ 127.138684595285127, 37.442384525141229 ] } },
{ "type": "Feature", "properties": { "fid": 1701, "개방서비스명": "유흥주점영업", "인허가일자": "2004-05-17", "영업상태명": "영업/정상", "소재지전화": "031 7216821", "소재지면적": 73.02, "도로명전체주소": "경기도 성남시 수정구 수정로170번길 6 (신흥동)", "사업장명": "에이스노래빵", "업태구분명": "간이주점", "영업장주변구분명": "유흥업소밀집지역" }, "geometry": { "type": "Point", "coordinates": [ 127.139023537296865, 37.442522079097152 ] } },
{ "type": "Feature", "properties": { "fid": 1646, "개방서비스명": "단란주점영업", "인허가일자": "1994-02-17", "영업상태명": "영업/정상", "소재지전화": "031 7570056", "소재지면적": 43.33, "도로명전체주소": "경기도 성남시 수정구 수정남로 103-2 (신흥동,지층)", "사업장명": "호수포장마차", "업태구분명": "단란주점", "영업장주변구분명": null }, "geometry": { "type": "Point", "coordinates": [ 127.139128237808052, 37.442310189980098 ] } },
{ "type": "Feature", "properties": { "fid": 1663, "개방서비스명": "단란주점영업", "인허가일자": "2007-11-14", "영업상태명": "영업/정상", "소재지전화": "031 757 0109", "소재지면적": 88.92, "도로명전체주소": "경기도 성남시 중원구 광명로 93, 2층 (성남동)", "사업장명": "와우가", "업태구분명": "단란주점", "영업장주변구분명": null }, "geometry": { "type": "Point", "coordinates": [ 127.139282307844127, 37.435360517067231 ] } },
{ "type": "Feature", "properties": { "fid": 1668, "개방서비스명": "단란주점영업", "인허가일자": "2008-08-29", "영업상태명": "영업/정상", "소재지전화": "031 759 6526", "소재지면적": 70.72, "도로명전체주소": "경기도 성남시 중원구 광명로94번길 4 (성남동)", "사업장명": "연예인", "업태구분명": "단란주점", "영업장주변구분명": "기타" }, "geometry": { "type": "Point", "coordinates": [ 127.139312331886998, 37.43479531664142 ] } },
{ "type": "Feature", "properties": { "fid": 1739, "개방서비스명": "유흥주점영업", "인허가일자": "2013-05-10", "영업상태명": "영업/정상", "소재지전화": "070 89727323", "소재지면적": 68.34, "도로명전체주소": "경기도 성남시 중원구 산성대로 176-8, 2층 (성남동)", "사업장명": "마돈나노래빵", "업태구분명": "간이주점", "영업장주변구분명": "기타" }, "geometry": { "type": "Point", "coordinates": [ 127.139311920738749, 37.435513445783876 ] } },
{ "type": "Feature", "properties": { "fid": 1630, "개방서비스명": "단란주점영업", "인허가일자": "2012-07-02", "영업상태명": "영업/정상", "소재지전화": null, "소재지면적": 121.42, "도로명전체주소": "경기도 성남시 수정구 수정로 175-1 (태평동)", "사업장명": "발리라이브", "업태구분명": "단란주점", "영업장주변구분명": "유흥업소밀집지역" }, "geometry": { "type": "Point", "coordinates": [ 127.139436715408664, 37.443463255311052 ] } },
{ "type": "Feature", "properties": { "fid": 1723, "개방서비스명": "유흥주점영업", "인허가일자": "2001-03-12", "영업상태명": "영업/정상", "소재지전화": "031 755 9791", "소재지면적": 69.76, "도로명전체주소": "경기도 성남시 수정구 시민로175번길 29-1, 지1층 (신흥동)", "사업장명": "여궁", "업태구분명": "간이주점", "영업장주변구분명": null }, "geometry": { "type": "Point", "coordinates": [ 127.139559832120426, 37.442641728509912 ] } },
{ "type": "Feature", "properties": { "fid": 1620, "개방서비스명": "단란주점영업", "인허가일자": "2010-08-17", "영업상태명": "영업/정상", "소재지전화": "031 722 4499", "소재지면적": 123.87, "도로명전체주소": "경기도 성남시 수정구 수정로 176-1, 지층 (신흥동)", "사업장명": "7080야간대학", "업태구분명": "단란주점", "영업장주변구분명": "기타" }, "geometry": { "type": "Point", "coordinates": [ 127.139622533596906, 37.443013676507562 ] } },
{ "type": "Feature", "properties": { "fid": 1687, "개방서비스명": "유흥주점영업", "인허가일자": "2019-04-03", "영업상태명": "영업/정상", "소재지전화": null, "소재지면적": 56.05, "도로명전체주소": "경기도 성남시 수정구 수정로 178, 지층 일부호 (신흥동)", "사업장명": "선화노래빵", "업태구분명": "기타", "영업장주변구분명": null }, "geometry": { "type": "Point", "coordinates": [ 127.139799420727996, 37.443066116432533 ] } },
{ "type": "Feature", "properties": { "fid": 1642, "개방서비스명": "단란주점영업", "인허가일자": "2012-10-31", "영업상태명": "영업/정상", "소재지전화": null, "소재지면적": 44.22, "도로명전체주소": "경기도 성남시 중원구 광명로100번길 4, 지층 B08호 (성남동)", "사업장명": "동아포차호프", "업태구분명": "단란주점", "영업장주변구분명": "기타" }, "geometry": { "type": "Point", "coordinates": [ 127.139967804985389, 37.435069962795879 ] } },
{ "type": "Feature", "properties": { "fid": 1622, "개방서비스명": "단란주점영업", "인허가일자": "2010-11-04", "영업상태명": "영업/정상", "소재지전화": "031 758 3096", "소재지면적": 76.52, "도로명전체주소": "경기도 성남시 중원구 광명로100번길 4, B12호 (성남동, 신동아파밀리에)", "사업장명": "동아노래광장", "업태구분명": "단란주점", "영업장주변구분명": "기타" }, "geometry": { "type": "Point", "coordinates": [ 127.139967804985389, 37.435069962795879 ] } },
{ "type": "Feature", "properties": { "fid": 1624, "개방서비스명": "단란주점영업", "인허가일자": "2010-12-09", "영업상태명": "영업/정상", "소재지전화": "031 721 0421", "소재지면적": 105.26, "도로명전체주소": "경기도 성남시 수정구 수정로180번길 3, 지층 (신흥동)", "사업장명": "다정라이브", "업태구분명": "단란주점", "영업장주변구분명": "기타" }, "geometry": { "type": "Point", "coordinates": [ 127.140086278325157, 37.442990619400369 ] } },
{ "type": "Feature", "properties": { "fid": 1711, "개방서비스명": "유흥주점영업", "인허가일자": "1986-05-08", "영업상태명": "영업/정상", "소재지전화": "031 758 9071", "소재지면적": null, "도로명전체주소": "경기도 성남시 수정구 수정남로 115, 지층 (신흥동)", "사업장명": "가인노래빵", "업태구분명": "간이주점", "영업장주변구분명": null }, "geometry": { "type": "Point", "coordinates": [ 127.140206193796772, 37.442628938933552 ] } },
{ "type": "Feature", "properties": { "fid": 1649, "개방서비스명": "단란주점영업", "인허가일자": "2013-07-09", "영업상태명": "영업/정상", "소재지전화": "031 755 6605", "소재지면적": 99.1, "도로명전체주소": "경기도 성남시 중원구 광명로 104, 3층 (성남동)", "사업장명": "수 노래빵", "업태구분명": "단란주점", "영업장주변구분명": null }, "geometry": { "type": "Point", "coordinates": [ 127.140262802654746, 37.435453766202976 ] } },
{ "type": "Feature", "properties": { "fid": 1608, "개방서비스명": "단란주점영업", "인허가일자": "2014-12-10", "영업상태명": "영업/정상", "소재지전화": null, "소재지면적": 43.94, "도로명전체주소": "경기도 성남시 수정구 탄리로 8, 2층 (신흥동)", "사업장명": "허브 노래빵", "업태구분명": "단란주점", "영업장주변구분명": "기타" }, "geometry": { "type": "Point", "coordinates": [ 127.140447113637165, 37.438188964378881 ] } },
{ "type": "Feature", "properties": { "fid": 1763, "개방서비스명": "유흥주점영업", "인허가일자": "2013-01-08", "영업상태명": "영업/정상", "소재지전화": null, "소재지면적": 65.37, "도로명전체주소": "경기도 성남시 수정구 수정로 184, 2층 일부호 (신흥동)", "사업장명": "예스클럽", "업태구분명": "룸살롱", "영업장주변구분명": "유흥업소밀집지역" }, "geometry": { "type": "Point", "coordinates": [ 127.140370542578168, 37.44323653278164 ] } },
{ "type": "Feature", "properties": { "fid": 1766, "개방서비스명": "유흥주점영업", "인허가일자": "1984-12-08", "영업상태명": "영업/정상", "소재지전화": "031 7573812", "소재지면적": 139.65, "도로명전체주소": "경기도 성남시 수정구 수정로 172, 지층 (신흥동)", "사업장명": "일번지 라이브", "업태구분명": "간이주점", "영업장주변구분명": null }, "geometry": { "type": "Point", "coordinates": [ 127.139090782117862, 37.442855760843592 ] } },
{ "type": "Feature", "properties": { "fid": 1768, "개방서비스명": "유흥주점영업", "인허가일자": "1989-09-09", "영업상태명": "영업/정상", "소재지전화": "031 7555798", "소재지면적": 66.35, "도로명전체주소": "경기도 성남시 수정구 수정남로 113 (신흥동)", "사업장명": "샤샤노래빠", "업태구분명": "간이주점", "영업장주변구분명": null }, "geometry": { "type": "Point", "coordinates": [ 127.140037956870387, 37.442579712377665 ] } },
{ "type": "Feature", "properties": { "fid": 1776, "개방서비스명": "유흥주점영업", "인허가일자": "2002-01-25", "영업상태명": "영업/정상", "소재지전화": null, "소재지면적": 68.97, "도로명전체주소": "경기도 성남시 중원구 광명로 95, 지층 (성남동)", "사업장명": "짱", "업태구분명": "간이주점", "영업장주변구분명": "기타" }, "geometry": { "type": "Point", "coordinates": [ 127.139463053375806, 37.435438162385651 ] } },
{ "type": "Feature", "properties": { "fid": 1780, "개방서비스명": "유흥주점영업", "인허가일자": "1990-04-27", "영업상태명": "영업/정상", "소재지전화": "031757 2528", "소재지면적": 70.69, "도로명전체주소": "경기도 성남시 수정구 시민로175번길 지하 27-1 (신흥동)", "사업장명": "루루노래천국", "업태구분명": "간이주점", "영업장주변구분명": null }, "geometry": { "type": "Point", "coordinates": [ 127.139826360956292, 37.44272003069451 ] } },
{ "type": "Feature", "properties": { "fid": 1786, "개방서비스명": "유흥주점영업", "인허가일자": "2011-11-14", "영업상태명": "영업/정상", "소재지전화": null, "소재지면적": 87.12, "도로명전체주소": "경기도 성남시 수정구 수정로 178, 2층 (신흥동)", "사업장명": "나비노래빵", "업태구분명": "기타", "영업장주변구분명": "기타" }, "geometry": { "type": "Point", "coordinates": [ 127.139799420727996, 37.443066116432533 ] } },
{ "type": "Feature", "properties": { "fid": 1789, "개방서비스명": "유흥주점영업", "인허가일자": "1989-11-28", "영업상태명": "영업/정상", "소재지전화": "3180397333", "소재지면적": 71.76, "도로명전체주소": "경기도 성남시 수정구 시민로175번길 29, 지층 (신흥동)", "사업장명": "럭셔리", "업태구분명": "간이주점", "영업장주변구분명": null }, "geometry": { "type": "Point", "coordinates": [ 127.139648011243835, 37.442667591614303 ] } },
{ "type": "Feature", "properties": { "fid": 1796, "개방서비스명": "유흥주점영업", "인허가일자": "2018-07-19", "영업상태명": "영업/정상", "소재지전화": "031 752 0509", "소재지면적": 68.88, "도로명전체주소": "경기도 성남시 수정구 수정로 172, 2층 일부호 (신흥동)", "사업장명": "명품노래빵", "업태구분명": "기타", "영업장주변구분명": null }, "geometry": { "type": "Point", "coordinates": [ 127.139090782117862, 37.442855760843592 ] } },
{ "type": "Feature", "properties": { "fid": 1802, "개방서비스명": "유흥주점영업", "인허가일자": "1989-10-20", "영업상태명": "영업/정상", "소재지전화": null, "소재지면적": 31.68, "도로명전체주소": "경기도 성남시 수정구 시민로175번길 27-2 (신흥동,지층)", "사업장명": "올인노래빵", "업태구분명": "간이주점", "영업장주변구분명": null }, "geometry": { "type": "Point", "coordinates": [ 127.139737025239953, 37.442693919497067 ] } },
{ "type": "Feature", "properties": { "fid": 1810, "개방서비스명": "유흥주점영업", "인허가일자": "1998-08-31", "영업상태명": "영업/정상", "소재지전화": "031 7551697", "소재지면적": 92.28, "도로명전체주소": "경기도 성남시 중원구 광명로 111, 지층 (성남동)", "사업장명": "임금님", "업태구분명": "간이주점", "영업장주변구분명": null }, "geometry": { "type": "Point", "coordinates": [ 127.140944197341099, 37.436256500472851 ] } },
{ "type": "Feature", "properties": { "fid": 1822, "개방서비스명": "유흥주점영업", "인허가일자": "1996-04-26", "영업상태명": "영업/정상", "소재지전화": "031 721 1156", "소재지면적": 41.85, "도로명전체주소": "경기도 성남시 중원구 광명로 93, 2층 (성남동)", "사업장명": "노래타운", "업태구분명": "간이주점", "영업장주변구분명": null }, "geometry": { "type": "Point", "coordinates": [ 127.139282307844127, 37.435360517067231 ] } },
{ "type": "Feature", "properties": { "fid": 1828, "개방서비스명": "유흥주점영업", "인허가일자": "2014-04-07", "영업상태명": "영업/정상", "소재지전화": null, "소재지면적": 117.03, "도로명전체주소": "경기도 성남시 수정구 수정로 180, 2층 (신흥동)", "사업장명": "준노래빵", "업태구분명": "룸살롱", "영업장주변구분명": "유흥업소밀집지역" }, "geometry": { "type": "Point", "coordinates": [ 127.140018822539403, 37.443131067219547 ] } },
{ "type": "Feature", "properties": { "fid": 1831, "개방서비스명": "유흥주점영업", "인허가일자": "2006-11-14", "영업상태명": "영업/정상", "소재지전화": "031 753 1771", "소재지면적": 68.32, "도로명전체주소": "경기도 성남시 수정구 시민로175번길 지하 39 (신흥동)", "사업장명": "썬샤인", "업태구분명": "간이주점", "영업장주변구분명": "유흥업소밀집지역" }, "geometry": { "type": "Point", "coordinates": [ 127.138596062238591, 37.44235755438924 ] } },
{ "type": "Feature", "properties": { "fid": 1836, "개방서비스명": "유흥주점영업", "인허가일자": "2007-01-26", "영업상태명": "영업/정상", "소재지전화": null, "소재지면적": 191.5, "도로명전체주소": "경기도 성남시 수정구 수정로170번길 4 (신흥동)", "사업장명": "상록수라이브", "업태구분명": "간이주점", "영업장주변구분명": null }, "geometry": { "type": "Point", "coordinates": [ 127.138908461714877, 37.442640787226367 ] } },
{ "type": "Feature", "properties": { "fid": 1848, "개방서비스명": "유흥주점영업", "인허가일자": "2016-12-12", "영업상태명": "영업/정상", "소재지전화": "031 721 5001", "소재지면적": 77.01, "도로명전체주소": "경기도 성남시 수정구 위례광장로 9-10, 4층 406호 (창곡동, 아롬타워)", "사업장명": "달 노래빠(BAR)", "업태구분명": "노래클럽", "영업장주변구분명": "기타" }, "geometry": { "type": "Point", "coordinates": [ 127.140645554886802, 37.464895038987343 ] } },
{ "type": "Feature", "properties": { "fid": 1849, "개방서비스명": "유흥주점영업", "인허가일자": "2016-12-12", "영업상태명": "영업/정상", "소재지전화": "031 721 5001", "소재지면적": 77.0, "도로명전체주소": "경기도 성남시 수정구 위례광장로 9-10, 4층 401호 (창곡동, 아롬타워)", "사업장명": "품 노래빠(BAR)", "업태구분명": "노래클럽", "영업장주변구분명": null }, "geometry": { "type": "Point", "coordinates": [ 127.140645554886802, 37.464895038987343 ] } },
{ "type": "Feature", "properties": { "fid": 1861, "개방서비스명": "유흥주점영업", "인허가일자": "2000-05-09", "영업상태명": "영업/정상", "소재지전화": "031 7530405", "소재지면적": 93.14, "도로명전체주소": "경기도 성남시 수정구 수정북로 80 (태평동,지층)", "사업장명": "중앙라이브", "업태구분명": "간이주점", "영업장주변구분명": null }, "geometry": { "type": "Point", "coordinates": [ 127.138205161596787, 37.443522250332798 ] } },
{ "type": "Feature", "properties": { "fid": 1874, "개방서비스명": "유흥주점영업", "인허가일자": "2016-12-12", "영업상태명": "영업/정상", "소재지전화": "031 721 5001", "소재지면적": 77.0, "도로명전체주소": "경기도 성남시 수정구 위례광장로 9-10, 4층 402호 (창곡동, 아롬타워)", "사업장명": "해 노래빠(BAR)", "업태구분명": "노래클럽", "영업장주변구분명": null }, "geometry": { "type": "Point", "coordinates": [ 127.140645554886802, 37.464895038987343 ] } },
{ "type": "Feature", "properties": { "fid": 1880, "개방서비스명": "유흥주점영업", "인허가일자": "2025-11-13", "영업상태명": "영업/정상", "소재지전화": null, "소재지면적": 65.16, "도로명전체주소": "경기도 성남시 수정구 수정로 181, 성남빌딩 1층 일부호 (태평동)", "사업장명": "둥지노래빵", "업태구분명": "노래클럽", "영업장주변구분명": "기타" }, "geometry": { "type": "Point", "coordinates": [ 127.139991988700004, 37.443598254470253 ] } },
{ "type": "Feature", "properties": { "fid": 1891, "개방서비스명": "유흥주점영업", "인허가일자": "2019-01-03", "영업상태명": "영업/정상", "소재지전화": "031 721 3247", "소재지면적": 79.77, "도로명전체주소": "경기도 성남시 수정구 수정로 163, 영성빌딩 지하1층 일부호 (태평동)", "사업장명": "소리새 노래팡", "업태구분명": "룸살롱", "영업장주변구분명": "기타" }, "geometry": { "type": "Point", "coordinates": [ 127.138216324137446, 37.443045830960088 ] } },
{ "type": "Feature", "properties": { "fid": 1856, "개방서비스명": "유흥주점영업", "인허가일자": "1999-11-16", "영업상태명": "영업/정상", "소재지전화": "031 742 5105", "소재지면적": 460.96, "도로명전체주소": "경기도 성남시 수정구 산성대로269번길 8, 지1,지하중층 (신흥동)", "사업장명": "준코뮤직타운 신흥점", "업태구분명": "간이주점", "영업장주변구분명": null }, "geometry": { "type": "Point", "coordinates": [ 127.146784140450052, 37.441556983745187 ] } },
{ "type": "Feature", "properties": { "fid": 1686, "개방서비스명": "유흥주점영업", "인허가일자": "2019-03-15", "영업상태명": "영업/정상", "소재지전화": null, "소재지면적": 170.5, "도로명전체주소": "경기도 성남시 수정구 산성대로 269, 3층 (신흥동)", "사업장명": "엔젤노래빵", "업태구분명": "기타", "영업장주변구분명": null }, "geometry": { "type": "Point", "coordinates": [ 127.146945591647736, 37.441164238071231 ] } },
{ "type": "Feature", "properties": { "fid": 1754, "개방서비스명": "유흥주점영업", "인허가일자": "2017-05-24", "영업상태명": "영업/정상", "소재지전화": "031 747 2515", "소재지면적": 59.98, "도로명전체주소": "경기도 성남시 수정구 산성대로 269, 지층 일부호 (신흥동)", "사업장명": "짱노래천국", "업태구분명": "룸살롱", "영업장주변구분명": null }, "geometry": { "type": "Point", "coordinates": [ 127.146945591647736, 37.441164238071231 ] } },
{ "type": "Feature", "properties": { "fid": 1720, "개방서비스명": "유흥주점영업", "인허가일자": "1984-09-27", "영업상태명": "영업/정상", "소재지전화": null, "소재지면적": 228.26, "도로명전체주소": "경기도 성남시 수정구 산성대로269번길 6-3, 지층 (신흥동)", "사업장명": "벌킨", "업태구분명": "간이주점", "영업장주변구분명": null }, "geometry": { "type": "Point", "coordinates": [ 127.147005539857759, 37.441634395368176 ] } },
{ "type": "Feature", "properties": { "fid": 1728, "개방서비스명": "유흥주점영업", "인허가일자": "1982-09-18", "영업상태명": "영업/정상", "소재지전화": "031 7438078", "소재지면적": 639.02, "도로명전체주소": "경기도 성남시 수정구 산성대로269번길 6, 3층 (신흥동)", "사업장명": "백번관광카바레나이트", "업태구분명": "카바레", "영업장주변구분명": "유흥업소밀집지역" }, "geometry": { "type": "Point", "coordinates": [ 127.147018411768443, 37.441384602357772 ] } },
{ "type": "Feature", "properties": { "fid": 1735, "개방서비스명": "유흥주점영업", "인허가일자": "2000-09-08", "영업상태명": "영업/정상", "소재지전화": "031 722 2401", "소재지면적": 301.87, "도로명전체주소": "경기도 성남시 수정구 산성대로269번길 6, 2층 (신흥동)", "사업장명": "엠비(MB)", "업태구분명": "간이주점", "영업장주변구분명": null }, "geometry": { "type": "Point", "coordinates": [ 127.147018411768443, 37.441384602357772 ] } },
{ "type": "Feature", "properties": { "fid": 1632, "개방서비스명": "단란주점영업", "인허가일자": "2010-07-15", "영업상태명": "영업/정상", "소재지전화": null, "소재지면적": 102.45, "도로명전체주소": "경기도 성남시 수정구 산성대로 271, 지하1층 (신흥동)", "사업장명": "라인노래바", "업태구분명": "단란주점", "영업장주변구분명": null }, "geometry": { "type": "Point", "coordinates": [ 127.147061830278034, 37.441205680983536 ] } },
{ "type": "Feature", "properties": { "fid": 1858, "개방서비스명": "유흥주점영업", "인허가일자": "2016-05-25", "영업상태명": "영업/정상", "소재지전화": null, "소재지면적": 96.98, "도로명전체주소": "경기도 성남시 수정구 산성대로 271-1, 3(일부)층 (신흥동)", "사업장명": "킹덤노래빵", "업태구분명": "노래클럽", "영업장주변구분명": "기타" }, "geometry": { "type": "Point", "coordinates": [ 127.147161244662385, 37.441240822145893 ] } },
{ "type": "Feature", "properties": { "fid": 1702, "개방서비스명": "유흥주점영업", "인허가일자": "2004-07-12", "영업상태명": "영업/정상", "소재지전화": null, "소재지면적": 93.8, "도로명전체주소": "경기도 성남시 수정구 산성대로269번길 6-5 (신흥동,지하1층)", "사업장명": "별밤노래빠", "업태구분명": "간이주점", "영업장주변구분명": null }, "geometry": { "type": "Point", "coordinates": [ 127.147173940063794, 37.441693731922442 ] } },
{ "type": "Feature", "properties": { "fid": 1889, "개방서비스명": "유흥주점영업", "인허가일자": "2018-10-18", "영업상태명": "영업/정상", "소재지전화": null, "소재지면적": 87.92, "도로명전체주소": "경기도 성남시 수정구 산성대로 273, 지층 일부호 (신흥동)", "사업장명": "히든노래짱", "업태구분명": "기타", "영업장주변구분명": null }, "geometry": { "type": "Point", "coordinates": [ 127.147278485177182, 37.441282505079812 ] } },
{ "type": "Feature", "properties": { "fid": 1717, "개방서비스명": "유흥주점영업", "인허가일자": "1983-12-27", "영업상태명": "영업/정상", "소재지전화": "031 745 0001", "소재지면적": 90.0, "도로명전체주소": "경기도 성남시 수정구 산성대로269번길 6-11, 지1층 (신흥동)", "사업장명": "클레오", "업태구분명": "간이주점", "영업장주변구분명": null }, "geometry": { "type": "Point", "coordinates": [ 127.147523414156083, 37.441817547820442 ] } },
{ "type": "Feature", "properties": { "fid": 1815, "개방서비스명": "유흥주점영업", "인허가일자": "2000-12-23", "영업상태명": "영업/정상", "소재지전화": "031 7485077", "소재지면적": 91.57, "도로명전체주소": "경기도 성남시 수정구 산성대로269번길 6-15 (신흥동,지층)", "사업장명": "찐노래빵", "업태구분명": "간이주점", "영업장주변구분명": null }, "geometry": { "type": "Point", "coordinates": [ 127.14775035375672, 37.441897528981009 ] } },
{ "type": "Feature", "properties": { "fid": 1548, "개방서비스명": "단란주점영업", "인허가일자": "2023-08-11", "영업상태명": "영업/정상", "소재지전화": null, "소재지면적": 110.0, "도로명전체주소": "경기도 성남시 수정구 공원로339번길 25, 지하1(일부)층 (신흥동)", "사업장명": "해성라이브", "업태구분명": "단란주점", "영업장주변구분명": null }, "geometry": { "type": "Point", "coordinates": [ 127.148078979013704, 37.442204571659353 ] } },
{ "type": "Feature", "properties": { "fid": 1882, "개방서비스명": "유흥주점영업", "인허가일자": "2021-07-28", "영업상태명": "영업/정상", "소재지전화": null, "소재지면적": 98.3, "도로명전체주소": "경기도 성남시 수정구 공원로339번길 25, 지하1층 일부호 (신흥동)", "사업장명": "해성노래짱", "업태구분명": "기타", "영업장주변구분명": null }, "geometry": { "type": "Point", "coordinates": [ 127.148078979013704, 37.442204571659353 ] } },
{ "type": "Feature", "properties": { "fid": 1832, "개방서비스명": "유흥주점영업", "인허가일자": "1995-12-29", "영업상태명": "영업/정상", "소재지전화": "031 7319799", "소재지면적": 130.16, "도로명전체주소": "경기도 성남시 수정구 산성대로 281, 2층 (신흥동)", "사업장명": "똥광3(쓰리)노래빵", "업태구분명": "간이주점", "영업장주변구분명": null }, "geometry": { "type": "Point", "coordinates": [ 127.148112380671506, 37.44157118812528 ] } },
{ "type": "Feature", "properties": { "fid": 1700, "개방서비스명": "유흥주점영업", "인허가일자": "2004-04-21", "영업상태명": "영업/정상", "소재지전화": "031  7219380", "소재지면적": 291.95, "도로명전체주소": "경기도 성남시 수정구 산성대로283번길 6, 지하1층 (신흥동)", "사업장명": "황진이", "업태구분명": "룸살롱", "영업장주변구분명": "유흥업소밀집지역" }, "geometry": { "type": "Point", "coordinates": [ 127.148281687004058, 37.441819860484337 ] } },
{ "type": "Feature", "properties": { "fid": 1781, "개방서비스명": "유흥주점영업", "인허가일자": "1990-05-15", "영업상태명": "영업/정상", "소재지전화": "031 747 9926", "소재지면적": 83.7, "도로명전체주소": "경기도 성남시 수정구 산성대로283번길 6 (신흥동)", "사업장명": "여우노래빵", "업태구분명": "간이주점", "영업장주변구분명": null }, "geometry": { "type": "Point", "coordinates": [ 127.148281687004058, 37.441819860484337 ] } },
{ "type": "Feature", "properties": { "fid": 1771, "개방서비스명": "유흥주점영업", "인허가일자": "2002-06-14", "영업상태명": "영업/정상", "소재지전화": null, "소재지면적": 91.19, "도로명전체주소": "경기도 성남시 수정구 산성대로 285, 지하1층 (신흥동)", "사업장명": "키스노래짱", "업태구분명": "간이주점", "영업장주변구분명": null }, "geometry": { "type": "Point", "coordinates": [ 127.14846923183876, 37.441680833655695 ] } },
{ "type": "Feature", "properties": { "fid": 1850, "개방서비스명": "유흥주점영업", "인허가일자": "2001-07-12", "영업상태명": "영업/정상", "소재지전화": "031 7460112", "소재지면적": 69.59, "도로명전체주소": "경기도 성남시 수정구 산성대로 287 (신흥동,지층)", "사업장명": "워싱턴", "업태구분명": "간이주점", "영업장주변구분명": null }, "geometry": { "type": "Point", "coordinates": [ 127.148665483207182, 37.441746369324107 ] } },
{ "type": "Feature", "properties": { "fid": 1871, "개방서비스명": "유흥주점영업", "인허가일자": "2015-01-05", "영업상태명": "영업/정상", "소재지전화": "031 7468788", "소재지면적": 128.85, "도로명전체주소": "경기도 성남시 수정구 산성대로 287-1, 지하1층 (신흥동)", "사업장명": "어쭈구리노래빵", "업태구분명": "룸살롱", "영업장주변구분명": null }, "geometry": { "type": "Point", "coordinates": [ 127.148767980364269, 37.441780241180105 ] } },
{ "type": "Feature", "properties": { "fid": 1575, "개방서비스명": "단란주점영업", "인허가일자": "2000-08-31", "영업상태명": "영업/정상", "소재지전화": "031747 7923", "소재지면적": 71.3, "도로명전체주소": "경기도 성남시 수정구 산성대로295번길 10, 지층 (신흥동)", "사업장명": "다정포차", "업태구분명": "단란주점", "영업장주변구분명": null }, "geometry": { "type": "Point", "coordinates": [ 127.149253343226633, 37.442588443300792 ] } },
{ "type": "Feature", "properties": { "fid": 1637, "개방서비스명": "단란주점영업", "인허가일자": "1995-01-23", "영업상태명": "영업/정상", "소재지전화": "031 736 3666", "소재지면적": 87.91, "도로명전체주소": "경기도 성남시 중원구 광명로 205-2, 3층 (중앙동)", "사업장명": "썬7080", "업태구분명": "단란주점", "영업장주변구분명": null }, "geometry": { "type": "Point", "coordinates": [ 127.149646143436939, 37.440596997473669 ] } },
{ "type": "Feature", "properties": { "fid": 1807, "개방서비스명": "유흥주점영업", "인허가일자": "2016-08-01", "영업상태명": "영업/정상", "소재지전화": "031 747 6276", "소재지면적": 87.75, "도로명전체주소": "경기도 성남시 수정구 산성대로 311, 지하1(일부)층 (신흥동)", "사업장명": "모모노래빠", "업태구분명": "노래클럽", "영업장주변구분명": null }, "geometry": { "type": "Point", "coordinates": [ 127.151155091544013, 37.442623083345879 ] } },
{ "type": "Feature", "properties": { "fid": 1794, "개방서비스명": "유흥주점영업", "인허가일자": "2016-12-26", "영업상태명": "영업/정상", "소재지전화": "031 747 6415", "소재지면적": 86.53, "도로명전체주소": "경기도 성남시 중원구 산성대로 322, 2층 (중앙동)", "사업장명": "터널노래바", "업태구분명": "간이주점", "영업장주변구분명": "유흥업소밀집지역" }, "geometry": { "type": "Point", "coordinates": [ 127.152579238778003, 37.442401443312512 ] } },
{ "type": "Feature", "properties": { "fid": 1664, "개방서비스명": "단란주점영업", "인허가일자": "2007-12-12", "영업상태명": "영업/정상", "소재지전화": null, "소재지면적": 64.42, "도로명전체주소": "경기도 성남시 중원구 공원로 318, 2층 (중앙동)", "사업장명": "허즈 노래주점", "업태구분명": "단란주점", "영업장주변구분명": "기타" }, "geometry": { "type": "Point", "coordinates": [ 127.152777917421346, 37.442138654760093 ] } },
{ "type": "Feature", "properties": { "fid": 1764, "개방서비스명": "유흥주점영업", "인허가일자": "2013-01-15", "영업상태명": "영업/정상", "소재지전화": "031 735 7012", "소재지면적": 33.58, "도로명전체주소": "경기도 성남시 중원구 산성대로 332, 지층 (중앙동)", "사업장명": "우리노래바", "업태구분명": "간이주점", "영업장주변구분명": "기타" }, "geometry": { "type": "Point", "coordinates": [ 127.153561131696179, 37.442888129096467 ] } },
{ "type": "Feature", "properties": { "fid": 1830, "개방서비스명": "유흥주점영업", "인허가일자": "2015-04-28", "영업상태명": "영업/정상", "소재지전화": null, "소재지면적": 99.0, "도로명전체주소": "경기도 성남시 중원구 산성대로 332, 4층 (중앙동)", "사업장명": "신밧드노래빠", "업태구분명": "간이주점", "영업장주변구분명": "기타" }, "geometry": { "type": "Point", "coordinates": [ 127.153561131696179, 37.442888129096467 ] } },
{ "type": "Feature", "properties": { "fid": 1806, "개방서비스명": "유흥주점영업", "인허가일자": "2010-06-01", "영업상태명": "영업/정상", "소재지전화": null, "소재지면적": 51.68, "도로명전체주소": "경기도 성남시 중원구 산성대로 336-2, 2층 (중앙동)", "사업장명": "아리아리노래빠", "업태구분명": "간이주점", "영업장주변구분명": "유흥업소밀집지역" }, "geometry": { "type": "Point", "coordinates": [ 127.153804096397508, 37.443016971126589 ] } },
{ "type": "Feature", "properties": { "fid": 1556, "개방서비스명": "단란주점영업", "인허가일자": "1996-12-06", "영업상태명": "영업/정상", "소재지전화": "031 7421064", "소재지면적": 57.98, "도로명전체주소": "경기도 성남시 중원구 광명로 247, 지층 (중앙동)", "사업장명": "카네기노래포장마차", "업태구분명": "단란주점", "영업장주변구분명": null }, "geometry": { "type": "Point", "coordinates": [ 127.154076458127008, 37.442495495621721 ] } },
{ "type": "Feature", "properties": { "fid": 1804, "개방서비스명": "유흥주점영업", "인허가일자": "2010-03-08", "영업상태명": "영업/정상", "소재지전화": "031 744 9173", "소재지면적": 86.4, "도로명전체주소": "경기도 성남시 중원구 산성대로 340, 3층 (중앙동)", "사업장명": "쿨노래바", "업태구분명": "간이주점", "영업장주변구분명": null }, "geometry": { "type": "Point", "coordinates": [ 127.154397667561412, 37.443317036611873 ] } },
{ "type": "Feature", "properties": { "fid": 1798, "개방서비스명": "유흥주점영업", "인허가일자": "2011-02-15", "영업상태명": "영업/정상", "소재지전화": "031  7312655", "소재지면적": 57.36, "도로명전체주소": "경기도 성남시 중원구 산성대로 340-1, 지1층 (중앙동)", "사업장명": "궁노래빵", "업태구분명": "간이주점", "영업장주변구분명": "유흥업소밀집지역" }, "geometry": { "type": "Point", "coordinates": [ 127.154579937062394, 37.443369636655639 ] } },
{ "type": "Feature", "properties": { "fid": 1579, "개방서비스명": "단란주점영업", "인허가일자": "1995-06-17", "영업상태명": "영업/정상", "소재지전화": "031 7420337", "소재지면적": 77.94, "도로명전체주소": "경기도 성남시 중원구 광명로 255-4, 지층 (중앙동)", "사업장명": "샤방샤방", "업태구분명": "단란주점", "영업장주변구분명": null }, "geometry": { "type": "Point", "coordinates": [ 127.154779701651833, 37.44278878260198 ] } },
{ "type": "Feature", "properties": { "fid": 1799, "개방서비스명": "유흥주점영업", "인허가일자": "2011-05-12", "영업상태명": "영업/정상", "소재지전화": "031 734 9055", "소재지면적": 98.04, "도로명전체주소": "경기도 성남시 중원구 산성대로 344-1, 2층 (중앙동)", "사업장명": "허브노래짱", "업태구분명": "간이주점", "영업장주변구분명": null }, "geometry": { "type": "Point", "coordinates": [ 127.154819795217321, 37.443527284888191 ] } },
{ "type": "Feature", "properties": { "fid": 1827, "개방서비스명": "유흥주점영업", "인허가일자": "2014-03-06", "영업상태명": "영업/정상", "소재지전화": null, "소재지면적": 58.9, "도로명전체주소": "경기도 성남시 중원구 산성대로 346, 지층 (중앙동)", "사업장명": "명품노래짱", "업태구분명": "간이주점", "영업장주변구분명": "학교정화(상대)" }, "geometry": { "type": "Point", "coordinates": [ 127.154983233522273, 37.443603704314313 ] } },
{ "type": "Feature", "properties": { "fid": 1626, "개방서비스명": "단란주점영업", "인허가일자": "1994-01-05", "영업상태명": "영업/정상", "소재지전화": "031 7417859", "소재지면적": 43.64, "도로명전체주소": "경기도 성남시 중원구 광명로 259-4, 지층 (중앙동)", "사업장명": "노래하는 두리포차", "업태구분명": "단란주점", "영업장주변구분명": null }, "geometry": { "type": "Point", "coordinates": [ 127.155073396639906, 37.4429449693639 ] } },
{ "type": "Feature", "properties": { "fid": 1890, "개방서비스명": "유흥주점영업", "인허가일자": "2025-03-07", "영업상태명": "영업/정상", "소재지전화": null, "소재지면적": 99.63, "도로명전체주소": "경기도 성남시 수정구 산성대로 275-2, 2층 (신흥동)", "사업장명": "커플노래빵", "업태구분명": "노래클럽", "영업장주변구분명": "기타" }, "geometry": { "type": "Point", "coordinates": [ 127.147559977598291, 37.441401653681801 ] } },
{ "type": "Feature", "properties": { "fid": 1610, "개방서비스명": "단란주점영업", "인허가일자": "2015-06-04", "영업상태명": "영업/정상", "소재지전화": null, "소재지면적": 122.58, "도로명전체주소": "경기도 성남시 수정구 성남대로 1218, 2층 (수진동)", "사업장명": "킹라이브", "업태구분명": "단란주점", "영업장주변구분명": null }, "geometry": { "type": "Point", "coordinates": [ 127.128354699062399, 37.438538125138962 ] } },
{ "type": "Feature", "properties": { "fid": 1619, "개방서비스명": "단란주점영업", "인허가일자": "2011-04-25", "영업상태명": "영업/정상", "소재지전화": null, "소재지면적": 141.71, "도로명전체주소": "경기도 성남시 수정구 수정로74번길 6 (수진동,2층)", "사업장명": "아모르파티라이브7080", "업태구분명": "단란주점", "영업장주변구분명": "기타" }, "geometry": { "type": "Point", "coordinates": [ 127.128745082212077, 37.439422392336397 ] } },
{ "type": "Feature", "properties": { "fid": 1647, "개방서비스명": "단란주점영업", "인허가일자": "2007-12-31", "영업상태명": "영업/정상", "소재지전화": "031 755 0706", "소재지면적": 105.28, "도로명전체주소": "경기도 성남시 수정구 수정로74번길 6, 지층 (수진동)", "사업장명": "오렌지", "업태구분명": "단란주점", "영업장주변구분명": "기타" }, "geometry": { "type": "Point", "coordinates": [ 127.128745082212077, 37.439422392336397 ] } },
{ "type": "Feature", "properties": { "fid": 1746, "개방서비스명": "유흥주점영업", "인허가일자": "1999-09-16", "영업상태명": "영업/정상", "소재지전화": null, "소재지면적": 40.14, "도로명전체주소": "경기도 성남시 수정구 수정로74번길 6, 지층 (수진동)", "사업장명": "오렌지노래빵", "업태구분명": "간이주점", "영업장주변구분명": null }, "geometry": { "type": "Point", "coordinates": [ 127.128745082212077, 37.439422392336397 ] } },
{ "type": "Feature", "properties": { "fid": 1567, "개방서비스명": "단란주점영업", "인허가일자": "1998-02-16", "영업상태명": "영업/정상", "소재지전화": "031 7520109", "소재지면적": 133.64, "도로명전체주소": "경기도 성남시 수정구 제일로 205-1, 지1층 (태평동)", "사업장명": "별밤", "업태구분명": "단란주점", "영업장주변구분명": "주택가주변" }, "geometry": { "type": "Point", "coordinates": [ 127.129856458304872, 37.444622484183682 ] } },
{ "type": "Feature", "properties": { "fid": 1604, "개방서비스명": "단란주점영업", "인허가일자": "2011-11-22", "영업상태명": "영업/정상", "소재지전화": "031752 8630", "소재지면적": 98.35, "도로명전체주소": "경기도 성남시 수정구 수정로 88, 지1층 (수진동)", "사업장명": "노래하는 호박마차", "업태구분명": "단란주점", "영업장주변구분명": "유흥업소밀집지역" }, "geometry": { "type": "Point", "coordinates": [ 127.130168843035037, 37.440202695117712 ] } },
{ "type": "Feature", "properties": { "fid": 1727, "개방서비스명": "유흥주점영업", "인허가일자": "2001-05-18", "영업상태명": "영업/정상", "소재지전화": null, "소재지면적": 111.7, "도로명전체주소": "경기도 성남시 수정구 수정남로 29 (수진동,지층)", "사업장명": "가인노래빵", "업태구분명": "간이주점", "영업장주변구분명": null }, "geometry": { "type": "Point", "coordinates": [ 127.13117092372552, 37.439995155094195 ] } },
{ "type": "Feature", "properties": { "fid": 1715, "개방서비스명": "유흥주점영업", "인허가일자": "1981-12-14", "영업상태명": "영업/정상", "소재지전화": "031 755 1413", "소재지면적": 114.48, "도로명전체주소": "경기도 성남시 수정구 수정로99번길 3, 지층 (태평동)", "사업장명": "사계영상가요주점", "업태구분명": "간이주점", "영업장주변구분명": null }, "geometry": { "type": "Point", "coordinates": [ 127.13116622447636, 37.441053182517493 ] } },
{ "type": "Feature", "properties": { "fid": 1765, "개방서비스명": "유흥주점영업", "인허가일자": "1984-12-05", "영업상태명": "영업/정상", "소재지전화": "031 7588530", "소재지면적": 57.14, "도로명전체주소": "경기도 성남시 수정구 수정남로 31 (수진동,지층)", "사업장명": "도화노래빵", "업태구분명": "간이주점", "영업장주변구분명": null }, "geometry": { "type": "Point", "coordinates": [ 127.131351000492501, 37.440047742955564 ] } },
{ "type": "Feature", "properties": { "fid": 1689, "개방서비스명": "유흥주점영업", "인허가일자": "2024-09-20", "영업상태명": "영업/정상", "소재지전화": null, "소재지면적": 159.43, "도로명전체주소": "경기도 성남시 수정구 제일로 165, 지층 (태평동)", "사업장명": "대박팡팡", "업태구분명": "노래클럽", "영업장주변구분명": null }, "geometry": { "type": "Point", "coordinates": [ 127.131471144132703, 37.441035355522473 ] } },
{ "type": "Feature", "properties": { "fid": 1549, "개방서비스명": "단란주점영업", "인허가일자": "2019-04-26", "영업상태명": "영업/정상", "소재지전화": null, "소재지면적": 111.07, "도로명전체주소": "경기도 성남시 수정구 제일로 157, 지하1층 일부호 (수진동)", "사업장명": "탑노래빵", "업태구분명": "단란주점", "영업장주변구분명": "유흥업소밀집지역" }, "geometry": { "type": "Point", "coordinates": [ 127.131757412271625, 37.440498735684585 ] } },
{ "type": "Feature", "properties": { "fid": 1639, "개방서비스명": "단란주점영업", "인허가일자": "2012-08-17", "영업상태명": "영업/정상", "소재지전화": null, "소재지면적": 127.0, "도로명전체주소": "경기도 성남시 수정구 제일로 153 (수진동)", "사업장명": "청월노래빵", "업태구분명": "단란주점", "영업장주변구분명": "유흥업소밀집지역" }, "geometry": { "type": "Point", "coordinates": [ 127.13189950772157, 37.440223397875627 ] } },
{ "type": "Feature", "properties": { "fid": 1560, "개방서비스명": "단란주점영업", "인허가일자": "2017-06-16", "영업상태명": "영업/정상", "소재지전화": null, "소재지면적": 99.75, "도로명전체주소": "경기도 성남시 수정구 수정로 106, 2층 205호 (수진동)", "사업장명": "아리수노래빵", "업태구분명": "단란주점", "영업장주변구분명": null }, "geometry": { "type": "Point", "coordinates": [ 127.132274119915024, 37.440827559080709 ] } },
{ "type": "Feature", "properties": { "fid": 1550, "개방서비스명": "단란주점영업", "인허가일자": "2019-06-28", "영업상태명": "영업/정상", "소재지전화": null, "소재지면적": 143.31, "도로명전체주소": "경기도 성남시 수정구 수정남로 41, 2층 일부호 (수진동)", "사업장명": "목터져 노래빠", "업태구분명": "단란주점", "영업장주변구분명": "유흥업소밀집지역" }, "geometry": { "type": "Point", "coordinates": [ 127.132478967076437, 37.440384310613588 ] } },
{ "type": "Feature", "properties": { "fid": 1774, "개방서비스명": "유흥주점영업", "인허가일자": "1985-10-21", "영업상태명": "영업/정상", "소재지전화": "031 7574523", "소재지면적": null, "도로명전체주소": "경기도 성남시 수정구 수정남로 41, 지1층 (수진동)", "사업장명": "황진이", "업태구분명": "간이주점", "영업장주변구분명": null }, "geometry": { "type": "Point", "coordinates": [ 127.132478967076437, 37.440384310613588 ] } },
{ "type": "Feature", "properties": { "fid": 1684, "개방서비스명": "유흥주점영업", "인허가일자": "1980-05-24", "영업상태명": "영업/정상", "소재지전화": "031 7551988", "소재지면적": 190.2, "도로명전체주소": "경기도 성남시 수정구 수정로 110, 지하1층 (수진동)", "사업장명": "야화노래빵", "업태구분명": "간이주점", "영업장주변구분명": null }, "geometry": { "type": "Point", "coordinates": [ 127.132631981253482, 37.440933631093834 ] } },
{ "type": "Feature", "properties": { "fid": 1707, "개방서비스명": "유흥주점영업", "인허가일자": "1986-02-07", "영업상태명": "영업/정상", "소재지전화": "031 7519762", "소재지면적": 90.03, "도로명전체주소": "경기도 성남시 수정구 수정남로 43 (수진동,1층)", "사업장명": "별천지3050라이브", "업태구분명": "스텐드바", "영업장주변구분명": null }, "geometry": { "type": "Point", "coordinates": [ 127.132658697567678, 37.440438144756676 ] } },
{ "type": "Feature", "properties": { "fid": 1696, "개방서비스명": "유흥주점영업", "인허가일자": "2023-05-12", "영업상태명": "영업/정상", "소재지전화": null, "소재지면적": 93.1, "도로명전체주소": "경기도 성남시 수정구 수정로 111, 신현빌딩 2층 일부호 (태평동)", "사업장명": "짱짱 노래짱", "업태구분명": "간이주점", "영업장주변구분명": null }, "geometry": { "type": "Point", "coordinates": [ 127.132664523079697, 37.441398642658193 ] } },
{ "type": "Feature", "properties": { "fid": 1864, "개방서비스명": "유흥주점영업", "인허가일자": "2000-01-18", "영업상태명": "영업/정상", "소재지전화": "031 7576872", "소재지면적": 93.0, "도로명전체주소": "경기도 성남시 수정구 수정로 71 (태평동,지층)", "사업장명": "팝콘노래짱", "업태구분명": "간이주점", "영업장주변구분명": null }, "geometry": { "type": "Point", "coordinates": [ 127.128378789957225, 37.440134073753121 ] } },
{ "type": "Feature", "properties": { "fid": 1888, "개방서비스명": "유흥주점영업", "인허가일자": "2022-09-05", "영업상태명": "영업/정상", "소재지전화": null, "소재지면적": 84.66, "도로명전체주소": "경기도 성남시 수정구 수정로 75, 2층 일부호 (태평동)", "사업장명": "설화노래짱", "업태구분명": "간이주점", "영업장주변구분명": "유흥업소밀집지역" }, "geometry": { "type": "Point", "coordinates": [ 127.128723443955764, 37.440217933127904 ] } },
{ "type": "Feature", "properties": { "fid": 1892, "개방서비스명": "유흥주점영업", "인허가일자": "2020-11-25", "영업상태명": "영업/정상", "소재지전화": null, "소재지면적": 154.9, "도로명전체주소": "경기도 성남시 수정구 수정로 96, 2층 일부호 (수진동)", "사업장명": "탑7라이브7080", "업태구분명": "간이주점", "영업장주변구분명": "유흥업소밀집지역" }, "geometry": { "type": "Point", "coordinates": [ 127.131145992209838, 37.440492626804769 ] } },
{ "type": "Feature", "properties": { "fid": 1557, "개방서비스명": "단란주점영업", "인허가일자": "1996-12-14", "영업상태명": "영업/정상", "소재지전화": "031 7313948", "소재지면적": 91.12, "도로명전체주소": "경기도 성남시 중원구 산성대로 414, 지층 (금광동)", "사업장명": "갤러리", "업태구분명": "단란주점", "영업장주변구분명": null }, "geometry": { "type": "Point", "coordinates": [ 127.158963398163664, 37.448666132958792 ] } },
{ "type": "Feature", "properties": { "fid": 1582, "개방서비스명": "단란주점영업", "인허가일자": "1995-07-07", "영업상태명": "영업/정상", "소재지전화": "031 7453059", "소재지면적": 48.18, "도로명전체주소": "경기도 성남시 중원구 자혜로8번길 59-16, 지층 (금광동)", "사업장명": "한강 노래하는 포차 단란주점", "업태구분명": "단란주점", "영업장주변구분명": null }, "geometry": { "type": "Point", "coordinates": [ 127.159086820528969, 37.445258614965645 ] } },
{ "type": "Feature", "properties": { "fid": 1554, "개방서비스명": "단란주점영업", "인허가일자": "1996-09-18", "영업상태명": "영업/정상", "소재지전화": "031 7441150", "소재지면적": 92.1, "도로명전체주소": "경기도 성남시 수정구 산성대로 441 (단대동,지층)", "사업장명": "스타가요 노래빵", "업태구분명": "단란주점", "영업장주변구분명": null }, "geometry": { "type": "Point", "coordinates": [ 127.159344353679387, 37.451421001751832 ] } },
{ "type": "Feature", "properties": { "fid": 1645, "개방서비스명": "단란주점영업", "인허가일자": "1993-09-28", "영업상태명": "영업/정상", "소재지전화": "031 7329911", "소재지면적": 107.84, "도로명전체주소": "경기도 성남시 중원구 희망로 392-2, 지층 (상대원동)", "사업장명": "노래하는 포장마차", "업태구분명": "단란주점", "영업장주변구분명": null }, "geometry": { "type": "Point", "coordinates": [ 127.159977049399401, 37.440332906145258 ] } },
{ "type": "Feature", "properties": { "fid": 1614, "개방서비스명": "단란주점영업", "인허가일자": "1993-09-28", "영업상태명": "영업/정상", "소재지전화": "031 7341416", "소재지면적": 77.79, "도로명전체주소": "경기도 성남시 중원구 광명로 307, 지층 (금광동)", "사업장명": "쎈스 노래주점", "업태구분명": "단란주점", "영업장주변구분명": null }, "geometry": { "type": "Point", "coordinates": [ 127.16016540221699, 37.444961071781947 ] } },
{ "type": "Feature", "properties": { "fid": 1587, "개방서비스명": "단란주점영업", "인허가일자": "1996-02-17", "영업상태명": "영업/정상", "소재지전화": "031 731 3248", "소재지면적": 58.44, "도로명전체주소": "경기도 성남시 중원구 산성대로 458-1, 지층 (금광동)", "사업장명": "쿨노래주점", "업태구분명": "단란주점", "영업장주변구분명": null }, "geometry": { "type": "Point", "coordinates": [ 127.160679791505828, 37.452539600171505 ] } },
{ "type": "Feature", "properties": { "fid": 1572, "개방서비스명": "단란주점영업", "인허가일자": "1998-09-19", "영업상태명": "영업/정상", "소재지전화": "031 743 2724", "소재지면적": 85.26, "도로명전체주소": "경기도 성남시 중원구 산성대로 480, 지층 (은행동)", "사업장명": "명품 노래빵", "업태구분명": "단란주점", "영업장주변구분명": null }, "geometry": { "type": "Point", "coordinates": [ 127.161487811295487, 37.454297539613258 ] } },
{ "type": "Feature", "properties": { "fid": 1590, "개방서비스명": "단란주점영업", "인허가일자": "1999-03-03", "영업상태명": "영업/정상", "소재지전화": "031 7312088", "소재지면적": 91.96, "도로명전체주소": "경기도 성남시 중원구 광명로 329, 지층 (금광동)", "사업장명": "주몽노래하는포장마차", "업태구분명": "단란주점", "영업장주변구분명": null }, "geometry": { "type": "Point", "coordinates": [ 127.162314678454976, 37.445617097667274 ] } },
{ "type": "Feature", "properties": { "fid": 1563, "개방서비스명": "단란주점영업", "인허가일자": "1999-12-13", "영업상태명": "영업/정상", "소재지전화": "031 7434080", "소재지면적": 106.31, "도로명전체주소": "경기도 성남시 중원구 금상로 66, 지층 (상대원동)", "사업장명": "썬 7080", "업태구분명": "단란주점", "영업장주변구분명": null }, "geometry": { "type": "Point", "coordinates": [ 127.163267315305205, 37.440808589855109 ] } },
{ "type": "Feature", "properties": { "fid": 1635, "개방서비스명": "단란주점영업", "인허가일자": "1994-06-24", "영업상태명": "영업/정상", "소재지전화": "031 7491452", "소재지면적": 141.6, "도로명전체주소": "경기도 성남시 중원구 광명로 340-1 (금광동)", "사업장명": "마이웨이", "업태구분명": "단란주점", "영업장주변구분명": null }, "geometry": { "type": "Point", "coordinates": [ 127.163686445289486, 37.445633370712848 ] } },
{ "type": "Feature", "properties": { "fid": 1662, "개방서비스명": "단란주점영업", "인허가일자": "1995-11-06", "영업상태명": "영업/정상", "소재지전화": "031 748 3382", "소재지면적": 49.0, "도로명전체주소": "경기도 성남시 중원구 금상로 76, 지층 (상대원동)", "사업장명": "불꽃 7080", "업태구분명": "단란주점", "영업장주변구분명": null }, "geometry": { "type": "Point", "coordinates": [ 127.164003646056969, 37.44140503763645 ] } },
{ "type": "Feature", "properties": { "fid": 1577, "개방서비스명": "단란주점영업", "인허가일자": "1994-12-14", "영업상태명": "영업/정상", "소재지전화": "031 7446213", "소재지면적": 74.9, "도로명전체주소": "경기도 성남시 중원구 광명로342번길 3, 지층 (금광동)", "사업장명": "별밤노래주점", "업태구분명": "단란주점", "영업장주변구분명": null }, "geometry": { "type": "Point", "coordinates": [ 127.164097768366105, 37.44562245399662 ] } },
{ "type": "Feature", "properties": { "fid": 1553, "개방서비스명": "단란주점영업", "인허가일자": "1996-08-14", "영업상태명": "영업/정상", "소재지전화": "031 7357882", "소재지면적": 73.87, "도로명전체주소": "경기도 성남시 중원구 광명로347번길 6, 지층 (금광동)", "사업장명": "금게", "업태구분명": "단란주점", "영업장주변구분명": null }, "geometry": { "type": "Point", "coordinates": [ 127.164430363125476, 37.446607619260888 ] } },
{ "type": "Feature", "properties": { "fid": 1589, "개방서비스명": "단란주점영업", "인허가일자": "1999-02-13", "영업상태명": "영업/정상", "소재지전화": "031 7334786", "소재지면적": 87.5, "도로명전체주소": "경기도 성남시 중원구 산성대로540번길 1, 지층 (은행동)", "사업장명": "줄리아나", "업태구분명": "단란주점", "영업장주변구분명": null }, "geometry": { "type": "Point", "coordinates": [ 127.165385895958437, 37.458848817768342 ] } },
{ "type": "Feature", "properties": { "fid": 1592, "개방서비스명": "단란주점영업", "인허가일자": "1999-08-12", "영업상태명": "영업/정상", "소재지전화": "031 748 7891", "소재지면적": 110.72, "도로명전체주소": "경기도 성남시 중원구 산성대로 570, 지층 (은행동)", "사업장명": "열두대문", "업태구분명": "단란주점", "영업장주변구분명": null }, "geometry": { "type": "Point", "coordinates": [ 127.167250495340525, 37.460779545193454 ] } },
{ "type": "Feature", "properties": { "fid": 1559, "개방서비스명": "단란주점영업", "인허가일자": "1995-06-08", "영업상태명": "영업/정상", "소재지전화": "031 742 0207", "소재지면적": 87.43, "도로명전체주소": "경기도 성남시 수정구 산성대로 583 (양지동)", "사업장명": "별노래팡팡", "업태구분명": "단란주점", "영업장주변구분명": null }, "geometry": { "type": "Point", "coordinates": [ 127.167862048893085, 37.462103990402788 ] } },
{ "type": "Feature", "properties": { "fid": 1581, "개방서비스명": "단란주점영업", "인허가일자": "1995-07-03", "영업상태명": "영업/정상", "소재지전화": "031 734 8114", "소재지면적": 58.76, "도로명전체주소": "경기도 성남시 중원구 금상로 118, 지층 (상대원동)", "사업장명": "두꺼비 노래포차", "업태구분명": "단란주점", "영업장주변구분명": null }, "geometry": { "type": "Point", "coordinates": [ 127.167953439974497, 37.442451461135512 ] } },
{ "type": "Feature", "properties": { "fid": 1588, "개방서비스명": "단란주점영업", "인허가일자": "1999-02-09", "영업상태명": "영업/정상", "소재지전화": "031 7413367", "소재지면적": 107.8, "도로명전체주소": "경기도 성남시 중원구 산성대로 584, 지층 (은행동)", "사업장명": "제일노래주점", "업태구분명": "단란주점", "영업장주변구분명": null }, "geometry": { "type": "Point", "coordinates": [ 127.168330725505783, 37.461593900514323 ] } },
{ "type": "Feature", "properties": { "fid": 1805, "개방서비스명": "유흥주점영업", "인허가일자": "2010-04-09", "영업상태명": "영업/정상", "소재지전화": null, "소재지면적": 97.08, "도로명전체주소": "경기도 성남시 수정구 수정로188번길 4, 지층 (신흥동)", "사업장명": "땡벌노래빵", "업태구분명": "노래클럽", "영업장주변구분명": "기타" }, "geometry": { "type": "Point", "coordinates": [ 127.14079805783544, 37.44320152123322 ] } },
{ "type": "Feature", "properties": { "fid": 1744, "개방서비스명": "유흥주점영업", "인허가일자": "2002-12-13", "영업상태명": "영업/정상", "소재지전화": "031 7518848", "소재지면적": 114.9, "도로명전체주소": "경기도 성남시 수정구 수정로 190 (신흥동,지층)", "사업장명": "딸기 노래빵", "업태구분명": "간이주점", "영업장주변구분명": null }, "geometry": { "type": "Point", "coordinates": [ 127.140971956209285, 37.443412301352907 ] } },
{ "type": "Feature", "properties": { "fid": 1740, "개방서비스명": "유흥주점영업", "인허가일자": "2013-09-03", "영업상태명": "영업/정상", "소재지전화": null, "소재지면적": 98.7, "도로명전체주소": "경기도 성남시 수정구 수정로 190-1 (신흥동)", "사업장명": "007노래빵", "업태구분명": "룸살롱", "영업장주변구분명": "주택가주변" }, "geometry": { "type": "Point", "coordinates": [ 127.141129857536669, 37.443457600478183 ] } },
{ "type": "Feature", "properties": { "fid": 1603, "개방서비스명": "단란주점영업", "인허가일자": "2011-06-16", "영업상태명": "영업/정상", "소재지전화": null, "소재지면적": 112.41, "도로명전체주소": "경기도 성남시 수정구 수정로 192, 지1층 (신흥동)", "사업장명": "태평양7080라이브", "업태구분명": "단란주점", "영업장주변구분명": "기타" }, "geometry": { "type": "Point", "coordinates": [ 127.141289881039313, 37.443505210667944 ] } },
{ "type": "Feature", "properties": { "fid": 1733, "개방서비스명": "유흥주점영업", "인허가일자": "1995-08-30", "영업상태명": "영업/정상", "소재지전화": "031 7576898", "소재지면적": 206.11, "도로명전체주소": "경기도 성남시 수정구 수정로 192, 3층 (신흥동)", "사업장명": "넘버원클럽", "업태구분명": "간이주점", "영업장주변구분명": null }, "geometry": { "type": "Point", "coordinates": [ 127.141289881039313, 37.443505210667944 ] } },
{ "type": "Feature", "properties": { "fid": 1842, "개방서비스명": "유흥주점영업", "인허가일자": "1999-12-24", "영업상태명": "영업/정상", "소재지전화": "031 7542311", "소재지면적": 140.4, "도로명전체주소": "경기도 성남시 수정구 시민로175번길 13, 지층 (신흥동)", "사업장명": "K2노래바", "업태구분명": "룸살롱", "영업장주변구분명": null }, "geometry": { "type": "Point", "coordinates": [ 127.141337177348234, 37.443157114725004 ] } },
{ "type": "Feature", "properties": { "fid": 1755, "개방서비스명": "유흥주점영업", "인허가일자": "2008-05-14", "영업상태명": "영업/정상", "소재지전화": null, "소재지면적": 234.93, "도로명전체주소": "경기도 성남시 수정구 수정로 지하 194, 지하1층 (신흥동)", "사업장명": "나는가수다라이브", "업태구분명": "간이주점", "영업장주변구분명": "기타" }, "geometry": { "type": "Point", "coordinates": [ 127.14149825125898, 37.443565048621949 ] } },
{ "type": "Feature", "properties": { "fid": 1562, "개방서비스명": "단란주점영업", "인허가일자": "2018-06-20", "영업상태명": "영업/정상", "소재지전화": null, "소재지면적": 105.32, "도로명전체주소": "경기도 성남시 수정구 산성대로215번길 3, 관서형빌딩 2층 일부호 (신흥동)", "사업장명": "청춘7080라이브", "업태구분명": "단란주점", "영업장주변구분명": null }, "geometry": { "type": "Point", "coordinates": [ 127.141526470384505, 37.438470760406318 ] } },
{ "type": "Feature", "properties": { "fid": 1709, "개방서비스명": "유흥주점영업", "인허가일자": "1986-03-08", "영업상태명": "영업/정상", "소재지전화": "031 7547785", "소재지면적": 69.6, "도로명전체주소": "경기도 성남시 수정구 수정남로 127, 1층 (신흥동)", "사업장명": "섹소폰라이브카페", "업태구분명": "간이주점", "영업장주변구분명": null }, "geometry": { "type": "Point", "coordinates": [ 127.14156901379971, 37.443070726529456 ] } },
{ "type": "Feature", "properties": { "fid": 1837, "개방서비스명": "유흥주점영업", "인허가일자": "1987-11-25", "영업상태명": "영업/정상", "소재지전화": null, "소재지면적": 31.2, "도로명전체주소": "경기도 성남시 수정구 수정남로 127 (신흥동,1층)", "사업장명": "응답하라 1988", "업태구분명": "간이주점", "영업장주변구분명": null }, "geometry": { "type": "Point", "coordinates": [ 127.14156901379971, 37.443070726529456 ] } },
{ "type": "Feature", "properties": { "fid": 1779, "개방서비스명": "유흥주점영업", "인허가일자": "2002-02-25", "영업상태명": "영업/정상", "소재지전화": "031 721 9633", "소재지면적": 110.42, "도로명전체주소": "경기도 성남시 수정구 시민로175번길 9 (신흥동,1층)", "사업장명": "상아7080노래빠", "업태구분명": "간이주점", "영업장주변구분명": null }, "geometry": { "type": "Point", "coordinates": [ 127.141619107654904, 37.443240864650186 ] } },
{ "type": "Feature", "properties": { "fid": 1778, "개방서비스명": "유흥주점영업", "인허가일자": "2002-02-25", "영업상태명": "영업/정상", "소재지전화": "031 7528085", "소재지면적": 114.68, "도로명전체주소": "경기도 성남시 수정구 시민로175번길 9 (신흥동,1층)", "사업장명": "상아노래빵", "업태구분명": "간이주점", "영업장주변구분명": null }, "geometry": { "type": "Point", "coordinates": [ 127.141619107654904, 37.443240864650186 ] } },
{ "type": "Feature", "properties": { "fid": 1675, "개방서비스명": "단란주점영업", "인허가일자": "2021-03-23", "영업상태명": "영업/정상", "소재지전화": null, "소재지면적": 94.65, "도로명전체주소": "경기도 성남시 수정구 수정로 198, 2층 일부호 (신흥동)", "사업장명": "한잔해라이브", "업태구분명": "단란주점", "영업장주변구분명": null }, "geometry": { "type": "Point", "coordinates": [ 127.141830065104386, 37.443663166771501 ] } },
{ "type": "Feature", "properties": { "fid": 1756, "개방서비스명": "유흥주점영업", "인허가일자": "2008-07-02", "영업상태명": "영업/정상", "소재지전화": null, "소재지면적": 96.82, "도로명전체주소": "경기도 성남시 수정구 수정로 198, 지층 (신흥동)", "사업장명": "썸노래빵", "업태구분명": "간이주점", "영업장주변구분명": "기타" }, "geometry": { "type": "Point", "coordinates": [ 127.141830065104386, 37.443663166771501 ] } },
{ "type": "Feature", "properties": { "fid": 1865, "개방서비스명": "유흥주점영업", "인허가일자": "2000-02-01", "영업상태명": "영업/정상", "소재지전화": "031 757 9960", "소재지면적": 137.66, "도로명전체주소": "경기도 성남시 수정구 시민로175번길 8 (신흥동,지층)", "사업장명": "산성", "업태구분명": "룸살롱", "영업장주변구분명": "학교정화(상대)" }, "geometry": { "type": "Point", "coordinates": [ 127.141895809739268, 37.443519895309805 ] } },
{ "type": "Feature", "properties": { "fid": 1665, "개방서비스명": "단란주점영업", "인허가일자": "2008-05-02", "영업상태명": "영업/정상", "소재지전화": null, "소재지면적": 49.68, "도로명전체주소": "경기도 성남시 수정구 수정남로 134, 지하1층 (신흥동)", "사업장명": "명품 노래빵", "업태구분명": "단란주점", "영업장주변구분명": "기타" }, "geometry": { "type": "Point", "coordinates": [ 127.142248073000644, 37.443045372955204 ] } },
{ "type": "Feature", "properties": { "fid": 1691, "개방서비스명": "유흥주점영업", "인허가일자": "2024-07-26", "영업상태명": "영업/정상", "소재지전화": null, "소재지면적": 79.13, "도로명전체주소": "경기도 성남시 수정구 시민로 175, 2층 일부호 (신흥동)", "사업장명": "더놀자노래빵", "업태구분명": "노래클럽", "영업장주변구분명": "기타" }, "geometry": { "type": "Point", "coordinates": [ 127.14240478492087, 37.44364544419745 ] } },
{ "type": "Feature", "properties": { "fid": 1713, "개방서비스명": "유흥주점영업", "인허가일자": "2004-04-30", "영업상태명": "영업/정상", "소재지전화": null, "소재지면적": 139.24, "도로명전체주소": "경기도 성남시 수정구 수정남로 136 (신흥동,지하1층)", "사업장명": "보리", "업태구분명": "간이주점", "영업장주변구분명": null }, "geometry": { "type": "Point", "coordinates": [ 127.142454357381482, 37.443109204974498 ] } },
{ "type": "Feature", "properties": { "fid": 1570, "개방서비스명": "단란주점영업", "인허가일자": "1998-08-08", "영업상태명": "영업/정상", "소재지전화": "7082337080", "소재지면적": 127.59, "도로명전체주소": "경기도 성남시 수정구 수정로 209 (태평동,지층)", "사업장명": "아지트라이브펍", "업태구분명": "단란주점", "영업장주변구분명": null }, "geometry": { "type": "Point", "coordinates": [ 127.142875780719663, 37.444526423178935 ] } },
{ "type": "Feature", "properties": { "fid": 1683, "개방서비스명": "유흥주점영업", "인허가일자": "2000-05-20", "영업상태명": "영업/정상", "소재지전화": "031 741 0995", "소재지면적": 286.37, "도로명전체주소": "경기도 성남시 수정구 시민로 172, 3층 (신흥동)", "사업장명": "궁전스탠드빠", "업태구분명": "스텐드바", "영업장주변구분명": null }, "geometry": { "type": "Point", "coordinates": [ 127.142991886429698, 37.44352876626148 ] } },
{ "type": "Feature", "properties": { "fid": 1814, "개방서비스명": "유흥주점영업", "인허가일자": "1998-01-14", "영업상태명": "영업/정상", "소재지전화": "031 7318858", "소재지면적": 153.92, "도로명전체주소": "경기도 성남시 수정구 시민로 172, 성원빌딩 지하층 (신흥동)", "사업장명": "애플노래빵", "업태구분명": "간이주점", "영업장주변구분명": null }, "geometry": { "type": "Point", "coordinates": [ 127.142991886429698, 37.44352876626148 ] } },
{ "type": "Feature", "properties": { "fid": 1736, "개방서비스명": "유흥주점영업", "인허가일자": "2004-12-13", "영업상태명": "영업/정상", "소재지전화": null, "소재지면적": 110.77, "도로명전체주소": "경기도 성남시 수정구 시민로 159, 2층 (신흥동)", "사업장명": "지니노래짱", "업태구분명": "간이주점", "영업장주변구분명": null }, "geometry": { "type": "Point", "coordinates": [ 127.143050468740313, 37.442325895241318 ] } },
{ "type": "Feature", "properties": { "fid": 1803, "개방서비스명": "유흥주점영업", "인허가일자": "1989-11-14", "영업상태명": "영업/정상", "소재지전화": null, "소재지면적": 106.02, "도로명전체주소": "경기도 성남시 수정구 시민로 159, 지층 (신흥동)", "사업장명": "참새노래빵", "업태구분명": "간이주점", "영업장주변구분명": null }, "geometry": { "type": "Point", "coordinates": [ 127.143050468740313, 37.442325895241318 ] } },
{ "type": "Feature", "properties": { "fid": 1841, "개방서비스명": "유흥주점영업", "인허가일자": "2006-07-06", "영업상태명": "영업/정상", "소재지전화": null, "소재지면적": 91.22, "도로명전체주소": "경기도 성남시 수정구 시민로 168, 지하1층 (신흥동)", "사업장명": "레몬노래빠", "업태구분명": "노래클럽", "영업장주변구분명": null }, "geometry": { "type": "Point", "coordinates": [ 127.143179032030019, 37.443018260526216 ] } },
{ "type": "Feature", "properties": { "fid": 1698, "개방서비스명": "유흥주점영업", "인허가일자": "2003-07-08", "영업상태명": "영업/정상", "소재지전화": null, "소재지면적": 118.45, "도로명전체주소": "경기도 성남시 수정구 시민로 155 (신흥동,2층)", "사업장명": "시크릿노래빵", "업태구분명": "룸살롱", "영업장주변구분명": "유흥업소밀집지역" }, "geometry": { "type": "Point", "coordinates": [ 127.143215094559721, 37.44183944886985 ] } },
{ "type": "Feature", "properties": { "fid": 1741, "개방서비스명": "유흥주점영업", "인허가일자": "2002-09-13", "영업상태명": "영업/정상", "소재지전화": null, "소재지면적": 76.3, "도로명전체주소": "경기도 성남시 수정구 산성대로 233, 지층 (신흥동)", "사업장명": "달빛노래빠", "업태구분명": "간이주점", "영업장주변구분명": null }, "geometry": { "type": "Point", "coordinates": [ 127.143338831111734, 37.43944754264438 ] } },
{ "type": "Feature", "properties": { "fid": 1760, "개방서비스명": "유흥주점영업", "인허가일자": "2012-07-11", "영업상태명": "영업/정상", "소재지전화": null, "소재지면적": 76.83, "도로명전체주소": "경기도 성남시 수정구 산성대로 233, 지층 일부호 (신흥동)", "사업장명": "블루문노래빠", "업태구분명": "룸살롱", "영업장주변구분명": "유흥업소밀집지역" }, "geometry": { "type": "Point", "coordinates": [ 127.143338831111734, 37.43944754264438 ] } },
{ "type": "Feature", "properties": { "fid": 1847, "개방서비스명": "유흥주점영업", "인허가일자": "2016-08-05", "영업상태명": "영업/정상", "소재지전화": null, "소재지면적": 77.39, "도로명전체주소": "경기도 성남시 수정구 시민로 147, 2층 일부호 (신흥동)", "사업장명": "커플노래빵", "업태구분명": "노래클럽", "영업장주변구분명": "기타" }, "geometry": { "type": "Point", "coordinates": [ 127.143546948669979, 37.441273552431397 ] } },
{ "type": "Feature", "properties": { "fid": 1657, "개방서비스명": "단란주점영업", "인허가일자": "2009-12-17", "영업상태명": "영업/정상", "소재지전화": null, "소재지면적": 105.33, "도로명전체주소": "경기도 성남시 수정구 시민로 156, 지하1층 (신흥동)", "사업장명": "호박라이브", "업태구분명": "단란주점", "영업장주변구분명": "기타" }, "geometry": { "type": "Point", "coordinates": [ 127.143646485676044, 37.44206382769076 ] } },
{ "type": "Feature", "properties": { "fid": 1777, "개방서비스명": "유흥주점영업", "인허가일자": "2002-01-28", "영업상태명": "영업/정상", "소재지전화": "031 7430928", "소재지면적": 124.62, "도로명전체주소": "경기도 성남시 수정구 시민로 156, 2층 (신흥동)", "사업장명": "체리노래짱", "업태구분명": "간이주점", "영업장주변구분명": null }, "geometry": { "type": "Point", "coordinates": [ 127.143646485676044, 37.44206382769076 ] } },
{ "type": "Feature", "properties": { "fid": 1867, "개방서비스명": "유흥주점영업", "인허가일자": "1988-12-27", "영업상태명": "영업/정상", "소재지전화": "031 7573360", "소재지면적": 96.63, "도로명전체주소": "경기도 성남시 수정구 시민로133번길 13, 지하1층 (신흥동)", "사업장명": "골든짱", "업태구분명": "간이주점", "영업장주변구분명": null }, "geometry": { "type": "Point", "coordinates": [ 127.142973521095499, 37.439586506657086 ] } },
{ "type": "Feature", "properties": { "fid": 1868, "개방서비스명": "유흥주점영업", "인허가일자": "1997-03-15", "영업상태명": "영업/정상", "소재지전화": "031 7468015", "소재지면적": 149.26, "도로명전체주소": "경기도 성남시 수정구 시민로164번길 3 (신흥동,지층)", "사업장명": "불꽃", "업태구분명": "간이주점", "영업장주변구분명": "유흥업소밀집지역" }, "geometry": { "type": "Point", "coordinates": [ 127.143422074674277, 37.442943844062249 ] } },
{ "type": "Feature", "properties": { "fid": 1875, "개방서비스명": "유흥주점영업", "인허가일자": "1999-12-23", "영업상태명": "영업/정상", "소재지전화": "5079905819", "소재지면적": 279.6, "도로명전체주소": "경기도 성남시 수정구 시민로 155 (신흥동,지층)", "사업장명": "부킹7080", "업태구분명": "스텐드바", "영업장주변구분명": null }, "geometry": { "type": "Point", "coordinates": [ 127.143215094559721, 37.44183944886985 ] } },
{ "type": "Feature", "properties": { "fid": 1876, "개방서비스명": "유흥주점영업", "인허가일자": "1971-12-04", "영업상태명": "영업/정상", "소재지전화": null, "소재지면적": null, "도로명전체주소": "경기도 성남시 수정구 시민로175번길 6, 지하1층 (신흥동)", "사업장명": "스타3040라이브", "업태구분명": "스텐드바", "영업장주변구분명": null }, "geometry": { "type": "Point", "coordinates": [ 127.142035475146912, 37.443563892202114 ] } },
{ "type": "Feature", "properties": { "fid": 1877, "개방서비스명": "유흥주점영업", "인허가일자": "2020-04-03", "영업상태명": "영업/정상", "소재지전화": null, "소재지면적": 99.96, "도로명전체주소": "경기도 성남시 수정구 시민로 143, 2층 일부 (신흥동)", "사업장명": "보스 (BOSS)", "업태구분명": "룸살롱", "영업장주변구분명": "유흥업소밀집지역" }, "geometry": { "type": "Point", "coordinates": [ 127.14369812312431, 37.440939972825269 ] } },
{ "type": "Feature", "properties": { "fid": 1884, "개방서비스명": "유흥주점영업", "인허가일자": "2021-07-02", "영업상태명": "영업/정상", "소재지전화": null, "소재지면적": 82.1, "도로명전체주소": "경기도 성남시 수정구 시민로 152, 2층 일부호 (신흥동)", "사업장명": "궁노래빵", "업태구분명": "노래클럽", "영업장주변구분명": null }, "geometry": { "type": "Point", "coordinates": [ 127.143804349904002, 37.44171479218322 ] } },
{ "type": "Feature", "properties": { "fid": 1885, "개방서비스명": "유흥주점영업", "인허가일자": "2020-10-07", "영업상태명": "영업/정상", "소재지전화": null, "소재지면적": 151.08, "도로명전체주소": "경기도 성남시 수정구 시민로 154-1, 2층 (신흥동)", "사업장명": "심쿵노래짱", "업태구분명": "간이주점", "영업장주변구분명": "유흥업소밀집지역" }, "geometry": { "type": "Point", "coordinates": [ 127.143697819949324, 37.441945577264299 ] } },
{ "type": "Feature", "properties": { "fid": 1886, "개방서비스명": "유흥주점영업", "인허가일자": "2020-11-19", "영업상태명": "영업/정상", "소재지전화": "031 751 0242", "소재지면적": 52.29, "도로명전체주소": "경기도 성남시 수정구 시민로155번길 3, 지하1층 (신흥동)", "사업장명": "콩콩 노래빵", "업태구분명": "간이주점", "영업장주변구분명": null }, "geometry": { "type": "Point", "coordinates": [ 127.143006254217909, 37.441896004768353 ] } },
{ "type": "Feature", "properties": { "fid": 1617, "개방서비스명": "단란주점영업", "인허가일자": "2010-12-13", "영업상태명": "영업/정상", "소재지전화": "031 722 3555", "소재지면적": 93.29, "도로명전체주소": "경기도 성남시 중원구 광명로 20, 2층 (성남동)", "사업장명": "더샾라이브", "업태구분명": "단란주점", "영업장주변구분명": null }, "geometry": { "type": "Point", "coordinates": [ 127.13132512587913, 37.433096772691449 ] } },
{ "type": "Feature", "properties": { "fid": 1705, "개방서비스명": "유흥주점영업", "인허가일자": "1999-05-07", "영업상태명": "영업/정상", "소재지전화": "031 755 1882", "소재지면적": 117.68, "도로명전체주소": "경기도 성남시 중원구 광명로 21, 지하1층 일부호 (성남동)", "사업장명": "별밤가요리믹스", "업태구분명": "고고(디스코)클럽", "영업장주변구분명": null }, "geometry": { "type": "Point", "coordinates": [ 127.131403882337381, 37.43357768322462 ] } },
{ "type": "Feature", "properties": { "fid": 1745, "개방서비스명": "유흥주점영업", "인허가일자": "1998-12-08", "영업상태명": "영업/정상", "소재지전화": "031 7576102", "소재지면적": 907.2, "도로명전체주소": "경기도 성남시 중원구 광명로 21, 2층 (성남동)", "사업장명": "샴푸나이트", "업태구분명": "고고(디스코)클럽", "영업장주변구분명": "유흥업소밀집지역" }, "geometry": { "type": "Point", "coordinates": [ 127.131403882337381, 37.43357768322462 ] } },
{ "type": "Feature", "properties": { "fid": 1628, "개방서비스명": "단란주점영업", "인허가일자": "1994-03-18", "영업상태명": "영업/정상", "소재지전화": "031 7557080", "소재지면적": 103.97, "도로명전체주소": "경기도 성남시 중원구 성남대로1140번길 18, 지층 (성남동)", "사업장명": "모란연가", "업태구분명": "단란주점", "영업장주변구분명": null }, "geometry": { "type": "Point", "coordinates": [ 127.131485631212684, 37.431603054778378 ] } },
{ "type": "Feature", "properties": { "fid": 1770, "개방서비스명": "유흥주점영업", "인허가일자": "2000-07-25", "영업상태명": "영업/정상", "소재지전화": "031 7559684", "소재지면적": 65.74, "도로명전체주소": "경기도 성남시 중원구 광명로 22, 지층 (성남동)", "사업장명": "커플노래짱", "업태구분명": "간이주점", "영업장주변구분명": null }, "geometry": { "type": "Point", "coordinates": [ 127.131575810065044, 37.433088385369658 ] } },
{ "type": "Feature", "properties": { "fid": 1751, "개방서비스명": "유흥주점영업", "인허가일자": "1999-10-20", "영업상태명": "영업/정상", "소재지전화": "031 7588371", "소재지면적": 73.89, "도로명전체주소": "경기도 성남시 중원구 성남대로1148번길 21-1, 지층 (성남동)", "사업장명": "오렌지노래밤", "업태구분명": "간이주점", "영업장주변구분명": null }, "geometry": { "type": "Point", "coordinates": [ 127.131635725547554, 37.432902503554701 ] } },
{ "type": "Feature", "properties": { "fid": 1731, "개방서비스명": "유흥주점영업", "인허가일자": "1995-10-16", "영업상태명": "영업/정상", "소재지전화": "031 7586175", "소재지면적": 64.17, "도로명전체주소": "경기도 성남시 중원구 광명로 23, 지층 (성남동)", "사업장명": "여우야", "업태구분명": "간이주점", "영업장주변구분명": null }, "geometry": { "type": "Point", "coordinates": [ 127.131672262626083, 37.433501060906863 ] } },
{ "type": "Feature", "properties": { "fid": 1593, "개방서비스명": "단란주점영업", "인허가일자": "1999-09-11", "영업상태명": "영업/정상", "소재지전화": "031 7589009", "소재지면적": 71.92, "도로명전체주소": "경기도 성남시 중원구 광명로 23, 2층 (성남동)", "사업장명": "불놀이야 라이브", "업태구분명": "단란주점", "영업장주변구분명": null }, "geometry": { "type": "Point", "coordinates": [ 127.131672262626083, 37.433501060906863 ] } },
{ "type": "Feature", "properties": { "fid": 1583, "개방서비스명": "단란주점영업", "인허가일자": "1995-12-13", "영업상태명": "영업/정상", "소재지전화": "031  7546777", "소재지면적": 66.88, "도로명전체주소": "경기도 성남시 중원구 제일로35번길 52-2, 지층 (성남동)", "사업장명": "친구야 놀자 노래짱", "업태구분명": "단란주점", "영업장주변구분명": null }, "geometry": { "type": "Point", "coordinates": [ 127.131778816038263, 37.432365638608104 ] } },
{ "type": "Feature", "properties": { "fid": 1791, "개방서비스명": "유흥주점영업", "인허가일자": "1989-12-23", "영업상태명": "영업/정상", "소재지전화": "031 7548550", "소재지면적": 72.9, "도로명전체주소": "경기도 성남시 중원구 광명로 26, 1층 (성남동)", "사업장명": "미소노래빠", "업태구분명": "간이주점", "영업장주변구분명": null }, "geometry": { "type": "Point", "coordinates": [ 127.132029258143348, 37.43321494942191 ] } },
{ "type": "Feature", "properties": { "fid": 1721, "개방서비스명": "유흥주점영업", "인허가일자": "1984-11-29", "영업상태명": "영업/정상", "소재지전화": "031 756 7600", "소재지면적": 43.35, "도로명전체주소": "경기도 성남시 중원구 성남대로1148번길 27, 지층 (성남동)", "사업장명": "레몬노래밤", "업태구분명": "간이주점", "영업장주변구분명": null }, "geometry": { "type": "Point", "coordinates": [ 127.132243945516919, 37.433044636942967 ] } },
{ "type": "Feature", "properties": { "fid": 1627, "개방서비스명": "단란주점영업", "인허가일자": "1994-01-26", "영업상태명": "영업/정상", "소재지전화": null, "소재지면적": 106.93, "도로명전체주소": "경기도 성남시 중원구 광명로 34, 지층 (성남동)", "사업장명": "뽕밭", "업태구분명": "단란주점", "영업장주변구분명": null }, "geometry": { "type": "Point", "coordinates": [ 127.132829216914033, 37.433403029305744 ] } },
{ "type": "Feature", "properties": { "fid": 1599, "개방서비스명": "단란주점영업", "인허가일자": "1994-10-18", "영업상태명": "영업/정상", "소재지전화": "031 7543357", "소재지면적": 76.47, "도로명전체주소": "경기도 성남시 중원구 제일로35번길 40, 지층 (성남동)", "사업장명": "추억의 7080 라이브", "업태구분명": "단란주점", "영업장주변구분명": null }, "geometry": { "type": "Point", "coordinates": [ 127.132848026252745, 37.431659540671063 ] } },
{ "type": "Feature", "properties": { "fid": 1616, "개방서비스명": "단란주점영업", "인허가일자": "1993-11-15", "영업상태명": "영업/정상", "소재지전화": null, "소재지면적": 84.2, "도로명전체주소": "경기도 성남시 중원구 제일로73번길 22, 지층 (성남동)", "사업장명": "친구노래밤", "업태구분명": "단란주점", "영업장주변구분명": null }, "geometry": { "type": "Point", "coordinates": [ 127.132935014852634, 37.433156233649171 ] } },
{ "type": "Feature", "properties": { "fid": 1644, "개방서비스명": "단란주점영업", "인허가일자": "1993-09-28", "영업상태명": "영업/정상", "소재지전화": "031 7547081", "소재지면적": 110.6, "도로명전체주소": "경기도 성남시 중원구 광명로 34-1, 지층 (성남동)", "사업장명": "딕훼밀리라이브(7080)칠공팔공", "업태구분명": "단란주점", "영업장주변구분명": null }, "geometry": { "type": "Point", "coordinates": [ 127.132960745908221, 37.433416809112281 ] } },
{ "type": "Feature", "properties": { "fid": 1600, "개방서비스명": "단란주점영업", "인허가일자": "1994-11-11", "영업상태명": "영업/정상", "소재지전화": "031 7217732", "소재지면적": 50.42, "도로명전체주소": "경기도 성남시 중원구 광명로 43, 지층 (성남동)", "사업장명": "식(SIK)2", "업태구분명": "단란주점", "영업장주변구분명": null }, "geometry": { "type": "Point", "coordinates": [ 127.133879281775876, 37.43393666612446 ] } },
{ "type": "Feature", "properties": { "fid": 1703, "개방서비스명": "유흥주점영업", "인허가일자": "2004-08-23", "영업상태명": "영업/정상", "소재지전화": "031 753 6531", "소재지면적": 91.0, "도로명전체주소": "경기도 성남시 중원구 광명로 44-1 (성남동)", "사업장명": "베스트노래빠", "업태구분명": "간이주점", "영업장주변구분명": "기타" }, "geometry": { "type": "Point", "coordinates": [ 127.134129472058177, 37.433632804474541 ] } },
{ "type": "Feature", "properties": { "fid": 1750, "개방서비스명": "유흥주점영업", "인허가일자": "2002-09-02", "영업상태명": "영업/정상", "소재지전화": "031 7535583", "소재지면적": 62.06, "도로명전체주소": "경기도 성남시 중원구 광명로 48, 지층 (성남동)", "사업장명": "오페라", "업태구분명": "간이주점", "영업장주변구분명": null }, "geometry": { "type": "Point", "coordinates": [ 127.134398163576932, 37.433686409171521 ] } },
{ "type": "Feature", "properties": { "fid": 1801, "개방서비스명": "유흥주점영업", "인허가일자": "1989-09-12", "영업상태명": "영업/정상", "소재지전화": "031 7524578", "소재지면적": 120.27, "도로명전체주소": "경기도 성남시 중원구 광명로 61 (성남동)", "사업장명": "아랑궁", "업태구분명": "간이주점", "영업장주변구분명": null }, "geometry": { "type": "Point", "coordinates": [ 127.135787482934006, 37.434358273581431 ] } },
{ "type": "Feature", "properties": { "fid": 1580, "개방서비스명": "단란주점영업", "인허가일자": "1995-07-03", "영업상태명": "영업/정상", "소재지전화": "031 723 7795", "소재지면적": 105.56, "도로명전체주소": "경기도 성남시 중원구 제일로43번길 7, 지층 (성남동)", "사업장명": "립스노래클럽", "업태구분명": "단란주점", "영업장주변구분명": null }, "geometry": { "type": "Point", "coordinates": [ 127.135825565145694, 37.430762565764397 ] } },
{ "type": "Feature", "properties": { "fid": 1566, "개방서비스명": "단란주점영업", "인허가일자": "1997-11-26", "영업상태명": "영업/정상", "소재지전화": "031 754 0980", "소재지면적": 73.43, "도로명전체주소": "경기도 성남시 중원구 제일로35번길 5-2, 지층 (성남동)", "사업장명": "호박노래주점", "업태구분명": "단란주점", "영업장주변구분명": null }, "geometry": { "type": "Point", "coordinates": [ 127.136098486880627, 37.430265241786998 ] } },
{ "type": "Feature", "properties": { "fid": 1561, "개방서비스명": "단란주점영업", "인허가일자": "2017-12-08", "영업상태명": "영업/정상", "소재지전화": null, "소재지면적": 159.98, "도로명전체주소": "경기도 성남시 중원구 광명로 70 (성남동)", "사업장명": "샵노래빵", "업태구분명": "단란주점", "영업장주변구분명": "유흥업소밀집지역" }, "geometry": { "type": "Point", "coordinates": [ 127.136774996849752, 37.434190008946601 ] } },
{ "type": "Feature", "properties": { "fid": 1812, "개방서비스명": "유흥주점영업", "인허가일자": "1999-08-17", "영업상태명": "영업/정상", "소재지전화": "031 7583094", "소재지면적": 64.78, "도로명전체주소": "경기도 성남시 중원구 성남대로1148번길 25, 2층 (성남동)", "사업장명": "캔디", "업태구분명": "간이주점", "영업장주변구분명": null }, "geometry": { "type": "Point", "coordinates": [ 127.131887289369828, 37.432988015005563 ] } },
{ "type": "Feature", "properties": { "fid": 1825, "개방서비스명": "유흥주점영업", "인허가일자": "2015-03-16", "영업상태명": "영업/정상", "소재지전화": null, "소재지면적": 360.58, "도로명전체주소": "경기도 성남시 중원구 광명로16번길 5 (성남동, 지하1층)", "사업장명": "팝콘미디어", "업태구분명": "간이주점", "영업장주변구분명": "유흥업소밀집지역" }, "geometry": { "type": "Point", "coordinates": [ 127.131225798321424, 37.432896464998905 ] } },
{ "type": "Feature", "properties": { "fid": 1852, "개방서비스명": "유흥주점영업", "인허가일자": "2005-03-08", "영업상태명": "영업/정상", "소재지전화": null, "소재지면적": 42.21, "도로명전체주소": "경기도 성남시 중원구 성남대로1148번길 21, 지층 (성남동)", "사업장명": "애플 노래밤", "업태구분명": "간이주점", "영업장주변구분명": null }, "geometry": { "type": "Point", "coordinates": [ 127.13151936900519, 37.432921006741466 ] } },
{ "type": "Feature", "properties": { "fid": 1857, "개방서비스명": "유흥주점영업", "인허가일자": "1999-12-02", "영업상태명": "영업/정상", "소재지전화": "031 7212978", "소재지면적": 74.46, "도로명전체주소": "경기도 성남시 중원구 광명로 24-1, 지층 (성남동)", "사업장명": "캐슬", "업태구분명": "간이주점", "영업장주변구분명": null }, "geometry": { "type": "Point", "coordinates": [ 127.131908908165471, 37.433232772633936 ] } },
{ "type": "Feature", "properties": { "fid": 1866, "개방서비스명": "유흥주점영업", "인허가일자": "1988-09-01", "영업상태명": "영업/정상", "소재지전화": "031 7220388", "소재지면적": 33.94, "도로명전체주소": "경기도 성남시 중원구 광명로 27, 지층 (성남동)", "사업장명": "행복노래빵", "업태구분명": "간이주점", "영업장주변구분명": null }, "geometry": { "type": "Point", "coordinates": [ 127.13215233524005, 37.433594820077523 ] } },
{ "type": "Feature", "properties": { "fid": 1873, "개방서비스명": "유흥주점영업", "인허가일자": "2000-03-16", "영업상태명": "영업/정상", "소재지전화": "031  7214029", "소재지면적": 77.0, "도로명전체주소": "경기도 성남시 중원구 광명로 18, 2층 (성남동)", "사업장명": "베짱이 노래빵", "업태구분명": "간이주점", "영업장주변구분명": null }, "geometry": { "type": "Point", "coordinates": [ 127.131194220879621, 37.433100354614325 ] } },
{ "type": "Feature", "properties": { "fid": 1879, "개방서비스명": "유흥주점영업", "인허가일자": "2020-04-24", "영업상태명": "영업/정상", "소재지전화": null, "소재지면적": 76.5, "도로명전체주소": "경기도 성남시 중원구 광명로 50, 유명빌딩, 지하1층 일부 (성남동)", "사업장명": "킹노래빵", "업태구분명": "간이주점", "영업장주변구분명": null }, "geometry": { "type": "Point", "coordinates": [ 127.134719601930442, 37.433787118014529 ] } },
{ "type": "Feature", "properties": { "fid": 1792, "개방서비스명": "유흥주점영업", "인허가일자": "1990-02-15", "영업상태명": "영업/정상", "소재지전화": null, "소재지면적": 69.0, "도로명전체주소": "경기도 성남시 수정구 제일로158번길 10, 지층 (수진동)", "사업장명": "코리아노래빵", "업태구분명": "간이주점", "영업장주변구분명": null }, "geometry": { "type": "Point", "coordinates": [ 127.132960116110553, 37.440673034136594 ] } },
{ "type": "Feature", "properties": { "fid": 1719, "개방서비스명": "유흥주점영업", "인허가일자": "1984-07-26", "영업상태명": "영업/정상", "소재지전화": null, "소재지면적": 109.55, "도로명전체주소": "경기도 성남시 수정구 수정남로 47 (수진동,지층)", "사업장명": "블루문", "업태구분명": "간이주점", "영업장주변구분명": null }, "geometry": { "type": "Point", "coordinates": [ 127.133018319663918, 37.44054574626815 ] } },
{ "type": "Feature", "properties": { "fid": 1718, "개방서비스명": "유흥주점영업", "인허가일자": "1984-06-22", "영업상태명": "영업/정상", "소재지전화": "031 7578418", "소재지면적": 164.9, "도로명전체주소": "경기도 성남시 수정구 수정남로 49 (수진동)", "사업장명": "월드컵쇼2000", "업태구분명": "스텐드바", "영업장주변구분명": null }, "geometry": { "type": "Point", "coordinates": [ 127.133201566778425, 37.440600480282754 ] } },
{ "type": "Feature", "properties": { "fid": 1612, "개방서비스명": "단란주점영업", "인허가일자": "2015-10-19", "영업상태명": "영업/정상", "소재지전화": "031 721 0258", "소재지면적": 116.41, "도로명전체주소": "경기도 성남시 수정구 수정남로 51, 지층 (수진동)", "사업장명": "춘자노래빵", "업태구분명": "단란주점", "영업장주변구분명": "기타" }, "geometry": { "type": "Point", "coordinates": [ 127.133383500090829, 37.440655278548739 ] } },
{ "type": "Feature", "properties": { "fid": 1688, "개방서비스명": "유흥주점영업", "인허가일자": "2019-04-09", "영업상태명": "영업/정상", "소재지전화": null, "소재지면적": 108.65, "도로명전체주소": "경기도 성남시 수정구 수정로119번길 4, 지하1층 일부호 (태평동)", "사업장명": "스타노래빵", "업태구분명": "룸살롱", "영업장주변구분명": null }, "geometry": { "type": "Point", "coordinates": [ 127.133572648339509, 37.441682183162939 ] } },
{ "type": "Feature", "properties": { "fid": 1613, "개방서비스명": "단란주점영업", "인허가일자": "2015-12-15", "영업상태명": "영업/정상", "소재지전화": null, "소재지면적": 108.18, "도로명전체주소": "경기도 성남시 수정구 수정로120번길 4, 2층 (수진동)", "사업장명": "연길노래주점", "업태구분명": "단란주점", "영업장주변구분명": "유흥업소밀집지역" }, "geometry": { "type": "Point", "coordinates": [ 127.133604306904147, 37.441052289714413 ] } },
{ "type": "Feature", "properties": { "fid": 1661, "개방서비스명": "단란주점영업", "인허가일자": "1995-11-01", "영업상태명": "영업/정상", "소재지전화": null, "소재지면적": 90.05, "도로명전체주소": "경기도 성남시 수정구 수정북로 36, 지층 (태평동)", "사업장명": "로멘스7080라이브", "업태구분명": "단란주점", "영업장주변구분명": null }, "geometry": { "type": "Point", "coordinates": [ 127.133632831202107, 37.442214244388502 ] } },
{ "type": "Feature", "properties": { "fid": 1552, "개방서비스명": "단란주점영업", "인허가일자": "2024-06-21", "영업상태명": "영업/정상", "소재지전화": "031755 4066", "소재지면적": 92.61, "도로명전체주소": "경기도 성남시 수정구 수정로120번길 3, 지층 일부호 (수진동)", "사업장명": "불야성7080라이브", "업태구분명": "단란주점", "영업장주변구분명": "기타" }, "geometry": { "type": "Point", "coordinates": [ 127.133856818872445, 37.441128127965484 ] } },
{ "type": "Feature", "properties": { "fid": 1724, "개방서비스명": "유흥주점영업", "인허가일자": "2001-04-28", "영업상태명": "영업/정상", "소재지전화": "031 7515506", "소재지면적": 258.27, "도로명전체주소": "경기도 성남시 수정구 수정로 지하 122 (수진동)", "사업장명": "황제", "업태구분명": "스텐드바", "영업장주변구분명": null }, "geometry": { "type": "Point", "coordinates": [ 127.133884262806859, 37.44130626600279 ] } },
{ "type": "Feature", "properties": { "fid": 1695, "개방서비스명": "유흥주점영업", "인허가일자": "2026-01-09", "영업상태명": "영업/정상", "소재지전화": null, "소재지면적": 94.24, "도로명전체주소": "경기도 성남시 수정구 수정로 122, 2층 (수진동)", "사업장명": "개꿀노래빵", "업태구분명": "룸살롱", "영업장주변구분명": "기타" }, "geometry": { "type": "Point", "coordinates": [ 127.133884262806859, 37.44130626600279 ] } },
{ "type": "Feature", "properties": { "fid": 1716, "개방서비스명": "유흥주점영업", "인허가일자": "1985-11-30", "영업상태명": "영업/정상", "소재지전화": "031 7425734", "소재지면적": 150.45, "도로명전체주소": "경기도 성남시 수정구 수정로120번길 5 (수진동)", "사업장명": "신가야스텐드바", "업태구분명": "스텐드바", "영업장주변구분명": null }, "geometry": { "type": "Point", "coordinates": [ 127.133932319734683, 37.440963269913134 ] } },
{ "type": "Feature", "properties": { "fid": 1621, "개방서비스명": "단란주점영업", "인허가일자": "2010-09-27", "영업상태명": "영업/정상", "소재지전화": "031 752 8788", "소재지면적": 47.94, "도로명전체주소": "경기도 성남시 수정구 수정로120번길 7 (수진동,(지상 2층))", "사업장명": "짱 단란주점", "업태구분명": "단란주점", "영업장주변구분명": "기타" }, "geometry": { "type": "Point", "coordinates": [ 127.133990782630605, 37.440837756267022 ] } },
{ "type": "Feature", "properties": { "fid": 1564, "개방서비스명": "단란주점영업", "인허가일자": "1999-12-13", "영업상태명": "영업/정상", "소재지전화": "031 754 8558", "소재지면적": 81.8, "도로명전체주소": "경기도 성남시 수정구 수정남로56번길 1 (수진동,지층)", "사업장명": "토마토주점", "업태구분명": "단란주점", "영업장주변구분명": "유흥업소밀집지역" }, "geometry": { "type": "Point", "coordinates": [ 127.134120809854096, 37.440655117755639 ] } },
{ "type": "Feature", "properties": { "fid": 1634, "개방서비스명": "단란주점영업", "인허가일자": "1994-06-11", "영업상태명": "영업/정상", "소재지전화": null, "소재지면적": 51.35, "도로명전체주소": "경기도 성남시 수정구 수정남로60번길 2 (수진동,지층)", "사업장명": "옥라이브", "업태구분명": "단란주점", "영업장주변구분명": null }, "geometry": { "type": "Point", "coordinates": [ 127.134428624781535, 37.440781214894059 ] } },
{ "type": "Feature", "properties": { "fid": 1655, "개방서비스명": "단란주점영업", "인허가일자": "2009-03-23", "영업상태명": "영업/정상", "소재지전화": "031 752 7672", "소재지면적": 90.25, "도로명전체주소": "경기도 성남시 수정구 수정로135번길 4, B01호 (태평동)", "사업장명": "한국관", "업태구분명": "단란주점", "영업장주변구분명": null }, "geometry": { "type": "Point", "coordinates": [ 127.135177990386381, 37.442201551895863 ] } },
{ "type": "Feature", "properties": { "fid": 1772, "개방서비스명": "유흥주점영업", "인허가일자": "1985-05-21", "영업상태명": "영업/정상", "소재지전화": "031 722 3357", "소재지면적": 164.75, "도로명전체주소": "경기도 성남시 수정구 수정로136번길 4 (수진동,지층)", "사업장명": "별7080라이브", "업태구분명": "스텐드바", "영업장주변구분명": null }, "geometry": { "type": "Point", "coordinates": [ 127.135204612870211, 37.441533573702955 ] } },
{ "type": "Feature", "properties": { "fid": 1659, "개방서비스명": "단란주점영업", "인허가일자": "2014-06-19", "영업상태명": "영업/정상", "소재지전화": "031 753 8188", "소재지면적": 87.75, "도로명전체주소": "경기도 성남시 수정구 수정로 136-4 (수진동)", "사업장명": "써니노래빵", "업태구분명": "단란주점", "영업장주변구분명": "유흥업소밀집지역" }, "geometry": { "type": "Point", "coordinates": [ 127.135204612870211, 37.441533573702955 ] } },
{ "type": "Feature", "properties": { "fid": 1773, "개방서비스명": "유흥주점영업", "인허가일자": "1985-07-08", "영업상태명": "영업/정상", "소재지전화": null, "소재지면적": 126.5, "도로명전체주소": "경기도 성남시 수정구 수정로136번길 6 (수진동,지층)", "사업장명": "골든벨", "업태구분명": "간이주점", "영업장주변구분명": null }, "geometry": { "type": "Point", "coordinates": [ 127.135281339786971, 37.441366976273862 ] } },
{ "type": "Feature", "properties": { "fid": 1767, "개방서비스명": "유흥주점영업", "인허가일자": "1984-12-15", "영업상태명": "영업/정상", "소재지전화": "031 7575254", "소재지면적": null, "도로명전체주소": "경기도 성남시 수정구 수정남로 69 (수진동)", "사업장명": "아리랑스텐드빠", "업태구분명": "스텐드바", "영업장주변구분명": null }, "geometry": { "type": "Point", "coordinates": [ 127.135337393045148, 37.441239748280047 ] } },
{ "type": "Feature", "properties": { "fid": 1775, "개방서비스명": "유흥주점영업", "인허가일자": "1985-10-21", "영업상태명": "영업/정상", "소재지전화": "031 7589973", "소재지면적": 152.7, "도로명전체주소": "경기도 성남시 수정구 수정로 지하 137, 지하1층 (태평동)", "사업장명": "국제포장마차", "업태구분명": "스텐드바", "영업장주변구분명": null }, "geometry": { "type": "Point", "coordinates": [ 127.135341951474842, 37.442197913718019 ] } },
{ "type": "Feature", "properties": { "fid": 1797, "개방서비스명": "유흥주점영업", "인허가일자": "2000-09-26", "영업상태명": "영업/정상", "소재지전화": null, "소재지면적": 81.96, "도로명전체주소": "경기도 성남시 수정구 수정로 137-1, 지층 (태평동)", "사업장명": "고고노래빵", "업태구분명": "간이주점", "영업장주변구분명": null }, "geometry": { "type": "Point", "coordinates": [ 127.135472014684098, 37.442235677163801 ] } },
{ "type": "Feature", "properties": { "fid": 1808, "개방서비스명": "유흥주점영업", "인허가일자": "1998-05-19", "영업상태명": "영업/정상", "소재지전화": "031 751 2444", "소재지면적": 124.41, "도로명전체주소": "경기도 성남시 수정구 수정로136번길 5, 지층 (수진동)", "사업장명": "상하이 노래빵", "업태구분명": "간이주점", "영업장주변구분명": null }, "geometry": { "type": "Point", "coordinates": [ 127.135511428475994, 37.441454880119842 ] } },
{ "type": "Feature", "properties": { "fid": 1704, "개방서비스명": "유흥주점영업", "인허가일자": "1999-04-23", "영업상태명": "영업/정상", "소재지전화": "031 755 5007", "소재지면적": 173.1, "도로명전체주소": "경기도 성남시 수정구 수정남로 71, 2층 (수진동)", "사업장명": "야래향 노래빵", "업태구분명": "간이주점", "영업장주변구분명": null }, "geometry": { "type": "Point", "coordinates": [ 127.135576809681581, 37.441316939277073 ] } },
{ "type": "Feature", "properties": { "fid": 1685, "개방서비스명": "유흥주점영업", "인허가일자": "1986-05-10", "영업상태명": "영업/정상", "소재지전화": "031 754 5524", "소재지면적": null, "도로명전체주소": "경기도 성남시 수정구 수정남로 71-1 (수진동)", "사업장명": "청솔 노래주점", "업태구분명": "스텐드바", "영업장주변구분명": null }, "geometry": { "type": "Point", "coordinates": [ 127.135721681631679, 37.441358050019318 ] } },
{ "type": "Feature", "properties": { "fid": 1710, "개방서비스명": "유흥주점영업", "인허가일자": "1986-03-28", "영업상태명": "영업/정상", "소재지전화": null, "소재지면적": 94.08, "도로명전체주소": "경기도 성남시 수정구 수정로136번길 5-4, 지1층 (수진동)", "사업장명": "오시엔", "업태구분명": "간이주점", "영업장주변구분명": null }, "geometry": { "type": "Point", "coordinates": [ 127.135802450832941, 37.441540784350117 ] } },
{ "type": "Feature", "properties": { "fid": 1729, "개방서비스명": "유흥주점영업", "인허가일자": "1989-01-28", "영업상태명": "영업/정상", "소재지전화": "031 7212980", "소재지면적": 115.45, "도로명전체주소": "경기도 성남시 수정구 탄리로 74, 지1층 (태평동)", "사업장명": "꿀노래빵", "업태구분명": "간이주점", "영업장주변구분명": null }, "geometry": { "type": "Point", "coordinates": [ 127.136172190363766, 37.44259796849353 ] } },
{ "type": "Feature", "properties": { "fid": 1652, "개방서비스명": "단란주점영업", "인허가일자": "2006-12-20", "영업상태명": "영업/정상", "소재지전화": "031 7540590", "소재지면적": 100.0, "도로명전체주소": "경기도 성남시 수정구 탄리로 61, 2층 (수진동)", "사업장명": "케이비에스70&80 (KBS70&80)", "업태구분명": "단란주점", "영업장주변구분명": null }, "geometry": { "type": "Point", "coordinates": [ 127.13622394528106, 37.441548330024439 ] } },
{ "type": "Feature", "properties": { "fid": 1759, "개방서비스명": "유흥주점영업", "인허가일자": "2000-06-26", "영업상태명": "영업/정상", "소재지전화": "031722 2322", "소재지면적": 104.34, "도로명전체주소": "경기도 성남시 수정구 탄리로 76 (태평동,2층)", "사업장명": "더존노래터", "업태구분명": "간이주점", "영업장주변구분명": null }, "geometry": { "type": "Point", "coordinates": [ 127.136247836160351, 37.442819120944385 ] } },
{ "type": "Feature", "properties": { "fid": 1690, "개방서비스명": "유흥주점영업", "인허가일자": "2022-01-28", "영업상태명": "영업/정상", "소재지전화": null, "소재지면적": 96.92, "도로명전체주소": "경기도 성남시 수정구 수정로 149, 지1(일부)층 (태평동)", "사업장명": "탤런트 노래빵", "업태구분명": "노래클럽", "영업장주변구분명": null }, "geometry": { "type": "Point", "coordinates": [ 127.13656615428539, 37.442556404282563 ] } },
{ "type": "Feature", "properties": { "fid": 1749, "개방서비스명": "유흥주점영업", "인허가일자": "2002-07-30", "영업상태명": "영업/정상", "소재지전화": "031 7225578", "소재지면적": 91.26, "도로명전체주소": "경기도 성남시 수정구 탄리로74번길 7-1 (태평동,지층)", "사업장명": "디올", "업태구분명": "간이주점", "영업장주변구분명": null }, "geometry": { "type": "Point", "coordinates": [ 127.136655703889303, 37.44294030117905 ] } },
{ "type": "Feature", "properties": { "fid": 1638, "개방서비스명": "단란주점영업", "인허가일자": "1993-09-20", "영업상태명": "영업/정상", "소재지전화": "031 7528837", "소재지면적": 117.02, "도로명전체주소": "경기도 성남시 수정구 탄리로74번길 11, 지층 (태평동)", "사업장명": "향수라이브", "업태구분명": "단란주점", "영업장주변구분명": null }, "geometry": { "type": "Point", "coordinates": [ 127.137138505364447, 37.443083518272793 ] } },
{ "type": "Feature", "properties": { "fid": 1607, "개방서비스명": "단란주점영업", "인허가일자": "2004-01-26", "영업상태명": "영업/정상", "소재지전화": null, "소재지면적": 38.64, "도로명전체주소": "경기도 성남시 수정구 수정로154번길 6 (신흥동)", "사업장명": "팡팡 노래빵", "업태구분명": "단란주점", "영업장주변구분명": "유흥업소밀집지역" }, "geometry": { "type": "Point", "coordinates": [ 127.137248340936623, 37.442094483908697 ] } },
{ "type": "Feature", "properties": { "fid": 1672, "개방서비스명": "단란주점영업", "인허가일자": "2010-02-19", "영업상태명": "영업/정상", "소재지전화": null, "소재지면적": 59.13, "도로명전체주소": "경기도 성남시 수정구 수정로154번길 6, 2층 (신흥동)", "사업장명": "오아시스라이브", "업태구분명": "단란주점", "영업장주변구분명": "기타" }, "geometry": { "type": "Point", "coordinates": [ 127.137248340936623, 37.442094483908697 ] } },
{ "type": "Feature", "properties": { "fid": 1730, "개방서비스명": "유흥주점영업", "인허가일자": "1995-10-12", "영업상태명": "영업/정상", "소재지전화": null, "소재지면적": 74.25, "도로명전체주소": "경기도 성남시 수정구 수정북로 74, 지하1층 (태평동)", "사업장명": "파티노래빵", "업태구분명": "간이주점", "영업장주변구분명": null }, "geometry": { "type": "Point", "coordinates": [ 127.137616217991933, 37.443384020804892 ] } },
{ "type": "Feature", "properties": { "fid": 1817, "개방서비스명": "유흥주점영업", "인허가일자": "2001-02-26", "영업상태명": "영업/정상", "소재지전화": "031 7515561", "소재지면적": 63.36, "도로명전체주소": "경기도 성남시 수정구 수정남로 71-1 (수진동,1층)", "사업장명": "모란", "업태구분명": "간이주점", "영업장주변구분명": "유흥업소밀집지역" }, "geometry": { "type": "Point", "coordinates": [ 127.135721681631679, 37.441358050019318 ] } },
{ "type": "Feature", "properties": { "fid": 1835, "개방서비스명": "유흥주점영업", "인허가일자": "2006-12-20", "영업상태명": "영업/정상", "소재지전화": null, "소재지면적": 84.56, "도로명전체주소": "경기도 성남시 수정구 수정남로 73 (수진동,(2층))", "사업장명": "조아조아노래짱", "업태구분명": "간이주점", "영업장주변구분명": null }, "geometry": { "type": "Point", "coordinates": [ 127.13586756804618, 37.441401444384695 ] } },
{ "type": "Feature", "properties": { "fid": 1859, "개방서비스명": "유흥주점영업", "인허가일자": "1988-08-30", "영업상태명": "영업/정상", "소재지전화": "031 753 0205", "소재지면적": 37.91, "도로명전체주소": "경기도 성남시 수정구 수정남로 89, 지층 (신흥동)", "사업장명": "꽃님이노래빵", "업태구분명": "간이주점", "영업장주변구분명": null }, "geometry": { "type": "Point", "coordinates": [ 127.137592750184297, 37.441857406886022 ] } },
{ "type": "Feature", "properties": { "fid": 1860, "개방서비스명": "유흥주점영업", "인허가일자": "2007-08-29", "영업상태명": "영업/정상", "소재지전화": null, "소재지면적": 244.65, "도로명전체주소": "경기도 성남시 수정구 수정북로 64 (태평동,지하1층)", "사업장명": "라이브친구7080", "업태구분명": "스텐드바", "영업장주변구분명": "기타" }, "geometry": { "type": "Point", "coordinates": [ 127.136492881519231, 37.443050930844656 ] } },
{ "type": "Feature", "properties": { "fid": 1887, "개방서비스명": "유흥주점영업", "인허가일자": "2022-09-08", "영업상태명": "영업/정상", "소재지전화": null, "소재지면적": 64.74, "도로명전체주소": "경기도 성남시 수정구 수정로154번길 6-1, 지하1층 일부호 (신흥동)", "사업장명": "로또노래빠", "업태구분명": "간이주점", "영업장주변구분명": "유흥업소밀집지역" }, "geometry": { "type": "Point", "coordinates": [ 127.137306280961184, 37.441968605244192 ] } },
{ "type": "Feature", "properties": { "fid": 1894, "개방서비스명": "유흥주점영업", "인허가일자": "2023-11-30", "영업상태명": "영업/정상", "소재지전화": null, "소재지면적": 114.0, "도로명전체주소": "경기도 성남시 수정구 수정로 120, 2층 일부호 (수진동)", "사업장명": "한마음 노래빵", "업태구분명": "기타", "영업장주변구분명": null }, "geometry": { "type": "Point", "coordinates": [ 127.133537761777802, 37.441203085444769 ] } },
{ "type": "Feature", "properties": { "fid": 1787, "개방서비스명": "유흥주점영업", "인허가일자": "2018-05-16", "영업상태명": "영업/정상", "소재지전화": null, "소재지면적": 68.3, "도로명전체주소": "경기도 성남시 수정구 시민로 137, 지하 1층 (신흥동)", "사업장명": "팡팡노래빵", "업태구분명": "룸살롱", "영업장주변구분명": null }, "geometry": { "type": "Point", "coordinates": [ 127.143974690748209, 37.440352089442001 ] } },
{ "type": "Feature", "properties": { "fid": 1846, "개방서비스명": "유흥주점영업", "인허가일자": "2015-09-21", "영업상태명": "영업/정상", "소재지전화": null, "소재지면적": 76.34, "도로명전체주소": "경기도 성남시 수정구 시민로 144, 3층 (신흥동)", "사업장명": "놀자노래빵", "업태구분명": "노래클럽", "영업장주변구분명": "유흥업소밀집지역" }, "geometry": { "type": "Point", "coordinates": [ 127.144123975335646, 37.441011086283048 ] } },
{ "type": "Feature", "properties": { "fid": 1834, "개방서비스명": "유흥주점영업", "인허가일자": "2014-11-04", "영업상태명": "영업/정상", "소재지전화": "031 749 1919", "소재지면적": 76.02, "도로명전체주소": "경기도 성남시 수정구 시민로 136, 지하1층 (신흥동)", "사업장명": "썬노래짱", "업태구분명": "룸살롱", "영업장주변구분명": "유흥업소밀집지역" }, "geometry": { "type": "Point", "coordinates": [ 127.144438696872612, 37.440367689782448 ] } },
{ "type": "Feature", "properties": { "fid": 1648, "개방서비스명": "단란주점영업", "인허가일자": "1994-03-14", "영업상태명": "영업/정상", "소재지전화": "031 7211883", "소재지면적": 77.4, "도로명전체주소": "경기도 성남시 수정구 산성대로249번길 9 (신흥동, 지하1층)", "사업장명": "천지포차", "업태구분명": "단란주점", "영업장주변구분명": "유흥업소밀집지역" }, "geometry": { "type": "Point", "coordinates": [ 127.144476762260538, 37.440804608811376 ] } },
{ "type": "Feature", "properties": { "fid": 1800, "개방서비스명": "유흥주점영업", "인허가일자": "2011-05-25", "영업상태명": "영업/정상", "소재지전화": null, "소재지면적": 77.53, "도로명전체주소": "경기도 성남시 수정구 시민로142번길 7, 3층 (신흥동)", "사업장명": "에코노래빵", "업태구분명": "카바레", "영업장주변구분명": null }, "geometry": { "type": "Point", "coordinates": [ 127.144634100741172, 37.441202297754764 ] } },
{ "type": "Feature", "properties": { "fid": 1669, "개방서비스명": "단란주점영업", "인허가일자": "2008-12-12", "영업상태명": "영업/정상", "소재지전화": "031 742 2122", "소재지면적": 76.84, "도로명전체주소": "경기도 성남시 수정구 시민로142번길 7, 지1층 (신흥동)", "사업장명": "비제이(B.J)", "업태구분명": "단란주점", "영업장주변구분명": "유흥업소밀집지역" }, "geometry": { "type": "Point", "coordinates": [ 127.144634100741172, 37.441202297754764 ] } },
{ "type": "Feature", "properties": { "fid": 1678, "개방서비스명": "단란주점영업", "인허가일자": "2021-01-12", "영업상태명": "영업/정상", "소재지전화": null, "소재지면적": 115.22, "도로명전체주소": "경기도 성남시 수정구 산성대로249번길 5, 2층 (신흥동)", "사업장명": "뮤지션", "업태구분명": "단란주점", "영업장주변구분명": null }, "geometry": { "type": "Point", "coordinates": [ 127.144653782207783, 37.440441250847407 ] } },
{ "type": "Feature", "properties": { "fid": 1784, "개방서비스명": "유흥주점영업", "인허가일자": "2010-01-20", "영업상태명": "영업/정상", "소재지전화": null, "소재지면적": 77.96, "도로명전체주소": "경기도 성남시 수정구 산성대로249번길 8 (신흥동,(지하1층))", "사업장명": "쓰리", "업태구분명": "간이주점", "영업장주변구분명": null }, "geometry": { "type": "Point", "coordinates": [ 127.144783530859343, 37.440789724872864 ] } },
{ "type": "Feature", "properties": { "fid": 1823, "개방서비스명": "유흥주점영업", "인허가일자": "1998-09-24", "영업상태명": "영업/정상", "소재지전화": "031 7411871", "소재지면적": 98.73, "도로명전체주소": "경기도 성남시 수정구 산성대로249번길 8, 지층 (신흥동)", "사업장명": "원투", "업태구분명": "룸살롱", "영업장주변구분명": null }, "geometry": { "type": "Point", "coordinates": [ 127.144783530859343, 37.440789724872864 ] } },
{ "type": "Feature", "properties": { "fid": 1844, "개방서비스명": "유흥주점영업", "인허가일자": "1996-05-14", "영업상태명": "영업/정상", "소재지전화": "031 743 9797", "소재지면적": 125.41, "도로명전체주소": "경기도 성남시 수정구 산성대로 249, 지하2층 (신흥동)", "사업장명": "에로스", "업태구분명": "간이주점", "영업장주변구분명": null }, "geometry": { "type": "Point", "coordinates": [ 127.144783181201831, 37.440189609450741 ] } },
{ "type": "Feature", "properties": { "fid": 1714, "개방서비스명": "유흥주점영업", "인허가일자": "1981-10-24", "영업상태명": "영업/정상", "소재지전화": "031 7423534", "소재지면적": null, "도로명전체주소": "경기도 성남시 수정구 시민로142번길 10, 지층 (신흥동)", "사업장명": "망고노래빵", "업태구분명": "간이주점", "영업장주변구분명": null }, "geometry": { "type": "Point", "coordinates": [ 127.144886957482157, 37.441092647813136 ] } },
{ "type": "Feature", "properties": { "fid": 1788, "개방서비스명": "유흥주점영업", "인허가일자": "2018-06-12", "영업상태명": "영업/정상", "소재지전화": "031 797 4112", "소재지면적": 194.84, "도로명전체주소": "경기도 성남시 수정구 산성대로 251, 한성빌딩 지하1층 (신흥동)", "사업장명": "코미디언 이정표 라이브클럽", "업태구분명": "기타", "영업장주변구분명": null }, "geometry": { "type": "Point", "coordinates": [ 127.144985725993436, 37.44037811759442 ] } },
{ "type": "Feature", "properties": { "fid": 1670, "개방서비스명": "단란주점영업", "인허가일자": "2009-12-24", "영업상태명": "영업/정상", "소재지전화": null, "소재지면적": 47.71, "도로명전체주소": "경기도 성남시 수정구 산성대로255번길 5-1 (신흥동,1층)", "사업장명": "짱단란주점", "업태구분명": "단란주점", "영업장주변구분명": "기타" }, "geometry": { "type": "Point", "coordinates": [ 127.145056650490091, 37.440751242180831 ] } },
{ "type": "Feature", "properties": { "fid": 1673, "개방서비스명": "단란주점영업", "인허가일자": "2010-03-31", "영업상태명": "영업/정상", "소재지전화": null, "소재지면적": 84.78, "도로명전체주소": "경기도 성남시 수정구 시민로142번길 14-1, 지층 (신흥동)", "사업장명": "징검다리노래포차", "업태구분명": "단란주점", "영업장주변구분명": "기타" }, "geometry": { "type": "Point", "coordinates": [ 127.145396332986309, 37.441305205361694 ] } },
{ "type": "Feature", "properties": { "fid": 1569, "개방서비스명": "단란주점영업", "인허가일자": "1998-07-13", "영업상태명": "영업/정상", "소재지전화": "031 7328427", "소재지면적": 94.04, "도로명전체주소": "경기도 성남시 수정구 산성대로255번길 8-9, 지하1층 (신흥동)", "사업장명": "3050포차", "업태구분명": "단란주점", "영업장주변구분명": null }, "geometry": { "type": "Point", "coordinates": [ 127.145440697882819, 37.441119871858803 ] } },
{ "type": "Feature", "properties": { "fid": 1697, "개방서비스명": "유흥주점영업", "인허가일자": "2024-05-24", "영업상태명": "영업/정상", "소재지전화": null, "소재지면적": 76.71, "도로명전체주소": "경기도 성남시 수정구 산성대로 257-1, 지층 일부호 (신흥동)", "사업장명": "주홍노래짱", "업태구분명": "노래클럽", "영업장주변구분명": "기타" }, "geometry": { "type": "Point", "coordinates": [ 127.145568585820953, 37.440648981293343 ] } },
{ "type": "Feature", "properties": { "fid": 1694, "개방서비스명": "유흥주점영업", "인허가일자": "2021-12-24", "영업상태명": "영업/정상", "소재지전화": null, "소재지면적": 452.93, "도로명전체주소": "경기도 성남시 수정구 산성대로 259, 지2층 (신흥동)", "사업장명": "초이스 노래타운", "업태구분명": "노래클럽", "영업장주변구분명": "유흥업소밀집지역" }, "geometry": { "type": "Point", "coordinates": [ 127.145599338638803, 37.440896561299319 ] } },
{ "type": "Feature", "properties": { "fid": 1757, "개방서비스명": "유흥주점영업", "인허가일자": "2008-11-05", "영업상태명": "영업/정상", "소재지전화": null, "소재지면적": 69.81, "도로명전체주소": "경기도 성남시 수정구 시민로142번길 18-1, 지하1층 (신흥동)", "사업장명": "불티노래빵", "업태구분명": "룸살롱", "영업장주변구분명": null }, "geometry": { "type": "Point", "coordinates": [ 127.145872878443924, 37.441480969438032 ] } },
{ "type": "Feature", "properties": { "fid": 1809, "개방서비스명": "유흥주점영업", "인허가일자": "1998-08-08", "영업상태명": "영업/정상", "소재지전화": null, "소재지면적": 70.18, "도로명전체주소": "경기도 성남시 수정구 산성대로255번길 8-14, 지층 (신흥동)", "사업장명": "순정노래짱", "업태구분명": "간이주점", "영업장주변구분명": null }, "geometry": { "type": "Point", "coordinates": [ 127.145887699140275, 37.441003705009358 ] } },
{ "type": "Feature", "properties": { "fid": 1674, "개방서비스명": "단란주점영업", "인허가일자": "2022-10-18", "영업상태명": "영업/정상", "소재지전화": null, "소재지면적": 101.82, "도로명전체주소": "경기도 성남시 수정구 시민로142번길 20, 2,3층 (신흥동)", "사업장명": "놀러와노래빵", "업태구분명": "단란주점", "영업장주변구분명": null }, "geometry": { "type": "Point", "coordinates": [ 127.145954915880935, 37.441522232651543 ] } },
{ "type": "Feature", "properties": { "fid": 1623, "개방서비스명": "단란주점영업", "인허가일자": "2010-11-29", "영업상태명": "영업/정상", "소재지전화": null, "소재지면적": 134.8, "도로명전체주소": "경기도 성남시 수정구 산성대로265번길 7, 2층 (신흥동)", "사업장명": "추억의 LIVE(라이브)", "업태구분명": "단란주점", "영업장주변구분명": null }, "geometry": { "type": "Point", "coordinates": [ 127.146075389698822, 37.441313971670603 ] } },
{ "type": "Feature", "properties": { "fid": 1693, "개방서비스명": "유흥주점영업", "인허가일자": "2021-12-16", "영업상태명": "영업/정상", "소재지전화": null, "소재지면적": 148.13, "도로명전체주소": "경기도 성남시 수정구 산성대로 263, 지1층 (신흥동)", "사업장명": "팡팡노래빵", "업태구분명": "노래클럽", "영업장주변구분명": "기타" }, "geometry": { "type": "Point", "coordinates": [ 127.146131290115008, 37.440874906507432 ] } },
{ "type": "Feature", "properties": { "fid": 1878, "개방서비스명": "유흥주점영업", "인허가일자": "2020-05-12", "영업상태명": "영업/정상", "소재지전화": null, "소재지면적": 83.08, "도로명전체주소": "경기도 성남시 수정구 시민로 146, 2층 일부 (신흥동)", "사업장명": "벌나비노래짱", "업태구분명": "룸살롱", "영업장주변구분명": "유흥업소밀집지역" }, "geometry": { "type": "Point", "coordinates": [ 127.144026057520804, 37.441226740594416 ] } },
{ "type": "Feature", "properties": { "fid": 1883, "개방서비스명": "유흥주점영업", "인허가일자": "2021-07-28", "영업상태명": "영업/정상", "소재지전화": null, "소재지면적": 145.46, "도로명전체주소": "경기도 성남시 수정구 시민로 144-1, 2층 (신흥동)", "사업장명": "개미노래빵", "업태구분명": "기타", "영업장주변구분명": "기타" }, "geometry": { "type": "Point", "coordinates": [ 127.144078334397634, 37.441115753670722 ] } },
{ "type": "Feature", "properties": { "fid": 1893, "개방서비스명": "유흥주점영업", "인허가일자": "2021-02-05", "영업상태명": "영업/정상", "소재지전화": null, "소재지면적": 120.2, "도로명전체주소": "경기도 성남시 수정구 시민로 144-1, 지층 (신흥동)", "사업장명": "중년라이브", "업태구분명": "간이주점", "영업장주변구분명": "기타" }, "geometry": { "type": "Point", "coordinates": [ 127.144078334397634, 37.441115753670722 ] } },
{ "type": "Feature", "properties": { "fid": 1769, "개방서비스명": "유흥주점영업", "인허가일자": "2015-11-10", "영업상태명": "영업/정상", "소재지전화": "031 7495525", "소재지면적": 79.26, "도로명전체주소": "경기도 성남시 중원구 산성대로 348, 3층 (중앙동)", "사업장명": "톡톡노래짱", "업태구분명": "간이주점", "영업장주변구분명": null }, "geometry": { "type": "Point", "coordinates": [ 127.15513435466157, 37.443626463855011 ] } },
{ "type": "Feature", "properties": { "fid": 1753, "개방서비스명": "유흥주점영업", "인허가일자": "2013-11-19", "영업상태명": "영업/정상", "소재지전화": null, "소재지면적": 90.48, "도로명전체주소": "경기도 성남시 중원구 산성대로 348-1, 지층 (중앙동)", "사업장명": "디스노래빵", "업태구분명": "간이주점", "영업장주변구분명": null }, "geometry": { "type": "Point", "coordinates": [ 127.155206570795912, 37.443660711845155 ] } },
{ "type": "Feature", "properties": { "fid": 1601, "개방서비스명": "단란주점영업", "인허가일자": "2014-11-25", "영업상태명": "영업/정상", "소재지전화": null, "소재지면적": 127.18, "도로명전체주소": "경기도 성남시 중원구 산성대로 348-1, 2층 (중앙동)", "사업장명": "인사동 7080라이브", "업태구분명": "단란주점", "영업장주변구분명": "유흥업소밀집지역" }, "geometry": { "type": "Point", "coordinates": [ 127.155206570795912, 37.443660711845155 ] } },
{ "type": "Feature", "properties": { "fid": 1597, "개방서비스명": "단란주점영업", "인허가일자": "1997-04-02", "영업상태명": "영업/정상", "소재지전화": "031 7428253", "소재지면적": 39.29, "도로명전체주소": "경기도 성남시 중원구 산성대로350번길 6, 지층 (중앙동)", "사업장명": "제일노래하는포.차", "업태구분명": "단란주점", "영업장주변구분명": null }, "geometry": { "type": "Point", "coordinates": [ 127.155348335991746, 37.443464063838341 ] } },
{ "type": "Feature", "properties": { "fid": 1656, "개방서비스명": "단란주점영업", "인허가일자": "2009-09-23", "영업상태명": "영업/정상", "소재지전화": null, "소재지면적": 73.9, "도로명전체주소": "경기도 성남시 중원구 광명로 263, 지1층 (중앙동)", "사업장명": "토마토노래빵", "업태구분명": "단란주점", "영업장주변구분명": null }, "geometry": { "type": "Point", "coordinates": [ 127.155772206788498, 37.443233083489609 ] } },
{ "type": "Feature", "properties": { "fid": 1551, "개방서비스명": "단란주점영업", "인허가일자": "2019-12-10", "영업상태명": "영업/정상", "소재지전화": null, "소재지면적": 133.4, "도로명전체주소": "경기도 성남시 중원구 산성대로 354-1, 지하1층 (중앙동)", "사업장명": "레몬노래빵", "업태구분명": "단란주점", "영업장주변구분명": null }, "geometry": { "type": "Point", "coordinates": [ 127.155825544106918, 37.443991859653877 ] } },
{ "type": "Feature", "properties": { "fid": 1851, "개방서비스명": "유흥주점영업", "인허가일자": "2016-02-03", "영업상태명": "영업/정상", "소재지전화": "031 741 5017", "소재지면적": 90.52, "도로명전체주소": "경기도 성남시 중원구 산성대로 356 (중앙동)", "사업장명": "힐링노래빵", "업태구분명": "간이주점", "영업장주변구분명": "학교정화(상대)" }, "geometry": { "type": "Point", "coordinates": [ 127.155930762867996, 37.444088336275399 ] } },
{ "type": "Feature", "properties": { "fid": 1824, "개방서비스명": "유흥주점영업", "인허가일자": "2015-02-25", "영업상태명": "영업/정상", "소재지전화": null, "소재지면적": 87.36, "도로명전체주소": "경기도 성남시 중원구 산성대로 358-3 (중앙동, 지하1층)", "사업장명": "써니노래짱", "업태구분명": "간이주점", "영업장주변구분명": "기타" }, "geometry": { "type": "Point", "coordinates": [ 127.156050680835293, 37.444147109888071 ] } },
{ "type": "Feature", "properties": { "fid": 1819, "개방서비스명": "유흥주점영업", "인허가일자": "2012-08-16", "영업상태명": "영업/정상", "소재지전화": null, "소재지면적": 61.36, "도로명전체주소": "경기도 성남시 중원구 산성대로360번길 2 (중앙동)", "사업장명": "앤젤노래빵", "업태구분명": "간이주점", "영업장주변구분명": "유흥업소밀집지역" }, "geometry": { "type": "Point", "coordinates": [ 127.156151699844699, 37.444145902872485 ] } },
{ "type": "Feature", "properties": { "fid": 1762, "개방서비스명": "유흥주점영업", "인허가일자": "2012-09-26", "영업상태명": "영업/정상", "소재지전화": "031 732 0795", "소재지면적": 51.0, "도로명전체주소": "경기도 성남시 중원구 산성대로360번길 3, 2층 (중앙동)", "사업장명": "궁작(宮酌)노래빵", "업태구분명": "간이주점", "영업장주변구분명": null }, "geometry": { "type": "Point", "coordinates": [ 127.156291469990379, 37.444180182533998 ] } },
{ "type": "Feature", "properties": { "fid": 1795, "개방서비스명": "유흥주점영업", "인허가일자": "2012-06-29", "영업상태명": "영업/정상", "소재지전화": null, "소재지면적": 99.0, "도로명전체주소": "경기도 성남시 중원구 산성대로360번길 3, 지하1층 (중앙동)", "사업장명": "애플노래빵", "업태구분명": "간이주점", "영업장주변구분명": null }, "geometry": { "type": "Point", "coordinates": [ 127.156291469990379, 37.444180182533998 ] } },
{ "type": "Feature", "properties": { "fid": 1761, "개방서비스명": "유흥주점영업", "인허가일자": "2012-08-01", "영업상태명": "영업/정상", "소재지전화": null, "소재지면적": 90.48, "도로명전체주소": "경기도 성남시 중원구 산성대로 360, 지성빌딩 8층 (중앙동)", "사업장명": "탑노래빵", "업태구분명": "간이주점", "영업장주변구분명": null }, "geometry": { "type": "Point", "coordinates": [ 127.156404677600619, 37.444256222451322 ] } },
{ "type": "Feature", "properties": { "fid": 1555, "개방서비스명": "단란주점영업", "인허가일자": "1996-10-31", "영업상태명": "영업/정상", "소재지전화": "031 7419242", "소재지면적": 54.51, "도로명전체주소": "경기도 성남시 중원구 산성대로 382, 지층 (금광동)", "사업장명": "짱 노래천국", "업태구분명": "단란주점", "영업장주변구분명": null }, "geometry": { "type": "Point", "coordinates": [ 127.157881059665371, 37.445919013077734 ] } },
{ "type": "Feature", "properties": { "fid": 1748, "개방서비스명": "유흥주점영업", "인허가일자": "1986-11-05", "영업상태명": "영업/정상", "소재지전화": null, "소재지면적": 93.33, "도로명전체주소": "경기도 성남시 중원구 희망로 332-1, 지층 (상대원동)", "사업장명": "팡팡노래빵", "업태구분명": "간이주점", "영업장주변구분명": null }, "geometry": { "type": "Point", "coordinates": [ 127.158297314486035, 37.435463417616255 ] } },
{ "type": "Feature", "properties": { "fid": 1650, "개방서비스명": "단란주점영업", "인허가일자": "2013-07-25", "영업상태명": "영업/정상", "소재지전화": "031 731 5493", "소재지면적": 147.57, "도로명전체주소": "경기도 성남시 중원구 희망로 332-1, 2층 (상대원동)", "사업장명": "이벤트노래빵", "업태구분명": "단란주점", "영업장주변구분명": "기타" }, "geometry": { "type": "Point", "coordinates": [ 127.158297314486035, 37.435463417616255 ] } },
{ "type": "Feature", "properties": { "fid": 1585, "개방서비스명": "단란주점영업", "인허가일자": "2015-11-23", "영업상태명": "영업/정상", "소재지전화": "031 736 0036", "소재지면적": 128.87, "도로명전체주소": "경기도 성남시 중원구 희망로 340, 2층 (상대원동)", "사업장명": "썸노래단란주점", "업태구분명": "단란주점", "영업장주변구분명": "기타" }, "geometry": { "type": "Point", "coordinates": [ 127.158321867640083, 37.436107466855908 ] } },
{ "type": "Feature", "properties": { "fid": 1595, "개방서비스명": "단란주점영업", "인허가일자": "2002-06-01", "영업상태명": "영업/정상", "소재지전화": "031 7413345", "소재지면적": 70.54, "도로명전체주소": "경기도 성남시 중원구 희망로344번길 4, 지층 (상대원동)", "사업장명": "엉클주점", "업태구분명": "단란주점", "영업장주변구분명": "학교정화(상대)" }, "geometry": { "type": "Point", "coordinates": [ 127.158472119516361, 37.436290472051155 ] } },
{ "type": "Feature", "properties": { "fid": 1602, "개방서비스명": "단란주점영업", "인허가일자": "2007-07-27", "영업상태명": "영업/정상", "소재지전화": null, "소재지면적": 50.82, "도로명전체주소": "경기도 성남시 분당구 야탑로105번길 13 (야탑동,5층 일부)", "사업장명": "수노래빠", "업태구분명": "단란주점", "영업장주변구분명": null }, "geometry": { "type": "Point", "coordinates": [ 127.130236529291622, 37.41090998735784 ] } },
{ "type": "Feature", "properties": { "fid": 1573, "개방서비스명": "단란주점영업", "인허가일자": "2000-05-30", "영업상태명": "영업/정상", "소재지전화": null, "소재지면적": 100.58, "도로명전체주소": "경기도 성남시 분당구 야탑로105번길 13-1 (야탑동,율천빌딩 2층)", "사업장명": "킹 노래빵", "업태구분명": "단란주점", "영업장주변구분명": null }, "geometry": { "type": "Point", "coordinates": [ 127.130237250407077, 37.411034371261678 ] } },
{ "type": "Feature", "properties": { "fid": 1574, "개방서비스명": "단란주점영업", "인허가일자": "2000-07-21", "영업상태명": "영업/정상", "소재지전화": "031 7067731", "소재지면적": 106.15, "도로명전체주소": "경기도 성남시 분당구 야탑로105번길 15 (야탑동, 2층 )", "사업장명": "신나라", "업태구분명": "단란주점", "영업장주변구분명": null }, "geometry": { "type": "Point", "coordinates": [ 127.130237968288071, 37.411156863041533 ] } },
{ "type": "Feature", "properties": { "fid": 1738, "개방서비스명": "유흥주점영업", "인허가일자": "2005-02-05", "영업상태명": "영업/정상", "소재지전화": "031 708 9440", "소재지면적": 79.84, "도로명전체주소": "경기도 성남시 분당구 야탑로75번길 15 (야탑동, 세화2001빌딩 지하1층 B01호일부)", "사업장명": "올인노래빵(장)", "업태구분명": "룸살롱", "영업장주변구분명": null }, "geometry": { "type": "Point", "coordinates": [ 127.126829316582189, 37.411172475888954 ] } },
{ "type": "Feature", "properties": { "fid": 1653, "개방서비스명": "단란주점영업", "인허가일자": "2007-02-14", "영업상태명": "영업/정상", "소재지전화": "031 7017078", "소재지면적": 99.08, "도로명전체주소": "경기도 성남시 분당구 야탑로105번길 19 (야탑동,지상2층 일부)", "사업장명": "빙고노래빠", "업태구분명": "단란주점", "영업장주변구분명": "기타" }, "geometry": { "type": "Point", "coordinates": [ 127.130239762726134, 37.411449067330594 ] } },
{ "type": "Feature", "properties": { "fid": 1752, "개방서비스명": "유흥주점영업", "인허가일자": "2001-06-11", "영업상태명": "영업/정상", "소재지전화": null, "소재지면적": 241.33, "도로명전체주소": "경기도 성남시 분당구 야탑로69번길 24-8 (야탑동, 분당종합상가 지하1층)", "사업장명": "링코노래타운 야탑점", "업태구분명": "기타", "영업장주변구분명": null }, "geometry": { "type": "Point", "coordinates": [ 127.127618390090788, 37.411605426391951 ] } },
{ "type": "Feature", "properties": { "fid": 1821, "개방서비스명": "유흥주점영업", "인허가일자": "2000-11-07", "영업상태명": "영업/정상", "소재지전화": "070 45439293", "소재지면적": 512.63, "도로명전체주소": "경기도 성남시 분당구 야탑로69번길 24-8 (야탑동, 분당조합상가 지하1층 일부)", "사업장명": "준코뮤직타운 야탑점", "업태구분명": "룸살롱", "영업장주변구분명": null }, "geometry": { "type": "Point", "coordinates": [ 127.127618390090788, 37.411605426391951 ] } },
{ "type": "Feature", "properties": { "fid": 1881, "개방서비스명": "유흥주점영업", "인허가일자": "2020-07-02", "영업상태명": "영업/정상", "소재지전화": null, "소재지면적": 733.22, "도로명전체주소": "경기도 성남시 분당구 양현로310번길 25, 뉴씨티모텔 지하1층 비01호 (야탑동)", "사업장명": "블링블링", "업태구분명": "룸살롱", "영업장주변구분명": null }, "geometry": { "type": "Point", "coordinates": [ 127.127033213528094, 37.411608269149745 ] } },
{ "type": "Feature", "properties": { "fid": 1712, "개방서비스명": "유흥주점영업", "인허가일자": "1999-07-02", "영업상태명": "영업/정상", "소재지전화": "031 703 7805", "소재지면적": 210.7, "도로명전체주소": "경기도 성남시 분당구 야탑로69번길 24-6 (야탑동, 두만그린프라자 지1층)", "사업장명": "바나나", "업태구분명": "룸살롱", "영업장주변구분명": null }, "geometry": { "type": "Point", "coordinates": [ 127.127299311082965, 37.411606959210793 ] } },
{ "type": "Feature", "properties": { "fid": 1829, "개방서비스명": "유흥주점영업", "인허가일자": "2014-05-08", "영업상태명": "영업/정상", "소재지전화": "031 707 7312", "소재지면적": 62.44, "도로명전체주소": "경기도 성남시 분당구 야탑로69번길 24-6 (야탑동, 두만프라자 지하1층 B01호일부)", "사업장명": "탑노래빠", "업태구분명": "룸살롱", "영업장주변구분명": "유흥업소밀집지역" }, "geometry": { "type": "Point", "coordinates": [ 127.127299311082965, 37.411606959210793 ] } },
{ "type": "Feature", "properties": { "fid": 1725, "개방서비스명": "유흥주점영업", "인허가일자": "1997-09-03", "영업상태명": "영업/정상", "소재지전화": null, "소재지면적": 116.7, "도로명전체주소": "경기도 성남시 분당구 야탑로69번길 18 (야탑동, 지1층 )", "사업장명": "부씽", "업태구분명": "카바레", "영업장주변구분명": null }, "geometry": { "type": "Point", "coordinates": [ 127.126768349779027, 37.411608426590767 ] } },
{ "type": "Feature", "properties": { "fid": 1654, "개방서비스명": "단란주점영업", "인허가일자": "2009-01-21", "영업상태명": "영업/정상", "소재지전화": null, "소재지면적": 81.28, "도로명전체주소": "경기도 성남시 분당구 야탑로69번길 18 (야탑동,2층 213호,214호)", "사업장명": "큐노래빵", "업태구분명": "단란주점", "영업장주변구분명": null }, "geometry": { "type": "Point", "coordinates": [ 127.126768349779027, 37.411608426590767 ] } },
{ "type": "Feature", "properties": { "fid": 1833, "개방서비스명": "유흥주점영업", "인허가일자": "1996-01-31", "영업상태명": "영업/정상", "소재지전화": null, "소재지면적": 96.15, "도로명전체주소": "경기도 성남시 분당구 성남대로916번길 5, 관보골든쇼핑스포츠빌딩 5층 515호 (야탑동)", "사업장명": "포텐", "업태구분명": "카바레", "영업장주변구분명": null }, "geometry": { "type": "Point", "coordinates": [ 127.12986187804951, 37.411646838457045 ] } },
{ "type": "Feature", "properties": { "fid": 1594, "개방서비스명": "단란주점영업", "인허가일자": "2002-02-18", "영업상태명": "영업/정상", "소재지전화": "031 7022313", "소재지면적": 56.12, "도로명전체주소": "경기도 성남시 분당구 매화로 49 (야탑동, 지하1층 104호일부 )", "사업장명": "해와달", "업태구분명": "단란주점", "영업장주변구분명": null }, "geometry": { "type": "Point", "coordinates": [ 127.133584903363001, 37.411956520286459 ] } },
{ "type": "Feature", "properties": { "fid": 1609, "개방서비스명": "단란주점영업", "인허가일자": "2015-03-26", "영업상태명": "영업/정상", "소재지전화": "031 702 8770", "소재지면적": 103.24, "도로명전체주소": "경기도 성남시 분당구 성남대로925번길 19 (야탑동, 터미널프라자 3층 306호일부)", "사업장명": "탑세시봉라이브", "업태구분명": "단란주점", "영업장주변구분명": "기타" }, "geometry": { "type": "Point", "coordinates": [ 127.126356335330613, 37.412065996069195 ] } },
{ "type": "Feature", "properties": { "fid": 1783, "개방서비스명": "유흥주점영업", "인허가일자": "2009-07-10", "영업상태명": "영업/정상", "소재지전화": "031 702 1660", "소재지면적": 27.63, "도로명전체주소": "경기도 성남시 분당구 성남대로925번길 19 (야탑동, 터미널프라자 2층 202호 일부)", "사업장명": "짱노래바", "업태구분명": "룸살롱", "영업장주변구분명": "유흥업소밀집지역" }, "geometry": { "type": "Point", "coordinates": [ 127.126356335330613, 37.412065996069195 ] } },
{ "type": "Feature", "properties": { "fid": 1667, "개방서비스명": "단란주점영업", "인허가일자": "2008-08-13", "영업상태명": "영업/정상", "소재지전화": "317013155", "소재지면적": 72.2, "도로명전체주소": "경기도 성남시 분당구 성남대로925번길 19 (야탑동,터미널프라자 201호)", "사업장명": "짱노래바", "업태구분명": "단란주점", "영업장주변구분명": null }, "geometry": { "type": "Point", "coordinates": [ 127.126356335330613, 37.412065996069195 ] } },
{ "type": "Feature", "properties": { "fid": 1855, "개방서비스명": "유흥주점영업", "인허가일자": "2005-09-30", "영업상태명": "영업/정상", "소재지전화": "031 7093663", "소재지면적": 2319.15, "도로명전체주소": "경기도 성남시 분당구 성남대로925번길 11 (야탑동,외 3필지 유니마트 지하1층 일부)", "사업장명": "퐁퐁나이트", "업태구분명": "고고(디스코)클럽", "영업장주변구분명": null }, "geometry": { "type": "Point", "coordinates": [ 127.126772111260522, 37.412068430561071 ] } },
{ "type": "Feature", "properties": { "fid": 1676, "개방서비스명": "단란주점영업", "인허가일자": "2022-08-01", "영업상태명": "영업/정상", "소재지전화": null, "소재지면적": 109.48, "도로명전체주소": "경기도 성남시 분당구 장미로86번길 16, 야탑동 삼성빌딩 지1층 일부호 (야탑동)", "사업장명": "보스노래바Q", "업태구분명": "단란주점", "영업장주변구분명": null }, "geometry": { "type": "Point", "coordinates": [ 127.13024486467809, 37.41226747145879 ] } },
{ "type": "Feature", "properties": { "fid": 1546, "개방서비스명": "단란주점영업", "인허가일자": "2023-09-08", "영업상태명": "영업/정상", "소재지전화": null, "소재지면적": 96.04, "도로명전체주소": "경기도 성남시 분당구 성남대로926번길 6, 야탑 대덕프라자 311호 (야탑동)", "사업장명": "온에어", "업태구분명": "단란주점", "영업장주변구분명": null }, "geometry": { "type": "Point", "coordinates": [ 127.129848521330047, 37.412309825488521 ] } },
{ "type": "Feature", "properties": { "fid": 1571, "개방서비스명": "단란주점영업", "인허가일자": "1998-09-18", "영업상태명": "영업/정상", "소재지전화": "031 7093209", "소재지면적": 107.36, "도로명전체주소": "경기도 성남시 분당구 장미로86번길 14 (야탑동,지1층)", "사업장명": "돼지노래빵", "업태구분명": "단란주점", "영업장주변구분명": null }, "geometry": { "type": "Point", "coordinates": [ 127.130245368065701, 37.412425664231016 ] } },
{ "type": "Feature", "properties": { "fid": 1576, "개방서비스명": "단란주점영업", "인허가일자": "1998-11-18", "영업상태명": "영업/정상", "소재지전화": "031 709 2155", "소재지면적": 72.76, "도로명전체주소": "경기도 성남시 분당구 장미로86번길 12-1 (야탑동)", "사업장명": "엘리제", "업태구분명": "단란주점", "영업장주변구분명": "기타" }, "geometry": { "type": "Point", "coordinates": [ 127.130246196699375, 37.41256599138638 ] } },
{ "type": "Feature", "properties": { "fid": 1839, "개방서비스명": "유흥주점영업", "인허가일자": "2005-12-23", "영업상태명": "영업/정상", "소재지전화": "031 7037373", "소재지면적": 151.14, "도로명전체주소": "경기도 성남시 분당구 성남대로 926 (야탑동, 분당메트로 B101호)", "사업장명": "쎄븐(70.80)라이브", "업태구분명": "룸살롱", "영업장주변구분명": null }, "geometry": { "type": "Point", "coordinates": [ 127.1292726207041, 37.412574534787005 ] } },
{ "type": "Feature", "properties": { "fid": 1558, "개방서비스명": "단란주점영업", "인허가일자": "2007-03-09", "영업상태명": "영업/정상", "소재지전화": "031 729 2050", "소재지면적": 102.2, "도로명전체주소": "경기도 성남시 분당구 장미로86번길 10 (야탑동,3층 일부)", "사업장명": "앗싸노래빵", "업태구분명": "단란주점", "영업장주변구분명": null }, "geometry": { "type": "Point", "coordinates": [ 127.130247805796415, 37.412829711226685 ] } },
{ "type": "Feature", "properties": { "fid": 1737, "개방서비스명": "유흥주점영업", "인허가일자": "2004-12-27", "영업상태명": "영업/정상", "소재지전화": "031 7010688", "소재지면적": 326.1, "도로명전체주소": "경기도 성남시 분당구 성남대로926번길 12, 금탑프라자 지하1층 B102호 (야탑동)", "사업장명": "OK노래짱", "업태구분명": "룸살롱", "영업장주변구분명": null }, "geometry": { "type": "Point", "coordinates": [ 127.129851528327819, 37.412840245067777 ] } },
{ "type": "Feature", "properties": { "fid": 1853, "개방서비스명": "유흥주점영업", "인허가일자": "2005-05-03", "영업상태명": "영업/정상", "소재지전화": "031 7017455", "소재지면적": 167.28, "도로명전체주소": "경기도 성남시 분당구 성남대로926번길 12 (야탑동,금탑프라자 지하1층101호)", "사업장명": "블랙", "업태구분명": "룸살롱", "영업장주변구분명": null }, "geometry": { "type": "Point", "coordinates": [ 127.129851528327819, 37.412840245067777 ] } },
{ "type": "Feature", "properties": { "fid": 1631, "개방서비스명": "단란주점영업", "인허가일자": "1998-11-23", "영업상태명": "영업/정상", "소재지전화": "031 7079819", "소재지면적": 125.46, "도로명전체주소": "경기도 성남시 분당구 장미로86번길 8 (야탑동)", "사업장명": "킹카", "업태구분명": "단란주점", "영업장주변구분명": null }, "geometry": { "type": "Point", "coordinates": [ 127.130248660374335, 37.412973971259575 ] } },
{ "type": "Feature", "properties": { "fid": 1854, "개방서비스명": "유흥주점영업", "인허가일자": "2005-06-18", "영업상태명": "영업/정상", "소재지전화": "031 703 6355", "소재지면적": 290.41, "도로명전체주소": "경기도 성남시 분당구 성남대로926번길 18 (야탑동, 지하1층 )", "사업장명": "뉴페이스", "업태구분명": "룸살롱", "영업장주변구분명": null }, "geometry": { "type": "Point", "coordinates": [ 127.129726738056362, 37.41311367618389 ] } },
{ "type": "Feature", "properties": { "fid": 1584, "개방서비스명": "단란주점영업", "인허가일자": "2006-09-07", "영업상태명": "영업/정상", "소재지전화": "031 701 9920", "소재지면적": 82.17, "도로명전체주소": "경기도 성남시 분당구 장미로86번길 6 (야탑동, 야탑동빌딩 지하1층 2호)", "사업장명": "러블리노래바Q", "업태구분명": "단란주점", "영업장주변구분명": "기타" }, "geometry": { "type": "Point", "coordinates": [ 127.130246993475097, 37.413147782707753 ] } },
{ "type": "Feature", "properties": { "fid": 1818, "개방서비스명": "유흥주점영업", "인허가일자": "1998-02-19", "영업상태명": "영업/정상", "소재지전화": "031 7074522", "소재지면적": 125.52, "도로명전체주소": "경기도 성남시 분당구 성남대로 934 (야탑동,궁전프라자2 지하110호)", "사업장명": "평양", "업태구분명": "룸살롱", "영업장주변구분명": null }, "geometry": { "type": "Point", "coordinates": [ 127.129276720375572, 37.413154776414977 ] } },
{ "type": "Feature", "properties": { "fid": 1840, "개방서비스명": "유흥주점영업", "인허가일자": "2006-05-23", "영업상태명": "영업/정상", "소재지전화": "031 701 5345", "소재지면적": 93.22, "도로명전체주소": "경기도 성남시 분당구 성남대로 934 (야탑동, 궁전프라자 지하1층 111호, 112호)", "사업장명": "벤처", "업태구분명": "룸살롱", "영업장주변구분명": "유흥업소밀집지역" }, "geometry": { "type": "Point", "coordinates": [ 127.129276720375572, 37.413154776414977 ] } },
{ "type": "Feature", "properties": { "fid": 1633, "개방서비스명": "단란주점영업", "인허가일자": "1994-06-07", "영업상태명": "영업/정상", "소재지전화": "031 7219797", "소재지면적": 128.91, "도로명전체주소": "경기도 성남시 중원구 둔촌대로 105, 지층 (성남동)", "사업장명": "콘서트", "업태구분명": "단란주점", "영업장주변구분명": null }, "geometry": { "type": "Point", "coordinates": [ 127.130697980162054, 37.429632604471088 ] } },
{ "type": "Feature", "properties": { "fid": 1671, "개방서비스명": "단란주점영업", "인허가일자": "2010-01-12", "영업상태명": "영업/정상", "소재지전화": "031 753 3040", "소재지면적": 111.32, "도로명전체주소": "경기도 성남시 중원구 성남대로 1124, 5층 (성남동)", "사업장명": "민들레라이브", "업태구분명": "단란주점", "영업장주변구분명": "기타" }, "geometry": { "type": "Point", "coordinates": [ 127.129854724731615, 37.429978094005115 ] } },
{ "type": "Feature", "properties": { "fid": 1816, "개방서비스명": "유흥주점영업", "인허가일자": "2001-01-12", "영업상태명": "영업/정상", "소재지전화": "031 7549884", "소재지면적": 131.08, "도로명전체주소": "경기도 성남시 중원구 둔촌대로101번길 3, 지층 (성남동)", "사업장명": "스페인", "업태구분명": "간이주점", "영업장주변구분명": null }, "geometry": { "type": "Point", "coordinates": [ 127.130096913592268, 37.430005346741304 ] } },
{ "type": "Feature", "properties": { "fid": 1578, "개방서비스명": "단란주점영업", "인허가일자": "1994-12-22", "영업상태명": "영업/정상", "소재지전화": "031 7557100", "소재지면적": 110.67, "도로명전체주소": "경기도 성남시 중원구 제일로35번길 1, 지층 (성남동)", "사업장명": "모란노래주점", "업태구분명": "단란주점", "영업장주변구분명": null }, "geometry": { "type": "Point", "coordinates": [ 127.136523024310051, 37.430085442528977 ] } },
{ "type": "Feature", "properties": { "fid": 1660, "개방서비스명": "단란주점영업", "인허가일자": "2014-07-02", "영업상태명": "영업/정상", "소재지전화": "031 80161010", "소재지면적": 43.66, "도로명전체주소": "경기도 성남시 분당구 판교역로192번길 14-2 (삼평동, 지하1층 일부)", "사업장명": "탈렌트노래주점", "업태구분명": "단란주점", "영업장주변구분명": "기타" }, "geometry": { "type": "Point", "coordinates": [ 127.112041027929052, 37.39751125310233 ] } },
{ "type": "Feature", "properties": { "fid": 1629, "개방서비스명": "단란주점영업", "인허가일자": "2012-02-24", "영업상태명": "영업/정상", "소재지전화": "031 80166051", "소재지면적": 93.76, "도로명전체주소": "경기도 성남시 분당구 판교역로192번길 16 (삼평동, 판교타워 4층 406호,407호)", "사업장명": "샤넬 노래주점", "업태구분명": "단란주점", "영업장주변구분명": "유흥업소밀집지역" }, "geometry": { "type": "Point", "coordinates": [ 127.111428417141411, 37.397763431385478 ] } },
{ "type": "Feature", "properties": { "fid": 1643, "개방서비스명": "단란주점영업", "인허가일자": "2014-09-22", "영업상태명": "영업/정상", "소재지전화": "031 80165252", "소재지면적": 79.25, "도로명전체주소": "경기도 성남시 분당구 판교역로192번길 22, 301호 (삼평동, 판교효성해링턴타워3층)", "사업장명": "팡노래주점", "업태구분명": "단란주점", "영업장주변구분명": "기타" }, "geometry": { "type": "Point", "coordinates": [ 127.112018124980906, 37.398026759963457 ] } },
{ "type": "Feature", "properties": { "fid": 1636, "개방서비스명": "단란주점영업", "인허가일자": "1994-09-03", "영업상태명": "영업/정상", "소재지전화": null, "소재지면적": 143.85, "도로명전체주소": "경기도 성남시 분당구 판교로 437 (야탑동, 숭문상가 지하1층)", "사업장명": "별노래빵", "업태구분명": "단란주점", "영업장주변구분명": "유흥업소밀집지역" }, "geometry": { "type": "Point", "coordinates": [ 127.122418583427446, 37.405760530071703 ] } },
{ "type": "Feature", "properties": { "fid": 1596, "개방서비스명": "단란주점영업", "인허가일자": "1999-12-04", "영업상태명": "영업/정상", "소재지전화": "031 706 8441", "소재지면적": 100.64, "도로명전체주소": "경기도 성남시 분당구 판교로 445 (야탑동,지1층 3,4호)", "사업장명": "쿨라이브콘서트", "업태구분명": "단란주점", "영업장주변구분명": "학교정화(상대)" }, "geometry": { "type": "Point", "coordinates": [ 127.123332448374427, 37.405760922904037 ] } },
{ "type": "Feature", "properties": { "fid": 1586, "개방서비스명": "단란주점영업", "인허가일자": "1998-12-29", "영업상태명": "영업/정상", "소재지전화": "031 7098452", "소재지면적": 105.94, "도로명전체주소": "경기도 성남시 분당구 야탑로65번길 6 (야탑동,지1층)", "사업장명": "딸기 노래짱", "업태구분명": "단란주점", "영업장주변구분명": null }, "geometry": { "type": "Point", "coordinates": [ 127.126341391364775, 37.410306978079049 ] } },
{ "type": "Feature", "properties": { "fid": 1870, "개방서비스명": "유흥주점영업", "인허가일자": "1997-06-02", "영업상태명": "영업/정상", "소재지전화": null, "소재지면적": 141.59, "도로명전체주소": "경기도 성남시 분당구 야탑로65번길 8 (야탑동, 나인투빌딩 지1층 B01호)", "사업장명": "씨씨 노래광장", "업태구분명": "룸살롱", "영업장주변구분명": null }, "geometry": { "type": "Point", "coordinates": [ 127.126342738335566, 37.410523123126865 ] } },
{ "type": "Feature", "properties": { "fid": 1679, "개방서비스명": "단란주점영업", "인허가일자": "2022-06-24", "영업상태명": "영업/정상", "소재지전화": null, "소재지면적": 76.22, "도로명전체주소": "경기도 성남시 분당구 야탑로65번길 8, 나인투빌딩 지하1층 14호 (야탑동)", "사업장명": "라이브에바", "업태구분명": "단란주점", "영업장주변구분명": null }, "geometry": { "type": "Point", "coordinates": [ 127.126342738335566, 37.410523123126865 ] } },
{ "type": "Feature", "properties": { "fid": 1793, "개방서비스명": "유흥주점영업", "인허가일자": "2000-11-27", "영업상태명": "영업/정상", "소재지전화": null, "소재지면적": 333.08, "도로명전체주소": "경기도 성남시 분당구 성남대로916번길 21 (야탑동, 지1층)", "사업장명": "허니허니", "업태구분명": "카바레", "영업장주변구분명": "유흥업소밀집지역" }, "geometry": { "type": "Point", "coordinates": [ 127.12996623489299, 37.410565464053256 ] } },
{ "type": "Feature", "properties": { "fid": 1925, "개방서비스명": "유흥주점영업", "인허가일자": "2023-04-12", "영업상태명": "영업/정상", "소재지전화": null, "소재지면적": 88.47, "도로명전체주소": "경기도 성남시 분당구 성남대로 30, 동아그린프라자 2층 201호 (구미동)", "사업장명": "캔디노래빠", "업태구분명": "룸살롱", "영업장주변구분명": null }, "geometry": { "type": "Point", "coordinates": [ 127.109425956560642, 37.338387421784759 ] } },
{ "type": "Feature", "properties": { "fid": 1959, "개방서비스명": "유흥주점영업", "인허가일자": "2001-03-08", "영업상태명": "영업/정상", "소재지전화": null, "소재지면적": 94.56, "도로명전체주소": "경기도 성남시 분당구 성남대로 30 (구미동, 동아그린프라자205호206호)", "사업장명": "연예인노래팡팡", "업태구분명": "룸살롱", "영업장주변구분명": null }, "geometry": { "type": "Point", "coordinates": [ 127.109425956560642, 37.338387421784759 ] } },
{ "type": "Feature", "properties": { "fid": 1923, "개방서비스명": "유흥주점영업", "인허가일자": "1999-10-20", "영업상태명": "영업/정상", "소재지전화": "031 7115431", "소재지면적": 113.11, "도로명전체주소": "경기도 성남시 분당구 구미로9번길 1 (구미동, 401호)", "사업장명": "오케이(OK)노래빠", "업태구분명": "카바레", "영업장주변구분명": null }, "geometry": { "type": "Point", "coordinates": [ 127.110084623591135, 37.338388286970087 ] } },
{ "type": "Feature", "properties": { "fid": 1915, "개방서비스명": "단란주점영업", "인허가일자": "2014-05-09", "영업상태명": "영업/정상", "소재지전화": "031 712 9762", "소재지면적": 88.17, "도로명전체주소": "경기도 성남시 분당구 구미로9번길 1, 302호 (구미동, 향정프라자 3층)", "사업장명": "낭만스케치", "업태구분명": "단란주점", "영업장주변구분명": "기타" }, "geometry": { "type": "Point", "coordinates": [ 127.110084623591135, 37.338388286970087 ] } },
{ "type": "Feature", "properties": { "fid": 1917, "개방서비스명": "단란주점영업", "인허가일자": "2014-06-24", "영업상태명": "영업/정상", "소재지전화": "031 7167900", "소재지면적": 63.59, "도로명전체주소": "경기도 성남시 분당구 구미로 11 (구미동, 포인트타운 302호 일부)", "사업장명": "올래노래빠", "업태구분명": "단란주점", "영업장주변구분명": null }, "geometry": { "type": "Point", "coordinates": [ 127.110572921343035, 37.338410105770969 ] } },
{ "type": "Feature", "properties": { "fid": 1952, "개방서비스명": "유흥주점영업", "인허가일자": "2014-11-20", "영업상태명": "영업/정상", "소재지전화": "031714 6616", "소재지면적": 92.1, "도로명전체주소": "경기도 성남시 분당구 성남대로 34, 204호 (구미동, 하나프라자)", "사업장명": "킹노래빠", "업태구분명": "룸살롱", "영업장주변구분명": null }, "geometry": { "type": "Point", "coordinates": [ 127.109377294263737, 37.338876069386934 ] } },
{ "type": "Feature", "properties": { "fid": 1964, "개방서비스명": "유흥주점영업", "인허가일자": "2008-01-10", "영업상태명": "영업/정상", "소재지전화": "031 714 8830", "소재지면적": 105.72, "도로명전체주소": "경기도 성남시 분당구 성남대로 34 (구미동, 지하1층 101호(일부))", "사업장명": "앤노래바", "업태구분명": "룸살롱", "영업장주변구분명": "유흥업소밀집지역" }, "geometry": { "type": "Point", "coordinates": [ 127.109377294263737, 37.338876069386934 ] } },
{ "type": "Feature", "properties": { "fid": 1939, "개방서비스명": "유흥주점영업", "인허가일자": "2002-03-07", "영업상태명": "영업/정상", "소재지전화": null, "소재지면적": 317.2, "도로명전체주소": "경기도 성남시 분당구 성남대로 38 (구미동,지하1층)", "사업장명": "화이트", "업태구분명": "룸살롱", "영업장주변구분명": null }, "geometry": { "type": "Point", "coordinates": [ 127.109375294867732, 37.339301590170798 ] } },
{ "type": "Feature", "properties": { "fid": 1912, "개방서비스명": "단란주점영업", "인허가일자": "2012-12-04", "영업상태명": "영업/정상", "소재지전화": "031 719 3080", "소재지면적": 87.2, "도로명전체주소": "경기도 성남시 분당구 구미로9번길 25 (구미동, 분당대맥주차빌딩 302호)", "사업장명": "콘서트7080라이브", "업태구분명": "단란주점", "영업장주변구분명": "학교정화(상대)" }, "geometry": { "type": "Point", "coordinates": [ 127.109929164449284, 37.340382210577452 ] } },
{ "type": "Feature", "properties": { "fid": 1911, "개방서비스명": "단란주점영업", "인허가일자": "2012-07-25", "영업상태명": "영업/정상", "소재지전화": null, "소재지면적": 50.74, "도로명전체주소": "경기도 성남시 분당구 성남대로 52 (구미동, 그랜드프라자 3층 301호 일부)", "사업장명": "퀸노래빠", "업태구분명": "단란주점", "영업장주변구분명": "기타" }, "geometry": { "type": "Point", "coordinates": [ 127.109387396402781, 37.34045344508457 ] } },
{ "type": "Feature", "properties": { "fid": 1897, "개방서비스명": "단란주점영업", "인허가일자": "2022-01-26", "영업상태명": "영업/정상", "소재지전화": "031 713 8332", "소재지면적": 93.0, "도로명전체주소": "경기도 성남시 분당구 미금일로90번길 32, 웰파크 빌딩 주건축물제1동 지1층 B112호 (구미동)", "사업장명": "스윗메모리", "업태구분명": "단란주점", "영업장주변구분명": null }, "geometry": { "type": "Point", "coordinates": [ 127.110464467299593, 37.348926218846564 ] } },
{ "type": "Feature", "properties": { "fid": 1930, "개방서비스명": "유흥주점영업", "인허가일자": "1998-11-17", "영업상태명": "영업/정상", "소재지전화": null, "소재지면적": 96.21, "도로명전체주소": "경기도 성남시 분당구 돌마로 85, 지하1층 비02호 (금곡동)", "사업장명": "썸", "업태구분명": "룸살롱", "영업장주변구분명": "기타" }, "geometry": { "type": "Point", "coordinates": [ 127.111339810385871, 37.35039243186413 ] } },
{ "type": "Feature", "properties": { "fid": 1899, "개방서비스명": "단란주점영업", "인허가일자": "2016-06-21", "영업상태명": "영업/정상", "소재지전화": null, "소재지면적": 44.73, "도로명전체주소": "경기도 성남시 분당구 돌마로 73 (금곡동, 우방코아 3층 309호)", "사업장명": "모이세", "업태구분명": "단란주점", "영업장주변구분명": null }, "geometry": { "type": "Point", "coordinates": [ 127.110035145364975, 37.350401574746748 ] } },
{ "type": "Feature", "properties": { "fid": 1941, "개방서비스명": "유흥주점영업", "인허가일자": "2016-06-21", "영업상태명": "영업/정상", "소재지전화": null, "소재지면적": 109.0, "도로명전체주소": "경기도 성남시 분당구 돌마로 73 (금곡동, 우방코아 3층 308,309-1호)", "사업장명": "모던노래", "업태구분명": "룸살롱", "영업장주변구분명": "유흥업소밀집지역" }, "geometry": { "type": "Point", "coordinates": [ 127.110035145364975, 37.350401574746748 ] } },
{ "type": "Feature", "properties": { "fid": 1922, "개방서비스명": "단란주점영업", "인허가일자": "2023-09-19", "영업상태명": "영업/정상", "소재지전화": null, "소재지면적": 66.59, "도로명전체주소": "경기도 성남시 분당구 성남대로 165, 천사의도시1 오피스텔 205호 (금곡동)", "사업장명": "준", "업태구분명": "단란주점", "영업장주변구분명": "학교정화(절대)" }, "geometry": { "type": "Point", "coordinates": [ 127.108289700324363, 37.350753503512408 ] } },
{ "type": "Feature", "properties": { "fid": 1896, "개방서비스명": "단란주점영업", "인허가일자": "2024-10-23", "영업상태명": "영업/정상", "소재지전화": null, "소재지면적": 100.79, "도로명전체주소": "경기도 성남시 분당구 성남대로 170, 한국프라자 지하1층 102호 (금곡동)", "사업장명": "아모르", "업태구분명": "단란주점", "영업장주변구분명": null }, "geometry": { "type": "Point", "coordinates": [ 127.109501503390661, 37.351163540475447 ] } },
{ "type": "Feature", "properties": { "fid": 1924, "개방서비스명": "유흥주점영업", "인허가일자": "2019-11-12", "영업상태명": "영업/정상", "소재지전화": null, "소재지면적": 88.9, "도로명전체주소": "경기도 성남시 분당구 성남대로 170, 한국프라자 지하1층 104호 (금곡동)", "사업장명": "찐노래빠", "업태구분명": "룸살롱", "영업장주변구분명": "유흥업소밀집지역" }, "geometry": { "type": "Point", "coordinates": [ 127.109501503390661, 37.351163540475447 ] } },
{ "type": "Feature", "properties": { "fid": 1955, "개방서비스명": "유흥주점영업", "인허가일자": "2016-08-31", "영업상태명": "영업/정상", "소재지전화": "031 711 5472", "소재지면적": 96.81, "도로명전체주소": "경기도 성남시 분당구 성남대로 170 (금곡동, 한국프라자 지하1층103호일부)", "사업장명": "제니스", "업태구분명": "룸살롱", "영업장주변구분명": "학교정화(상대)" }, "geometry": { "type": "Point", "coordinates": [ 127.109501503390661, 37.351163540475447 ] } },
{ "type": "Feature", "properties": { "fid": 1943, "개방서비스명": "유흥주점영업", "인허가일자": "2000-09-26", "영업상태명": "영업/정상", "소재지전화": null, "소재지면적": 232.09, "도로명전체주소": "경기도 성남시 분당구 성남대로 170 (금곡동,한국프라자 지하1층)", "사업장명": "준코뮤직타운 미금점", "업태구분명": "룸살롱", "영업장주변구분명": null }, "geometry": { "type": "Point", "coordinates": [ 127.109501503390661, 37.351163540475447 ] } },
{ "type": "Feature", "properties": { "fid": 1942, "개방서비스명": "유흥주점영업", "인허가일자": "2011-10-04", "영업상태명": "영업/정상", "소재지전화": "031 717 7090", "소재지면적": 191.04, "도로명전체주소": "경기도 성남시 분당구 성남대로 170 (금곡동, 한국프라자 지하1층101호)", "사업장명": "봉주르7080라이브", "업태구분명": "기타", "영업장주변구분명": null }, "geometry": { "type": "Point", "coordinates": [ 127.109501503390661, 37.351163540475447 ] } },
{ "type": "Feature", "properties": { "fid": 1965, "개방서비스명": "유흥주점영업", "인허가일자": "2010-10-18", "영업상태명": "영업/정상", "소재지전화": null, "소재지면적": 94.65, "도로명전체주소": "경기도 성남시 분당구 돌마로 85 (금곡동, 지하 4호 )", "사업장명": "헤라", "업태구분명": "룸살롱", "영업장주변구분명": null }, "geometry": { "type": "Point", "coordinates": [ 127.111339810385871, 37.35039243186413 ] } },
{ "type": "Feature", "properties": { "fid": 1966, "개방서비스명": "유흥주점영업", "인허가일자": "2018-09-06", "영업상태명": "영업/정상", "소재지전화": "031 714 7623", "소재지면적": 74.7, "도로명전체주소": "경기도 성남시 분당구 구미로9번길 1, 향정프라자 지하1층 B02호 (구미동)", "사업장명": "시타노래빠", "업태구분명": "룸살롱", "영업장주변구분명": "유흥업소밀집지역" }, "geometry": { "type": "Point", "coordinates": [ 127.110084623591135, 37.338388286970087 ] } },
{ "type": "Feature", "properties": { "fid": 1970, "개방서비스명": "유흥주점영업", "인허가일자": "2022-12-13", "영업상태명": "영업/정상", "소재지전화": null, "소재지면적": 81.07, "도로명전체주소": "경기도 성남시 분당구 구미로9번길 17, 광림빌딩 지하1층 비101호 (구미동)", "사업장명": "코코", "업태구분명": "룸살롱", "영업장주변구분명": null }, "geometry": { "type": "Point", "coordinates": [ 127.109807539491769, 37.33991862223575 ] } },
{ "type": "Feature", "properties": { "fid": 1902, "개방서비스명": "단란주점영업", "인허가일자": "1999-01-27", "영업상태명": "영업/정상", "소재지전화": "031 7813040", "소재지면적": 43.22, "도로명전체주소": "경기도 성남시 분당구 서현로 375 (서현동,지하 103호)", "사업장명": "써티포티", "업태구분명": "단란주점", "영업장주변구분명": "기타" }, "geometry": { "type": "Point", "coordinates": [ 127.139607319221128, 37.376739943110472 ] } },
{ "type": "Feature", "properties": { "fid": 1903, "개방서비스명": "단란주점영업", "인허가일자": "2002-01-16", "영업상태명": "영업/정상", "소재지전화": "031 705 5188", "소재지면적": 146.38, "도로명전체주소": "경기도 성남시 분당구 새마을로 6 (서현동, 지1층 일부)", "사업장명": "그녀투(TWO) 노래팡", "업태구분명": "단란주점", "영업장주변구분명": "기타" }, "geometry": { "type": "Point", "coordinates": [ 127.131300677057169, 37.383920525464248 ] } },
{ "type": "Feature", "properties": { "fid": 1929, "개방서비스명": "유흥주점영업", "인허가일자": "1998-11-05", "영업상태명": "영업/정상", "소재지전화": "031 7097773", "소재지면적": 168.98, "도로명전체주소": "경기도 성남시 분당구 서현로210번길 16 (서현동, 유성트윈프라자 지하1층 112~116호)", "사업장명": "황금 노래빵", "업태구분명": "룸살롱", "영업장주변구분명": null }, "geometry": { "type": "Point", "coordinates": [ 127.124344193395288, 37.386084299559577 ] } },
{ "type": "Feature", "properties": { "fid": 1921, "개방서비스명": "단란주점영업", "인허가일자": "2022-10-20", "영업상태명": "영업/정상", "소재지전화": null, "소재지면적": 38.78, "도로명전체주소": "경기도 성남시 분당구 서현로210번길 14, 유성트윈프라자2차 지1층 비04-1호 (서현동)", "사업장명": "블루단란주점", "업태구분명": "단란주점", "영업장주변구분명": null }, "geometry": { "type": "Point", "coordinates": [ 127.124565727048349, 37.386243229189915 ] } },
{ "type": "Feature", "properties": { "fid": 1926, "개방서비스명": "유흥주점영업", "인허가일자": "2004-04-20", "영업상태명": "영업/정상", "소재지전화": "031 707 5937", "소재지면적": 95.68, "도로명전체주소": "경기도 성남시 분당구 서현로210번길 10 (서현동,다두프라자 3층 303호)", "사업장명": "샤방샤방", "업태구분명": "룸살롱", "영업장주변구분명": "기타" }, "geometry": { "type": "Point", "coordinates": [ 127.124799689304155, 37.386411083520287 ] } },
{ "type": "Feature", "properties": { "fid": 1927, "개방서비스명": "유흥주점영업", "인허가일자": "1998-12-23", "영업상태명": "영업/정상", "소재지전화": "031 7068090", "소재지면적": 111.06, "도로명전체주소": "경기도 성남시 분당구 황새울로360번길 12 (서현동, 대명프라자 지하1층 110호일부, 116호)", "사업장명": "딱좋아", "업태구분명": "카바레", "영업장주변구분명": null }, "geometry": { "type": "Point", "coordinates": [ 127.125000033955075, 37.386549604784449 ] } },
{ "type": "Feature", "properties": { "fid": 1913, "개방서비스명": "단란주점영업", "인허가일자": "2013-09-12", "영업상태명": "영업/정상", "소재지전화": "031 706 9493", "소재지면적": 88.15, "도로명전체주소": "경기도 성남시 분당구 서현로180번길 13, 202호 (서현동, 서현프라자)", "사업장명": "오광노래바", "업태구분명": "단란주점", "영업장주변구분명": "기타" }, "geometry": { "type": "Point", "coordinates": [ 127.122860982264797, 37.387910186426602 ] } },
{ "type": "Feature", "properties": { "fid": 1906, "개방서비스명": "단란주점영업", "인허가일자": "2011-07-29", "영업상태명": "영업/정상", "소재지전화": "031 80166688", "소재지면적": 95.94, "도로명전체주소": "경기도 성남시 분당구 운중로 131 (운중동,스타식스메트로빌딩303호)", "사업장명": "큐", "업태구분명": "단란주점", "영업장주변구분명": null }, "geometry": { "type": "Point", "coordinates": [ 127.077781213518207, 37.391941198493697 ] } },
{ "type": "Feature", "properties": { "fid": 1908, "개방서비스명": "단란주점영업", "인허가일자": "2011-11-28", "영업상태명": "영업/정상", "소재지전화": "031 701 7650", "소재지면적": 67.78, "도로명전체주소": "경기도 성남시 분당구 운중로 123 (운중동, 마크시티빌딩401호)", "사업장명": "오렌지노래주점", "업태구분명": "단란주점", "영업장주변구분명": "기타" }, "geometry": { "type": "Point", "coordinates": [ 127.076962254599763, 37.391992696054373 ] } },
{ "type": "Feature", "properties": { "fid": 1910, "개방서비스명": "단란주점영업", "인허가일자": "2015-05-15", "영업상태명": "영업/정상", "소재지전화": null, "소재지면적": 23.12, "도로명전체주소": "경기도 성남시 분당구 대왕판교로606번길 47 (삼평동,  SG타워 B101호 일부)", "사업장명": "핑크 노래주점", "업태구분명": "단란주점", "영업장주변구분명": null }, "geometry": { "type": "Point", "coordinates": [ 127.1125175588612, 37.396915021057353 ] } },
{ "type": "Feature", "properties": { "fid": 1946, "개방서비스명": "유흥주점영업", "인허가일자": "2010-12-09", "영업상태명": "영업/정상", "소재지전화": "031 707 0095", "소재지면적": 267.46, "도로명전체주소": "경기도 성남시 분당구 서현로210번길 10 (서현동,다두플라자 지하1층 102,104,105호)", "사업장명": "몽키뮤직타운 서현점", "업태구분명": "간이주점", "영업장주변구분명": null }, "geometry": { "type": "Point", "coordinates": [ 127.124799689304155, 37.386411083520287 ] } },
{ "type": "Feature", "properties": { "fid": 1949, "개방서비스명": "유흥주점영업", "인허가일자": "1999-09-11", "영업상태명": "영업/정상", "소재지전화": "031 7064746", "소재지면적": 371.86, "도로명전체주소": "경기도 성남시 분당구 서현로210번길 14 (서현동,유성트윈 지1층 5호)", "사업장명": "준코뮤직타운 서현점", "업태구분명": "카바레", "영업장주변구분명": null }, "geometry": { "type": "Point", "coordinates": [ 127.124565727048349, 37.386243229189915 ] } },
{ "type": "Feature", "properties": { "fid": 1950, "개방서비스명": "유흥주점영업", "인허가일자": "2014-10-08", "영업상태명": "영업/정상", "소재지전화": "031 7818788", "소재지면적": 67.92, "도로명전체주소": "경기도 성남시 분당구 황새울로360번길 28 (서현동, 은성프라자 B01, B04호 일부)", "사업장명": "놀러와", "업태구분명": "룸살롱", "영업장주변구분명": null }, "geometry": { "type": "Point", "coordinates": [ 127.124811509476558, 37.385691778614898 ] } },
{ "type": "Feature", "properties": { "fid": 1956, "개방서비스명": "유흥주점영업", "인허가일자": "2015-12-21", "영업상태명": "영업/정상", "소재지전화": "031 701 8645", "소재지면적": 417.09, "도로명전체주소": "경기도 성남시 분당구 황새울로335번길 7 (서현동, 지하2층)", "사업장명": "슈퍼스타", "업태구분명": "룸살롱", "영업장주변구분명": null }, "geometry": { "type": "Point", "coordinates": [ 127.121548567501634, 37.386182507445788 ] } },
{ "type": "Feature", "properties": { "fid": 1957, "개방서비스명": "유흥주점영업", "인허가일자": "1996-06-28", "영업상태명": "영업/정상", "소재지전화": "031 709 3039", "소재지면적": 149.4, "도로명전체주소": "경기도 성남시 분당구 서현로210번길 16 (서현동,유성트윈스)", "사업장명": "샤갈", "업태구분명": "카바레", "영업장주변구분명": null }, "geometry": { "type": "Point", "coordinates": [ 127.124344193395288, 37.386084299559577 ] } },
{ "type": "Feature", "properties": { "fid": 1958, "개방서비스명": "유흥주점영업", "인허가일자": "1996-08-14", "영업상태명": "영업/정상", "소재지전화": "031 7045314", "소재지면적": 93.87, "도로명전체주소": "경기도 성남시 분당구 분당로53번길 21 (서현동, 산호프라자 301호)", "사업장명": "올인", "업태구분명": "카바레", "영업장주변구분명": null }, "geometry": { "type": "Point", "coordinates": [ 127.12236524762281, 37.384694368841501 ] } },
{ "type": "Feature", "properties": { "fid": 1960, "개방서비스명": "유흥주점영업", "인허가일자": "1997-03-14", "영업상태명": "영업/정상", "소재지전화": "031 7093929", "소재지면적": 123.75, "도로명전체주소": "경기도 성남시 분당구 분당로53번길 15 (서현동,  산호트윈스 지하101-105호)", "사업장명": "킹카", "업태구분명": "룸살롱", "영업장주변구분명": null }, "geometry": { "type": "Point", "coordinates": [ 127.121952124790226, 37.384367615143937 ] } },
{ "type": "Feature", "properties": { "fid": 1961, "개방서비스명": "유흥주점영업", "인허가일자": "1999-11-17", "영업상태명": "영업/정상", "소재지전화": "031 80175040", "소재지면적": 114.62, "도로명전체주소": "경기도 성남시 분당구 서현로210번길 10 (서현동, 301호)", "사업장명": "주리", "업태구분명": "룸살롱", "영업장주변구분명": null }, "geometry": { "type": "Point", "coordinates": [ 127.124799689304155, 37.386411083520287 ] } },
{ "type": "Feature", "properties": { "fid": 1969, "개방서비스명": "유흥주점영업", "인허가일자": "2020-08-06", "영업상태명": "영업/정상", "소재지전화": null, "소재지면적": 617.39, "도로명전체주소": "경기도 성남시 분당구 황새울로 337, 웰빙프라자 B01호 (서현동)", "사업장명": "뉴파라다이스", "업태구분명": "룸살롱", "영업장주변구분명": "유흥업소밀집지역" }, "geometry": { "type": "Point", "coordinates": [ 127.122419167477148, 37.386281990160391 ] } },
{ "type": "Feature", "properties": { "fid": 1972, "개방서비스명": "유흥주점영업", "인허가일자": "2022-10-20", "영업상태명": "영업/정상", "소재지전화": null, "소재지면적": 78.74, "도로명전체주소": "경기도 성남시 분당구 서현로210번길 14, 유성트윈프라자2차 지1층 B03호 (서현동)", "사업장명": "블루룸", "업태구분명": "룸살롱", "영업장주변구분명": null }, "geometry": { "type": "Point", "coordinates": [ 127.124565727048349, 37.386243229189915 ] } },
{ "type": "Feature", "properties": { "fid": 1918, "개방서비스명": "단란주점영업", "인허가일자": "2007-12-17", "영업상태명": "영업/정상", "소재지전화": null, "소재지면적": 92.98, "도로명전체주소": "경기도 성남시 분당구 성남대로331번길 9-15 (정자동, 4층 일부)", "사업장명": "올레노래빠", "업태구분명": "단란주점", "영업장주변구분명": null }, "geometry": { "type": "Point", "coordinates": [ 127.107087634878468, 37.364311552211873 ] } },
{ "type": "Feature", "properties": { "fid": 1919, "개방서비스명": "단란주점영업", "인허가일자": "2008-05-29", "영업상태명": "영업/정상", "소재지전화": "031 718 9898", "소재지면적": 169.7, "도로명전체주소": "경기도 성남시 분당구 정자일로156번길 11 (정자동,번지 지1층(일부))", "사업장명": "센스 노래바", "업태구분명": "단란주점", "영업장주변구분명": null }, "geometry": { "type": "Point", "coordinates": [ 127.107319494411698, 37.364312328058617 ] } },
{ "type": "Feature", "properties": { "fid": 1933, "개방서비스명": "유흥주점영업", "인허가일자": "2008-05-14", "영업상태명": "영업/정상", "소재지전화": null, "소재지면적": 69.36, "도로명전체주소": "경기도 성남시 분당구 정자일로156번길 11 (정자동,번지 지1층(일부))", "사업장명": "첼시", "업태구분명": "룸살롱", "영업장주변구분명": "유흥업소밀집지역" }, "geometry": { "type": "Point", "coordinates": [ 127.107319494411698, 37.364312328058617 ] } },
{ "type": "Feature", "properties": { "fid": 1951, "개방서비스명": "유흥주점영업", "인허가일자": "2014-10-22", "영업상태명": "영업/정상", "소재지전화": "031 7196117", "소재지면적": 69.57, "도로명전체주소": "경기도 성남시 분당구 성남대로331번길 9-15 (정자동, 5층 일부)", "사업장명": "블링블링노래빠", "업태구분명": "룸살롱", "영업장주변구분명": null }, "geometry": { "type": "Point", "coordinates": [ 127.107087634878468, 37.364311552211873 ] } },
{ "type": "Feature", "properties": { "fid": 1905, "개방서비스명": "단란주점영업", "인허가일자": "2003-01-07", "영업상태명": "영업/정상", "소재지전화": "031 717 9448", "소재지면적": 88.99, "도로명전체주소": "경기도 성남시 분당구 성남대로331번길 3-12 (정자동,로얄비즈텔 지하1층 일부)", "사업장명": "설렘노래팡", "업태구분명": "단란주점", "영업장주변구분명": null }, "geometry": { "type": "Point", "coordinates": [ 127.107321289657946, 37.364503146102884 ] } },
{ "type": "Feature", "properties": { "fid": 1947, "개방서비스명": "유흥주점영업", "인허가일자": "2005-11-24", "영업상태명": "영업/정상", "소재지전화": "031 7193878", "소재지면적": 220.44, "도로명전체주소": "경기도 성남시 분당구 성남대로331번길 9-10 (정자동, 지하1층)", "사업장명": "벤츠", "업태구분명": "룸살롱", "영업장주변구분명": "유흥업소밀집지역" }, "geometry": { "type": "Point", "coordinates": [ 127.106754399395655, 37.364886426390385 ] } },
{ "type": "Feature", "properties": { "fid": 1944, "개방서비스명": "유흥주점영업", "인허가일자": "2000-09-26", "영업상태명": "영업/정상", "소재지전화": "031 715 7400", "소재지면적": 195.26, "도로명전체주소": "경기도 성남시 분당구 성남대로331번길 11-7 (정자동, 지하1층 )", "사업장명": "로얄", "업태구분명": "카바레", "영업장주변구분명": null }, "geometry": { "type": "Point", "coordinates": [ 127.10675350083028, 37.365078810991328 ] } },
{ "type": "Feature", "properties": { "fid": 1962, "개방서비스명": "유흥주점영업", "인허가일자": "2016-02-19", "영업상태명": "영업/정상", "소재지전화": null, "소재지면적": 169.73, "도로명전체주소": "경기도 성남시 분당구 성남대로331번길 3-4, 지하1층 (정자동)", "사업장명": "모던노래빠", "업태구분명": "룸살롱", "영업장주변구분명": null }, "geometry": { "type": "Point", "coordinates": [ 127.107080805308144, 37.36507947261525 ] } },
{ "type": "Feature", "properties": { "fid": 1954, "개방서비스명": "유흥주점영업", "인허가일자": "2015-05-27", "영업상태명": "영업/정상", "소재지전화": null, "소재지면적": 67.03, "도로명전체주소": "경기도 성남시 분당구 성남대로331번길 9-6, 4층 401호 (정자동)", "사업장명": "쟈스민 유흥주점", "업태구분명": "룸살롱", "영업장주변구분명": null }, "geometry": { "type": "Point", "coordinates": [ 127.106752546693173, 37.365271013629567 ] } },
{ "type": "Feature", "properties": { "fid": 1931, "개방서비스명": "유흥주점영업", "인허가일자": "2004-12-22", "영업상태명": "영업/정상", "소재지전화": "031 718 9994", "소재지면적": 290.24, "도로명전체주소": "경기도 성남시 분당구 성남대로331번길 9-6 (정자동, 지하1층)", "사업장명": "간지", "업태구분명": "룸살롱", "영업장주변구분명": null }, "geometry": { "type": "Point", "coordinates": [ 127.106752546693173, 37.365271013629567 ] } },
{ "type": "Feature", "properties": { "fid": 1937, "개방서비스명": "유흥주점영업", "인허가일자": "2017-10-30", "영업상태명": "영업/정상", "소재지전화": "02  356 0244", "소재지면적": 290.16, "도로명전체주소": "경기도 성남시 분당구 성남대로331번길 13, 지하1층 지하102호 (정자동)", "사업장명": "노래타운 세븐플로어(정자점)", "업태구분명": "룸살롱", "영업장주변구분명": null }, "geometry": { "type": "Point", "coordinates": [ 127.106297735265414, 37.365423734670316 ] } },
{ "type": "Feature", "properties": { "fid": 1934, "개방서비스명": "유흥주점영업", "인허가일자": "2008-12-18", "영업상태명": "영업/정상", "소재지전화": null, "소재지면적": 92.36, "도로명전체주소": "경기도 성남시 분당구 성남대로331번길 13 (정자동,  외 1필지 3층 310호 일부 )", "사업장명": "엑스존노래빠", "업태구분명": "룸살롱", "영업장주변구분명": null }, "geometry": { "type": "Point", "coordinates": [ 127.106297735265414, 37.365423734670316 ] } },
{ "type": "Feature", "properties": { "fid": 1901, "개방서비스명": "단란주점영업", "인허가일자": "2005-11-11", "영업상태명": "영업/정상", "소재지전화": "031  7199649", "소재지면적": 94.2, "도로명전체주소": "경기도 성남시 분당구 성남대로331번길 13 (정자동, 백궁프라자 3층 309호 일부)", "사업장명": "카사블랑카", "업태구분명": "단란주점", "영업장주변구분명": null }, "geometry": { "type": "Point", "coordinates": [ 127.106297735265414, 37.365423734670316 ] } },
{ "type": "Feature", "properties": { "fid": 1945, "개방서비스명": "유흥주점영업", "인허가일자": "2010-12-07", "영업상태명": "영업/정상", "소재지전화": "031 719 1896", "소재지면적": 465.93, "도로명전체주소": "경기도 성남시 분당구 성남대로331번길 7 (정자동, 정자스타빌딩B01호,B03호)", "사업장명": "요준코소주호프노래타운", "업태구분명": "룸살롱", "영업장주변구분명": null }, "geometry": { "type": "Point", "coordinates": [ 127.107197397964654, 37.365463146766878 ] } },
{ "type": "Feature", "properties": { "fid": 1948, "개방서비스명": "유흥주점영업", "인허가일자": "2015-03-12", "영업상태명": "영업/정상", "소재지전화": "031 7121667", "소재지면적": 49.6, "도로명전체주소": "경기도 성남시 분당구 성남대로331번길 7, 3층 (정자동, 303호 일부, 정자스타빌딩)", "사업장명": "꼭지 노래빠", "업태구분명": "룸살롱", "영업장주변구분명": "기타" }, "geometry": { "type": "Point", "coordinates": [ 127.107197397964654, 37.365463146766878 ] } },
{ "type": "Feature", "properties": { "fid": 1904, "개방서비스명": "단란주점영업", "인허가일자": "2002-09-16", "영업상태명": "영업/정상", "소재지전화": "031 7119413", "소재지면적": 121.61, "도로명전체주소": "경기도 성남시 분당구 성남대로343번길 12-6 (정자동, 3층 일부)", "사업장명": "트리플라운지", "업태구분명": "단란주점", "영업장주변구분명": null }, "geometry": { "type": "Point", "coordinates": [ 127.106743640902408, 37.367010506206597 ] } },
{ "type": "Feature", "properties": { "fid": 1932, "개방서비스명": "유흥주점영업", "인허가일자": "2002-08-29", "영업상태명": "영업/정상", "소재지전화": "031 7119414", "소재지면적": 231.59, "도로명전체주소": "경기도 성남시 분당구 성남대로343번길 12-6 (정자동, 지하1층)", "사업장명": "글램", "업태구분명": "룸살롱", "영업장주변구분명": null }, "geometry": { "type": "Point", "coordinates": [ 127.106743640902408, 37.367010506206597 ] } },
{ "type": "Feature", "properties": { "fid": 1940, "개방서비스명": "유흥주점영업", "인허가일자": "2009-07-29", "영업상태명": "영업/정상", "소재지전화": null, "소재지면적": 253.79, "도로명전체주소": "경기도 성남시 분당구 성남대로343번길 10-6 (정자동, 지1층)", "사업장명": "에스앤에스", "업태구분명": "룸살롱", "영업장주변구분명": null }, "geometry": { "type": "Point", "coordinates": [ 127.107069701950834, 37.367186124287002 ] } },
{ "type": "Feature", "properties": { "fid": 1900, "개방서비스명": "단란주점영업", "인허가일자": "2016-12-30", "영업상태명": "영업/정상", "소재지전화": null, "소재지면적": 147.49, "도로명전체주소": "경기도 성남시 분당구 성남대로343번길 10-6 (정자동, 5층 일부)", "사업장명": "돔라운지클럽", "업태구분명": "단란주점", "영업장주변구분명": null }, "geometry": { "type": "Point", "coordinates": [ 127.107069701950834, 37.367186124287002 ] } },
{ "type": "Feature", "properties": { "fid": 1920, "개방서비스명": "단란주점영업", "인허가일자": "2010-03-19", "영업상태명": "영업/정상", "소재지전화": "031 714 2661", "소재지면적": 115.64, "도로명전체주소": "경기도 성남시 분당구 성남대로343번길 12-8 (정자동,3층 301호)", "사업장명": "파티파티", "업태구분명": "단란주점", "영업장주변구분명": "유흥업소밀집지역" }, "geometry": { "type": "Point", "coordinates": [ 127.106742770827267, 37.367190177337484 ] } },
{ "type": "Feature", "properties": { "fid": 1935, "개방서비스명": "유흥주점영업", "인허가일자": "2000-06-26", "영업상태명": "영업/정상", "소재지전화": "031 7155098", "소재지면적": 133.23, "도로명전체주소": "경기도 성남시 분당구 정자일로198번길 20 (정자동)", "사업장명": "션샤인", "업태구분명": "카바레", "영업장주변구분명": null }, "geometry": { "type": "Point", "coordinates": [ 127.107187366775534, 37.367366053588427 ] } },
{ "type": "Feature", "properties": { "fid": 1936, "개방서비스명": "유흥주점영업", "인허가일자": "2017-09-22", "영업상태명": "영업/정상", "소재지전화": "031 607 5858", "소재지면적": 188.81, "도로명전체주소": "경기도 성남시 분당구 정자일로 192, 지하1층 102호 (정자동, 지파크프라자)", "사업장명": "숨", "업태구분명": "룸살롱", "영업장주변구분명": "유흥업소밀집지역" }, "geometry": { "type": "Point", "coordinates": [ 127.106284751813178, 37.367385859010625 ] } },
{ "type": "Feature", "properties": { "fid": 1953, "개방서비스명": "유흥주점영업", "인허가일자": "2005-12-19", "영업상태명": "영업/정상", "소재지전화": "031 7261717", "소재지면적": 364.27, "도로명전체주소": "경기도 성남시 분당구 정자일로 192 (정자동,번지 지파크프라자 B 01호)", "사업장명": "코로나", "업태구분명": "룸살롱", "영업장주변구분명": null }, "geometry": { "type": "Point", "coordinates": [ 127.106284751813178, 37.367385859010625 ] } },
{ "type": "Feature", "properties": { "fid": 1938, "개방서비스명": "유흥주점영업", "인허가일자": "2018-02-23", "영업상태명": "영업/정상", "소재지전화": "031 712 6518", "소재지면적": 191.63, "도로명전체주소": "경기도 성남시 분당구 정자일로198번길 6-1, 조아텔 지하1층 (정자동)", "사업장명": "라운딩19홀", "업태구분명": "기타", "영업장주변구분명": "유흥업소밀집지역" }, "geometry": { "type": "Point", "coordinates": [ 127.106737252236542, 37.36772008038124 ] } },
{ "type": "Feature", "properties": { "fid": 1895, "개방서비스명": "단란주점영업", "인허가일자": "2019-04-18", "영업상태명": "영업/정상", "소재지전화": null, "소재지면적": 69.45, "도로명전체주소": "경기도 성남시 분당구 정자일로 197, 정자동2차푸르지오시티 2층 220호 (정자동)", "사업장명": "레솔베르라운지", "업태구분명": "단란주점", "영업장주변구분명": "기타" }, "geometry": { "type": "Point", "coordinates": [ 127.105528418109287, 37.368042517696864 ] } },
{ "type": "Feature", "properties": { "fid": 1909, "개방서비스명": "단란주점영업", "인허가일자": "2013-04-12", "영업상태명": "영업/정상", "소재지전화": "031 7129500", "소재지면적": 105.33, "도로명전체주소": "경기도 성남시 분당구 백현로101번길 20, 501호 (수내동, 그린프라자빌딩)", "사업장명": "블루문라이브", "업태구분명": "단란주점", "영업장주변구분명": null }, "geometry": { "type": "Point", "coordinates": [ 127.113063532786597, 37.377259552941197 ] } },
{ "type": "Feature", "properties": { "fid": 1928, "개방서비스명": "유흥주점영업", "인허가일자": "1997-08-29", "영업상태명": "영업/정상", "소재지전화": null, "소재지면적": 116.9, "도로명전체주소": "경기도 성남시 분당구 황새울로258번길 43 (수내동,지하1층 123호)", "사업장명": "타워노래빠", "업태구분명": "기타", "영업장주변구분명": null }, "geometry": { "type": "Point", "coordinates": [ 127.115491935456134, 37.378322043456798 ] } },
{ "type": "Feature", "properties": { "fid": 1963, "개방서비스명": "유흥주점영업", "인허가일자": "2007-10-19", "영업상태명": "영업/정상", "소재지전화": "031 709 0122", "소재지면적": 202.36, "도로명전체주소": "경기도 성남시 분당구 황새울로258번길 36 (수내동,(광진프라자 지하1층 B01호))", "사업장명": "카라(Kara)", "업태구분명": "룸살롱", "영업장주변구분명": "유흥업소밀집지역" }, "geometry": { "type": "Point", "coordinates": [ 127.115738515077808, 37.379182173137067 ] } },
{ "type": "Feature", "properties": { "fid": 1916, "개방서비스명": "단란주점영업", "인허가일자": "2009-10-14", "영업상태명": "영업/정상", "소재지전화": "031 718 1984", "소재지면적": 80.12, "도로명전체주소": "경기도 성남시 분당구 황새울로240번길 10-3 (수내동, 지하1층)", "사업장명": "테마노래바Q", "업태구분명": "단란주점", "영업장주변구분명": "유흥업소밀집지역" }, "geometry": { "type": "Point", "coordinates": [ 127.114886632264671, 37.379234245342147 ] } },
{ "type": "Feature", "properties": { "fid": 1914, "개방서비스명": "단란주점영업", "인허가일자": "2014-04-17", "영업상태명": "영업/정상", "소재지전화": "031 716 7123", "소재지면적": 73.52, "도로명전체주소": "경기도 성남시 분당구 수내로46번길 20, 202호 (수내동, 맛자랑멋자랑)", "사업장명": "쉬즈", "업태구분명": "단란주점", "영업장주변구분명": "기타" }, "geometry": { "type": "Point", "coordinates": [ 127.115863615976224, 37.379904998413544 ] } },
{ "type": "Feature", "properties": { "fid": 1907, "개방서비스명": "단란주점영업", "인허가일자": "2011-09-09", "영업상태명": "영업/정상", "소재지전화": "031726 9580", "소재지면적": 57.86, "도로명전체주소": "경기도 성남시 분당구 수내로46번길 11 (수내동, 대덕글로리 201호 일부)", "사업장명": "뮤즈단란주점", "업태구분명": "단란주점", "영업장주변구분명": "유흥업소밀집지역" }, "geometry": { "type": "Point", "coordinates": [ 127.116964410763103, 37.380066134534957 ] } },
{ "type": "Feature", "properties": { "fid": 1898, "개방서비스명": "단란주점영업", "인허가일자": "2016-04-05", "영업상태명": "영업/정상", "소재지전화": null, "소재지면적": 95.85, "도로명전체주소": "경기도 성남시 분당구 황새울로258번길 10-7 (수내동)", "사업장명": "써니단란주점", "업태구분명": "단란주점", "영업장주변구분명": "유흥업소밀집지역" }, "geometry": { "type": "Point", "coordinates": [ 127.116246567159052, 37.380179798052488 ] } },
{ "type": "Feature", "properties": { "fid": 1967, "개방서비스명": "유흥주점영업", "인허가일자": "2025-11-05", "영업상태명": "영업/정상", "소재지전화": null, "소재지면적": 75.4, "도로명전체주소": "경기도 성남시 분당구 정자일로156번길 11, 3층 일부 (정자동)", "사업장명": "아자아자", "업태구분명": "룸살롱", "영업장주변구분명": "유흥업소밀집지역" }, "geometry": { "type": "Point", "coordinates": [ 127.107319494411698, 37.364312328058617 ] } },
{ "type": "Feature", "properties": { "fid": 1968, "개방서비스명": "유흥주점영업", "인허가일자": "2023-03-24", "영업상태명": "영업/정상", "소재지전화": null, "소재지면적": 138.56, "도로명전체주소": "경기도 성남시 분당구 정자일로198번길 6-5, 4층 일부호 (정자동)", "사업장명": "미술관", "업태구분명": "룸살롱", "영업장주변구분명": null }, "geometry": { "type": "Point", "coordinates": [ 127.106741933867994, 37.367366079471957 ] } },
{ "type": "Feature", "properties": { "fid": 1971, "개방서비스명": "유흥주점영업", "인허가일자": "2021-05-21", "영업상태명": "영업/정상", "소재지전화": null, "소재지면적": 215.9, "도로명전체주소": "경기도 성남시 분당구 정자일로198번길 22, 지하1층 (정자동)", "사업장명": "바니바니", "업태구분명": "룸살롱", "영업장주변구분명": null }, "geometry": { "type": "Point", "coordinates": [ 127.107306318320184, 37.367186813915957 ] } }
]
}
