{
"type": "FeatureCollection",
"name": "senior",
"crs": { "type": "name", "properties": { "name": "urn:ogc:def:crs:OGC:1.3:CRS84" } },
"features": [
{ "type": "Feature", "properties": { "gid": "다사67ba37ba", "lbl": "665.00", "val": 665.0 }, "geometry": { "type": "MultiPolygon", "coordinates": [ [ [ [ 127.132625172066184, 37.436095830070336 ], [ 127.132614156927971, 37.438349224304552 ], [ 127.135440149338663, 37.43835797428008 ], [ 127.135451079751221, 37.436104579337389 ], [ 127.132625172066184, 37.436095830070336 ] ] ] ] } },
{ "type": "Feature", "properties": { "gid": "다사65bb32ab", "lbl": "617.00", "val": 617.0 }, "geometry": { "type": "MultiPolygon", "coordinates": [ [ [ [ 127.113087327329353, 37.3887113224039 ], [ 127.11307574622279, 37.390964729671865 ], [ 127.115899952612082, 37.390973936916701 ], [ 127.115911449191842, 37.388720528902901 ], [ 127.113087327329353, 37.3887113224039 ] ] ] ] } },
{ "type": "Feature", "properties": { "gid": "다사67aa29bb", "lbl": "44.00", "val": 44.0 }, "geometry": { "type": "MultiPolygon", "coordinates": [ [ [ [ 127.127319465763833, 37.36622252354713 ], [ 127.127308319707339, 37.368475943125674 ], [ 127.130131687549905, 37.368484805945975 ], [ 127.130142749172919, 37.366231385649321 ], [ 127.127319465763833, 37.36622252354713 ] ] ] ] } },
{ "type": "Feature", "properties": { "gid": "다사68aa35aa", "lbl": "183.00", "val": 183.0 }, "geometry": { "type": "MultiPolygon", "coordinates": [ [ [ [ 127.138385379134306, 37.413579257077856 ], [ 127.138374545515674, 37.41583266136174 ], [ 127.141199693515787, 37.415841269236715 ], [ 127.141210442502739, 37.413587864255696 ], [ 127.138385379134306, 37.413579257077856 ] ] ] ] } },
{ "type": "Feature", "properties": { "gid": "다사62aa30ab", "lbl": "7.00", "val": 7.0 }, "geometry": { "type": "MultiPolygon", "coordinates": [ [ [ [ 127.070828399801499, 37.370537937350818 ], [ 127.070815562249294, 37.372791339691901 ], [ 127.073639072379009, 37.372801552024953 ], [ 127.073651825482045, 37.370548148856479 ], [ 127.070828399801499, 37.370537937350818 ] ] ] ] } },
{ "type": "Feature", "properties": { "gid": "다사67bb34aa", "lbl": "62.00", "val": 62.0 }, "geometry": { "type": "MultiPolygon", "coordinates": [ [ [ [ 127.135603977819528, 37.404556959433855 ], [ 127.13559306443031, 37.406810366470118 ], [ 127.138417872754616, 37.406819039043903 ], [ 127.138428701549984, 37.404565631305239 ], [ 127.135603977819528, 37.404556959433855 ] ] ] ] } },
{ "type": "Feature", "properties": { "gid": "다사70aa39bb", "lbl": "749.00", "val": 749.0 }, "geometry": { "type": "MultiPolygon", "coordinates": [ [ [ [ 127.160792750899219, 37.456460861181775 ], [ 127.160782572830072, 37.458714254481478 ], [ 127.163609339954533, 37.458722334703495 ], [ 127.163619433211693, 37.456468940749694 ], [ 127.160792750899219, 37.456460861181775 ] ] ] ] } },
{ "type": "Feature", "properties": { "gid": "다사66aa32bb", "lbl": "30.00", "val": 30.0 }, "geometry": { "type": "MultiPolygon", "coordinates": [ [ [ [ 127.115888454752437, 37.393227344066624 ], [ 127.115876955612734, 37.395480750352654 ], [ 127.118701332364054, 37.395489891630305 ], [ 127.118712746957982, 37.393236484603811 ], [ 127.115888454752437, 37.393227344066624 ] ] ] ] } },
{ "type": "Feature", "properties": { "gid": "다사67ab36ba", "lbl": "156.00", "val": 156.0 }, "geometry": { "type": "MultiPolygon", "coordinates": [ [ [ [ 127.129843652706455, 37.427073430524089 ], [ 127.129832557784823, 37.429326827500375 ], [ 127.132658210123552, 37.429335642183823 ], [ 127.132669220357371, 37.427082244493775 ], [ 127.129843652706455, 37.427073430524089 ] ] ] ] } },
{ "type": "Feature", "properties": { "gid": "다사63ab32ba", "lbl": "114.00", "val": 114.0 }, "geometry": { "type": "MultiPolygon", "coordinates": [ [ [ [ 127.08483375479436, 37.390868947601263 ], [ 127.084821327044921, 37.393122346245981 ], [ 127.087645604652366, 37.393132228766632 ], [ 127.087657947867157, 37.39087882932138 ], [ 127.08483375479436, 37.390868947601263 ] ] ] ] } },
{ "type": "Feature", "properties": { "gid": "다사67ab37aa", "lbl": "304.00", "val": 304.0 }, "geometry": { "type": "MultiPolygon", "coordinates": [ [ [ [ 127.129821461627884, 37.431580223612691 ], [ 127.129810364235482, 37.433833618860994 ], [ 127.1326361859781, 37.433842434972128 ], [ 127.132647198663847, 37.431589039009957 ], [ 127.129821461627884, 37.431580223612691 ] ] ] ] } },
{ "type": "Feature", "properties": { "gid": "다사65aa36ab", "lbl": "8.00", "val": 8.0 }, "geometry": { "type": "MultiPolygon", "coordinates": [ [ [ [ 127.104425456346902, 37.424737674518049 ], [ 127.104413600561728, 37.426991065688632 ], [ 127.107239156756805, 37.427000487478857 ], [ 127.107250927864939, 37.424747095545321 ], [ 127.104425456346902, 37.424737674518049 ] ] ] ] } },
{ "type": "Feature", "properties": { "gid": "다사69bb38ab", "lbl": "391.00", "val": 391.0 }, "geometry": { "type": "MultiPolygon", "coordinates": [ [ [ [ 127.158027623015457, 37.442932340026303 ], [ 127.158017366988219, 37.445185737848846 ], [ 127.160843624249864, 37.445193881727484 ], [ 127.160853795521888, 37.442940483245586 ], [ 127.158027623015457, 37.442932340026303 ] ] ] ] } },
{ "type": "Feature", "properties": { "gid": "다사63aa37ab", "lbl": "41.00", "val": 41.0 }, "geometry": { "type": "MultiPolygon", "coordinates": [ [ [ [ 127.081771591353046, 37.433673409532261 ], [ 127.081759052574583, 37.435926790943405 ], [ 127.084584936742942, 37.435936756239201 ], [ 127.0845973908079, 37.433683374021172 ], [ 127.081771591353046, 37.433673409532261 ] ] ] ] } },
{ "type": "Feature", "properties": { "gid": "다사69ab41aa", "lbl": "312.00", "val": 312.0 }, "geometry": { "type": "MultiPolygon", "coordinates": [ [ [ [ 127.15226053665927, 37.467703164713505 ], [ 127.152250098345348, 37.469956551698431 ], [ 127.155077286241124, 37.469964838114116 ], [ 127.155087639696234, 37.467711450458452 ], [ 127.15226053665927, 37.467703164713505 ] ] ] ] } },
{ "type": "Feature", "properties": { "gid": "다사66bb32ba", "lbl": "272.00", "val": 272.0 }, "geometry": { "type": "MultiPolygon", "coordinates": [ [ [ [ 127.124372579421717, 37.391001153962463 ], [ 127.124361335171585, 37.393254563317242 ], [ 127.127185631160785, 37.393263501493287 ], [ 127.127196790874137, 37.391010091414479 ], [ 127.124372579421717, 37.391001153962463 ] ] ] ] } },
{ "type": "Feature", "properties": { "gid": "다사66ba32aa", "lbl": "27.00", "val": 27.0 }, "geometry": { "type": "MultiPolygon", "coordinates": [ [ [ [ 127.121571023011455, 37.38648532922015 ], [ 127.121559696746672, 37.388738739573014 ], [ 127.124383822420185, 37.388747743743927 ], [ 127.124395064167132, 37.38649433266167 ], [ 127.121571023011455, 37.38648532922015 ] ] ] ] } },
{ "type": "Feature", "properties": { "gid": "다사65ab32aa", "lbl": "133.00", "val": 133.0 }, "geometry": { "type": "MultiPolygon", "coordinates": [ [ [ [ 127.107450836332958, 37.386439300454597 ], [ 127.107439087481239, 37.388692707078484 ], [ 127.110263206756002, 37.388702048462392 ], [ 127.110274871090638, 37.386448641081785 ], [ 127.107450836332958, 37.386439300454597 ] ] ] ] } },
{ "type": "Feature", "properties": { "gid": "다사59ab30ab", "lbl": "N/A", "val": 0.0 }, "geometry": { "type": "MultiPolygon", "coordinates": [ [ [ [ 127.039770813693579, 37.370421162590539 ], [ 127.039757047211708, 37.372674555469843 ], [ 127.042580541104186, 37.372685509227317 ], [ 127.042594223138792, 37.370432115460538 ], [ 127.039770813693579, 37.370421162590539 ] ] ] ] } },
{ "type": "Feature", "properties": { "gid": "다사68aa29ba", "lbl": "84.00", "val": 84.0 }, "geometry": { "type": "MultiPolygon", "coordinates": [ [ [ [ 127.138623413868714, 37.364004144343362 ], [ 127.138612606750129, 37.366257567624857 ], [ 127.141435895027868, 37.366266160172721 ], [ 127.141446617721755, 37.364012736195008 ], [ 127.138623413868714, 37.364004144343362 ] ] ] ] } },
{ "type": "Feature", "properties": { "gid": "다사68aa37bb", "lbl": "668.00", "val": 668.0 }, "geometry": { "type": "MultiPolygon", "coordinates": [ [ [ [ 127.138266142966387, 37.438366656692104 ], [ 127.138255296072032, 37.440620051473879 ], [ 127.141081375642727, 37.440628667019851 ], [ 127.141092137801678, 37.438375271540494 ], [ 127.138266142966387, 37.438366656692104 ] ] ] ] } },
{ "type": "Feature", "properties": { "gid": "다사64ba38ba", "lbl": "N/A", "val": 0.0 }, "geometry": { "type": "MultiPolygon", "coordinates": [ [ [ [ 127.098666242818524, 37.444999105407753 ], [ 127.098654205624314, 37.447252487255412 ], [ 127.101480521684763, 37.447262051082824 ], [ 127.101492474117379, 37.445008668460865 ], [ 127.098666242818524, 37.444999105407753 ] ] ] ] } },
{ "type": "Feature", "properties": { "gid": "다사70ba39bb", "lbl": "508.00", "val": 508.0 }, "geometry": { "type": "MultiPolygon", "coordinates": [ [ [ [ 127.166446116647904, 37.456476952709444 ], [ 127.166436108202859, 37.458730347311892 ], [ 127.169262877565629, 37.458738292306556 ], [ 127.169272801198446, 37.456484897060946 ], [ 127.166446116647904, 37.456476952709444 ] ] ] ] } },
{ "type": "Feature", "properties": { "gid": "다사69aa32ab", "lbl": "N/A", "val": 0.0 }, "geometry": { "type": "MultiPolygon", "coordinates": [ [ [ [ 127.14980100867119, 37.388825746341617 ], [ 127.149790526424383, 37.391079162879315 ], [ 127.152614748718378, 37.391087493292154 ], [ 127.152625146436506, 37.388834076079647 ], [ 127.14980100867119, 37.388825746341617 ] ] ] ] } },
{ "type": "Feature", "properties": { "gid": "다사62ba34ba", "lbl": "N/A", "val": 0.0 }, "geometry": { "type": "MultiPolygon", "coordinates": [ [ [ [ 127.076259693555244, 37.408866043234291 ], [ 127.07624700090382, 37.411119432527833 ], [ 127.079071950944453, 37.411129523942513 ], [ 127.079084558986381, 37.408876133831676 ], [ 127.076259693555244, 37.408866043234291 ] ] ] ] } },
{ "type": "Feature", "properties": { "gid": "다사62ab29ba", "lbl": "18.00", "val": 18.0 }, "geometry": { "type": "MultiPolygon", "coordinates": [ [ [ [ 127.073690076274502, 37.363787934164705 ], [ 127.073677327429607, 37.366041339926319 ], [ 127.076500585659204, 37.366051482390844 ], [ 127.076513250082925, 37.363798075807431 ], [ 127.073690076274502, 37.363787934164705 ] ] ] ] } },
{ "type": "Feature", "properties": { "gid": "다사66bb29bb", "lbl": "146.00", "val": 146.0 }, "geometry": { "type": "MultiPolygon", "coordinates": [ [ [ [ 127.124496183595411, 37.366213594056582 ], [ 127.124484953105551, 37.368467012911573 ], [ 127.127308319707339, 37.368475943125674 ], [ 127.127319465763833, 37.36622252354713 ], [ 127.124496183595411, 37.366213594056582 ] ] ] ] } },
{ "type": "Feature", "properties": { "gid": "다사62ab31bb", "lbl": "124.00", "val": 124.0 }, "geometry": { "type": "MultiPolygon", "coordinates": [ [ [ [ 127.073575285564957, 37.384068554900615 ], [ 127.073562523941192, 37.386321952882277 ], [ 127.076386542384157, 37.386332102745108 ], [ 127.076399219502164, 37.384078703941206 ], [ 127.073575285564957, 37.384068554900615 ] ] ] ] } },
{ "type": "Feature", "properties": { "gid": "다사64bb29aa", "lbl": "N/A", "val": 0.0 }, "geometry": { "type": "MultiPolygon", "coordinates": [ [ [ [ 127.101945681942595, 37.359379488369392 ], [ 127.101933779966529, 37.361632903830994 ], [ 127.104756883035236, 37.361642370890671 ], [ 127.104768700607352, 37.359388954661959 ], [ 127.101945681942595, 37.359379488369392 ] ] ] ] } },
{ "type": "Feature", "properties": { "gid": "다사67ab33ba", "lbl": "N/A", "val": 0.0 }, "geometry": { "type": "MultiPolygon", "coordinates": [ [ [ [ 127.129976695464734, 37.400032599425394 ], [ 127.129965615355502, 37.40228600676793 ], [ 127.13279025206262, 37.402294812888904 ], [ 127.132801247597087, 37.400041404833097 ], [ 127.129976695464734, 37.400032599425394 ] ] ] ] } },
{ "type": "Feature", "properties": { "gid": "다사66bb34aa", "lbl": "192.00", "val": 192.0 }, "geometry": { "type": "MultiPolygon", "coordinates": [ [ [ [ 127.124305095140727, 37.404521597134305 ], [ 127.124293843377487, 37.406775001306222 ], [ 127.127118646785192, 37.406783943827321 ], [ 127.127129813955136, 37.404530538931134 ], [ 127.124305095140727, 37.404521597134305 ] ] ] ] } },
{ "type": "Feature", "properties": { "gid": "다사69ba34aa", "lbl": "8.00", "val": 8.0 }, "geometry": { "type": "MultiPolygon", "coordinates": [ [ [ [ 127.155377068917858, 37.404616245417039 ], [ 127.155366747688589, 37.406869657255442 ], [ 127.158191564254366, 37.406877857418017 ], [ 127.158201800888818, 37.404624444915449 ], [ 127.155377068917858, 37.404616245417039 ] ] ] ] } },
{ "type": "Feature", "properties": { "gid": "다사64ba33aa", "lbl": "11.00", "val": 11.0 }, "geometry": { "type": "MultiPolygon", "coordinates": [ [ [ [ 127.0989307223184, 37.395424486051269 ], [ 127.098918714570587, 37.397677886915595 ], [ 127.101743168053815, 37.397687433719049 ], [ 127.101755091247341, 37.395434032081425 ], [ 127.0989307223184, 37.395424486051269 ] ] ] ] } },
{ "type": "Feature", "properties": { "gid": "다사67ba36ba", "lbl": "162.00", "val": 162.0 }, "geometry": { "type": "MultiPolygon", "coordinates": [ [ [ [ 127.132669220357371, 37.427082244493775 ], [ 127.132658210123552, 37.429335642183823 ], [ 127.135483863688179, 37.429344389325728 ], [ 127.135494789234059, 37.427090990927368 ], [ 127.132669220357371, 37.427082244493775 ] ] ] ] } },
{ "type": "Feature", "properties": { "gid": "다사68ab37ba", "lbl": "221.00", "val": 221.0 }, "geometry": { "type": "MultiPolygon", "coordinates": [ [ [ [ 127.141102898762483, 37.436121875197273 ], [ 127.141092137801678, 37.438375271540494 ], [ 127.143918133835143, 37.438383818825216 ], [ 127.143928810069838, 37.436130421789926 ], [ 127.141102898762483, 37.436121875197273 ] ] ] ] } },
{ "type": "Feature", "properties": { "gid": "다사61bb29bb", "lbl": "48.00", "val": 48.0 }, "geometry": { "type": "MultiPolygon", "coordinates": [ [ [ [ 127.068030815237464, 37.366020852837941 ], [ 127.068017896112764, 37.368274256075154 ], [ 127.070841235924746, 37.368284534145282 ], [ 127.070854070619234, 37.366031130075328 ], [ 127.068030815237464, 37.366020852837941 ] ] ] ] } },
{ "type": "Feature", "properties": { "gid": "다사62aa33bb", "lbl": "N/A", "val": 0.0 }, "geometry": { "type": "MultiPolygon", "coordinates": [ [ [ [ 127.070648543960729, 37.402085491452297 ], [ 127.070635686385742, 37.404338881689078 ], [ 127.073460379791541, 37.404349105610827 ], [ 127.073473152785624, 37.402095714545943 ], [ 127.070648543960729, 37.402085491452297 ] ] ] ] } },
{ "type": "Feature", "properties": { "gid": "다사63bb33bb", "lbl": "80.00", "val": 80.0 }, "geometry": { "type": "MultiPolygon", "coordinates": [ [ [ [ 127.09042083526495, 37.402155636152685 ], [ 127.090408569759617, 37.404409032071278 ], [ 127.093233272921964, 37.404418783635393 ], [ 127.093245453845242, 37.402165386926967 ], [ 127.09042083526495, 37.402155636152685 ] ] ] ] } },
{ "type": "Feature", "properties": { "gid": "다사66ba31ba", "lbl": "221.00", "val": 221.0 }, "geometry": { "type": "MultiPolygon", "coordinates": [ [ [ [ 127.121593671758816, 37.381978505923207 ], [ 127.121582348015451, 37.384231918003543 ], [ 127.124406304662713, 37.384240920715698 ], [ 127.124417543907057, 37.381987507906047 ], [ 127.121593671758816, 37.381978505923207 ] ] ] ] } },
{ "type": "Feature", "properties": { "gid": "다사66ba32ab", "lbl": "428.00", "val": 428.0 }, "geometry": { "type": "MultiPolygon", "coordinates": [ [ [ [ 127.121559696746672, 37.388738739573014 ], [ 127.121548369220974, 37.3909921490621 ], [ 127.124372579421717, 37.391001153962463 ], [ 127.124383822420185, 37.388747743743927 ], [ 127.121559696746672, 37.388738739573014 ] ] ] ] } },
{ "type": "Feature", "properties": { "gid": "다사66ab29bb", "lbl": "191.00", "val": 191.0 }, "geometry": { "type": "MultiPolygon", "coordinates": [ [ [ [ 127.118849623018136, 37.366195532910794 ], [ 127.11883822366201, 37.368448950302287 ], [ 127.121661587753991, 37.368458015303737 ], [ 127.121672902677048, 37.36620459717777 ], [ 127.118849623018136, 37.366195532910794 ] ] ] ] } },
{ "type": "Feature", "properties": { "gid": "다사66aa34ab", "lbl": "137.00", "val": 137.0 }, "geometry": { "type": "MultiPolygon", "coordinates": [ [ [ [ 127.11581944070825, 37.406747768823706 ], [ 127.115807933885094, 37.409001169925979 ], [ 127.118632818108736, 37.409010315647308 ], [ 127.118644240329601, 37.406756913804323 ], [ 127.11581944070825, 37.406747768823706 ] ] ] ] } },
{ "type": "Feature", "properties": { "gid": "다사64ba36ba", "lbl": "99.00", "val": 99.0 }, "geometry": { "type": "MultiPolygon", "coordinates": [ [ [ [ 127.098762492141034, 37.426972019502891 ], [ 127.098750465663414, 37.429225408266724 ], [ 127.101576103895169, 37.429234965901053 ], [ 127.101588045686654, 37.426981576363282 ], [ 127.098762492141034, 37.426972019502891 ] ] ] ] } },
{ "type": "Feature", "properties": { "gid": "다사69ba37bb", "lbl": "99.00", "val": 99.0 }, "geometry": { "type": "MultiPolygon", "coordinates": [ [ [ [ 127.155222129761896, 37.438417332325301 ], [ 127.155211791281928, 37.440670731210432 ], [ 127.15803787790091, 37.440678941340082 ], [ 127.158048131644634, 37.43842554179021 ], [ 127.155222129761896, 37.438417332325301 ] ] ] ] } },
{ "type": "Feature", "properties": { "gid": "다사69ab41ab", "lbl": "272.00", "val": 272.0 }, "geometry": { "type": "MultiPolygon", "coordinates": [ [ [ [ 127.152250098345348, 37.469956551698431 ], [ 127.152239658869107, 37.472209937819379 ], [ 127.155066931633101, 37.472218224905831 ], [ 127.155077286241124, 37.469964838114116 ], [ 127.152250098345348, 37.469956551698431 ] ] ] ] } },
{ "type": "Feature", "properties": { "gid": "다사65bb29ab", "lbl": "189.00", "val": 189.0 }, "geometry": { "type": "MultiPolygon", "coordinates": [ [ [ [ 127.11322620009706, 37.361670367809232 ], [ 127.113214634450401, 37.363923785442807 ], [ 127.116037827138854, 37.363932983740497 ], [ 127.116049308371558, 37.361679565361612 ], [ 127.11322620009706, 37.361670367809232 ] ] ] ] } },
{ "type": "Feature", "properties": { "gid": "다사68ba34ba", "lbl": "35.00", "val": 35.0 }, "geometry": { "type": "MultiPolygon", "coordinates": [ [ [ [ 127.144056832216648, 37.409089589993762 ], [ 127.144046170235754, 37.411342997393696 ], [ 127.146871151365445, 37.411351468878223 ], [ 127.146881728733234, 37.409098060792189 ], [ 127.144056832216648, 37.409089589993762 ] ] ] ] } },
{ "type": "Feature", "properties": { "gid": "다사67ab38bb", "lbl": "423.00", "val": 423.0 }, "geometry": { "type": "MultiPolygon", "coordinates": [ [ [ [ 127.129743753928437, 37.447353972206066 ], [ 127.129732647883785, 37.449607361405938 ], [ 127.132559062837174, 37.449616182515236 ], [ 127.132570084109091, 37.447362792601218 ], [ 127.129743753928437, 37.447353972206066 ] ] ] ] } },
{ "type": "Feature", "properties": { "gid": "다사68bb39ab", "lbl": "647.00", "val": 647.0 }, "geometry": { "type": "MultiPolygon", "coordinates": [ [ [ [ 127.146680557236564, 37.451912666736938 ], [ 127.146669957470152, 37.454166058411829 ], [ 127.149496549220416, 37.45417447533783 ], [ 127.149507064194395, 37.451921082981535 ], [ 127.146680557236564, 37.451912666736938 ] ] ] ] } },
{ "type": "Feature", "properties": { "gid": "다사67bb41ab", "lbl": "66.00", "val": 66.0 }, "geometry": { "type": "MultiPolygon", "coordinates": [ [ [ [ 127.135286995710501, 37.469905412753391 ], [ 127.135276047027602, 37.472158794734717 ], [ 127.138103312675042, 37.472167487696716 ], [ 127.138114176490532, 37.46991410501176 ], [ 127.135286995710501, 37.469905412753391 ] ] ] ] } },
{ "type": "Feature", "properties": { "gid": "다사69ba38aa", "lbl": "847.00", "val": 847.0 }, "geometry": { "type": "MultiPolygon", "coordinates": [ [ [ [ 127.155211791281928, 37.440670731210432 ], [ 127.155201451650868, 37.442924129231869 ], [ 127.158027623015457, 37.442932340026303 ], [ 127.15803787790091, 37.440678941340082 ], [ 127.155211791281928, 37.440670731210432 ] ] ] ] } },
{ "type": "Feature", "properties": { "gid": "다사62aa37aa", "lbl": "20.00", "val": 20.0 }, "geometry": { "type": "MultiPolygon", "coordinates": [ [ [ [ 127.070481283784162, 37.431379497076406 ], [ 127.070468407587114, 37.43363287607027 ], [ 127.073294201401708, 37.433643110761516 ], [ 127.073306992895354, 37.431389730938932 ], [ 127.070481283784162, 37.431379497076406 ] ] ] ] } },
{ "type": "Feature", "properties": { "gid": "다사67aa31aa", "lbl": "325.00", "val": 325.0 }, "geometry": { "type": "MultiPolygon", "coordinates": [ [ [ [ 127.127263723071835, 37.377489612804467 ], [ 127.127252570809858, 37.379743028065235 ], [ 127.130076360960942, 37.379751894476634 ], [ 127.130087428742399, 37.377498478497571 ], [ 127.127263723071835, 37.377489612804467 ] ] ] ] } },
{ "type": "Feature", "properties": { "gid": "다사62aa32ab", "lbl": "188.00", "val": 188.0 }, "geometry": { "type": "MultiPolygon", "coordinates": [ [ [ [ 127.070725659359439, 37.388565131873214 ], [ 127.070712810369685, 37.390818527298002 ], [ 127.073536996431372, 37.390828746251991 ], [ 127.073549760896711, 37.388575349999414 ], [ 127.070725659359439, 37.388565131873214 ] ] ] ] } },
{ "type": "Feature", "properties": { "gid": "다사66ab37ab", "lbl": "N/A", "val": 0.0 }, "geometry": { "type": "MultiPolygon", "coordinates": [ [ [ [ 127.11850708971528, 37.433797678893477 ], [ 127.118495652224368, 37.43605107036749 ], [ 127.121321553683515, 37.43606015742342 ], [ 127.121332906458932, 37.433806765213625 ], [ 127.11850708971528, 37.433797678893477 ] ] ] ] } },
{ "type": "Feature", "properties": { "gid": "다사68ba39aa", "lbl": "65.00", "val": 65.0 }, "geometry": { "type": "MultiPolygon", "coordinates": [ [ [ [ 127.143864734827986, 37.449650791043652 ], [ 127.14385405145886, 37.451904182895639 ], [ 127.146680557236564, 37.451912666736938 ], [ 127.14669115582285, 37.449659274198133 ], [ 127.143864734827986, 37.449650791043652 ] ] ] ] } },
{ "type": "Feature", "properties": { "gid": "다사64ab32aa", "lbl": "18.00", "val": 18.0 }, "geometry": { "type": "MultiPolygon", "coordinates": [ [ [ [ 127.09615471047448, 37.386401263578293 ], [ 127.096142623555963, 37.388654667120676 ], [ 127.098966737542398, 37.388664278273247 ], [ 127.098978739944457, 37.386410873952293 ], [ 127.09615471047448, 37.386401263578293 ] ] ] ] } },
{ "type": "Feature", "properties": { "gid": "다사69bb37ab", "lbl": "585.00", "val": 585.0 }, "geometry": { "type": "MultiPolygon", "coordinates": [ [ [ [ 127.158068635707565, 37.433918740099536 ], [ 127.158058384246786, 37.43617214137668 ], [ 127.16088430254419, 37.436180282618132 ], [ 127.160894469287456, 37.433926880681788 ], [ 127.158068635707565, 37.433918740099536 ] ] ] ] } },
{ "type": "Feature", "properties": { "gid": "다사66bb39bb", "lbl": "N/A", "val": 0.0 }, "geometry": { "type": "MultiPolygon", "coordinates": [ [ [ [ 127.124045987394013, 37.456349674495371 ], [ 127.124034706781572, 37.458603058793521 ], [ 127.126861458436281, 37.458612017984919 ], [ 127.126872654238568, 37.456358632961511 ], [ 127.124045987394013, 37.456349674495371 ] ] ] ] } },
{ "type": "Feature", "properties": { "gid": "다사66bb29ba", "lbl": "219.00", "val": 219.0 }, "geometry": { "type": "MultiPolygon", "coordinates": [ [ [ [ 127.124507412835229, 37.363960174338054 ], [ 127.124496183595411, 37.366213594056582 ], [ 127.127319465763833, 37.36622252354713 ], [ 127.127330610579691, 37.363969103105092 ], [ 127.124507412835229, 37.363960174338054 ] ] ] ] } },
{ "type": "Feature", "properties": { "gid": "다사70aa40aa", "lbl": "314.00", "val": 314.0 }, "geometry": { "type": "MultiPolygon", "coordinates": [ [ [ [ 127.160782572830072, 37.458714254481478 ], [ 127.160772393627582, 37.460967646917418 ], [ 127.163599245573494, 37.460975727793581 ], [ 127.163609339954533, 37.458722334703495 ], [ 127.160782572830072, 37.458714254481478 ] ] ] ] } },
{ "type": "Feature", "properties": { "gid": "다사70bb38aa", "lbl": "291.00", "val": 291.0 }, "geometry": { "type": "MultiPolygon", "coordinates": [ [ [ [ 127.169342235699247, 37.440711106160968 ], [ 127.169332319797761, 37.44296450745162 ], [ 127.172158496777101, 37.442972380369433 ], [ 127.172168327932312, 37.440718978441346 ], [ 127.169342235699247, 37.440711106160968 ] ] ] ] } },
{ "type": "Feature", "properties": { "gid": "다사66aa28ba", "lbl": "78.00", "val": 78.0 }, "geometry": { "type": "MultiPolygon", "coordinates": [ [ [ [ 127.116083744402502, 37.354919305043204 ], [ 127.116072267003204, 37.357172726012941 ], [ 127.1188952077556, 37.357181854708685 ], [ 127.118906600768952, 37.354928432999216 ], [ 127.116083744402502, 37.354919305043204 ] ] ] ] } },
{ "type": "Feature", "properties": { "gid": "다사65bb32ba", "lbl": "518.00", "val": 518.0 }, "geometry": { "type": "MultiPolygon", "coordinates": [ [ [ [ 127.11307574622279, 37.390964729671865 ], [ 127.11306416382692, 37.393218136075902 ], [ 127.115888454752437, 37.393227344066624 ], [ 127.115899952612082, 37.390973936916701 ], [ 127.11307574622279, 37.390964729671865 ] ] ] ] } },
{ "type": "Feature", "properties": { "gid": "다사65aa28ab", "lbl": "466.00", "val": 466.0 }, "geometry": { "type": "MultiPolygon", "coordinates": [ [ [ [ 127.104804145432055, 37.352628700793154 ], [ 127.104792331805612, 37.354882119613201 ], [ 127.107615183005692, 37.354891517011389 ], [ 127.107626912256222, 37.352638097429846 ], [ 127.104804145432055, 37.352628700793154 ] ] ] ] } },
{ "type": "Feature", "properties": { "gid": "다사64ab31ab", "lbl": "N/A", "val": 0.0 }, "geometry": { "type": "MultiPolygon", "coordinates": [ [ [ [ 127.096190963157994, 37.379641047766306 ], [ 127.096178880275332, 37.38189445390109 ], [ 127.099002740740573, 37.381904062718093 ], [ 127.099014739134986, 37.379650655804873 ], [ 127.096190963157994, 37.379641047766306 ] ] ] ] } },
{ "type": "Feature", "properties": { "gid": "다사64ba27ab", "lbl": "85.00", "val": 85.0 }, "geometry": { "type": "MultiPolygon", "coordinates": [ [ [ [ 127.09920653191385, 37.343596027694652 ], [ 127.099194554869854, 37.345849448430513 ], [ 127.102017065984242, 37.345858977459791 ], [ 127.102028958690184, 37.34360555595169 ], [ 127.09920653191385, 37.343596027694652 ] ] ] ] } },
{ "type": "Feature", "properties": { "gid": "다사65ba26bb", "lbl": "107.00", "val": 107.0 }, "geometry": { "type": "MultiPolygon", "coordinates": [ [ [ [ 127.110519522418926, 37.339126886549977 ], [ 127.110507885319024, 37.341380312069212 ], [ 127.113330233004504, 37.341389570243606 ], [ 127.113341785784499, 37.339136143974066 ], [ 127.110519522418926, 37.339126886549977 ] ] ] ] } },
{ "type": "Feature", "properties": { "gid": "다사68ab34ba", "lbl": "118.00", "val": 118.0 }, "geometry": { "type": "MultiPolygon", "coordinates": [ [ [ [ 127.141231936886967, 37.409081051702636 ], [ 127.141221190293095, 37.411334458410998 ], [ 127.144046170235754, 37.411342997393696 ], [ 127.144056832216648, 37.409089589993762 ], [ 127.141231936886967, 37.409081051702636 ] ] ] ] } },
{ "type": "Feature", "properties": { "gid": "다사60bb32bb", "lbl": "24.00", "val": 24.0 }, "geometry": { "type": "MultiPolygon", "coordinates": [ [ [ [ 127.056578628619476, 37.393019811172351 ], [ 127.056565354054982, 37.395273200646493 ], [ 127.059389701945676, 37.395283758542064 ], [ 127.059402891967764, 37.393030368212713 ], [ 127.056578628619476, 37.393019811172351 ] ] ] ] } },
{ "type": "Feature", "properties": { "gid": "다사70bb37bb", "lbl": "456.00", "val": 456.0 }, "geometry": { "type": "MultiPolygon", "coordinates": [ [ [ [ 127.169352150496806, 37.438457704006815 ], [ 127.169342235699247, 37.440711106160968 ], [ 127.172168327932312, 37.440718978441346 ], [ 127.172178157993002, 37.438465575649801 ], [ 127.169352150496806, 37.438457704006815 ] ] ] ] } },
{ "type": "Feature", "properties": { "gid": "다사70bb40aa", "lbl": "389.00", "val": 389.0 }, "geometry": { "type": "MultiPolygon", "coordinates": [ [ [ [ 127.169262877565629, 37.458738292306556 ], [ 127.169252952827847, 37.460991686688537 ], [ 127.172079808117431, 37.460999564707137 ], [ 127.172089648033406, 37.458746169687437 ], [ 127.169262877565629, 37.458738292306556 ] ] ] ] } },
{ "type": "Feature", "properties": { "gid": "다사64bb28aa", "lbl": "N/A", "val": 0.0 }, "geometry": { "type": "MultiPolygon", "coordinates": [ [ [ [ 127.101993276600709, 37.350365817884772 ], [ 127.101981379922805, 37.352619236801623 ], [ 127.104804145432055, 37.352628700793154 ], [ 127.104815957743568, 37.350375281109379 ], [ 127.101993276600709, 37.350365817884772 ] ] ] ] } },
{ "type": "Feature", "properties": { "gid": "다사64bb36ab", "lbl": "32.00", "val": 32.0 }, "geometry": { "type": "MultiPolygon", "coordinates": [ [ [ [ 127.101599986148713, 37.424728185961122 ], [ 127.101588045686654, 37.426981576363282 ], [ 127.104413600561728, 37.426991065688632 ], [ 127.104425456346902, 37.424737674518049 ], [ 127.101599986148713, 37.424728185961122 ] ] ] ] } },
{ "type": "Feature", "properties": { "gid": "다사64aa29ba", "lbl": "6.00", "val": 6.0 }, "geometry": { "type": "MultiPolygon", "coordinates": [ [ [ [ 127.093452322207327, 37.363857510656416 ], [ 127.093440164313918, 37.366110922055917 ], [ 127.096263432214883, 37.366120592812152 ], [ 127.096275505685995, 37.363867180629057 ], [ 127.093452322207327, 37.363857510656416 ] ] ] ] } },
{ "type": "Feature", "properties": { "gid": "다사68bb34ab", "lbl": "236.00", "val": 236.0 }, "geometry": { "type": "MultiPolygon", "coordinates": [ [ [ [ 127.146892304923526, 37.406844651842597 ], [ 127.146881728733234, 37.409098060792189 ], [ 127.149706626427275, 37.409106464097832 ], [ 127.149717118013754, 37.406853054467639 ], [ 127.146892304923526, 37.406844651842597 ] ] ] ] } },
{ "type": "Feature", "properties": { "gid": "다사63aa32ab", "lbl": "63.00", "val": 63.0 }, "geometry": { "type": "MultiPolygon", "coordinates": [ [ [ [ 127.0820220739961, 37.388605599730987 ], [ 127.082009563104975, 37.390858998434155 ], [ 127.08483375479436, 37.390868947601263 ], [ 127.084846181160415, 37.388615548092162 ], [ 127.0820220739961, 37.388605599730987 ] ] ] ] } },
{ "type": "Feature", "properties": { "gid": "다사64bb35bb", "lbl": "15.00", "val": 15.0 }, "geometry": { "type": "MultiPolygon", "coordinates": [ [ [ [ 127.101623863085095, 37.420221402563683 ], [ 127.10161192528146, 37.42247479469458 ], [ 127.104437310812216, 37.422484282483147 ], [ 127.10444916395781, 37.42023088958392 ], [ 127.101623863085095, 37.420221402563683 ] ] ] ] } },
{ "type": "Feature", "properties": { "gid": "다사65aa30aa", "lbl": "405.00", "val": 405.0 }, "geometry": { "type": "MultiPolygon", "coordinates": [ [ [ [ 127.104721422425115, 37.368402614393808 ], [ 127.104709599589981, 37.370656027167151 ], [ 127.107533041684647, 37.370665429897173 ], [ 127.107544780078101, 37.368412016362008 ], [ 127.104721422425115, 37.368402614393808 ] ] ] ] } },
{ "type": "Feature", "properties": { "gid": "다사67bb40ba", "lbl": "10.00", "val": 10.0 }, "geometry": { "type": "MultiPolygon", "coordinates": [ [ [ [ 127.135319834445639, 37.463145261624135 ], [ 127.135308889419392, 37.465398646198075 ], [ 127.138135900492898, 37.465407337049321 ], [ 127.138146760680087, 37.463153951771886 ], [ 127.135319834445639, 37.463145261624135 ] ] ] ] } },
{ "type": "Feature", "properties": { "gid": "다사63bb32ba", "lbl": "10.00", "val": 10.0 }, "geometry": { "type": "MultiPolygon", "coordinates": [ [ [ [ 127.090482142313931, 37.390888643594437 ], [ 127.090469883633943, 37.393142043834729 ], [ 127.093294163980275, 37.39315179145018 ], [ 127.093306338125302, 37.390898390420297 ], [ 127.090482142313931, 37.390888643594437 ] ] ] ] } },
{ "type": "Feature", "properties": { "gid": "다사67ab34ba", "lbl": "441.00", "val": 441.0 }, "geometry": { "type": "MultiPolygon", "coordinates": [ [ [ [ 127.129932367625798, 37.409046223612961 ], [ 127.129921282581421, 37.411299627500377 ], [ 127.132746257681674, 37.411308436474833 ], [ 127.132757258113628, 37.409055031873976 ], [ 127.129932367625798, 37.409046223612961 ] ] ] ] } },
{ "type": "Feature", "properties": { "gid": "다사64ba38aa", "lbl": "N/A", "val": 0.0 }, "geometry": { "type": "MultiPolygon", "coordinates": [ [ [ [ 127.098690313186765, 37.440492339118684 ], [ 127.098678278672637, 37.442745722695499 ], [ 127.101504425219304, 37.442755284974368 ], [ 127.101516374990695, 37.440501900623353 ], [ 127.098690313186765, 37.440492339118684 ] ] ] ] } },
{ "type": "Feature", "properties": { "gid": "다사66aa26bb", "lbl": "155.00", "val": 155.0 }, "geometry": { "type": "MultiPolygon", "coordinates": [ [ [ [ 127.11616405043587, 37.339145334075745 ], [ 127.116152581975939, 37.341398761090176 ], [ 127.118974932224006, 37.341407884608792 ], [ 127.118986316363717, 37.339154456854956 ], [ 127.11616405043587, 37.339145334075745 ] ] ] ] } },
{ "type": "Feature", "properties": { "gid": "다사64aa33ba", "lbl": "60.00", "val": 60.0 }, "geometry": { "type": "MultiPolygon", "coordinates": [ [ [ [ 127.093257633412563, 37.39991198935423 ], [ 127.093245453845242, 37.402165386926967 ], [ 127.096070073781533, 37.402175070226662 ], [ 127.096082168776064, 37.399921671869599 ], [ 127.093257633412563, 37.39991198935423 ] ] ] ] } },
{ "type": "Feature", "properties": { "gid": "다사65bb34ab", "lbl": "126.00", "val": 126.0 }, "geometry": { "type": "MultiPolygon", "coordinates": [ [ [ [ 127.112994642367838, 37.406738556356771 ], [ 127.112983050942589, 37.40899195671286 ], [ 127.115807933885094, 37.409001169925979 ], [ 127.11581944070825, 37.406747768823706 ], [ 127.112994642367838, 37.406738556356771 ] ] ] ] } },
{ "type": "Feature", "properties": { "gid": "다사66ab30bb", "lbl": "286.00", "val": 286.0 }, "geometry": { "type": "MultiPolygon", "coordinates": [ [ [ [ 127.118804017979045, 37.375209197294794 ], [ 127.118792613546034, 37.377462611231572 ], [ 127.121616315464237, 37.377471679171379 ], [ 127.121627635426606, 37.375218264499942 ], [ 127.118804017979045, 37.375209197294794 ] ] ] ] } },
{ "type": "Feature", "properties": { "gid": "다사65bb33bb", "lbl": "226.00", "val": 226.0 }, "geometry": { "type": "MultiPolygon", "coordinates": [ [ [ [ 127.113017821347384, 37.402231753052483 ], [ 127.113006232502698, 37.404485155136648 ], [ 127.115830946250441, 37.404494366857428 ], [ 127.115842450511835, 37.402240964027172 ], [ 127.113017821347384, 37.402231753052483 ] ] ] ] } },
{ "type": "Feature", "properties": { "gid": "다사67ba32bb", "lbl": "39.00", "val": 39.0 }, "geometry": { "type": "MultiPolygon", "coordinates": [ [ [ [ 127.132834226857042, 37.393281175483594 ], [ 127.132823234994163, 37.395534586130424 ], [ 127.135647619229033, 37.395543322652166 ], [ 127.135658526545271, 37.393289911297657 ], [ 127.132834226857042, 37.393281175483594 ] ] ] ] } },
{ "type": "Feature", "properties": { "gid": "다사67aa38bb", "lbl": "257.00", "val": 257.0 }, "geometry": { "type": "MultiPolygon", "coordinates": [ [ [ [ 127.126917424984242, 37.447345084225709 ], [ 127.126906234167052, 37.449598472705944 ], [ 127.129732647883785, 37.449607361405938 ], [ 127.129743753928437, 37.447353972206066 ], [ 127.126917424984242, 37.447345084225709 ] ] ] ] } },
{ "type": "Feature", "properties": { "gid": "다사70aa38ab", "lbl": "543.00", "val": 543.0 }, "geometry": { "type": "MultiPolygon", "coordinates": [ [ [ [ 127.160853795521888, 37.442940483245586 ], [ 127.160843624249864, 37.445193881727484 ], [ 127.163669882644029, 37.445201958025393 ], [ 127.163679969160711, 37.442948558889618 ], [ 127.160853795521888, 37.442940483245586 ] ] ] ] } },
{ "type": "Feature", "properties": { "gid": "다사67ab36bb", "lbl": "732.00", "val": 732.0 }, "geometry": { "type": "MultiPolygon", "coordinates": [ [ [ [ 127.129832557784823, 37.429326827500375 ], [ 127.129821461627884, 37.431580223612691 ], [ 127.132647198663847, 37.431589039009957 ], [ 127.132658210123552, 37.429335642183823 ], [ 127.129832557784823, 37.429326827500375 ] ] ] ] } },
{ "type": "Feature", "properties": { "gid": "다사69ab37aa", "lbl": "43.00", "val": 43.0 }, "geometry": { "type": "MultiPolygon", "coordinates": [ [ [ [ 127.152427391716188, 37.43164885546927 ], [ 127.15241697198104, 37.433902256275289 ], [ 127.155242803268919, 37.43391053196401 ], [ 127.155253138296302, 37.431657130487899 ], [ 127.152427391716188, 37.43164885546927 ] ] ] ] } },
{ "type": "Feature", "properties": { "gid": "다사69aa39aa", "lbl": "332.00", "val": 332.0 }, "geometry": { "type": "MultiPolygon", "coordinates": [ [ [ [ 127.149517577997699, 37.44966768976137 ], [ 127.149507064194395, 37.451921082981535 ], [ 127.152333572322888, 37.451929431629353 ], [ 127.152344001343067, 37.449676037733298 ], [ 127.149517577997699, 37.44966768976137 ] ] ] ] } },
{ "type": "Feature", "properties": { "gid": "다사66ab33ba", "lbl": "361.00", "val": 361.0 }, "geometry": { "type": "MultiPolygon", "coordinates": [ [ [ [ 127.118678499363668, 37.399996703091659 ], [ 127.118667080956925, 37.402250107526477 ], [ 127.121491712673276, 37.402259183550292 ], [ 127.121503046505836, 37.40000577838034 ], [ 127.118678499363668, 37.399996703091659 ] ] ] ] } },
{ "type": "Feature", "properties": { "gid": "다사70bb40ab", "lbl": "548.00", "val": 548.0 }, "geometry": { "type": "MultiPolygon", "coordinates": [ [ [ [ 127.169252952827847, 37.460991686688537 ], [ 127.16924302698493, 37.463245080206825 ], [ 127.172069967105784, 37.463252958863201 ], [ 127.172079808117431, 37.460999564707137 ], [ 127.169252952827847, 37.460991686688537 ] ] ] ] } },
{ "type": "Feature", "properties": { "gid": "다사68bb41aa", "lbl": "70.00", "val": 70.0 }, "geometry": { "type": "MultiPolygon", "coordinates": [ [ [ [ 127.146606334081412, 37.467686390318121 ], [ 127.146595726050279, 37.46993977594515 ], [ 127.149422911611936, 37.469948197642083 ], [ 127.149433434784527, 37.467694811333359 ], [ 127.146606334081412, 37.467686390318121 ] ] ] ] } },
{ "type": "Feature", "properties": { "gid": "다사68aa38ab", "lbl": "174.00", "val": 174.0 }, "geometry": { "type": "MultiPolygon", "coordinates": [ [ [ [ 127.138244447969996, 37.442873445391697 ], [ 127.138233598660051, 37.445126838445574 ], [ 127.141059847729792, 37.445135455386819 ], [ 127.141070612285489, 37.442882061635281 ], [ 127.138244447969996, 37.442873445391697 ] ] ] ] } },
{ "type": "Feature", "properties": { "gid": "다사66ab34aa", "lbl": "456.00", "val": 456.0 }, "geometry": { "type": "MultiPolygon", "coordinates": [ [ [ [ 127.11865566127895, 37.404503511097367 ], [ 127.118644240329601, 37.406756913804323 ], [ 127.121469041222497, 37.406765991298521 ], [ 127.121480377578862, 37.404512587856345 ], [ 127.11865566127895, 37.404503511097367 ] ] ] ] } },
{ "type": "Feature", "properties": { "gid": "다사66ab29ba", "lbl": "360.00", "val": 360.0 }, "geometry": { "type": "MultiPolygon", "coordinates": [ [ [ [ 127.118861021105403, 37.363942114655664 ], [ 127.118849623018136, 37.366195532910794 ], [ 127.121672902677048, 37.36620459717777 ], [ 127.121684216340668, 37.363951178188216 ], [ 127.118861021105403, 37.363942114655664 ] ] ] ] } },
{ "type": "Feature", "properties": { "gid": "다사66bb28ba", "lbl": "36.00", "val": 36.0 }, "geometry": { "type": "MultiPolygon", "coordinates": [ [ [ [ 127.124552317296775, 37.354946486828844 ], [ 127.124541093055754, 37.357199910001363 ], [ 127.127364037584726, 37.357208836598105 ], [ 127.12737517743939, 37.354955412702246 ], [ 127.124552317296775, 37.354946486828844 ] ] ] ] } },
{ "type": "Feature", "properties": { "gid": "다사66ab28aa", "lbl": "23.00", "val": 23.0 }, "geometry": { "type": "MultiPolygon", "coordinates": [ [ [ [ 127.118929382991467, 37.350421586989704 ], [ 127.118917992514199, 37.352675010426232 ], [ 127.12174076577206, 37.352684070287253 ], [ 127.121752071882057, 37.35043064611655 ], [ 127.118929382991467, 37.350421586989704 ] ] ] ] } },
{ "type": "Feature", "properties": { "gid": "다사67aa32ab", "lbl": "159.00", "val": 159.0 }, "geometry": { "type": "MultiPolygon", "coordinates": [ [ [ [ 127.12720794934522, 37.388756680471957 ], [ 127.127196790874137, 37.391010091414479 ], [ 127.130021003568828, 37.391018961418055 ], [ 127.130032077512368, 37.388765549757018 ], [ 127.12720794934522, 37.388756680471957 ] ] ] ] } },
{ "type": "Feature", "properties": { "gid": "다사65bb33aa", "lbl": "262.00", "val": 262.0 }, "geometry": { "type": "MultiPolygon", "coordinates": [ [ [ [ 127.113052580141613, 37.395471541616011 ], [ 127.113040995166671, 37.397724946292151 ], [ 127.115865455192832, 37.397734155774756 ], [ 127.115876955612734, 37.395480750352654 ], [ 127.113052580141613, 37.395471541616011 ] ] ] ] } },
{ "type": "Feature", "properties": { "gid": "다사67ab37ba", "lbl": "635.00", "val": 635.0 }, "geometry": { "type": "MultiPolygon", "coordinates": [ [ [ [ 127.129799265607488, 37.436087013245313 ], [ 127.129788165743719, 37.438340406765604 ], [ 127.132614156927971, 37.438349224304552 ], [ 127.132625172066184, 37.436095830070336 ], [ 127.129799265607488, 37.436087013245313 ] ] ] ] } },
{ "type": "Feature", "properties": { "gid": "다사69aa32aa", "lbl": "8.00", "val": 8.0 }, "geometry": { "type": "MultiPolygon", "coordinates": [ [ [ [ 127.149811489751144, 37.386572328940566 ], [ 127.14980100867119, 37.388825746341617 ], [ 127.152625146436506, 37.388834076079647 ], [ 127.152635542997217, 37.38658065800383 ], [ 127.149811489751144, 37.386572328940566 ] ] ] ] } },
{ "type": "Feature", "properties": { "gid": "다사65bb29bb", "lbl": "262.00", "val": 262.0 }, "geometry": { "type": "MultiPolygon", "coordinates": [ [ [ [ 127.113203067516253, 37.366177202212675 ], [ 127.113191499294473, 37.36843061811885 ], [ 127.116014860839059, 37.36843981790728 ], [ 127.116026344628082, 37.366186401255725 ], [ 127.113203067516253, 37.366177202212675 ] ] ] ] } },
{ "type": "Feature", "properties": { "gid": "다사69ba35aa", "lbl": "334.00", "val": 334.0 }, "geometry": { "type": "MultiPolygon", "coordinates": [ [ [ [ 127.155335777105648, 37.413629887590041 ], [ 127.155325451279154, 37.415883295974638 ], [ 127.158150606318443, 37.415891498794231 ], [ 127.158160847512406, 37.413638089745319 ], [ 127.155335777105648, 37.413629887590041 ] ] ] ] } },
{ "type": "Feature", "properties": { "gid": "다사65ab27ab", "lbl": "104.00", "val": 104.0 }, "geometry": { "type": "MultiPolygon", "coordinates": [ [ [ [ 127.107673816204525, 37.343624410466894 ], [ 127.10766209217519, 37.34587783350311 ], [ 127.110484607232962, 37.345887160516973 ], [ 127.110496246923773, 37.343633736724883 ], [ 127.107673816204525, 37.343624410466894 ] ] ] ] } },
{ "type": "Feature", "properties": { "gid": "다사69ab39aa", "lbl": "98.00", "val": 98.0 }, "geometry": { "type": "MultiPolygon", "coordinates": [ [ [ [ 127.152344001343067, 37.449676037733298 ], [ 127.152333572322888, 37.451929431629353 ], [ 127.155160081612649, 37.451937712680284 ], [ 127.155170425849576, 37.449684318113817 ], [ 127.152344001343067, 37.449676037733298 ] ] ] ] } },
{ "type": "Feature", "properties": { "gid": "다사66ba33bb", "lbl": "331.00", "val": 331.0 }, "geometry": { "type": "MultiPolygon", "coordinates": [ [ [ [ 127.121491712673276, 37.402259183550292 ], [ 127.121480377578862, 37.404512587856345 ], [ 127.124305095140727, 37.404521597134305 ], [ 127.124316345651408, 37.402268192098539 ], [ 127.121491712673276, 37.402259183550292 ] ] ] ] } },
{ "type": "Feature", "properties": { "gid": "다사69ab38aa", "lbl": "527.00", "val": 527.0 }, "geometry": { "type": "MultiPolygon", "coordinates": [ [ [ [ 127.152385705814112, 37.44066245351118 ], [ 127.152375281437543, 37.442915850862349 ], [ 127.155201451650868, 37.442924129231869 ], [ 127.155211791281928, 37.440670731210432 ], [ 127.152385705814112, 37.44066245351118 ] ] ] ] } },
{ "type": "Feature", "properties": { "gid": "다사67ab30aa", "lbl": "107.00", "val": 107.0 }, "geometry": { "type": "MultiPolygon", "coordinates": [ [ [ [ 127.130131687549905, 37.368484805945975 ], [ 127.130120624695493, 37.370738225379135 ], [ 127.132944078212532, 37.370747021518191 ], [ 127.132955056623885, 37.368493601372357 ], [ 127.130131687549905, 37.368484805945975 ] ] ] ] } },
{ "type": "Feature", "properties": { "gid": "다사64ba29bb", "lbl": "N/A", "val": 0.0 }, "geometry": { "type": "MultiPolygon", "coordinates": [ [ [ [ 127.099086701459839, 37.366130196181075 ], [ 127.099074711076511, 37.368383608278329 ], [ 127.10189806608814, 37.368393145032563 ], [ 127.101909972039437, 37.366139732162594 ], [ 127.099086701459839, 37.366130196181075 ] ] ] ] } },
{ "type": "Feature", "properties": { "gid": "다사64ba28bb", "lbl": "120.00", "val": 120.0 }, "geometry": { "type": "MultiPolygon", "coordinates": [ [ [ [ 127.099134649648292, 37.357116539152777 ], [ 127.099122664602589, 37.359369954705706 ], [ 127.101945681942595, 37.359379488369392 ], [ 127.101957582593897, 37.35712607204394 ], [ 127.099134649648292, 37.357116539152777 ] ] ] ] } },
{ "type": "Feature", "properties": { "gid": "다사66ab27ab", "lbl": "52.00", "val": 52.0 }, "geometry": { "type": "MultiPolygon", "coordinates": [ [ [ [ 127.118963546817071, 37.343661311499218 ], [ 127.118952160142769, 37.345914737526186 ], [ 127.121774680326922, 37.345923795184817 ], [ 127.121785982662075, 37.343670368423801 ], [ 127.118963546817071, 37.343661311499218 ] ] ] ] } },
{ "type": "Feature", "properties": { "gid": "다사71aa37bb", "lbl": "N/A", "val": 0.0 }, "geometry": { "type": "MultiPolygon", "coordinates": [ [ [ [ 127.172178157993002, 37.438465575649801 ], [ 127.172168327932312, 37.440718978441346 ], [ 127.174994421259896, 37.440726783151611 ], [ 127.175004166583577, 37.438473379728144 ], [ 127.172178157993002, 37.438465575649801 ] ] ] ] } },
{ "type": "Feature", "properties": { "gid": "다사71bb38ab", "lbl": "63.00", "val": 63.0 }, "geometry": { "type": "MultiPolygon", "coordinates": [ [ [ [ 127.180637034245336, 37.442995593669082 ], [ 127.18062745626348, 37.445248996613259 ], [ 127.183453722321062, 37.445256599843873 ], [ 127.183463215546681, 37.443003196284103 ], [ 127.180637034245336, 37.442995593669082 ] ] ] ] } },
{ "type": "Feature", "properties": { "gid": "다사70ba34ba", "lbl": "144.00", "val": 144.0 }, "geometry": { "type": "MultiPolygon", "coordinates": [ [ [ [ 127.166656036791579, 37.409155466578412 ], [ 127.166646051719411, 37.411408879314102 ], [ 127.169471042006393, 37.411416810810231 ], [ 127.169480942464361, 37.409163397432181 ], [ 127.166656036791579, 37.409155466578412 ] ] ] ] } },
{ "type": "Feature", "properties": { "gid": "다사63bb30ab", "lbl": "39.00", "val": 39.0 }, "geometry": { "type": "MultiPolygon", "coordinates": [ [ [ [ 127.090592409046721, 37.370608002541225 ], [ 127.090580162642226, 37.372861410559409 ], [ 127.093403682512516, 37.372871151070207 ], [ 127.093415844466676, 37.370617742262844 ], [ 127.090592409046721, 37.370608002541225 ] ] ] ] } },
{ "type": "Feature", "properties": { "gid": "다사65bb27bb", "lbl": "453.00", "val": 453.0 }, "geometry": { "type": "MultiPolygon", "coordinates": [ [ [ [ 127.113295566947997, 37.34814984387112 ], [ 127.113284009023147, 37.350403266686506 ], [ 127.116106695368714, 37.350412460512992 ], [ 127.116118168935955, 37.348159036952566 ], [ 127.113295566947997, 37.34814984387112 ] ] ] ] } },
{ "type": "Feature", "properties": { "gid": "다사64ba37ab", "lbl": "6.00", "val": 6.0 }, "geometry": { "type": "MultiPolygon", "coordinates": [ [ [ [ 127.098726408690922, 37.433732183201009 ], [ 127.098714378195751, 37.435985569371425 ], [ 127.101540270542529, 37.435995129327814 ], [ 127.10155221632327, 37.433741742383333 ], [ 127.098726408690922, 37.433732183201009 ] ] ] ] } },
{ "type": "Feature", "properties": { "gid": "다사67ab38aa", "lbl": "413.00", "val": 413.0 }, "geometry": { "type": "MultiPolygon", "coordinates": [ [ [ [ 127.129777064644102, 37.440593799421833 ], [ 127.12976596230844, 37.442847191213993 ], [ 127.132592122972028, 37.442856010180968 ], [ 127.132603140563305, 37.44060261767477 ], [ 127.129777064644102, 37.440593799421833 ] ] ] ] } },
{ "type": "Feature", "properties": { "gid": "다사65ab33bb", "lbl": "10.00", "val": 10.0 }, "geometry": { "type": "MultiPolygon", "coordinates": [ [ [ [ 127.107368566898074, 37.402213128677339 ], [ 127.107356808887332, 37.4044665292529 ], [ 127.110181520045202, 37.404475875935098 ], [ 127.110193193472995, 37.40222247460251 ], [ 127.107368566898074, 37.402213128677339 ] ] ] ] } },
{ "type": "Feature", "properties": { "gid": "다사60bb32ab", "lbl": "N/A", "val": 0.0 }, "geometry": { "type": "MultiPolygon", "coordinates": [ [ [ [ 127.056605173315575, 37.388513029629422 ], [ 127.05659190170627, 37.390766420833323 ], [ 127.059416080521586, 37.390776977018525 ], [ 127.059429267607328, 37.388523584959515 ], [ 127.056605173315575, 37.388513029629422 ] ] ] ] } },
{ "type": "Feature", "properties": { "gid": "다사66ba34ab", "lbl": "400.00", "val": 400.0 }, "geometry": { "type": "MultiPolygon", "coordinates": [ [ [ [ 127.121469041222497, 37.406765991298521 ], [ 127.121457703604023, 37.409019393876761 ], [ 127.124282590361574, 37.409028404614261 ], [ 127.124293843377487, 37.406775001306222 ], [ 127.121469041222497, 37.406765991298521 ] ] ] ] } },
{ "type": "Feature", "properties": { "gid": "다사65ba27ab", "lbl": "360.00", "val": 360.0 }, "geometry": { "type": "MultiPolygon", "coordinates": [ [ [ [ 127.110496246923773, 37.343633736724883 ], [ 127.110484607232962, 37.345887160516973 ], [ 127.113307123586409, 37.345896420192176 ], [ 127.113318678938526, 37.343642995649667 ], [ 127.110496246923773, 37.343633736724883 ] ] ] ] } },
{ "type": "Feature", "properties": { "gid": "다사67ab30ab", "lbl": "261.00", "val": 261.0 }, "geometry": { "type": "MultiPolygon", "coordinates": [ [ [ [ 127.130120624695493, 37.370738225379135 ], [ 127.13010956060954, 37.372991643948808 ], [ 127.132933098579002, 37.373000440800581 ], [ 127.132944078212532, 37.370747021518191 ], [ 127.130120624695493, 37.370738225379135 ] ] ] ] } },
{ "type": "Feature", "properties": { "gid": "다사65ab28ab", "lbl": "533.00", "val": 533.0 }, "geometry": { "type": "MultiPolygon", "coordinates": [ [ [ [ 127.107626912256222, 37.352638097429846 ], [ 127.107615183005692, 37.354891517011389 ], [ 127.110438035511493, 37.35490084704918 ], [ 127.110449680385884, 37.352647426711592 ], [ 127.107626912256222, 37.352638097429846 ] ] ] ] } },
{ "type": "Feature", "properties": { "gid": "다사67ba35aa", "lbl": "626.00", "val": 626.0 }, "geometry": { "type": "MultiPolygon", "coordinates": [ [ [ [ 127.132735256024958, 37.413561840211898 ], [ 127.132724253143394, 37.415815243085156 ], [ 127.135549398721722, 37.415823985977866 ], [ 127.135560316971919, 37.413570582396552 ], [ 127.132735256024958, 37.413561840211898 ] ] ] ] } },
{ "type": "Feature", "properties": { "gid": "다사66aa29ab", "lbl": "416.00", "val": 416.0 }, "geometry": { "type": "MultiPolygon", "coordinates": [ [ [ [ 127.116049308371558, 37.361679565361612 ], [ 127.116037827138854, 37.363932983740497 ], [ 127.118861021105403, 37.363942114655664 ], [ 127.118872417923967, 37.361688695536934 ], [ 127.116049308371558, 37.361679565361612 ] ] ] ] } },
{ "type": "Feature", "properties": { "gid": "다사67bb31ab", "lbl": "N/A", "val": 0.0 }, "geometry": { "type": "MultiPolygon", "coordinates": [ [ [ [ 127.135723944950058, 37.379769425035718 ], [ 127.135713044916713, 37.382022841571533 ], [ 127.138536923226297, 37.382031506420994 ], [ 127.138547738769304, 37.379778089183212 ], [ 127.135723944950058, 37.379769425035718 ] ] ] ] } },
{ "type": "Feature", "properties": { "gid": "다사64ab34bb", "lbl": "40.00", "val": 40.0 }, "geometry": { "type": "MultiPolygon", "coordinates": [ [ [ [ 127.096021680336264, 37.411188655011877 ], [ 127.096009578607379, 37.41344204904734 ], [ 127.098834622896135, 37.413451668767244 ], [ 127.098846640005007, 37.411198273952706 ], [ 127.096021680336264, 37.411188655011877 ] ] ] ] } },
{ "type": "Feature", "properties": { "gid": "다사69ab31bb", "lbl": "N/A", "val": 0.0 }, "geometry": { "type": "MultiPolygon", "coordinates": [ [ [ [ 127.152645938400624, 37.384327239064717 ], [ 127.152635542997217, 37.38658065800383 ], [ 127.155459597400565, 37.386588919628792 ], [ 127.155469908294009, 37.384335500020399 ], [ 127.152645938400624, 37.384327239064717 ] ] ] ] } },
{ "type": "Feature", "properties": { "gid": "다사69ba38bb", "lbl": "545.00", "val": 545.0 }, "geometry": { "type": "MultiPolygon", "coordinates": [ [ [ [ 127.155180768934827, 37.447430922683587 ], [ 127.155170425849576, 37.449684318113817 ], [ 127.157996851507704, 37.449692530902851 ], [ 127.15800710981901, 37.447439134807709 ], [ 127.155180768934827, 37.447430922683587 ] ] ] ] } },
{ "type": "Feature", "properties": { "gid": "다사64bb40aa", "lbl": "33.00", "val": 33.0 }, "geometry": { "type": "MultiPolygon", "coordinates": [ [ [ [ 127.101420739555905, 37.45852895122384 ], [ 127.101408779135909, 37.460782328658169 ], [ 127.104235605295955, 37.460791829515216 ], [ 127.104247480897584, 37.458538451311796 ], [ 127.101420739555905, 37.45852895122384 ] ] ] ] } },
{ "type": "Feature", "properties": { "gid": "다사69ba38ba", "lbl": "303.00", "val": 303.0 }, "geometry": { "type": "MultiPolygon", "coordinates": [ [ [ [ 127.155191110868529, 37.445177526389585 ], [ 127.155180768934827, 37.447430922683587 ], [ 127.15800710981901, 37.447439134807709 ], [ 127.158017366988219, 37.445185737848846 ], [ 127.155191110868529, 37.445177526389585 ] ] ] ] } },
{ "type": "Feature", "properties": { "gid": "다사68ab37ab", "lbl": "467.00", "val": 467.0 }, "geometry": { "type": "MultiPolygon", "coordinates": [ [ [ [ 127.141113658525256, 37.433868477990195 ], [ 127.141102898762483, 37.436121875197273 ], [ 127.143928810069838, 37.436130421789926 ], [ 127.143939485115965, 37.43387702389083 ], [ 127.141113658525256, 37.433868477990195 ] ] ] ] } },
{ "type": "Feature", "properties": { "gid": "다사66aa30aa", "lbl": "423.00", "val": 423.0 }, "geometry": { "type": "MultiPolygon", "coordinates": [ [ [ [ 127.116014860839059, 37.36843981790728 ], [ 127.116003375771626, 37.37069323369515 ], [ 127.118826823036883, 37.370702366830123 ], [ 127.11883822366201, 37.368448950302287 ], [ 127.116014860839059, 37.36843981790728 ] ] ] ] } },
{ "type": "Feature", "properties": { "gid": "다사64bb36bb", "lbl": "N/A", "val": 0.0 }, "geometry": { "type": "MultiPolygon", "coordinates": [ [ [ [ 127.101576103895169, 37.429234965901053 ], [ 127.101564160774103, 37.431488354574412 ], [ 127.104389885031182, 37.431497845436738 ], [ 127.104401743456549, 37.429244455994869 ], [ 127.101576103895169, 37.429234965901053 ] ] ] ] } },
{ "type": "Feature", "properties": { "gid": "다사65aa30ba", "lbl": "386.00", "val": 386.0 }, "geometry": { "type": "MultiPolygon", "coordinates": [ [ [ [ 127.104697775438652, 37.372909439076594 ], [ 127.104685949971056, 37.375162850122123 ], [ 127.107509560977363, 37.375172254375919 ], [ 127.107521301984463, 37.372918842568481 ], [ 127.104697775438652, 37.372909439076594 ] ] ] ] } },
{ "type": "Feature", "properties": { "gid": "다사66bb36ab", "lbl": "6.00", "val": 6.0 }, "geometry": { "type": "MultiPolygon", "coordinates": [ [ [ [ 127.124203784162276, 37.424802203580484 ], [ 127.124192521119497, 37.42705559997686 ], [ 127.12701808629069, 37.427064549018432 ], [ 127.127029264655391, 37.42481115189738 ], [ 127.124203784162276, 37.424802203580484 ] ] ] ] } },
{ "type": "Feature", "properties": { "gid": "다사70ba39ba", "lbl": "485.00", "val": 485.0 }, "geometry": { "type": "MultiPolygon", "coordinates": [ [ [ [ 127.166456123978662, 37.454223557243324 ], [ 127.166446116647904, 37.456476952709444 ], [ 127.169272801198446, 37.456484897060946 ], [ 127.169282723726383, 37.454231500951707 ], [ 127.166456123978662, 37.454223557243324 ] ] ] ] } },
{ "type": "Feature", "properties": { "gid": "다사68ab37aa", "lbl": "268.00", "val": 268.0 }, "geometry": { "type": "MultiPolygon", "coordinates": [ [ [ [ 127.141124417090154, 37.431615079919276 ], [ 127.141113658525256, 37.433868477990195 ], [ 127.143939485115965, 37.43387702389083 ], [ 127.143950158973638, 37.431623625127919 ], [ 127.141124417090154, 37.431615079919276 ] ] ] ] } },
{ "type": "Feature", "properties": { "gid": "다사66bb29ab", "lbl": "N/A", "val": 0.0 }, "geometry": { "type": "MultiPolygon", "coordinates": [ [ [ [ 127.124518640825116, 37.361706753755996 ], [ 127.124507412835229, 37.363960174338054 ], [ 127.127330610579691, 37.363969103105092 ], [ 127.127341754155012, 37.361715681799559 ], [ 127.124518640825116, 37.361706753755996 ] ] ] ] } },
{ "type": "Feature", "properties": { "gid": "다사67aa35aa", "lbl": "434.00", "val": 434.0 }, "geometry": { "type": "MultiPolygon", "coordinates": [ [ [ [ 127.127085137815115, 37.413544153332843 ], [ 127.127073965671187, 37.415797554773604 ], [ 127.12989910879007, 37.415806432683702 ], [ 127.129910196302902, 37.413553030523964 ], [ 127.127085137815115, 37.413544153332843 ] ] ] ] } },
{ "type": "Feature", "properties": { "gid": "다사66aa28ab", "lbl": "67.00", "val": 67.0 }, "geometry": { "type": "MultiPolygon", "coordinates": [ [ [ [ 127.116095220524272, 37.35266588320988 ], [ 127.116083744402502, 37.354919305043204 ], [ 127.118906600768952, 37.354928432999216 ], [ 127.118917992514199, 37.352675010426232 ], [ 127.116095220524272, 37.35266588320988 ] ] ] ] } },
{ "type": "Feature", "properties": { "gid": "다사62bb36bb", "lbl": "N/A", "val": 0.0 }, "geometry": { "type": "MultiPolygon", "coordinates": [ [ [ [ 127.078971036061702, 37.429156613700606 ], [ 127.078958415380484, 37.431409996029011 ], [ 127.081784128735535, 37.431420027256351 ], [ 127.081796664722305, 37.429166644115675 ], [ 127.078971036061702, 37.429156613700606 ] ] ] ] } },
{ "type": "Feature", "properties": { "gid": "다사67aa38aa", "lbl": "578.00", "val": 578.0 }, "geometry": { "type": "MultiPolygon", "coordinates": [ [ [ [ 127.12695098996096, 37.440584913600084 ], [ 127.12693980288104, 37.44283830467274 ], [ 127.12976596230844, 37.442847191213993 ], [ 127.129777064644102, 37.440593799421833 ], [ 127.12695098996096, 37.440584913600084 ] ] ] ] } },
{ "type": "Feature", "properties": { "gid": "다사70ba38ba", "lbl": "264.00", "val": 264.0 }, "geometry": { "type": "MultiPolygon", "coordinates": [ [ [ [ 127.166496142161265, 37.445209966742517 ], [ 127.16648613928642, 37.447463365663133 ], [ 127.169312484682365, 37.447471307442349 ], [ 127.169322402792162, 37.445217907878757 ], [ 127.166496142161265, 37.445209966742517 ] ] ] ] } },
{ "type": "Feature", "properties": { "gid": "다사65ba36ab", "lbl": "N/A", "val": 0.0 }, "geometry": { "type": "MultiPolygon", "coordinates": [ [ [ [ 127.110076400693401, 37.424756449042832 ], [ 127.110064714262435, 37.427009841733842 ], [ 127.112890273069254, 37.42701912845348 ], [ 127.112901874822867, 37.424765735010467 ], [ 127.110076400693401, 37.424756449042832 ] ] ] ] } },
{ "type": "Feature", "properties": { "gid": "다사67aa31ba", "lbl": "284.00", "val": 284.0 }, "geometry": { "type": "MultiPolygon", "coordinates": [ [ [ [ 127.127241417306365, 37.381996442462373 ], [ 127.127230262561199, 37.384249855995897 ], [ 127.130054221701471, 37.384258723844056 ], [ 127.130065291947346, 37.382005309592138 ], [ 127.127241417306365, 37.381996442462373 ] ] ] ] } },
{ "type": "Feature", "properties": { "gid": "다사62aa31ba", "lbl": "48.00", "val": 48.0 }, "geometry": { "type": "MultiPolygon", "coordinates": [ [ [ [ 127.070764197747735, 37.381804940411307 ], [ 127.070751353048308, 37.384058338429845 ], [ 127.073575285564957, 37.384068554900615 ], [ 127.073588045768176, 37.381815156054436 ], [ 127.070764197747735, 37.381804940411307 ] ] ] ] } },
{ "type": "Feature", "properties": { "gid": "다사67bb40bb", "lbl": "71.00", "val": 71.0 }, "geometry": { "type": "MultiPolygon", "coordinates": [ [ [ [ 127.135308889419392, 37.465398646198075 ], [ 127.135297943174393, 37.467652029907832 ], [ 127.138125039096437, 37.467660721462622 ], [ 127.138135900492898, 37.465407337049321 ], [ 127.135308889419392, 37.465398646198075 ] ] ] ] } },
{ "type": "Feature", "properties": { "gid": "다사64aa37aa", "lbl": "N/A", "val": 0.0 }, "geometry": { "type": "MultiPolygon", "coordinates": [ [ [ [ 127.093086996019039, 37.431459476711971 ], [ 127.093074797453681, 37.433712862182418 ], [ 127.095900602397933, 37.433722556467345 ], [ 127.095912716258596, 37.431469170211933 ], [ 127.093086996019039, 37.431459476711971 ] ] ] ] } },
{ "type": "Feature", "properties": { "gid": "다사63bb36aa", "lbl": "N/A", "val": 0.0 }, "geometry": { "type": "MultiPolygon", "coordinates": [ [ [ [ 127.090310396544041, 37.422436168300273 ], [ 127.090298118743078, 37.424689556438651 ], [ 127.093123583567547, 37.424699315113273 ], [ 127.093135776701715, 37.42244592618465 ], [ 127.090310396544041, 37.422436168300273 ] ] ] ] } },
{ "type": "Feature", "properties": { "gid": "다사62ab32bb", "lbl": "88.00", "val": 88.0 }, "geometry": { "type": "MultiPolygon", "coordinates": [ [ [ [ 127.073524230544976, 37.393082141640008 ], [ 127.073511463237352, 37.395335536163415 ], [ 127.07633581979745, 37.395345689315626 ], [ 127.076348502561657, 37.393092293969801 ], [ 127.073524230544976, 37.393082141640008 ] ] ] ] } },
{ "type": "Feature", "properties": { "gid": "다사67ab38ab", "lbl": "469.00", "val": 469.0 }, "geometry": { "type": "MultiPolygon", "coordinates": [ [ [ [ 127.12976596230844, 37.442847191213993 ], [ 127.129754858736604, 37.445100582142082 ], [ 127.132581104154013, 37.445109401823117 ], [ 127.132592122972028, 37.442856010180968 ], [ 127.12976596230844, 37.442847191213993 ] ] ] ] } },
{ "type": "Feature", "properties": { "gid": "다사67ab40bb", "lbl": "65.00", "val": 65.0 }, "geometry": { "type": "MultiPolygon", "coordinates": [ [ [ [ 127.129654870937998, 37.465381061608099 ], [ 127.12964375499638, 37.467634443894347 ], [ 127.1324708484712, 37.467643270718376 ], [ 127.132481879564608, 37.465389887717642 ], [ 127.129654870937998, 37.465381061608099 ] ] ] ] } },
{ "type": "Feature", "properties": { "gid": "다사71ab37ba", "lbl": "N/A", "val": 0.0 }, "geometry": { "type": "MultiPolygon", "coordinates": [ [ [ [ 127.175013910822315, 37.436219975441254 ], [ 127.175004166583577, 37.438473379728144 ], [ 127.177830176259107, 37.438481116241782 ], [ 127.177839835770158, 37.436227711328485 ], [ 127.175013910822315, 37.436219975441254 ] ] ] ] } },
{ "type": "Feature", "properties": { "gid": "다사68aa40ba", "lbl": "33.00", "val": 33.0 }, "geometry": { "type": "MultiPolygon", "coordinates": [ [ [ [ 127.138146760680087, 37.463153951771886 ], [ 127.138135900492898, 37.465407337049321 ], [ 127.14096291277572, 37.465415960271308 ], [ 127.14097368812368, 37.463162574295836 ], [ 127.138146760680087, 37.463153951771886 ] ] ] ] } },
{ "type": "Feature", "properties": { "gid": "다사68aa37ab", "lbl": "481.00", "val": 481.0 }, "geometry": { "type": "MultiPolygon", "coordinates": [ [ [ [ 127.138287833132438, 37.433859864536814 ], [ 127.138276988653118, 37.436113261046408 ], [ 127.141102898762483, 37.436121875197273 ], [ 127.141113658525256, 37.433868477990195 ], [ 127.138287833132438, 37.433859864536814 ] ] ] ] } },
{ "type": "Feature", "properties": { "gid": "다사68ab35aa", "lbl": "169.00", "val": 169.0 }, "geometry": { "type": "MultiPolygon", "coordinates": [ [ [ [ 127.141210442502739, 37.413587864255696 ], [ 127.141199693515787, 37.415841269236715 ], [ 127.144024842712653, 37.415849809602676 ], [ 127.144035507067798, 37.413596403929994 ], [ 127.141210442502739, 37.413587864255696 ] ] ] ] } },
{ "type": "Feature", "properties": { "gid": "다사65ba27aa", "lbl": "34.00", "val": 34.0 }, "geometry": { "type": "MultiPolygon", "coordinates": [ [ [ [ 127.110507885319024, 37.341380312069212 ], [ 127.110496246923773, 37.343633736724883 ], [ 127.113318678938526, 37.343642995649667 ], [ 127.113330233004504, 37.341389570243606 ], [ 127.110507885319024, 37.341380312069212 ] ] ] ] } },
{ "type": "Feature", "properties": { "gid": "다사68aa29bb", "lbl": "97.00", "val": 97.0 }, "geometry": { "type": "MultiPolygon", "coordinates": [ [ [ [ 127.138612606750129, 37.366257567624857 ], [ 127.138601798428482, 37.368510990043028 ], [ 127.14142517114027, 37.36851958328716 ], [ 127.141435895027868, 37.366266160172721 ], [ 127.138612606750129, 37.366257567624857 ] ] ] ] } },
{ "type": "Feature", "properties": { "gid": "다사64ab30aa", "lbl": "77.00", "val": 77.0 }, "geometry": { "type": "MultiPolygon", "coordinates": [ [ [ [ 127.096251357399709, 37.368374004131255 ], [ 127.096239281240386, 37.370627414586352 ], [ 127.099062719358429, 37.370637019511641 ], [ 127.099074711076511, 37.368383608278329 ], [ 127.096251357399709, 37.368374004131255 ] ] ] ] } },
{ "type": "Feature", "properties": { "gid": "다사66bb35ba", "lbl": "35.00", "val": 35.0 }, "geometry": { "type": "MultiPolygon", "coordinates": [ [ [ [ 127.12423756576797, 37.418042009207305 ], [ 127.124226306486392, 37.420295408195685 ], [ 127.127051617651574, 37.420304355063379 ], [ 127.127062792283382, 37.418050955350452 ], [ 127.12423756576797, 37.418042009207305 ] ] ] ] } },
{ "type": "Feature", "properties": { "gid": "다사69ab39bb", "lbl": "326.00", "val": 326.0 }, "geometry": { "type": "MultiPolygon", "coordinates": [ [ [ [ 127.152312710798697, 37.456436216829943 ], [ 127.152302278294385, 37.458689608134456 ], [ 127.155129041990548, 37.458697891196877 ], [ 127.155139389683285, 37.456444499221817 ], [ 127.152312710798697, 37.456436216829943 ] ] ] ] } },
{ "type": "Feature", "properties": { "gid": "다사68aa31bb", "lbl": "38.00", "val": 38.0 }, "geometry": { "type": "MultiPolygon", "coordinates": [ [ [ [ 127.138526106479219, 37.384284922795302 ], [ 127.138515288527969, 37.386538338306131 ], [ 127.141339337050795, 37.386546937121771 ], [ 127.141350070492749, 37.384293520914362 ], [ 127.138526106479219, 37.384284922795302 ] ] ] ] } },
{ "type": "Feature", "properties": { "gid": "다사69ba39bb", "lbl": "249.00", "val": 249.0 }, "geometry": { "type": "MultiPolygon", "coordinates": [ [ [ [ 127.155139389683285, 37.456444499221817 ], [ 127.155129041990548, 37.458697891196877 ], [ 127.157955806838928, 37.458706106645906 ], [ 127.157966069719919, 37.456452714005799 ], [ 127.155139389683285, 37.456444499221817 ] ] ] ] } },
{ "type": "Feature", "properties": { "gid": "다사69aa41aa", "lbl": "172.00", "val": 172.0 }, "geometry": { "type": "MultiPolygon", "coordinates": [ [ [ [ 127.149433434784527, 37.467694811333359 ], [ 127.149422911611936, 37.469948197642083 ], [ 127.152250098345348, 37.469956551698431 ], [ 127.15226053665927, 37.467703164713505 ], [ 127.149433434784527, 37.467694811333359 ] ] ] ] } },
{ "type": "Feature", "properties": { "gid": "다사64ab27ba", "lbl": "18.00", "val": 18.0 }, "geometry": { "type": "MultiPolygon", "coordinates": [ [ [ [ 127.096372045088671, 37.345839852062959 ], [ 127.096359982364149, 37.348093271157296 ], [ 127.099182576492609, 37.348102868302583 ], [ 127.099194554869854, 37.345849448430513 ], [ 127.096372045088671, 37.345839852062959 ] ] ] ] } },
{ "type": "Feature", "properties": { "gid": "다사68ba38aa", "lbl": "561.00", "val": 561.0 }, "geometry": { "type": "MultiPolygon", "coordinates": [ [ [ [ 127.143907456411711, 37.440637214996656 ], [ 127.143896777799426, 37.442890610304232 ], [ 127.146722944502372, 37.442899091398452 ], [ 127.146733538369574, 37.4406456954042 ], [ 127.143907456411711, 37.440637214996656 ] ] ] ] } },
{ "type": "Feature", "properties": { "gid": "다사70ba35bb", "lbl": "N/A", "val": 0.0 }, "geometry": { "type": "MultiPolygon", "coordinates": [ [ [ [ 127.166606100312606, 37.420422521623607 ], [ 127.166596109680697, 37.42267593004258 ], [ 127.169421523179949, 37.422683864751129 ], [ 127.169431429150549, 37.420430455689591 ], [ 127.166606100312606, 37.420422521623607 ] ] ] ] } },
{ "type": "Feature", "properties": { "gid": "다사62bb32aa", "lbl": "N/A", "val": 0.0 }, "geometry": { "type": "MultiPolygon", "coordinates": [ [ [ [ 127.079210562238416, 37.386342185172182 ], [ 127.079197968224449, 37.388595583928399 ], [ 127.0820220739961, 37.388605599730987 ], [ 127.082034583494575, 37.386352200163415 ], [ 127.079210562238416, 37.386342185172182 ] ] ] ] } },
{ "type": "Feature", "properties": { "gid": "다사68ba40ab", "lbl": "269.00", "val": 269.0 }, "geometry": { "type": "MultiPolygon", "coordinates": [ [ [ [ 127.143811306085325, 37.460917741663849 ], [ 127.143800616766995, 37.463171129195892 ], [ 127.146627546600556, 37.463179616471969 ], [ 127.146638151088837, 37.460926228252887 ], [ 127.143811306085325, 37.460917741663849 ] ] ] ] } },
{ "type": "Feature", "properties": { "gid": "다사67aa39ba", "lbl": "204.00", "val": 204.0 }, "geometry": { "type": "MultiPolygon", "coordinates": [ [ [ [ 127.12688384879435, 37.454105247073869 ], [ 127.126872654238568, 37.456358632961511 ], [ 127.129699322329614, 37.456367523820624 ], [ 127.129710432084536, 37.454114137213232 ], [ 127.12688384879435, 37.454105247073869 ] ] ] ] } },
{ "type": "Feature", "properties": { "gid": "다사67bb38ba", "lbl": "662.00", "val": 662.0 }, "geometry": { "type": "MultiPolygon", "coordinates": [ [ [ [ 127.135407350798303, 37.445118153924305 ], [ 127.135396415516794, 37.447371545411052 ], [ 127.138222748142084, 37.447380230635474 ], [ 127.138233598660051, 37.445126838445574 ], [ 127.135407350798303, 37.445118153924305 ] ] ] ] } },
{ "type": "Feature", "properties": { "gid": "다사67aa31bb", "lbl": "175.00", "val": 175.0 }, "geometry": { "type": "MultiPolygon", "coordinates": [ [ [ [ 127.127230262561199, 37.384249855995897 ], [ 127.127219106574174, 37.386503268665763 ], [ 127.130043150223187, 37.386512137232351 ], [ 127.130054221701471, 37.384258723844056 ], [ 127.127230262561199, 37.384249855995897 ] ] ] ] } },
{ "type": "Feature", "properties": { "gid": "다사68bb35aa", "lbl": "208.00", "val": 208.0 }, "geometry": { "type": "MultiPolygon", "coordinates": [ [ [ [ 127.146860572820017, 37.413604876100671 ], [ 127.146849993096836, 37.415858282459517 ], [ 127.149675144658914, 37.415866687807188 ], [ 127.149685639750032, 37.413613280767628 ], [ 127.146860572820017, 37.413604876100671 ] ] ] ] } },
{ "type": "Feature", "properties": { "gid": "다사62ab36bb", "lbl": "N/A", "val": 0.0 }, "geometry": { "type": "MultiPolygon", "coordinates": [ [ [ [ 127.073319782964987, 37.429136350251454 ], [ 127.073306992895354, 37.431389730938932 ], [ 127.076132703430616, 37.431399897256505 ], [ 127.076145408806113, 37.429146515745821 ], [ 127.073319782964987, 37.429136350251454 ] ] ] ] } },
{ "type": "Feature", "properties": { "gid": "다사71aa38bb", "lbl": "259.00", "val": 259.0 }, "geometry": { "type": "MultiPolygon", "coordinates": [ [ [ [ 127.172138831182636, 37.447479181635124 ], [ 127.172128996743112, 37.4497325809727 ], [ 127.174955429113041, 37.44974038821104 ], [ 127.174965178777825, 37.447486988241394 ], [ 127.172138831182636, 37.447479181635124 ] ] ] ] } },
{ "type": "Feature", "properties": { "gid": "다사65ba26ba", "lbl": "120.00", "val": 120.0 }, "geometry": { "type": "MultiPolygon", "coordinates": [ [ [ [ 127.110531158223608, 37.336873460167219 ], [ 127.110519522418926, 37.339126886549977 ], [ 127.113341785784499, 37.339136143974066 ], [ 127.113353337278625, 37.336882716841011 ], [ 127.110531158223608, 37.336873460167219 ] ] ] ] } },
{ "type": "Feature", "properties": { "gid": "다사65bb30ab", "lbl": "173.00", "val": 173.0 }, "geometry": { "type": "MultiPolygon", "coordinates": [ [ [ [ 127.113179929784891, 37.370684033161261 ], [ 127.113168358987338, 37.372937447339943 ], [ 127.115991889425629, 37.372946648619298 ], [ 127.116003375771626, 37.37069323369515 ], [ 127.113179929784891, 37.370684033161261 ] ] ] ] } },
{ "type": "Feature", "properties": { "gid": "다사69ba39ba", "lbl": "33.00", "val": 33.0 }, "geometry": { "type": "MultiPolygon", "coordinates": [ [ [ [ 127.155149736223947, 37.454191106382957 ], [ 127.155139389683285, 37.456444499221817 ], [ 127.157966069719919, 37.456452714005799 ], [ 127.157976331458315, 37.454199320501907 ], [ 127.155149736223947, 37.454191106382957 ] ] ] ] } },
{ "type": "Feature", "properties": { "gid": "다사66bb39ba", "lbl": "N/A", "val": 0.0 }, "geometry": { "type": "MultiPolygon", "coordinates": [ [ [ [ 127.124057266750512, 37.454096289332959 ], [ 127.124045987394013, 37.456349674495371 ], [ 127.126872654238568, 37.456358632961511 ], [ 127.12688384879435, 37.454105247073869 ], [ 127.124057266750512, 37.454096289332959 ] ] ] ] } },
{ "type": "Feature", "properties": { "gid": "다사66bb33ba", "lbl": "225.00", "val": 225.0 }, "geometry": { "type": "MultiPolygon", "coordinates": [ [ [ [ 127.124327594909687, 37.40001478619893 ], [ 127.124316345651408, 37.402268192098539 ], [ 127.127140979881972, 37.402277133171111 ], [ 127.127152144565798, 37.40002372654731 ], [ 127.124327594909687, 37.40001478619893 ] ] ] ] } },
{ "type": "Feature", "properties": { "gid": "다사67ab29ba", "lbl": "117.00", "val": 117.0 }, "geometry": { "type": "MultiPolygon", "coordinates": [ [ [ [ 127.130153809564646, 37.36397796448923 ], [ 127.130142749172919, 37.366231385649321 ], [ 127.132966033813247, 37.366240180363071 ], [ 127.13297700978076, 37.363986758490384 ], [ 127.130153809564646, 37.36397796448923 ] ] ] ] } },
{ "type": "Feature", "properties": { "gid": "다사66ba27aa", "lbl": "224.00", "val": 224.0 }, "geometry": { "type": "MultiPolygon", "coordinates": [ [ [ [ 127.121797283739284, 37.341416940799377 ], [ 127.121785982662075, 37.343670368423801 ], [ 127.124608419765082, 37.343679358014803 ], [ 127.124619636512378, 37.341425929661845 ], [ 127.121797283739284, 37.341416940799377 ] ] ] ] } },
{ "type": "Feature", "properties": { "gid": "다사69aa38bb", "lbl": "169.00", "val": 169.0 }, "geometry": { "type": "MultiPolygon", "coordinates": [ [ [ [ 127.149528090630454, 37.447414295677362 ], [ 127.149517577997699, 37.44966768976137 ], [ 127.152344001343067, 37.449676037733298 ], [ 127.152354429202163, 37.447422642973429 ], [ 127.149528090630454, 37.447414295677362 ] ] ] ] } },
{ "type": "Feature", "properties": { "gid": "다사65ab28ba", "lbl": "128.00", "val": 128.0 }, "geometry": { "type": "MultiPolygon", "coordinates": [ [ [ [ 127.107615183005692, 37.354891517011389 ], [ 127.107603452449524, 37.357144935729217 ], [ 127.110426389340773, 37.357154266523111 ], [ 127.110438035511493, 37.35490084704918 ], [ 127.107615183005692, 37.354891517011389 ] ] ] ] } },
{ "type": "Feature", "properties": { "gid": "다사64aa36ba", "lbl": "99.00", "val": 99.0 }, "geometry": { "type": "MultiPolygon", "coordinates": [ [ [ [ 127.09311138907583, 37.426952703177378 ], [ 127.093099193226379, 37.429206090376951 ], [ 127.095924828770663, 37.429215783091998 ], [ 127.095936939934276, 37.426962395107559 ], [ 127.09311138907583, 37.426952703177378 ] ] ] ] } },
{ "type": "Feature", "properties": { "gid": "다사69ab34aa", "lbl": "194.00", "val": 194.0 }, "geometry": { "type": "MultiPolygon", "coordinates": [ [ [ [ 127.152552338095887, 37.404607978436509 ], [ 127.152541932271902, 37.40686138960529 ], [ 127.155366747688589, 37.406869657255442 ], [ 127.155377068917858, 37.404616245417039 ], [ 127.152552338095887, 37.404607978436509 ] ] ] ] } },
{ "type": "Feature", "properties": { "gid": "다사71bb38aa", "lbl": "101.00", "val": 101.0 }, "geometry": { "type": "MultiPolygon", "coordinates": [ [ [ [ 127.180646611160867, 37.440742189861531 ], [ 127.180637034245336, 37.442995593669082 ], [ 127.183463215546681, 37.443003196284103 ], [ 127.183472707715396, 37.44074979186103 ], [ 127.180646611160867, 37.440742189861531 ] ] ] ] } },
{ "type": "Feature", "properties": { "gid": "다사66bb27aa", "lbl": "152.00", "val": 152.0 }, "geometry": { "type": "MultiPolygon", "coordinates": [ [ [ [ 127.124619636512378, 37.341425929661845 ], [ 127.124608419765082, 37.343679358014803 ], [ 127.127430858116682, 37.343688280272126 ], [ 127.127441990533924, 37.341434851196077 ], [ 127.124619636512378, 37.341425929661845 ] ] ] ] } },
{ "type": "Feature", "properties": { "gid": "다사68ba29bb", "lbl": "123.00", "val": 123.0 }, "geometry": { "type": "MultiPolygon", "coordinates": [ [ [ [ 127.144259184499248, 37.366274685331781 ], [ 127.144248545045883, 37.368528109136996 ], [ 127.1470719201359, 37.3685365675925 ], [ 127.147082475154917, 37.366283143101938 ], [ 127.144259184499248, 37.366274685331781 ] ] ] ] } },
{ "type": "Feature", "properties": { "gid": "다사70ba38ab", "lbl": "397.00", "val": 397.0 }, "geometry": { "type": "MultiPolygon", "coordinates": [ [ [ [ 127.166506143922476, 37.442956566958323 ], [ 127.166496142161265, 37.445209966742517 ], [ 127.169322402792162, 37.445217907878757 ], [ 127.169332319797761, 37.44296450745162 ], [ 127.166506143922476, 37.442956566958323 ] ] ] ] } },
{ "type": "Feature", "properties": { "gid": "다사66aa27aa", "lbl": "126.00", "val": 126.0 }, "geometry": { "type": "MultiPolygon", "coordinates": [ [ [ [ 127.116152581975939, 37.341398761090176 ], [ 127.116141112239418, 37.34365218724114 ], [ 127.118963546817071, 37.343661311499218 ], [ 127.118974932224006, 37.341407884608792 ], [ 127.116152581975939, 37.341398761090176 ] ] ] ] } },
{ "type": "Feature", "properties": { "gid": "다사70ab38ba", "lbl": "463.00", "val": 463.0 }, "geometry": { "type": "MultiPolygon", "coordinates": [ [ [ [ 127.163669882644029, 37.445201958025393 ], [ 127.163659795004264, 37.447455356297567 ], [ 127.16648613928642, 37.447463365663133 ], [ 127.166496142161265, 37.445209966742517 ], [ 127.163669882644029, 37.445201958025393 ] ] ] ] } },
{ "type": "Feature", "properties": { "gid": "다사68ab40ba", "lbl": "66.00", "val": 66.0 }, "geometry": { "type": "MultiPolygon", "coordinates": [ [ [ [ 127.14097368812368, 37.463162574295836 ], [ 127.14096291277572, 37.465415960271308 ], [ 127.143789926258393, 37.465424515863894 ], [ 127.143800616766995, 37.463171129195892 ], [ 127.14097368812368, 37.463162574295836 ] ] ] ] } },
{ "type": "Feature", "properties": { "gid": "다사64ab39aa", "lbl": "22.00", "val": 22.0 }, "geometry": { "type": "MultiPolygon", "coordinates": [ [ [ [ 127.095815767598779, 37.449496236047068 ], [ 127.095803642943537, 37.451749615385637 ], [ 127.098630127214889, 37.451759248356908 ], [ 127.098642167089835, 37.449505868238475 ], [ 127.095815767598779, 37.449496236047068 ] ] ] ] } },
{ "type": "Feature", "properties": { "gid": "다사69ba33bb", "lbl": "23.00", "val": 23.0 }, "geometry": { "type": "MultiPolygon", "coordinates": [ [ [ [ 127.155387388998179, 37.402362832715241 ], [ 127.155377068917858, 37.404616245417039 ], [ 127.158201800888818, 37.404624444915449 ], [ 127.158212036383716, 37.402371031549535 ], [ 127.155387388998179, 37.402362832715241 ] ] ] ] } },
{ "type": "Feature", "properties": { "gid": "다사66bb29aa", "lbl": "153.00", "val": 153.0 }, "geometry": { "type": "MultiPolygon", "coordinates": [ [ [ [ 127.124529867565244, 37.359453332310423 ], [ 127.124518640825116, 37.361706753755996 ], [ 127.127341754155012, 37.361715681799559 ], [ 127.127352896489995, 37.359462259630547 ], [ 127.124529867565244, 37.359453332310423 ] ] ] ] } },
{ "type": "Feature", "properties": { "gid": "다사69bb39ba", "lbl": "273.00", "val": 273.0 }, "geometry": { "type": "MultiPolygon", "coordinates": [ [ [ [ 127.157976331458315, 37.454199320501907 ], [ 127.157966069719919, 37.456452714005799 ], [ 127.160792750899219, 37.456460861181775 ], [ 127.160802927835192, 37.454207467018342 ], [ 127.157976331458315, 37.454199320501907 ] ] ] ] } },
{ "type": "Feature", "properties": { "gid": "다사66ab30ba", "lbl": "230.00", "val": 230.0 }, "geometry": { "type": "MultiPolygon", "coordinates": [ [ [ [ 127.118815421142614, 37.372955782494309 ], [ 127.118804017979045, 37.375209197294794 ], [ 127.121627635426606, 37.375218264499942 ], [ 127.121638954128926, 37.372964848964848 ], [ 127.118815421142614, 37.372955782494309 ] ] ] ] } },
{ "type": "Feature", "properties": { "gid": "다사62aa30ba", "lbl": "84.00", "val": 84.0 }, "geometry": { "type": "MultiPolygon", "coordinates": [ [ [ [ 127.070815562249294, 37.372791339691901 ], [ 127.070802723267988, 37.375044741168502 ], [ 127.073626317856281, 37.375054954329009 ], [ 127.073639072379009, 37.372801552024953 ], [ 127.070815562249294, 37.372791339691901 ] ] ] ] } },
{ "type": "Feature", "properties": { "gid": "다사70ba39aa", "lbl": "563.00", "val": 563.0 }, "geometry": { "type": "MultiPolygon", "coordinates": [ [ [ [ 127.166476135297785, 37.449716763720154 ], [ 127.166466130195246, 37.451970160913554 ], [ 127.169292645149596, 37.451978103978838 ], [ 127.169302565468215, 37.449724706142376 ], [ 127.166476135297785, 37.449716763720154 ] ] ] ] } },
{ "type": "Feature", "properties": { "gid": "다사67ba38bb", "lbl": "684.00", "val": 684.0 }, "geometry": { "type": "MultiPolygon", "coordinates": [ [ [ [ 127.132570084109091, 37.447362792601218 ], [ 127.132559062837174, 37.449616182515236 ], [ 127.1353854790177, 37.449624936033736 ], [ 127.135396415516794, 37.447371545411052 ], [ 127.132570084109091, 37.447362792601218 ] ] ] ] } },
{ "type": "Feature", "properties": { "gid": "다사69ba40ba", "lbl": "N/A", "val": 0.0 }, "geometry": { "type": "MultiPolygon", "coordinates": [ [ [ [ 127.155108343148342, 37.463204672555428 ], [ 127.155097991998602, 37.46545806193889 ], [ 127.157925011338776, 37.46546627938335 ], [ 127.157935277648491, 37.463212889334699 ], [ 127.155108343148342, 37.463204672555428 ] ] ] ] } },
{ "type": "Feature", "properties": { "gid": "다사58bb30ab", "lbl": "N/A", "val": 0.0 }, "geometry": { "type": "MultiPolygon", "coordinates": [ [ [ [ 127.034123999409573, 37.370399054662371 ], [ 127.034110064033683, 37.372652445750354 ], [ 127.036933554851728, 37.372663534310817 ], [ 127.036947405780708, 37.370410142324452 ], [ 127.034123999409573, 37.370399054662371 ] ] ] ] } },
{ "type": "Feature", "properties": { "gid": "다사69bb37ba", "lbl": "511.00", "val": 511.0 }, "geometry": { "type": "MultiPolygon", "coordinates": [ [ [ [ 127.158058384246786, 37.43617214137668 ], [ 127.158048131644634, 37.43842554179021 ], [ 127.16087413466893, 37.438433683690896 ], [ 127.16088430254419, 37.436180282618132 ], [ 127.158058384246786, 37.43617214137668 ] ] ] ] } },
{ "type": "Feature", "properties": { "gid": "다사67aa40bb", "lbl": "151.00", "val": 151.0 }, "geometry": { "type": "MultiPolygon", "coordinates": [ [ [ [ 127.126827863549025, 37.46537216786956 ], [ 127.12681666275931, 37.467625549435851 ], [ 127.12964375499638, 37.467634443894347 ], [ 127.129654870937998, 37.465381061608099 ], [ 127.126827863549025, 37.46537216786956 ] ] ] ] } },
{ "type": "Feature", "properties": { "gid": "다사68ba30ab", "lbl": "178.00", "val": 178.0 }, "geometry": { "type": "MultiPolygon", "coordinates": [ [ [ [ 127.144237904408087, 37.370781532078951 ], [ 127.144227262585787, 37.37303495415761 ], [ 127.147050806572679, 37.373043413983901 ], [ 127.147061363941873, 37.370789991219823 ], [ 127.144237904408087, 37.370781532078951 ] ] ] ] } },
{ "type": "Feature", "properties": { "gid": "다사62ab36ab", "lbl": "N/A", "val": 0.0 }, "geometry": { "type": "MultiPolygon", "coordinates": [ [ [ [ 127.073345358832725, 37.424629586281853 ], [ 127.07333257161072, 37.42688296869909 ], [ 127.07615811276716, 37.426893133370314 ], [ 127.07617081531393, 37.424639750129977 ], [ 127.073345358832725, 37.424629586281853 ] ] ] ] } },
{ "type": "Feature", "properties": { "gid": "다사64aa33ab", "lbl": "213.00", "val": 213.0 }, "geometry": { "type": "MultiPolygon", "coordinates": [ [ [ [ 127.093269811624054, 37.397658590917167 ], [ 127.093257633412563, 37.39991198935423 ], [ 127.096082168776064, 37.399921671869599 ], [ 127.096094262424216, 37.397668272648268 ], [ 127.093269811624054, 37.397658590917167 ] ] ] ] } },
{ "type": "Feature", "properties": { "gid": "다사65ab27bb", "lbl": "136.00", "val": 136.0 }, "geometry": { "type": "MultiPolygon", "coordinates": [ [ [ [ 127.107650366840801, 37.348131255675682 ], [ 127.107638640201188, 37.350384676984596 ], [ 127.110461323964174, 37.350394005510339 ], [ 127.110472966246491, 37.34814058344547 ], [ 127.107650366840801, 37.348131255675682 ] ] ] ] } },
{ "type": "Feature", "properties": { "gid": "다사68ba41ab", "lbl": "532.00", "val": 532.0 }, "geometry": { "type": "MultiPolygon", "coordinates": [ [ [ [ 127.143768541669886, 37.469931286607725 ], [ 127.143757847589654, 37.472184670683504 ], [ 127.146585116837912, 37.47219316070813 ], [ 127.146595726050279, 37.46993977594515 ], [ 127.143768541669886, 37.469931286607725 ] ] ] ] } },
{ "type": "Feature", "properties": { "gid": "다사67ab39ba", "lbl": "116.00", "val": 116.0 }, "geometry": { "type": "MultiPolygon", "coordinates": [ [ [ [ 127.129710432084536, 37.454114137213232 ], [ 127.129699322329614, 37.456367523820624 ], [ 127.132525991657701, 37.456376347072627 ], [ 127.132537016611622, 37.454122959750954 ], [ 127.129710432084536, 37.454114137213232 ] ] ] ] } },
{ "type": "Feature", "properties": { "gid": "다사67ba32aa", "lbl": "10.00", "val": 10.0 }, "geometry": { "type": "MultiPolygon", "coordinates": [ [ [ [ 127.13286719510478, 37.386520938361336 ], [ 127.132856206912209, 37.388774351599032 ], [ 127.135680337535348, 37.388783085997872 ], [ 127.135691241209514, 37.386529672052625 ], [ 127.13286719510478, 37.386520938361336 ] ] ] ] } },
{ "type": "Feature", "properties": { "gid": "다사71bb37ab", "lbl": "97.00", "val": 97.0 }, "geometry": { "type": "MultiPolygon", "coordinates": [ [ [ [ 127.180675335510657, 37.433981973258831 ], [ 127.180665761793392, 37.436235379656388 ], [ 127.183491688882611, 37.4362429804249 ], [ 127.183501177881354, 37.433989573411893 ], [ 127.180675335510657, 37.433981973258831 ] ] ] ] } },
{ "type": "Feature", "properties": { "gid": "다사69ba40aa", "lbl": "208.00", "val": 208.0 }, "geometry": { "type": "MultiPolygon", "coordinates": [ [ [ [ 127.155129041990548, 37.458697891196877 ], [ 127.155118693145624, 37.460951282308081 ], [ 127.157945542815156, 37.46095949842222 ], [ 127.157955806838928, 37.458706106645906 ], [ 127.155129041990548, 37.458697891196877 ] ] ] ] } },
{ "type": "Feature", "properties": { "gid": "다사70bb36aa", "lbl": "18.00", "val": 18.0 }, "geometry": { "type": "MultiPolygon", "coordinates": [ [ [ [ 127.169421523179949, 37.422683864751129 ], [ 127.16941161610643, 37.4249372729493 ], [ 127.172237115379446, 37.424945140768713 ], [ 127.17224693778212, 37.422691731933412 ], [ 127.169421523179949, 37.422683864751129 ] ] ] ] } },
{ "type": "Feature", "properties": { "gid": "다사67bb35ba", "lbl": "282.00", "val": 282.0 }, "geometry": { "type": "MultiPolygon", "coordinates": [ [ [ [ 127.13553847925597, 37.418077388695401 ], [ 127.135527558574466, 37.420330790549137 ], [ 127.138352874659745, 37.420339467338316 ], [ 127.138363710690868, 37.41808606478191 ], [ 127.13553847925597, 37.418077388695401 ] ] ] ] } },
{ "type": "Feature", "properties": { "gid": "다사68aa30ab", "lbl": "176.00", "val": 176.0 }, "geometry": { "type": "MultiPolygon", "coordinates": [ [ [ [ 127.138590988903616, 37.370764411597854 ], [ 127.138580178175431, 37.3730178322893 ], [ 127.141403719783554, 37.373026426926046 ], [ 127.141414446058874, 37.370773005538261 ], [ 127.138590988903616, 37.370764411597854 ] ] ] ] } },
{ "type": "Feature", "properties": { "gid": "다사69ab38bb", "lbl": "150.00", "val": 150.0 }, "geometry": { "type": "MultiPolygon", "coordinates": [ [ [ [ 127.152354429202163, 37.447422642973429 ], [ 127.152344001343067, 37.449676037733298 ], [ 127.155170425849576, 37.449684318113817 ], [ 127.155180768934827, 37.447430922683587 ], [ 127.152354429202163, 37.447422642973429 ] ] ] ] } },
{ "type": "Feature", "properties": { "gid": "다사66ab27ba", "lbl": "10.00", "val": 10.0 }, "geometry": { "type": "MultiPolygon", "coordinates": [ [ [ [ 127.118952160142769, 37.345914737526186 ], [ 127.118940772200958, 37.348168162689689 ], [ 127.121763376733625, 37.348177221082409 ], [ 127.121774680326922, 37.345923795184817 ], [ 127.118952160142769, 37.345914737526186 ] ] ] ] } },
{ "type": "Feature", "properties": { "gid": "다사66ba35bb", "lbl": "N/A", "val": 0.0 }, "geometry": { "type": "MultiPolygon", "coordinates": [ [ [ [ 127.121400996574749, 37.420286393808595 ], [ 127.121389651380483, 37.422539791202951 ], [ 127.124215045951189, 37.422548806320087 ], [ 127.124226306486392, 37.420295408195685 ], [ 127.121400996574749, 37.420286393808595 ] ] ] ] } },
{ "type": "Feature", "properties": { "gid": "다사59ba30bb", "lbl": "51.00", "val": 51.0 }, "geometry": { "type": "MultiPolygon", "coordinates": [ [ [ [ 127.042566857546475, 37.374938902129081 ], [ 127.042553172465475, 37.377192294165866 ], [ 127.045376836804181, 37.377203182285832 ], [ 127.045390437418945, 37.374949789366944 ], [ 127.042566857546475, 37.374938902129081 ] ] ] ] } },
{ "type": "Feature", "properties": { "gid": "다사65bb28aa", "lbl": "389.00", "val": 389.0 }, "geometry": { "type": "MultiPolygon", "coordinates": [ [ [ [ 127.113284009023147, 37.350403266686506 ], [ 127.113272449811717, 37.352656688638305 ], [ 127.116095220524272, 37.35266588320988 ], [ 127.116106695368714, 37.350412460512992 ], [ 127.113284009023147, 37.350403266686506 ] ] ] ] } },
{ "type": "Feature", "properties": { "gid": "다사65ba31bb", "lbl": "63.00", "val": 63.0 }, "geometry": { "type": "MultiPolygon", "coordinates": [ [ [ [ 127.110286534126871, 37.384195232837257 ], [ 127.110274871090638, 37.386448641081785 ], [ 127.11309890714675, 37.386457914272036 ], [ 127.113110485675136, 37.384204505276294 ], [ 127.110286534126871, 37.384195232837257 ] ] ] ] } },
{ "type": "Feature", "properties": { "gid": "다사67aa36ba", "lbl": "15.00", "val": 15.0 }, "geometry": { "type": "MultiPolygon", "coordinates": [ [ [ [ 127.12701808629069, 37.427064549018432 ], [ 127.127006906681387, 37.429317945275464 ], [ 127.129832557784823, 37.429326827500375 ], [ 127.129843652706455, 37.427073430524089 ], [ 127.12701808629069, 37.427064549018432 ] ] ] ] } },
{ "type": "Feature", "properties": { "gid": "다사71aa35bb", "lbl": "11.00", "val": 11.0 }, "geometry": { "type": "MultiPolygon", "coordinates": [ [ [ [ 127.172256759091297, 37.420438322234787 ], [ 127.17224693778212, 37.422691731933412 ], [ 127.175072353477773, 37.422699531589359 ], [ 127.175082090125386, 37.420446121259104 ], [ 127.172256759091297, 37.420438322234787 ] ] ] ] } },
{ "type": "Feature", "properties": { "gid": "다사68ba39ba", "lbl": "159.00", "val": 159.0 }, "geometry": { "type": "MultiPolygon", "coordinates": [ [ [ [ 127.143843366900171, 37.454157573883656 ], [ 127.143832681151778, 37.456410964007702 ], [ 127.146659356523486, 37.456419449222793 ], [ 127.146669957470152, 37.454166058411829 ], [ 127.143843366900171, 37.454157573883656 ] ] ] ] } },
{ "type": "Feature", "properties": { "gid": "다사64ba35bb", "lbl": "15.00", "val": 15.0 }, "geometry": { "type": "MultiPolygon", "coordinates": [ [ [ [ 127.098798563541379, 37.420211848024799 ], [ 127.098786541079875, 37.422465239381914 ], [ 127.10161192528146, 37.42247479469458 ], [ 127.101623863085095, 37.420221402563683 ], [ 127.098798563541379, 37.420211848024799 ] ] ] ] } },
{ "type": "Feature", "properties": { "gid": "다사66aa35ba", "lbl": "21.00", "val": 21.0 }, "geometry": { "type": "MultiPolygon", "coordinates": [ [ [ [ 127.115761893780046, 37.418014765694622 ], [ 127.115750380549898, 37.420268162476589 ], [ 127.118575687926111, 37.420277311902204 ], [ 127.118587116506887, 37.418023914379297 ], [ 127.115761893780046, 37.418014765694622 ] ] ] ] } },
{ "type": "Feature", "properties": { "gid": "다사65bb28ab", "lbl": "222.00", "val": 222.0 }, "geometry": { "type": "MultiPolygon", "coordinates": [ [ [ [ 127.113272449811717, 37.352656688638305 ], [ 127.113260889313537, 37.354910109726497 ], [ 127.116083744402502, 37.354919305043204 ], [ 127.116095220524272, 37.35266588320988 ], [ 127.113272449811717, 37.352656688638305 ] ] ] ] } },
{ "type": "Feature", "properties": { "gid": "다사65ba34aa", "lbl": "44.00", "val": 44.0 }, "geometry": { "type": "MultiPolygon", "coordinates": [ [ [ [ 127.110181520045202, 37.404475875935098 ], [ 127.110169845317785, 37.406729276403617 ], [ 127.112994642367838, 37.406738556356771 ], [ 127.113006232502698, 37.404485155136648 ], [ 127.110181520045202, 37.404475875935098 ] ] ] ] } },
{ "type": "Feature", "properties": { "gid": "다사68aa34aa", "lbl": "42.00", "val": 42.0 }, "geometry": { "type": "MultiPolygon", "coordinates": [ [ [ [ 127.138428701549984, 37.404565631305239 ], [ 127.138417872754616, 37.406819039043903 ], [ 127.141242682284528, 37.406827644130644 ], [ 127.141253426485889, 37.404574235695023 ], [ 127.138428701549984, 37.404565631305239 ] ] ] ] } },
{ "type": "Feature", "properties": { "gid": "다사62ba30bb", "lbl": "6.00", "val": 6.0 }, "geometry": { "type": "MultiPolygon", "coordinates": [ [ [ [ 127.076449913864465, 37.375065100081173 ], [ 127.076437242390014, 37.37731850234281 ], [ 127.07926092427698, 37.377328581503114 ], [ 127.079273511283134, 37.375075178424908 ], [ 127.076449913864465, 37.375065100081173 ] ] ] ] } },
{ "type": "Feature", "properties": { "gid": "다사61aa29ba", "lbl": "N/A", "val": 0.0 }, "geometry": { "type": "MultiPolygon", "coordinates": [ [ [ [ 127.059574228705884, 37.363736215237829 ], [ 127.059561057757762, 37.365989616808598 ], [ 127.062384308797334, 37.36600009620448 ], [ 127.062397395325135, 37.363746693784613 ], [ 127.059574228705884, 37.363736215237829 ] ] ] ] } },
{ "type": "Feature", "properties": { "gid": "다사64ba32aa", "lbl": "14.00", "val": 14.0 }, "geometry": { "type": "MultiPolygon", "coordinates": [ [ [ [ 127.098978739944457, 37.386410873952293 ], [ 127.098966737542398, 37.388664278273247 ], [ 127.101790852865008, 37.388673821983808 ], [ 127.101802770750467, 37.386420416889749 ], [ 127.098978739944457, 37.386410873952293 ] ] ] ] } },
{ "type": "Feature", "properties": { "gid": "다사69ba37aa", "lbl": "491.00", "val": 491.0 }, "geometry": { "type": "MultiPolygon", "coordinates": [ [ [ [ 127.155253138296302, 37.431657130487899 ], [ 127.155242803268919, 37.43391053196401 ], [ 127.158068635707565, 37.433918740099536 ], [ 127.158078886027027, 37.431665337958798 ], [ 127.155253138296302, 37.431657130487899 ] ] ] ] } },
{ "type": "Feature", "properties": { "gid": "다사65ab32bb", "lbl": "160.00", "val": 160.0 }, "geometry": { "type": "MultiPolygon", "coordinates": [ [ [ [ 127.107415585853715, 37.393199517734274 ], [ 127.107403833077612, 37.395452921766122 ], [ 127.110228205960098, 37.395462265420463 ], [ 127.110239874190881, 37.393208860631759 ], [ 127.107415585853715, 37.393199517734274 ] ] ] ] } },
{ "type": "Feature", "properties": { "gid": "다사69aa41ab", "lbl": "194.00", "val": 194.0 }, "geometry": { "type": "MultiPolygon", "coordinates": [ [ [ [ 127.149422911611936, 37.469948197642083 ], [ 127.149412387267532, 37.472201583086779 ], [ 127.152239658869107, 37.472209937819379 ], [ 127.152250098345348, 37.469956551698431 ], [ 127.149422911611936, 37.469948197642083 ] ] ] ] } },
{ "type": "Feature", "properties": { "gid": "다사66bb40aa", "lbl": "6.00", "val": 6.0 }, "geometry": { "type": "MultiPolygon", "coordinates": [ [ [ [ 127.124034706781572, 37.458603058793521 ], [ 127.124023424913034, 37.46085644222736 ], [ 127.126850261387361, 37.460865402144073 ], [ 127.126861458436281, 37.458612017984919 ], [ 127.124034706781572, 37.458603058793521 ] ] ] ] } },
{ "type": "Feature", "properties": { "gid": "다사69bb39bb", "lbl": "465.00", "val": 465.0 }, "geometry": { "type": "MultiPolygon", "coordinates": [ [ [ [ 127.157966069719919, 37.456452714005799 ], [ 127.157955806838928, 37.458706106645906 ], [ 127.160782572830072, 37.458714254481478 ], [ 127.160792750899219, 37.456460861181775 ], [ 127.157966069719919, 37.456452714005799 ] ] ] ] } },
{ "type": "Feature", "properties": { "gid": "다사64ab37ba", "lbl": "24.00", "val": 24.0 }, "geometry": { "type": "MultiPolygon", "coordinates": [ [ [ [ 127.095888487188475, 37.435975941858217 ], [ 127.095876370630094, 37.43822932638453 ], [ 127.098702346361065, 37.438238954677317 ], [ 127.098714378195751, 37.435985569371425 ], [ 127.095888487188475, 37.435975941858217 ] ] ] ] } },
{ "type": "Feature", "properties": { "gid": "다사64bb36aa", "lbl": "7.00", "val": 7.0 }, "geometry": { "type": "MultiPolygon", "coordinates": [ [ [ [ 127.10161192528146, 37.42247479469458 ], [ 127.101599986148713, 37.424728185961122 ], [ 127.104425456346902, 37.424737674518049 ], [ 127.104437310812216, 37.422484282483147 ], [ 127.10161192528146, 37.42247479469458 ] ] ] ] } },
{ "type": "Feature", "properties": { "gid": "다사69aa40ba", "lbl": "N/A", "val": 0.0 }, "geometry": { "type": "MultiPolygon", "coordinates": [ [ [ [ 127.149454477614924, 37.463188036123967 ], [ 127.14944395678549, 37.465441424160659 ], [ 127.152270973811014, 37.465449776864631 ], [ 127.152281409800665, 37.463196388151815 ], [ 127.149454477614924, 37.463188036123967 ] ] ] ] } },
{ "type": "Feature", "properties": { "gid": "다사66bb32ab", "lbl": "285.00", "val": 285.0 }, "geometry": { "type": "MultiPolygon", "coordinates": [ [ [ [ 127.124383822420185, 37.388747743743927 ], [ 127.124372579421717, 37.391001153962463 ], [ 127.127196790874137, 37.391010091414479 ], [ 127.12720794934522, 37.388756680471957 ], [ 127.124383822420185, 37.388747743743927 ] ] ] ] } },
{ "type": "Feature", "properties": { "gid": "다사63ab32aa", "lbl": "178.00", "val": 178.0 }, "geometry": { "type": "MultiPolygon", "coordinates": [ [ [ [ 127.0848586061432, 37.3863621477187 ], [ 127.084846181160415, 37.388615548092162 ], [ 127.087670289707958, 37.388625429011817 ], [ 127.087682630174925, 37.386372027837936 ], [ 127.0848586061432, 37.3863621477187 ] ] ] ] } },
{ "type": "Feature", "properties": { "gid": "다사61bb30aa", "lbl": "N/A", "val": 0.0 }, "geometry": { "type": "MultiPolygon", "coordinates": [ [ [ [ 127.068017896112764, 37.368274256075154 ], [ 127.068004975549883, 37.37052765844787 ], [ 127.070828399801499, 37.370537937350818 ], [ 127.070841235924746, 37.368284534145282 ], [ 127.068017896112764, 37.368274256075154 ] ] ] ] } },
{ "type": "Feature", "properties": { "gid": "다사67ba34bb", "lbl": "147.00", "val": 147.0 }, "geometry": { "type": "MultiPolygon", "coordinates": [ [ [ [ 127.132746257681674, 37.411308436474833 ], [ 127.132735256024958, 37.413561840211898 ], [ 127.135560316971919, 37.413570582396552 ], [ 127.135571234006633, 37.411317177951481 ], [ 127.132746257681674, 37.411308436474833 ] ] ] ] } },
{ "type": "Feature", "properties": { "gid": "다사70aa34bb", "lbl": "239.00", "val": 239.0 }, "geometry": { "type": "MultiPolygon", "coordinates": [ [ [ [ 127.160996074489958, 37.411392813825387 ], [ 127.160985919059272, 37.413646224396544 ], [ 127.163810991736796, 37.413654291543622 ], [ 127.16382106254413, 37.411400880319121 ], [ 127.160996074489958, 37.411392813825387 ] ] ] ] } },
{ "type": "Feature", "properties": { "gid": "다사64ba30aa", "lbl": "185.00", "val": 185.0 }, "geometry": { "type": "MultiPolygon", "coordinates": [ [ [ [ 127.099074711076511, 37.368383608278329 ], [ 127.099062719358429, 37.370637019511641 ], [ 127.101886158811411, 37.370646557038604 ], [ 127.10189806608814, 37.368393145032563 ], [ 127.099074711076511, 37.368383608278329 ] ] ] ] } },
{ "type": "Feature", "properties": { "gid": "다사64aa30ab", "lbl": "25.00", "val": 25.0 }, "geometry": { "type": "MultiPolygon", "coordinates": [ [ [ [ 127.093415844466676, 37.370617742262844 ], [ 127.093403682512516, 37.372871151070207 ], [ 127.096227203736689, 37.372880824177429 ], [ 127.096239281240386, 37.370627414586352 ], [ 127.093415844466676, 37.370617742262844 ] ] ] ] } },
{ "type": "Feature", "properties": { "gid": "다사70aa39aa", "lbl": "627.00", "val": 627.0 }, "geometry": { "type": "MultiPolygon", "coordinates": [ [ [ [ 127.160823278308101, 37.449700676100292 ], [ 127.160813103638105, 37.451954071991182 ], [ 127.163639616354956, 37.451962150250978 ], [ 127.163649706241287, 37.449708753706105 ], [ 127.160823278308101, 37.449700676100292 ] ] ] ] } },
{ "type": "Feature", "properties": { "gid": "다사65bb26ab", "lbl": "346.00", "val": 346.0 }, "geometry": { "type": "MultiPolygon", "coordinates": [ [ [ [ 127.113364887487094, 37.334629288844489 ], [ 127.113353337278625, 37.336882716841011 ], [ 127.11617551761934, 37.336891906197877 ], [ 127.116186983526504, 37.334638477456551 ], [ 127.113364887487094, 37.334629288844489 ] ] ] ] } },
{ "type": "Feature", "properties": { "gid": "다사62bb32ab", "lbl": "41.00", "val": 41.0 }, "geometry": { "type": "MultiPolygon", "coordinates": [ [ [ [ 127.079197968224449, 37.388595583928399 ], [ 127.079185372808411, 37.39084898182017 ], [ 127.082009563104975, 37.390858998434155 ], [ 127.0820220739961, 37.388605599730987 ], [ 127.079197968224449, 37.388595583928399 ] ] ] ] } },
{ "type": "Feature", "properties": { "gid": "다사62ba28aa", "lbl": "N/A", "val": 0.0 }, "geometry": { "type": "MultiPolygon", "coordinates": [ [ [ [ 127.076589207028519, 37.350277618157243 ], [ 127.076576551060185, 37.35253102992619 ], [ 127.079399304312616, 37.352541100106833 ], [ 127.079411875916009, 37.350287687521849 ], [ 127.076589207028519, 37.350277618157243 ] ] ] ] } },
{ "type": "Feature", "properties": { "gid": "다사67aa41aa", "lbl": "29.00", "val": 29.0 }, "geometry": { "type": "MultiPolygon", "coordinates": [ [ [ [ 127.12681666275931, 37.467625549435851 ], [ 127.126805460722366, 37.46987893013781 ], [ 127.129632637816968, 37.469887825316313 ], [ 127.12964375499638, 37.467634443894347 ], [ 127.12681666275931, 37.467625549435851 ] ] ] ] } },
{ "type": "Feature", "properties": { "gid": "다사71aa39aa", "lbl": "349.00", "val": 349.0 }, "geometry": { "type": "MultiPolygon", "coordinates": [ [ [ [ 127.172128996743112, 37.4497325809727 ], [ 127.172119161208556, 37.451985979446739 ], [ 127.174945678362661, 37.451993787317186 ], [ 127.174955429113041, 37.44974038821104 ], [ 127.172128996743112, 37.4497325809727 ] ] ] ] } },
{ "type": "Feature", "properties": { "gid": "다사65ab36aa", "lbl": "6.00", "val": 6.0 }, "geometry": { "type": "MultiPolygon", "coordinates": [ [ [ [ 127.107262697662648, 37.422493702747516 ], [ 127.107250927864939, 37.424747095545321 ], [ 127.110076400693401, 37.424756449042832 ], [ 127.110088085823378, 37.422503055487589 ], [ 127.107262697662648, 37.422493702747516 ] ] ] ] } },
{ "type": "Feature", "properties": { "gid": "다사66ab38ab", "lbl": "N/A", "val": 0.0 }, "geometry": { "type": "MultiPolygon", "coordinates": [ [ [ [ 127.118461332110272, 37.442811239604261 ], [ 127.118449889524584, 37.445064627621356 ], [ 127.121276129940071, 37.445073717620851 ], [ 127.12128748777252, 37.442820328867789 ], [ 127.118461332110272, 37.442811239604261 ] ] ] ] } },
{ "type": "Feature", "properties": { "gid": "다사67ab31ab", "lbl": "388.00", "val": 388.0 }, "geometry": { "type": "MultiPolygon", "coordinates": [ [ [ [ 127.130076360960942, 37.379751894476634 ], [ 127.130065291947346, 37.382005309592138 ], [ 127.132889167820593, 37.382014109295213 ], [ 127.132900152344135, 37.379760693466828 ], [ 127.130076360960942, 37.379751894476634 ] ] ] ] } },
{ "type": "Feature", "properties": { "gid": "다사70ab39ab", "lbl": "391.00", "val": 391.0 }, "geometry": { "type": "MultiPolygon", "coordinates": [ [ [ [ 127.163639616354956, 37.451962150250978 ], [ 127.163629525345115, 37.454215545932186 ], [ 127.166456123978662, 37.454223557243324 ], [ 127.166466130195246, 37.451970160913554 ], [ 127.163639616354956, 37.451962150250978 ] ] ] ] } },
{ "type": "Feature", "properties": { "gid": "다사62aa36ab", "lbl": "21.00", "val": 21.0 }, "geometry": { "type": "MultiPolygon", "coordinates": [ [ [ [ 127.070519903775093, 37.424619354905175 ], [ 127.070507031877966, 37.426872736493841 ], [ 127.07333257161072, 37.42688296869909 ], [ 127.073345358832725, 37.424629586281853 ], [ 127.070519903775093, 37.424619354905175 ] ] ] ] } },
{ "type": "Feature", "properties": { "gid": "다사69aa37ba", "lbl": "81.00", "val": 81.0 }, "geometry": { "type": "MultiPolygon", "coordinates": [ [ [ [ 127.149580636240898, 37.436147312300186 ], [ 127.149570129458795, 37.438400710703171 ], [ 127.152396129030123, 37.438409055296255 ], [ 127.152406551085733, 37.436155656217615 ], [ 127.149580636240898, 37.436147312300186 ] ] ] ] } },
{ "type": "Feature", "properties": { "gid": "다사68ba34aa", "lbl": "161.00", "val": 161.0 }, "geometry": { "type": "MultiPolygon", "coordinates": [ [ [ [ 127.144078152617851, 37.404582772603128 ], [ 127.144067493010638, 37.406836181730235 ], [ 127.146892304923526, 37.406844651842597 ], [ 127.146902879936448, 37.404591242029475 ], [ 127.144078152617851, 37.404582772603128 ] ] ] ] } },
{ "type": "Feature", "properties": { "gid": "다사65ba35ab", "lbl": "36.00", "val": 36.0 }, "geometry": { "type": "MultiPolygon", "coordinates": [ [ [ [ 127.110123133408734, 37.41574286963656 ], [ 127.110111452180874, 37.417996265784431 ], [ 127.112936672334897, 37.418005549496307 ], [ 127.112948268923134, 37.415752152596603 ], [ 127.110123133408734, 37.41574286963656 ] ] ] ] } },
{ "type": "Feature", "properties": { "gid": "다사70ab39bb", "lbl": "515.00", "val": 515.0 }, "geometry": { "type": "MultiPolygon", "coordinates": [ [ [ [ 127.163619433211693, 37.456468940749694 ], [ 127.163609339954533, 37.458722334703495 ], [ 127.166436108202859, 37.458730347311892 ], [ 127.166446116647904, 37.456476952709444 ], [ 127.163619433211693, 37.456468940749694 ] ] ] ] } },
{ "type": "Feature", "properties": { "gid": "다사67aa32ba", "lbl": "137.00", "val": 137.0 }, "geometry": { "type": "MultiPolygon", "coordinates": [ [ [ [ 127.127196790874137, 37.391010091414479 ], [ 127.127185631160785, 37.393263501493287 ], [ 127.130009928392425, 37.393272372215435 ], [ 127.130021003568828, 37.391018961418055 ], [ 127.127196790874137, 37.391010091414479 ] ] ] ] } },
{ "type": "Feature", "properties": { "gid": "다사68aa36ba", "lbl": "369.00", "val": 369.0 }, "geometry": { "type": "MultiPolygon", "coordinates": [ [ [ [ 127.138320359327039, 37.427099669824798 ], [ 127.138309518469228, 37.429353068925998 ], [ 127.141135174457332, 37.42936168098452 ], [ 127.141145930626891, 37.42710828118598 ], [ 127.138320359327039, 37.427099669824798 ] ] ] ] } },
{ "type": "Feature", "properties": { "gid": "다사71aa38aa", "lbl": "N/A", "val": 0.0 }, "geometry": { "type": "MultiPolygon", "coordinates": [ [ [ [ 127.172168327932312, 37.440718978441346 ], [ 127.172158496777101, 37.442972380369433 ], [ 127.174984674851132, 37.442980185711662 ], [ 127.174994421259896, 37.440726783151611 ], [ 127.172168327932312, 37.440718978441346 ] ] ] ] } },
{ "type": "Feature", "properties": { "gid": "다사68bb37ba", "lbl": "330.00", "val": 330.0 }, "geometry": { "type": "MultiPolygon", "coordinates": [ [ [ [ 127.146754722565817, 37.436138900824261 ], [ 127.146744131057332, 37.43839229854612 ], [ 127.149570129458795, 37.438400710703171 ], [ 127.149580636240898, 37.436147312300186 ], [ 127.146754722565817, 37.436138900824261 ] ] ] ] } },
{ "type": "Feature", "properties": { "gid": "다사64ba36aa", "lbl": "73.00", "val": 73.0 }, "geometry": { "type": "MultiPolygon", "coordinates": [ [ [ [ 127.098786541079875, 37.422465239381914 ], [ 127.098774517279807, 37.424718629874612 ], [ 127.101599986148713, 37.424728185961122 ], [ 127.10161192528146, 37.42247479469458 ], [ 127.098786541079875, 37.422465239381914 ] ] ] ] } },
{ "type": "Feature", "properties": { "gid": "다사66ab31aa", "lbl": "115.00", "val": 115.0 }, "geometry": { "type": "MultiPolygon", "coordinates": [ [ [ [ 127.118792613546034, 37.377462611231572 ], [ 127.11878120784344, 37.379716024304649 ], [ 127.121604994241707, 37.379725092979136 ], [ 127.121616315464237, 37.377471679171379 ], [ 127.118792613546034, 37.377462611231572 ] ] ] ] } },
{ "type": "Feature", "properties": { "gid": "다사67ba37bb", "lbl": "793.00", "val": 793.0 }, "geometry": { "type": "MultiPolygon", "coordinates": [ [ [ [ 127.132614156927971, 37.438349224304552 ], [ 127.132603140563305, 37.44060261767477 ], [ 127.135429217709088, 37.440611368358816 ], [ 127.135440149338663, 37.43835797428008 ], [ 127.132614156927971, 37.438349224304552 ] ] ] ] } },
{ "type": "Feature", "properties": { "gid": "다사66ba36ab", "lbl": "N/A", "val": 0.0 }, "geometry": { "type": "MultiPolygon", "coordinates": [ [ [ [ 127.12137830492307, 37.42479318773325 ], [ 127.121366957202341, 37.427046583399488 ], [ 127.124192521119497, 37.42705559997686 ], [ 127.124203784162276, 37.424802203580484 ], [ 127.12137830492307, 37.42479318773325 ] ] ] ] } },
{ "type": "Feature", "properties": { "gid": "다사66aa30bb", "lbl": "323.00", "val": 323.0 }, "geometry": { "type": "MultiPolygon", "coordinates": [ [ [ [ 127.115980401800968, 37.375200062679724 ], [ 127.115968912897429, 37.377453475876401 ], [ 127.118792613546034, 37.377462611231572 ], [ 127.118804017979045, 37.375209197294794 ], [ 127.115980401800968, 37.375200062679724 ] ] ] ] } },
{ "type": "Feature", "properties": { "gid": "다사61bb29ab", "lbl": "56.00", "val": 56.0 }, "geometry": { "type": "MultiPolygon", "coordinates": [ [ [ [ 127.068056649173002, 37.361514043770171 ], [ 127.068043732924153, 37.363767448736283 ], [ 127.07086690388509, 37.363777725140956 ], [ 127.070879735722528, 37.36152431934218 ], [ 127.068056649173002, 37.361514043770171 ] ] ] ] } },
{ "type": "Feature", "properties": { "gid": "다사64aa32bb", "lbl": "37.00", "val": 37.0 }, "geometry": { "type": "MultiPolygon", "coordinates": [ [ [ [ 127.093294163980275, 37.39315179145018 ], [ 127.093281988479916, 37.395405191615808 ], [ 127.096106354726118, 37.395414872562689 ], [ 127.096118445681938, 37.393161471612892 ], [ 127.093294163980275, 37.39315179145018 ] ] ] ] } },
{ "type": "Feature", "properties": { "gid": "다사70bb40ba", "lbl": "45.00", "val": 45.0 }, "geometry": { "type": "MultiPolygon", "coordinates": [ [ [ [ 127.16924302698493, 37.463245080206825 ], [ 127.169233100036763, 37.465498472861448 ], [ 127.172060124998325, 37.465506352155622 ], [ 127.172069967105784, 37.463252958863201 ], [ 127.16924302698493, 37.463245080206825 ] ] ] ] } },
{ "type": "Feature", "properties": { "gid": "다사61bb32ba", "lbl": "74.00", "val": 74.0 }, "geometry": { "type": "MultiPolygon", "coordinates": [ [ [ [ 127.067888625738462, 37.390808240897556 ], [ 127.067875690784604, 37.393061634624431 ], [ 127.070699959949465, 37.393071921858166 ], [ 127.070712810369685, 37.390818527298002 ], [ 127.067888625738462, 37.390808240897556 ] ] ] ] } },
{ "type": "Feature", "properties": { "gid": "다사68bb36ab", "lbl": "145.00", "val": 145.0 }, "geometry": { "type": "MultiPolygon", "coordinates": [ [ [ [ 127.146807662423669, 37.424871899258576 ], [ 127.146797076809563, 37.427125301299164 ], [ 127.149622651673496, 37.427133710051024 ], [ 127.149633152608359, 37.424880307329509 ], [ 127.146807662423669, 37.424871899258576 ] ] ] ] } },
{ "type": "Feature", "properties": { "gid": "다사65bb27aa", "lbl": "112.00", "val": 112.0 }, "geometry": { "type": "MultiPolygon", "coordinates": [ [ [ [ 127.113330233004504, 37.341389570243606 ], [ 127.113318678938526, 37.343642995649667 ], [ 127.116141112239418, 37.34365218724114 ], [ 127.116152581975939, 37.341398761090176 ], [ 127.113330233004504, 37.341389570243606 ] ] ] ] } },
{ "type": "Feature", "properties": { "gid": "다사68bb30aa", "lbl": "52.00", "val": 52.0 }, "geometry": { "type": "MultiPolygon", "coordinates": [ [ [ [ 127.1470719201359, 37.3685365675925 ], [ 127.147061363941873, 37.370789991219823 ], [ 127.149884824650783, 37.370798382960793 ], [ 127.149895296400928, 37.368544958653551 ], [ 127.1470719201359, 37.3685365675925 ] ] ] ] } },
{ "type": "Feature", "properties": { "gid": "다사66bb37ab", "lbl": "79.00", "val": 79.0 }, "geometry": { "type": "MultiPolygon", "coordinates": [ [ [ [ 127.124158724466454, 37.433815783981657 ], [ 127.124147456406718, 37.436069176921769 ], [ 127.126973360384497, 37.436078128862434 ], [ 127.126984543728454, 37.433824735197483 ], [ 127.124158724466454, 37.433815783981657 ] ] ] ] } },
{ "type": "Feature", "properties": { "gid": "다사64ab36ab", "lbl": "41.00", "val": 41.0 }, "geometry": { "type": "MultiPolygon", "coordinates": [ [ [ [ 127.09594904974962, 37.424709006258624 ], [ 127.095936939934276, 37.426962395107559 ], [ 127.098762492141034, 37.426972019502891 ], [ 127.098774517279807, 37.424718629874612 ], [ 127.09594904974962, 37.424709006258624 ] ] ] ] } },
{ "type": "Feature", "properties": { "gid": "다사59bb31aa", "lbl": "N/A", "val": 0.0 }, "geometry": { "type": "MultiPolygon", "coordinates": [ [ [ [ 127.045376836804181, 37.377203182285832 ], [ 127.045363234675364, 37.37945657433977 ], [ 127.04818698500398, 37.379467395923733 ], [ 127.048200502656968, 37.377214002993092 ], [ 127.045376836804181, 37.377203182285832 ] ] ] ] } },
{ "type": "Feature", "properties": { "gid": "다사64ba28aa", "lbl": "N/A", "val": 0.0 }, "geometry": { "type": "MultiPolygon", "coordinates": [ [ [ [ 127.099170596782017, 37.350356287310873 ], [ 127.099158615737835, 37.352609705455343 ], [ 127.101981379922805, 37.352619236801623 ], [ 127.101993276600709, 37.350365817884772 ], [ 127.099170596782017, 37.350356287310873 ] ] ] ] } },
{ "type": "Feature", "properties": { "gid": "다사63bb31ba", "lbl": "11.00", "val": 11.0 }, "geometry": { "type": "MultiPolygon", "coordinates": [ [ [ [ 127.090531163389642, 37.381875033990596 ], [ 127.090518910167035, 37.384128437687913 ], [ 127.093342852429942, 37.384138182145286 ], [ 127.093355021155205, 37.381884777658577 ], [ 127.090531163389642, 37.381875033990596 ] ] ] ] } },
{ "type": "Feature", "properties": { "gid": "다사67aa37aa", "lbl": "338.00", "val": 338.0 }, "geometry": { "type": "MultiPolygon", "coordinates": [ [ [ [ 127.126995725827371, 37.431571340668498 ], [ 127.126984543728454, 37.433824735197483 ], [ 127.129810364235482, 37.433833618860994 ], [ 127.129821461627884, 37.431580223612691 ], [ 127.126995725827371, 37.431571340668498 ] ] ] ] } },
{ "type": "Feature", "properties": { "gid": "다사69ba37ba", "lbl": "N/A", "val": 0.0 }, "geometry": { "type": "MultiPolygon", "coordinates": [ [ [ [ 127.15523246709084, 37.436163932576477 ], [ 127.155222129761896, 37.438417332325301 ], [ 127.158048131644634, 37.43842554179021 ], [ 127.158058384246786, 37.43617214137668 ], [ 127.15523246709084, 37.436163932576477 ] ] ] ] } },
{ "type": "Feature", "properties": { "gid": "다사67aa35ba", "lbl": "26.00", "val": 26.0 }, "geometry": { "type": "MultiPolygon", "coordinates": [ [ [ [ 127.127062792283382, 37.418050955350452 ], [ 127.127051617651574, 37.420304355063379 ], [ 127.129876930060959, 37.420313234411587 ], [ 127.129888020042813, 37.418059833979584 ], [ 127.127062792283382, 37.418050955350452 ] ] ] ] } },
{ "type": "Feature", "properties": { "gid": "다사71ab36aa", "lbl": "76.00", "val": 76.0 }, "geometry": { "type": "MultiPolygon", "coordinates": [ [ [ [ 127.175072353477773, 37.422699531589359 ], [ 127.175062615746114, 37.424952941056318 ], [ 127.177888117196943, 37.424960673812031 ], [ 127.177897770257502, 37.422707263718884 ], [ 127.175072353477773, 37.422699531589359 ] ] ] ] } },
{ "type": "Feature", "properties": { "gid": "다사67ba29bb", "lbl": "10.00", "val": 10.0 }, "geometry": { "type": "MultiPolygon", "coordinates": [ [ [ [ 127.132966033813247, 37.366240180363071 ], [ 127.132955056623885, 37.368493601372357 ], [ 127.135778426919885, 37.368502329404734 ], [ 127.135789319675453, 37.366248907688288 ], [ 127.132966033813247, 37.366240180363071 ] ] ] ] } },
{ "type": "Feature", "properties": { "gid": "다사67aa30ab", "lbl": "384.00", "val": 384.0 }, "geometry": { "type": "MultiPolygon", "coordinates": [ [ [ [ 127.127297172410039, 37.370729361840709 ], [ 127.127286023871775, 37.372982779692194 ], [ 127.13010956060954, 37.372991643948808 ], [ 127.130120624695493, 37.370738225379135 ], [ 127.127297172410039, 37.370729361840709 ] ] ] ] } },
{ "type": "Feature", "properties": { "gid": "다사65bb26ba", "lbl": "510.00", "val": 510.0 }, "geometry": { "type": "MultiPolygon", "coordinates": [ [ [ [ 127.113353337278625, 37.336882716841011 ], [ 127.113341785784499, 37.339136143974066 ], [ 127.11616405043587, 37.339145334075745 ], [ 127.11617551761934, 37.336891906197877 ], [ 127.113353337278625, 37.336882716841011 ] ] ] ] } },
{ "type": "Feature", "properties": { "gid": "다사68ab30bb", "lbl": "86.00", "val": 86.0 }, "geometry": { "type": "MultiPolygon", "coordinates": [ [ [ [ 127.141392992314124, 37.375279847450479 ], [ 127.14138226365047, 37.377533267111545 ], [ 127.144205975386924, 37.377541795724973 ], [ 127.144216619578756, 37.375288375372961 ], [ 127.141392992314124, 37.375279847450479 ] ] ] ] } },
{ "type": "Feature", "properties": { "gid": "다사66ba26ba", "lbl": "24.00", "val": 24.0 }, "geometry": { "type": "MultiPolygon", "coordinates": [ [ [ [ 127.121819882120306, 37.336910082960422 ], [ 127.121808583558632, 37.339163512311579 ], [ 127.124630852011236, 37.339172500445528 ], [ 127.124642066261785, 37.336919070365909 ], [ 127.121819882120306, 37.336910082960422 ] ] ] ] } },
{ "type": "Feature", "properties": { "gid": "다사61ba29ba", "lbl": "119.00", "val": 119.0 }, "geometry": { "type": "MultiPolygon", "coordinates": [ [ [ [ 127.065220563401027, 37.363757104950807 ], [ 127.06520756129369, 37.366010508214288 ], [ 127.068030815237464, 37.366020852837941 ], [ 127.068043732924153, 37.363767448736283 ], [ 127.065220563401027, 37.363757104950807 ] ] ] ] } },
{ "type": "Feature", "properties": { "gid": "다사65ba31ba", "lbl": "24.00", "val": 24.0 }, "geometry": { "type": "MultiPolygon", "coordinates": [ [ [ [ 127.110298195864857, 37.381941823728809 ], [ 127.110286534126871, 37.384195232837257 ], [ 127.113110485675136, 37.384204505276294 ], [ 127.113122062914684, 37.381951095416667 ], [ 127.110298195864857, 37.381941823728809 ] ] ] ] } },
{ "type": "Feature", "properties": { "gid": "다사65bb27ba", "lbl": "388.00", "val": 388.0 }, "geometry": { "type": "MultiPolygon", "coordinates": [ [ [ [ 127.113307123586409, 37.345896420192176 ], [ 127.113295566947997, 37.34814984387112 ], [ 127.116118168935955, 37.348159036952566 ], [ 127.116129641226124, 37.345905612528611 ], [ 127.113307123586409, 37.345896420192176 ] ] ] ] } },
{ "type": "Feature", "properties": { "gid": "다사62ab30aa", "lbl": "N/A", "val": 0.0 }, "geometry": { "type": "MultiPolygon", "coordinates": [ [ [ [ 127.073664577165502, 37.368294744823594 ], [ 127.073651825482045, 37.370548148856479 ], [ 127.076475252582142, 37.370558292964709 ], [ 127.076487919825666, 37.368304888109947 ], [ 127.073664577165502, 37.368294744823594 ] ] ] ] } },
{ "type": "Feature", "properties": { "gid": "다사65ba35ba", "lbl": "7.00", "val": 7.0 }, "geometry": { "type": "MultiPolygon", "coordinates": [ [ [ [ 127.110111452180874, 37.417996265784431 ], [ 127.110099769652464, 37.420249661068112 ], [ 127.112925074455561, 37.420258945531863 ], [ 127.112936672334897, 37.418005549496307 ], [ 127.110111452180874, 37.417996265784431 ] ] ] ] } },
{ "type": "Feature", "properties": { "gid": "다사69aa35ab", "lbl": "80.00", "val": 80.0 }, "geometry": { "type": "MultiPolygon", "coordinates": [ [ [ [ 127.149675144658914, 37.415866687807188 ], [ 127.149664648399352, 37.418120093983177 ], [ 127.152489885771601, 37.418128432496871 ], [ 127.152500297389508, 37.41587502564559 ], [ 127.149675144658914, 37.415866687807188 ] ] ] ] } },
{ "type": "Feature", "properties": { "gid": "다사65ab29aa", "lbl": "128.00", "val": 128.0 }, "geometry": { "type": "MultiPolygon", "coordinates": [ [ [ [ 127.107591720587507, 37.359398353583316 ], [ 127.107579987419513, 37.361651770573665 ], [ 127.110403093109923, 37.361661102879886 ], [ 127.110414741873626, 37.359407685133355 ], [ 127.107591720587507, 37.359398353583316 ] ] ] ] } },
{ "type": "Feature", "properties": { "gid": "다사65ba33aa", "lbl": "10.00", "val": 10.0 }, "geometry": { "type": "MultiPolygon", "coordinates": [ [ [ [ 127.110228205960098, 37.395462265420463 ], [ 127.110216536430286, 37.397715669345175 ], [ 127.113040995166671, 37.397724946292151 ], [ 127.113052580141613, 37.395471541616011 ], [ 127.110228205960098, 37.395462265420463 ] ] ] ] } },
{ "type": "Feature", "properties": { "gid": "다사68aa31ba", "lbl": "45.00", "val": 45.0 }, "geometry": { "type": "MultiPolygon", "coordinates": [ [ [ [ 127.138536923226297, 37.382031506420994 ], [ 127.138526106479219, 37.384284922795302 ], [ 127.141350070492749, 37.384293520914362 ], [ 127.141360802739925, 37.382040103843501 ], [ 127.138536923226297, 37.382031506420994 ] ] ] ] } },
{ "type": "Feature", "properties": { "gid": "다사65aa39bb", "lbl": "20.00", "val": 20.0 }, "geometry": { "type": "MultiPolygon", "coordinates": [ [ [ [ 127.104259355177021, 37.456285072243766 ], [ 127.104247480897584, 37.458538451311796 ], [ 127.107074223561426, 37.458547883788007 ], [ 127.107086013031761, 37.456294503956393 ], [ 127.104259355177021, 37.456285072243766 ] ] ] ] } },
{ "type": "Feature", "properties": { "gid": "다사66bb38bb", "lbl": "N/A", "val": 0.0 }, "geometry": { "type": "MultiPolygon", "coordinates": [ [ [ [ 127.124091097285941, 37.447336128660211 ], [ 127.124079821696355, 37.449589516415358 ], [ 127.126906234167052, 37.449598472705944 ], [ 127.126917424984242, 37.447345084225709 ], [ 127.124091097285941, 37.447336128660211 ] ] ] ] } },
{ "type": "Feature", "properties": { "gid": "다사64ba36bb", "lbl": "428.00", "val": 428.0 }, "geometry": { "type": "MultiPolygon", "coordinates": [ [ [ [ 127.098750465663414, 37.429225408266724 ], [ 127.098738437846762, 37.431478796166118 ], [ 127.101564160774103, 37.431488354574412 ], [ 127.101576103895169, 37.429234965901053 ], [ 127.098750465663414, 37.429225408266724 ] ] ] ] } },
{ "type": "Feature", "properties": { "gid": "다사67ab35aa", "lbl": "529.00", "val": 529.0 }, "geometry": { "type": "MultiPolygon", "coordinates": [ [ [ [ 127.129910196302902, 37.413553030523964 ], [ 127.12989910879007, 37.415806432683702 ], [ 127.132724253143394, 37.415815243085156 ], [ 127.132735256024958, 37.413561840211898 ], [ 127.129910196302902, 37.413553030523964 ] ] ] ] } },
{ "type": "Feature", "properties": { "gid": "다사65ab35ab", "lbl": "N/A", "val": 0.0 }, "geometry": { "type": "MultiPolygon", "coordinates": [ [ [ [ 127.107297999194742, 37.415733519168526 ], [ 127.107286233327414, 37.417986914559094 ], [ 127.110111452180874, 37.417996265784431 ], [ 127.110123133408734, 37.41574286963656 ], [ 127.107297999194742, 37.415733519168526 ] ] ] ] } },
{ "type": "Feature", "properties": { "gid": "다사70ba37ba", "lbl": "171.00", "val": 171.0 }, "geometry": { "type": "MultiPolygon", "coordinates": [ [ [ [ 127.166536142525487, 37.436196362424461 ], [ 127.166526144104452, 37.43844976479928 ], [ 127.169352150496806, 37.438457704006815 ], [ 127.169362064190565, 37.436204300989168 ], [ 127.166536142525487, 37.436196362424461 ] ] ] ] } },
{ "type": "Feature", "properties": { "gid": "다사65aa29ab", "lbl": "275.00", "val": 275.0 }, "geometry": { "type": "MultiPolygon", "coordinates": [ [ [ [ 127.104756883035236, 37.361642370890671 ], [ 127.104745064147608, 37.363895786255561 ], [ 127.10756825294537, 37.363905186700244 ], [ 127.107579987419513, 37.361651770573665 ], [ 127.104756883035236, 37.361642370890671 ] ] ] ] } },
{ "type": "Feature", "properties": { "gid": "다사66bb35bb", "lbl": "N/A", "val": 0.0 }, "geometry": { "type": "MultiPolygon", "coordinates": [ [ [ [ 127.124226306486392, 37.420295408195685 ], [ 127.124215045951189, 37.422548806320087 ], [ 127.127040441775648, 37.422557753912365 ], [ 127.127051617651574, 37.420304355063379 ], [ 127.124226306486392, 37.420295408195685 ] ] ] ] } },
{ "type": "Feature", "properties": { "gid": "다사66aa32ab", "lbl": "733.00", "val": 733.0 }, "geometry": { "type": "MultiPolygon", "coordinates": [ [ [ [ 127.115911449191842, 37.388720528902901 ], [ 127.115899952612082, 37.390973936916701 ], [ 127.118724160281275, 37.390983076713482 ], [ 127.118735572334089, 37.388729667959304 ], [ 127.115911449191842, 37.388720528902901 ] ] ] ] } },
{ "type": "Feature", "properties": { "gid": "다사67bb34bb", "lbl": "228.00", "val": 228.0 }, "geometry": { "type": "MultiPolygon", "coordinates": [ [ [ [ 127.135571234006633, 37.411317177951481 ], [ 127.135560316971919, 37.413570582396552 ], [ 127.138385379134306, 37.413579257077856 ], [ 127.138396211546933, 37.411325851930236 ], [ 127.135571234006633, 37.411317177951481 ] ] ] ] } },
{ "type": "Feature", "properties": { "gid": "다사66ba28bb", "lbl": "200.00", "val": 200.0 }, "geometry": { "type": "MultiPolygon", "coordinates": [ [ [ [ 127.121718149776243, 37.357190916038192 ], [ 127.121706839890095, 37.359444337618399 ], [ 127.124529867565244, 37.359453332310423 ], [ 127.124541093055754, 37.357199910001363 ], [ 127.121718149776243, 37.357190916038192 ] ] ] ] } },
{ "type": "Feature", "properties": { "gid": "다사67ba32ab", "lbl": "80.00", "val": 80.0 }, "geometry": { "type": "MultiPolygon", "coordinates": [ [ [ [ 127.132856206912209, 37.388774351599032 ], [ 127.132845217496367, 37.391027763973121 ], [ 127.135669432647319, 37.391036499079561 ], [ 127.135680337535348, 37.388783085997872 ], [ 127.132856206912209, 37.388774351599032 ] ] ] ] } },
{ "type": "Feature", "properties": { "gid": "다사61bb34ab", "lbl": "N/A", "val": 0.0 }, "geometry": { "type": "MultiPolygon", "coordinates": [ [ [ [ 127.067798050814815, 37.406581978826559 ], [ 127.06778510577719, 37.408835366500234 ], [ 127.07060996694122, 37.40884565956847 ], [ 127.070622827379296, 37.406592271061143 ], [ 127.067798050814815, 37.406581978826559 ] ] ] ] } },
{ "type": "Feature", "properties": { "gid": "다사62ba32bb", "lbl": "117.00", "val": 117.0 }, "geometry": { "type": "MultiPolygon", "coordinates": [ [ [ [ 127.076348502561657, 37.393092293969801 ], [ 127.07633581979745, 37.395345689315626 ], [ 127.079160177769538, 37.395355775010266 ], [ 127.079172775990173, 37.393102378847466 ], [ 127.076348502561657, 37.393092293969801 ] ] ] ] } },
{ "type": "Feature", "properties": { "gid": "다사61aa29aa", "lbl": "N/A", "val": 0.0 }, "geometry": { "type": "MultiPolygon", "coordinates": [ [ [ [ 127.059600566204239, 37.359229409502504 ], [ 127.059587398188, 37.36148281280245 ], [ 127.062410480396323, 37.361493290500206 ], [ 127.06242356401107, 37.359239886351261 ], [ 127.059600566204239, 37.359229409502504 ] ] ] ] } },
{ "type": "Feature", "properties": { "gid": "다사69bb34aa", "lbl": "11.00", "val": 11.0 }, "geometry": { "type": "MultiPolygon", "coordinates": [ [ [ [ 127.158201800888818, 37.404624444915449 ], [ 127.158191564254366, 37.406877857418017 ], [ 127.161016381959854, 37.406885990092931 ], [ 127.161026533999348, 37.404632576931668 ], [ 127.158201800888818, 37.404624444915449 ] ] ] ] } },
{ "type": "Feature", "properties": { "gid": "다사65bb30ba", "lbl": "287.00", "val": 287.0 }, "geometry": { "type": "MultiPolygon", "coordinates": [ [ [ [ 127.113168358987338, 37.372937447339943 ], [ 127.113156786901712, 37.375190860654818 ], [ 127.115980401800968, 37.375200062679724 ], [ 127.115991889425629, 37.372946648619298 ], [ 127.113168358987338, 37.372937447339943 ] ] ] ] } },
{ "type": "Feature", "properties": { "gid": "다사69aa36ab", "lbl": "60.00", "val": 60.0 }, "geometry": { "type": "MultiPolygon", "coordinates": [ [ [ [ 127.149633152608359, 37.424880307329509 ], [ 127.149622651673496, 37.427133710051024 ], [ 127.152448227706614, 37.427142051266273 ], [ 127.15245864396212, 37.424888647869317 ], [ 127.149633152608359, 37.424880307329509 ] ] ] ] } },
{ "type": "Feature", "properties": { "gid": "다사69ba41ab", "lbl": "172.00", "val": 172.0 }, "geometry": { "type": "MultiPolygon", "coordinates": [ [ [ [ 127.155077286241124, 37.469964838114116 ], [ 127.155066931633101, 37.472218224905831 ], [ 127.157894205550136, 37.472226444346056 ], [ 127.15790447528974, 37.469973056889039 ], [ 127.155077286241124, 37.469964838114116 ] ] ] ] } },
{ "type": "Feature", "properties": { "gid": "다사61ba36ab", "lbl": "9.00", "val": 9.0 }, "geometry": { "type": "MultiPolygon", "coordinates": [ [ [ [ 127.064868997968162, 37.424598689566587 ], [ 127.06485595672136, 37.426852069481711 ], [ 127.067681493578377, 37.426862436754689 ], [ 127.067694450150412, 37.424609056000051 ], [ 127.064868997968162, 37.424598689566587 ] ] ] ] } },
{ "type": "Feature", "properties": { "gid": "다사66ab27bb", "lbl": "112.00", "val": 112.0 }, "geometry": { "type": "MultiPolygon", "coordinates": [ [ [ [ 127.118940772200958, 37.348168162689689 ], [ 127.118929382991467, 37.350421586989704 ], [ 127.121752071882057, 37.35043064611655 ], [ 127.121763376733625, 37.348177221082409 ], [ 127.118940772200958, 37.348168162689689 ] ] ] ] } },
{ "type": "Feature", "properties": { "gid": "다사70ab39ba", "lbl": "862.00", "val": 862.0 }, "geometry": { "type": "MultiPolygon", "coordinates": [ [ [ [ 127.163629525345115, 37.454215545932186 ], [ 127.163619433211693, 37.456468940749694 ], [ 127.166446116647904, 37.456476952709444 ], [ 127.166456123978662, 37.454223557243324 ], [ 127.163629525345115, 37.454215545932186 ] ] ] ] } },
{ "type": "Feature", "properties": { "gid": "다사65aa35bb", "lbl": "61.00", "val": 61.0 }, "geometry": { "type": "MultiPolygon", "coordinates": [ [ [ [ 127.10444916395781, 37.42023088958392 ], [ 127.104437310812216, 37.422484282483147 ], [ 127.107262697662648, 37.422493702747516 ], [ 127.107274466150074, 37.420240309085429 ], [ 127.10444916395781, 37.42023088958392 ] ] ] ] } },
{ "type": "Feature", "properties": { "gid": "다사66bb34bb", "lbl": "94.00", "val": 94.0 }, "geometry": { "type": "MultiPolygon", "coordinates": [ [ [ [ 127.124271336092804, 37.411281807058415 ], [ 127.124260080571062, 37.413535208638649 ], [ 127.127085137815115, 37.413544153332843 ], [ 127.127096308715323, 37.411290751028204 ], [ 127.124271336092804, 37.411281807058415 ] ] ] ] } },
{ "type": "Feature", "properties": { "gid": "다사66ab33bb", "lbl": "247.00", "val": 247.0 }, "geometry": { "type": "MultiPolygon", "coordinates": [ [ [ [ 127.118667080956925, 37.402250107526477 ], [ 127.11865566127895, 37.404503511097367 ], [ 127.121480377578862, 37.404512587856345 ], [ 127.121491712673276, 37.402259183550292 ], [ 127.118667080956925, 37.402250107526477 ] ] ] ] } },
{ "type": "Feature", "properties": { "gid": "다사65aa31ba", "lbl": "42.00", "val": 42.0 }, "geometry": { "type": "MultiPolygon", "coordinates": [ [ [ [ 127.104650465668882, 37.381923078075097 ], [ 127.104638634934517, 37.384176485664838 ], [ 127.107462583876867, 37.384185892966741 ], [ 127.107474330113092, 37.381932484614914 ], [ 127.104650465668882, 37.381923078075097 ] ] ] ] } },
{ "type": "Feature", "properties": { "gid": "다사69bb40aa", "lbl": "135.00", "val": 135.0 }, "geometry": { "type": "MultiPolygon", "coordinates": [ [ [ [ 127.157955806838928, 37.458706106645906 ], [ 127.157945542815156, 37.46095949842222 ], [ 127.160772393627582, 37.460967646917418 ], [ 127.160782572830072, 37.458714254481478 ], [ 127.157955806838928, 37.458706106645906 ] ] ] ] } },
{ "type": "Feature", "properties": { "gid": "다사66aa32aa", "lbl": "119.00", "val": 119.0 }, "geometry": { "type": "MultiPolygon", "coordinates": [ [ [ [ 127.115922944491857, 37.386467120025245 ], [ 127.115911449191842, 37.388720528902901 ], [ 127.118735572334089, 37.388729667959304 ], [ 127.118746983116566, 37.386476258341304 ], [ 127.115922944491857, 37.386467120025245 ] ] ] ] } },
{ "type": "Feature", "properties": { "gid": "다사61bb36ab", "lbl": "47.00", "val": 47.0 }, "geometry": { "type": "MultiPolygon", "coordinates": [ [ [ [ 127.067694450150412, 37.424609056000051 ], [ 127.067681493578377, 37.426862436754689 ], [ 127.070507031877966, 37.426872736493841 ], [ 127.070519903775093, 37.424619354905175 ], [ 127.067694450150412, 37.424609056000051 ] ] ] ] } },
{ "type": "Feature", "properties": { "gid": "다사66ba27ba", "lbl": "284.00", "val": 284.0 }, "geometry": { "type": "MultiPolygon", "coordinates": [ [ [ [ 127.121774680326922, 37.345923795184817 ], [ 127.121763376733625, 37.348177221082409 ], [ 127.12458598252455, 37.348186212130628 ], [ 127.124597201769191, 37.345932785504402 ], [ 127.121774680326922, 37.345923795184817 ] ] ] ] } },
{ "type": "Feature", "properties": { "gid": "다사65aa30ab", "lbl": "622.00", "val": 622.0 }, "geometry": { "type": "MultiPolygon", "coordinates": [ [ [ [ 127.104709599589981, 37.370656027167151 ], [ 127.104697775438652, 37.372909439076594 ], [ 127.107521301984463, 37.372918842568481 ], [ 127.107533041684647, 37.370665429897173 ], [ 127.104709599589981, 37.370656027167151 ] ] ] ] } },
{ "type": "Feature", "properties": { "gid": "다사68ab36ab", "lbl": "N/A", "val": 0.0 }, "geometry": { "type": "MultiPolygon", "coordinates": [ [ [ [ 127.141156685599015, 37.424854880523611 ], [ 127.141145930626891, 37.42710828118598 ], [ 127.14397150312422, 37.427116825010785 ], [ 127.143982173417399, 37.424863423656582 ], [ 127.141156685599015, 37.424854880523611 ] ] ] ] } },
{ "type": "Feature", "properties": { "gid": "다사66ab35ab", "lbl": "N/A", "val": 0.0 }, "geometry": { "type": "MultiPolygon", "coordinates": [ [ [ [ 127.118598543815395, 37.415770515992335 ], [ 127.118587116506887, 37.418023914379297 ], [ 127.121412340505998, 37.41803299555022 ], [ 127.121423683174427, 37.415779596427818 ], [ 127.118598543815395, 37.415770515992335 ] ] ] ] } },
{ "type": "Feature", "properties": { "gid": "다사68bb36bb", "lbl": "277.00", "val": 277.0 }, "geometry": { "type": "MultiPolygon", "coordinates": [ [ [ [ 127.146786490016851, 37.429378702476043 ], [ 127.146775902045434, 37.431632102789202 ], [ 127.149601646296091, 37.431640512903016 ], [ 127.14961214956945, 37.429387111908852 ], [ 127.146786490016851, 37.429378702476043 ] ] ] ] } },
{ "type": "Feature", "properties": { "gid": "다사67aa37ab", "lbl": "285.00", "val": 285.0 }, "geometry": { "type": "MultiPolygon", "coordinates": [ [ [ [ 127.126984543728454, 37.433824735197483 ], [ 127.126973360384497, 37.436078128862434 ], [ 127.129799265607488, 37.436087013245313 ], [ 127.129810364235482, 37.433833618860994 ], [ 127.126984543728454, 37.433824735197483 ] ] ] ] } },
{ "type": "Feature", "properties": { "gid": "다사67aa38ab", "lbl": "641.00", "val": 641.0 }, "geometry": { "type": "MultiPolygon", "coordinates": [ [ [ [ 127.12693980288104, 37.44283830467274 ], [ 127.126928614555524, 37.445091694881299 ], [ 127.129754858736604, 37.445100582142082 ], [ 127.12976596230844, 37.442847191213993 ], [ 127.12693980288104, 37.44283830467274 ] ] ] ] } },
{ "type": "Feature", "properties": { "gid": "다사70ba38bb", "lbl": "40.00", "val": 40.0 }, "geometry": { "type": "MultiPolygon", "coordinates": [ [ [ [ 127.16648613928642, 37.447463365663133 ], [ 127.166476135297785, 37.449716763720154 ], [ 127.169302565468215, 37.449724706142376 ], [ 127.169312484682365, 37.447471307442349 ], [ 127.16648613928642, 37.447463365663133 ] ] ] ] } },
{ "type": "Feature", "properties": { "gid": "다사68aa31aa", "lbl": "74.00", "val": 74.0 }, "geometry": { "type": "MultiPolygon", "coordinates": [ [ [ [ 127.138558553108382, 37.377524671081993 ], [ 127.138547738769304, 37.379778089183212 ], [ 127.141371533792451, 37.379786685909224 ], [ 127.14138226365047, 37.377533267111545 ], [ 127.138558553108382, 37.377524671081993 ] ] ] ] } },
{ "type": "Feature", "properties": { "gid": "다사67aa32aa", "lbl": "56.00", "val": 56.0 }, "geometry": { "type": "MultiPolygon", "coordinates": [ [ [ [ 127.127219106574174, 37.386503268665763 ], [ 127.12720794934522, 37.388756680471957 ], [ 127.130032077512368, 37.388765549757018 ], [ 127.130043150223187, 37.386512137232351 ], [ 127.127219106574174, 37.386503268665763 ] ] ] ] } },
{ "type": "Feature", "properties": { "gid": "다사64bb30ba", "lbl": "N/A", "val": 0.0 }, "geometry": { "type": "MultiPolygon", "coordinates": [ [ [ [ 127.101874250209164, 37.372899968180718 ], [ 127.101862340281201, 37.375153378458869 ], [ 127.104685949971056, 37.375162850122123 ], [ 127.104697775438652, 37.372909439076594 ], [ 127.101874250209164, 37.372899968180718 ] ] ] ] } },
{ "type": "Feature", "properties": { "gid": "다사62bb32ba", "lbl": "42.00", "val": 42.0 }, "geometry": { "type": "MultiPolygon", "coordinates": [ [ [ [ 127.079185372808411, 37.39084898182017 ], [ 127.079172775990173, 37.393102378847466 ], [ 127.081997050821059, 37.393112396272898 ], [ 127.082009563104975, 37.390858998434155 ], [ 127.079185372808411, 37.39084898182017 ] ] ] ] } },
{ "type": "Feature", "properties": { "gid": "다사67aa34ba", "lbl": "100.00", "val": 100.0 }, "geometry": { "type": "MultiPolygon", "coordinates": [ [ [ [ 127.127107478371983, 37.409037347859694 ], [ 127.127096308715323, 37.411290751028204 ], [ 127.129921282581421, 37.411299627500377 ], [ 127.129932367625798, 37.409046223612961 ], [ 127.127107478371983, 37.409037347859694 ] ] ] ] } },
{ "type": "Feature", "properties": { "gid": "다사62ab32aa", "lbl": "146.00", "val": 146.0 }, "geometry": { "type": "MultiPolygon", "coordinates": [ [ [ [ 127.073562523941192, 37.386321952882277 ], [ 127.073549760896711, 37.388575349999414 ], [ 127.076373863854855, 37.388585500684513 ], [ 127.076386542384157, 37.386332102745108 ], [ 127.073562523941192, 37.386321952882277 ] ] ] ] } },
{ "type": "Feature", "properties": { "gid": "다사67ba30ba", "lbl": "271.00", "val": 271.0 }, "geometry": { "type": "MultiPolygon", "coordinates": [ [ [ [ 127.132933098579002, 37.373000440800581 ], [ 127.132922117723197, 37.375253859219491 ], [ 127.135745741376937, 37.375262589373662 ], [ 127.135756637770768, 37.373009170247443 ], [ 127.132933098579002, 37.373000440800581 ] ] ] ] } },
{ "type": "Feature", "properties": { "gid": "다사63ba34ab", "lbl": "N/A", "val": 0.0 }, "geometry": { "type": "MultiPolygon", "coordinates": [ [ [ [ 127.087571516500674, 37.406652607286063 ], [ 127.0875591636634, 37.408906000680467 ], [ 127.090384034652189, 37.408915821315261 ], [ 127.090396302888777, 37.406662427125468 ], [ 127.087571516500674, 37.406652607286063 ] ] ] ] } },
{ "type": "Feature", "properties": { "gid": "다사67ab32ab", "lbl": "28.00", "val": 28.0 }, "geometry": { "type": "MultiPolygon", "coordinates": [ [ [ [ 127.130032077512368, 37.388765549757018 ], [ 127.130021003568828, 37.391018961418055 ], [ 127.132845217496367, 37.391027763973121 ], [ 127.132856206912209, 37.388774351599032 ], [ 127.130032077512368, 37.388765549757018 ] ] ] ] } },
{ "type": "Feature", "properties": { "gid": "다사65bb34aa", "lbl": "122.00", "val": 122.0 }, "geometry": { "type": "MultiPolygon", "coordinates": [ [ [ [ 127.113006232502698, 37.404485155136648 ], [ 127.112994642367838, 37.406738556356771 ], [ 127.11581944070825, 37.406747768823706 ], [ 127.115830946250441, 37.404494366857428 ], [ 127.113006232502698, 37.404485155136648 ] ] ] ] } },
{ "type": "Feature", "properties": { "gid": "다사66bb31ba", "lbl": "310.00", "val": 310.0 }, "geometry": { "type": "MultiPolygon", "coordinates": [ [ [ [ 127.124417543907057, 37.381987507906047 ], [ 127.124406304662713, 37.384240920715698 ], [ 127.127230262561199, 37.384249855995897 ], [ 127.127241417306365, 37.381996442462373 ], [ 127.124417543907057, 37.381987507906047 ] ] ] ] } },
{ "type": "Feature", "properties": { "gid": "다사71ba38ba", "lbl": "81.00", "val": 81.0 }, "geometry": { "type": "MultiPolygon", "coordinates": [ [ [ [ 127.177801191272366, 37.445241325801362 ], [ 127.177791527458481, 37.447494727261052 ], [ 127.180617877215141, 37.447502398694049 ], [ 127.18062745626348, 37.445248996613259 ], [ 127.177801191272366, 37.445241325801362 ] ] ] ] } },
{ "type": "Feature", "properties": { "gid": "다사66ab26ba", "lbl": "431.00", "val": 431.0 }, "geometry": { "type": "MultiPolygon", "coordinates": [ [ [ [ 127.11899769923636, 37.336901028237705 ], [ 127.118986316363717, 37.339154456854956 ], [ 127.121808583558632, 37.339163512311579 ], [ 127.121819882120306, 37.336910082960422 ], [ 127.11899769923636, 37.336901028237705 ] ] ] ] } },
{ "type": "Feature", "properties": { "gid": "다사69bb35aa", "lbl": "176.00", "val": 176.0 }, "geometry": { "type": "MultiPolygon", "coordinates": [ [ [ [ 127.158160847512406, 37.413638089745319 ], [ 127.158150606318443, 37.415891498794231 ], [ 127.160975762497955, 37.415899634104299 ], [ 127.160985919059272, 37.413646224396544 ], [ 127.158160847512406, 37.413638089745319 ] ] ] ] } },
{ "type": "Feature", "properties": { "gid": "다사65bb35ba", "lbl": "26.00", "val": 26.0 }, "geometry": { "type": "MultiPolygon", "coordinates": [ [ [ [ 127.112936672334897, 37.418005549496307 ], [ 127.112925074455561, 37.420258945531863 ], [ 127.115750380549898, 37.420268162476589 ], [ 127.115761893780046, 37.418014765694622 ], [ 127.112936672334897, 37.418005549496307 ] ] ] ] } },
{ "type": "Feature", "properties": { "gid": "다사71ba40bb", "lbl": "N/A", "val": 0.0 }, "geometry": { "type": "MultiPolygon", "coordinates": [ [ [ [ 127.177714178199778, 37.465521907852995 ], [ 127.177704504697118, 37.467775301541018 ], [ 127.180531617768665, 37.467782978565474 ], [ 127.180541206420799, 37.465529584256025 ], [ 127.177714178199778, 37.465521907852995 ] ] ] ] } },
{ "type": "Feature", "properties": { "gid": "다사70aa37ba", "lbl": "666.00", "val": 666.0 }, "geometry": { "type": "MultiPolygon", "coordinates": [ [ [ [ 127.16088430254419, 37.436180282618132 ], [ 127.16087413466893, 37.438433683690896 ], [ 127.163700138825334, 37.438441758027274 ], [ 127.163710221973545, 37.436188356300747 ], [ 127.16088430254419, 37.436180282618132 ] ] ] ] } },
{ "type": "Feature", "properties": { "gid": "다사66aa27ba", "lbl": "309.00", "val": 309.0 }, "geometry": { "type": "MultiPolygon", "coordinates": [ [ [ [ 127.116129641226124, 37.345905612528611 ], [ 127.116118168935955, 37.348159036952566 ], [ 127.118940772200958, 37.348168162689689 ], [ 127.118952160142769, 37.345914737526186 ], [ 127.116129641226124, 37.345905612528611 ] ] ] ] } },
{ "type": "Feature", "properties": { "gid": "다사70ba40ab", "lbl": "368.00", "val": 368.0 }, "geometry": { "type": "MultiPolygon", "coordinates": [ [ [ [ 127.16642609864337, 37.460983741050661 ], [ 127.166416087969338, 37.463237133925702 ], [ 127.16924302698493, 37.463245080206825 ], [ 127.169252952827847, 37.460991686688537 ], [ 127.16642609864337, 37.460983741050661 ] ] ] ] } },
{ "type": "Feature", "properties": { "gid": "다사68ab31ab", "lbl": "N/A", "val": 0.0 }, "geometry": { "type": "MultiPolygon", "coordinates": [ [ [ [ 127.141371533792451, 37.379786685909224 ], [ 127.141360802739925, 37.382040103843501 ], [ 127.144184683448216, 37.382048633838977 ], [ 127.144195330010106, 37.379795215213662 ], [ 127.141371533792451, 37.379786685909224 ] ] ] ] } },
{ "type": "Feature", "properties": { "gid": "다사66aa33bb", "lbl": "290.00", "val": 290.0 }, "geometry": { "type": "MultiPolygon", "coordinates": [ [ [ [ 127.115842450511835, 37.402240964027172 ], [ 127.115830946250441, 37.404494366857428 ], [ 127.11865566127895, 37.404503511097367 ], [ 127.118667080956925, 37.402250107526477 ], [ 127.115842450511835, 37.402240964027172 ] ] ] ] } },
{ "type": "Feature", "properties": { "gid": "다사66aa26aa", "lbl": "131.00", "val": 131.0 }, "geometry": { "type": "MultiPolygon", "coordinates": [ [ [ [ 127.116198448157519, 37.33238504785183 ], [ 127.116186983526504, 37.334638477456551 ], [ 127.119009080842105, 37.334647598757059 ], [ 127.119020461181037, 37.332394168413039 ], [ 127.116198448157519, 37.33238504785183 ] ] ] ] } },
{ "type": "Feature", "properties": { "gid": "다사64ba30ab", "lbl": "71.00", "val": 71.0 }, "geometry": { "type": "MultiPolygon", "coordinates": [ [ [ [ 127.099062719358429, 37.370637019511641 ], [ 127.099050726305379, 37.372890429880968 ], [ 127.101874250209164, 37.372899968180718 ], [ 127.101886158811411, 37.370646557038604 ], [ 127.099062719358429, 37.370637019511641 ] ] ] ] } },
{ "type": "Feature", "properties": { "gid": "다사70ab38aa", "lbl": "540.00", "val": 540.0 }, "geometry": { "type": "MultiPolygon", "coordinates": [ [ [ [ 127.163690054554436, 37.440695158890243 ], [ 127.163679969160711, 37.442948558889618 ], [ 127.166506143922476, 37.442956566958323 ], [ 127.166516144570153, 37.440703166310577 ], [ 127.163690054554436, 37.440695158890243 ] ] ] ] } },
{ "type": "Feature", "properties": { "gid": "다사66aa34aa", "lbl": "99.00", "val": 99.0 }, "geometry": { "type": "MultiPolygon", "coordinates": [ [ [ [ 127.115830946250441, 37.404494366857428 ], [ 127.11581944070825, 37.406747768823706 ], [ 127.118644240329601, 37.406756913804323 ], [ 127.11865566127895, 37.404503511097367 ], [ 127.115830946250441, 37.404494366857428 ] ] ] ] } },
{ "type": "Feature", "properties": { "gid": "다사63bb33ab", "lbl": "147.00", "val": 147.0 }, "geometry": { "type": "MultiPolygon", "coordinates": [ [ [ [ 127.090445362179565, 37.397648841722393 ], [ 127.090433099404862, 37.399902239369723 ], [ 127.093257633412563, 37.39991198935423 ], [ 127.093269811624054, 37.397658590917167 ], [ 127.090445362179565, 37.397648841722393 ] ] ] ] } },
{ "type": "Feature", "properties": { "gid": "다사71bb38ba", "lbl": "21.00", "val": 21.0 }, "geometry": { "type": "MultiPolygon", "coordinates": [ [ [ [ 127.18062745626348, 37.445248996613259 ], [ 127.180617877215141, 37.447502398694049 ], [ 127.183444228038425, 37.447510002540277 ], [ 127.183453722321062, 37.445256599843873 ], [ 127.18062745626348, 37.445248996613259 ] ] ] ] } },
{ "type": "Feature", "properties": { "gid": "다사68ba34bb", "lbl": "265.00", "val": 265.0 }, "geometry": { "type": "MultiPolygon", "coordinates": [ [ [ [ 127.144046170235754, 37.411342997393696 ], [ 127.144035507067798, 37.413596403929994 ], [ 127.146860572820017, 37.413604876100671 ], [ 127.146871151365445, 37.411351468878223 ], [ 127.144046170235754, 37.411342997393696 ] ] ] ] } },
{ "type": "Feature", "properties": { "gid": "다사71ba36aa", "lbl": "13.00", "val": 13.0 }, "geometry": { "type": "MultiPolygon", "coordinates": [ [ [ [ 127.177897770257502, 37.422707263718884 ], [ 127.177888117196943, 37.424960673812031 ], [ 127.180713619722553, 37.424968339035772 ], [ 127.180723188111884, 37.422714928321895 ], [ 127.177897770257502, 37.422707263718884 ] ] ] ] } },
{ "type": "Feature", "properties": { "gid": "다사68bb41ba", "lbl": "78.00", "val": 78.0 }, "geometry": { "type": "MultiPolygon", "coordinates": [ [ [ [ 127.146585116837912, 37.47219316070813 ], [ 127.146574506444196, 37.474446544607034 ], [ 127.149401861751244, 37.474454967667448 ], [ 127.149412387267532, 37.472201583086779 ], [ 127.146585116837912, 37.47219316070813 ] ] ] ] } },
{ "type": "Feature", "properties": { "gid": "다사68aa38aa", "lbl": "740.00", "val": 740.0 }, "geometry": { "type": "MultiPolygon", "coordinates": [ [ [ [ 127.138255296072032, 37.440620051473879 ], [ 127.138244447969996, 37.442873445391697 ], [ 127.141070612285489, 37.442882061635281 ], [ 127.141081375642727, 37.440628667019851 ], [ 127.138255296072032, 37.440620051473879 ] ] ] ] } },
{ "type": "Feature", "properties": { "gid": "다사68bb34ba", "lbl": "13.00", "val": 13.0 }, "geometry": { "type": "MultiPolygon", "coordinates": [ [ [ [ 127.146881728733234, 37.409098060792189 ], [ 127.146871151365445, 37.411351468878223 ], [ 127.149696133672762, 37.411359872864502 ], [ 127.149706626427275, 37.409106464097832 ], [ 127.146881728733234, 37.409098060792189 ] ] ] ] } },
{ "type": "Feature", "properties": { "gid": "다사62aa29ba", "lbl": "98.00", "val": 98.0 }, "geometry": { "type": "MultiPolygon", "coordinates": [ [ [ [ 127.07086690388509, 37.363777725140956 ], [ 127.070854070619234, 37.366031130075328 ], [ 127.073677327429607, 37.366041339926319 ], [ 127.073690076274502, 37.363787934164705 ], [ 127.07086690388509, 37.363777725140956 ] ] ] ] } },
{ "type": "Feature", "properties": { "gid": "다사60aa29bb", "lbl": "7.00", "val": 7.0 }, "geometry": { "type": "MultiPolygon", "coordinates": [ [ [ [ 127.048268068355412, 37.365947025366658 ], [ 127.048254558224016, 37.368200422621648 ], [ 127.051077887771427, 37.368211172431664 ], [ 127.051091313473819, 37.365957774305684 ], [ 127.048268068355412, 37.365947025366658 ] ] ] ] } },
{ "type": "Feature", "properties": { "gid": "다사68aa37ba", "lbl": "327.00", "val": 327.0 }, "geometry": { "type": "MultiPolygon", "coordinates": [ [ [ [ 127.138276988653118, 37.436113261046408 ], [ 127.138266142966387, 37.438366656692104 ], [ 127.141092137801678, 37.438375271540494 ], [ 127.141102898762483, 37.436121875197273 ], [ 127.138276988653118, 37.436113261046408 ] ] ] ] } },
{ "type": "Feature", "properties": { "gid": "다사71ab38aa", "lbl": "N/A", "val": 0.0 }, "geometry": { "type": "MultiPolygon", "coordinates": [ [ [ [ 127.174994421259896, 37.440726783151611 ], [ 127.174984674851132, 37.442980185711662 ], [ 127.177810854010346, 37.442987923478242 ], [ 127.177820515672551, 37.440734520291713 ], [ 127.174994421259896, 37.440726783151611 ] ] ] ] } },
{ "type": "Feature", "properties": { "gid": "다사67ba30aa", "lbl": "136.00", "val": 136.0 }, "geometry": { "type": "MultiPolygon", "coordinates": [ [ [ [ 127.132955056623885, 37.368493601372357 ], [ 127.132944078212532, 37.370747021518191 ], [ 127.135767532951689, 37.3707557502578 ], [ 127.135778426919885, 37.368502329404734 ], [ 127.132955056623885, 37.368493601372357 ] ] ] ] } },
{ "type": "Feature", "properties": { "gid": "다사65aa29ba", "lbl": "16.00", "val": 16.0 }, "geometry": { "type": "MultiPolygon", "coordinates": [ [ [ [ 127.104745064147608, 37.363895786255561 ], [ 127.104733243944295, 37.36614920075661 ], [ 127.107556517164966, 37.366158601963022 ], [ 127.10756825294537, 37.363905186700244 ], [ 127.104745064147608, 37.363895786255561 ] ] ] ] } },
{ "type": "Feature", "properties": { "gid": "다사68ab30ba", "lbl": "165.00", "val": 165.0 }, "geometry": { "type": "MultiPolygon", "coordinates": [ [ [ [ 127.141403719783554, 37.373026426926046 ], [ 127.141392992314124, 37.375279847450479 ], [ 127.144216619578756, 37.375288375372961 ], [ 127.144227262585787, 37.37303495415761 ], [ 127.141403719783554, 37.373026426926046 ] ] ] ] } },
{ "type": "Feature", "properties": { "gid": "다사60ba32ba", "lbl": "25.00", "val": 25.0 }, "geometry": { "type": "MultiPolygon", "coordinates": [ [ [ [ 127.053767724368441, 37.390755797202189 ], [ 127.053754366748834, 37.393009186680601 ], [ 127.056578628619476, 37.393019811172351 ], [ 127.05659190170627, 37.390766420833323 ], [ 127.053767724368441, 37.390755797202189 ] ] ] ] } },
{ "type": "Feature", "properties": { "gid": "다사67bb41aa", "lbl": "102.00", "val": 102.0 }, "geometry": { "type": "MultiPolygon", "coordinates": [ [ [ [ 127.135297943174393, 37.467652029907832 ], [ 127.135286995710501, 37.469905412753391 ], [ 127.138114176490532, 37.46991410501176 ], [ 127.138125039096437, 37.467660721462622 ], [ 127.135297943174393, 37.467652029907832 ] ] ] ] } },
{ "type": "Feature", "properties": { "gid": "다사60bb29aa", "lbl": "N/A", "val": 0.0 }, "geometry": { "type": "MultiPolygon", "coordinates": [ [ [ [ 127.056777569863073, 37.359218865284177 ], [ 127.056764317445499, 37.361472267729674 ], [ 127.059587398188, 37.36148281280245 ], [ 127.059600566204239, 37.359229409502504 ], [ 127.056777569863073, 37.359218865284177 ] ] ] ] } },
{ "type": "Feature", "properties": { "gid": "다사64aa32ab", "lbl": "180.00", "val": 180.0 }, "geometry": { "type": "MultiPolygon", "coordinates": [ [ [ [ 127.09331851091514, 37.388644988526167 ], [ 127.093306338125302, 37.390898390420297 ], [ 127.096130535291834, 37.390908069798876 ], [ 127.096142623555963, 37.388654667120676 ], [ 127.09331851091514, 37.388644988526167 ] ] ] ] } },
{ "type": "Feature", "properties": { "gid": "다사67bb30bb", "lbl": "328.00", "val": 328.0 }, "geometry": { "type": "MultiPolygon", "coordinates": [ [ [ [ 127.135745741376937, 37.375262589373662 ], [ 127.135734843770095, 37.377516007636423 ], [ 127.138558553108382, 37.377524671081993 ], [ 127.138569366243715, 37.375271252117351 ], [ 127.135745741376937, 37.375262589373662 ] ] ] ] } },
{ "type": "Feature", "properties": { "gid": "다사64ab29bb", "lbl": "N/A", "val": 0.0 }, "geometry": { "type": "MultiPolygon", "coordinates": [ [ [ [ 127.096263432214883, 37.366120592812152 ], [ 127.096251357399709, 37.368374004131255 ], [ 127.099074711076511, 37.368383608278329 ], [ 127.099086701459839, 37.366130196181075 ], [ 127.096263432214883, 37.366120592812152 ] ] ] ] } },
{ "type": "Feature", "properties": { "gid": "다사64ba32bb", "lbl": "11.00", "val": 11.0 }, "geometry": { "type": "MultiPolygon", "coordinates": [ [ [ [ 127.098942728729526, 37.393171084322752 ], [ 127.0989307223184, 37.395424486051269 ], [ 127.101755091247341, 37.395434032081425 ], [ 127.10176701311363, 37.393180629579668 ], [ 127.098942728729526, 37.393171084322752 ] ] ] ] } },
{ "type": "Feature", "properties": { "gid": "다사64ba31bb", "lbl": "8.00", "val": 8.0 }, "geometry": { "type": "MultiPolygon", "coordinates": [ [ [ [ 127.098990741010468, 37.384157468767249 ], [ 127.098978739944457, 37.386410873952293 ], [ 127.101802770750467, 37.386420416889749 ], [ 127.101814687309243, 37.384167010931634 ], [ 127.098990741010468, 37.384157468767249 ] ] ] ] } },
{ "type": "Feature", "properties": { "gid": "다사64aa34bb", "lbl": "8.00", "val": 8.0 }, "geometry": { "type": "MultiPolygon", "coordinates": [ [ [ [ 127.09319672201471, 37.411178968574482 ], [ 127.093184535665969, 37.4134323618254 ], [ 127.096009578607379, 37.41344204904734 ], [ 127.096021680336264, 37.411188655011877 ], [ 127.09319672201471, 37.411178968574482 ] ] ] ] } },
{ "type": "Feature", "properties": { "gid": "다사65ab28bb", "lbl": "134.00", "val": 134.0 }, "geometry": { "type": "MultiPolygon", "coordinates": [ [ [ [ 127.107603452449524, 37.357144935729217 ], [ 127.107591720587507, 37.359398353583316 ], [ 127.110414741873626, 37.359407685133355 ], [ 127.110426389340773, 37.357154266523111 ], [ 127.107603452449524, 37.357144935729217 ] ] ] ] } },
{ "type": "Feature", "properties": { "gid": "다사69ba35ba", "lbl": "N/A", "val": 0.0 }, "geometry": { "type": "MultiPolygon", "coordinates": [ [ [ [ 127.15531512430303, 37.418136703495733 ], [ 127.155304796177148, 37.420390110153321 ], [ 127.158130120509711, 37.420398314301671 ], [ 127.158140363984231, 37.418144906979684 ], [ 127.15531512430303, 37.418136703495733 ] ] ] ] } },
{ "type": "Feature", "properties": { "gid": "다사65ba30ab", "lbl": "150.00", "val": 150.0 }, "geometry": { "type": "MultiPolygon", "coordinates": [ [ [ [ 127.110356485086101, 37.370674765228571 ], [ 127.110344829837146, 37.372928178656302 ], [ 127.113168358987338, 37.372937447339943 ], [ 127.113179929784891, 37.370684033161261 ], [ 127.110356485086101, 37.370674765228571 ] ] ] ] } },
{ "type": "Feature", "properties": { "gid": "다사68ba37ba", "lbl": "384.00", "val": 384.0 }, "geometry": { "type": "MultiPolygon", "coordinates": [ [ [ [ 127.143928810069838, 37.436130421789926 ], [ 127.143918133835143, 37.438383818825216 ], [ 127.146744131057332, 37.43839229854612 ], [ 127.146754722565817, 37.436138900824261 ], [ 127.143928810069838, 37.436130421789926 ] ] ] ] } },
{ "type": "Feature", "properties": { "gid": "다사66bb31aa", "lbl": "145.00", "val": 145.0 }, "geometry": { "type": "MultiPolygon", "coordinates": [ [ [ [ 127.124440018642659, 37.377480679695708 ], [ 127.12442878190032, 37.379734094232695 ], [ 127.127252570809858, 37.379743028065235 ], [ 127.127263723071835, 37.377489612804467 ], [ 127.124440018642659, 37.377480679695708 ] ] ] ] } },
{ "type": "Feature", "properties": { "gid": "다사67ab34ab", "lbl": "578.00", "val": 578.0 }, "geometry": { "type": "MultiPolygon", "coordinates": [ [ [ [ 127.129943451436191, 37.406792818861732 ], [ 127.129932367625798, 37.409046223612961 ], [ 127.132757258113628, 37.409055031873976 ], [ 127.132768257321032, 37.406801626409361 ], [ 127.129943451436191, 37.406792818861732 ] ] ] ] } },
{ "type": "Feature", "properties": { "gid": "다사67aa33bb", "lbl": "220.00", "val": 220.0 }, "geometry": { "type": "MultiPolygon", "coordinates": [ [ [ [ 127.127140979881972, 37.402277133171111 ], [ 127.127129813955136, 37.404530538931134 ], [ 127.129954534012697, 37.404539413246717 ], [ 127.129965615355502, 37.40228600676793 ], [ 127.127140979881972, 37.402277133171111 ] ] ] ] } },
{ "type": "Feature", "properties": { "gid": "다사63aa28ab", "lbl": "N/A", "val": 0.0 }, "geometry": { "type": "MultiPolygon", "coordinates": [ [ [ [ 127.082222058964504, 37.352551102933546 ], [ 127.08220957033619, 37.354804515465013 ], [ 127.085032410752774, 37.354814451742861 ], [ 127.085044815006384, 37.352561038406222 ], [ 127.082222058964504, 37.352551102933546 ] ] ] ] } },
{ "type": "Feature", "properties": { "gid": "다사67aa40aa", "lbl": "72.00", "val": 72.0 }, "geometry": { "type": "MultiPolygon", "coordinates": [ [ [ [ 127.126861458436281, 37.458612017984919 ], [ 127.126850261387361, 37.460865402144073 ], [ 127.129677099108477, 37.460874294442817 ], [ 127.129688211337651, 37.458620909563834 ], [ 127.126861458436281, 37.458612017984919 ] ] ] ] } },
{ "type": "Feature", "properties": { "gid": "다사64ab36aa", "lbl": "15.00", "val": 15.0 }, "geometry": { "type": "MultiPolygon", "coordinates": [ [ [ [ 127.095961158216809, 37.422455616545236 ], [ 127.09594904974962, 37.424709006258624 ], [ 127.098774517279807, 37.424718629874612 ], [ 127.098786541079875, 37.422465239381914 ], [ 127.095961158216809, 37.422455616545236 ] ] ] ] } },
{ "type": "Feature", "properties": { "gid": "다사69aa31ab", "lbl": "N/A", "val": 0.0 }, "geometry": { "type": "MultiPolygon", "coordinates": [ [ [ [ 127.149842925991337, 37.37981207155746 ], [ 127.14983244841109, 37.382065491548467 ], [ 127.152656332646856, 37.38207381926231 ], [ 127.152666725736097, 37.379820398596642 ], [ 127.149842925991337, 37.37981207155746 ] ] ] ] } },
{ "type": "Feature", "properties": { "gid": "다사68aa37aa", "lbl": "257.00", "val": 257.0 }, "geometry": { "type": "MultiPolygon", "coordinates": [ [ [ [ 127.138298676404403, 37.431606467163334 ], [ 127.138287833132438, 37.433859864536814 ], [ 127.141113658525256, 37.433868477990195 ], [ 127.141124417090154, 37.431615079919276 ], [ 127.138298676404403, 37.431606467163334 ] ] ] ] } },
{ "type": "Feature", "properties": { "gid": "다사69ab41ba", "lbl": "150.00", "val": 150.0 }, "geometry": { "type": "MultiPolygon", "coordinates": [ [ [ [ 127.152239658869107, 37.472209937819379 ], [ 127.15222921823036, 37.474463323076343 ], [ 127.155056575872095, 37.474471610833604 ], [ 127.155066931633101, 37.472218224905831 ], [ 127.152239658869107, 37.472209937819379 ] ] ] ] } },
{ "type": "Feature", "properties": { "gid": "다사69bb33ab", "lbl": "N/A", "val": 0.0 }, "geometry": { "type": "MultiPolygon", "coordinates": [ [ [ [ 127.158232503955389, 37.397864202227659 ], [ 127.158222270739188, 37.400117617320262 ], [ 127.161046834688051, 37.400125748019221 ], [ 127.161056983337517, 37.397872332268044 ], [ 127.158232503955389, 37.397864202227659 ] ] ] ] } },
{ "type": "Feature", "properties": { "gid": "다사70ab40aa", "lbl": "197.00", "val": 197.0 }, "geometry": { "type": "MultiPolygon", "coordinates": [ [ [ [ 127.163609339954533, 37.458722334703495 ], [ 127.163599245573494, 37.460975727793581 ], [ 127.16642609864337, 37.460983741050661 ], [ 127.166436108202859, 37.458730347311892 ], [ 127.163609339954533, 37.458722334703495 ] ] ] ] } },
{ "type": "Feature", "properties": { "gid": "다사63ba33bb", "lbl": "23.00", "val": 23.0 }, "geometry": { "type": "MultiPolygon", "coordinates": [ [ [ [ 127.087596218049995, 37.402145817903893 ], [ 127.087583867962806, 37.404399213027197 ], [ 127.090408569759617, 37.404409032071278 ], [ 127.09042083526495, 37.402155636152685 ], [ 127.087596218049995, 37.402145817903893 ] ] ] ] } },
{ "type": "Feature", "properties": { "gid": "다사66bb39ab", "lbl": "39.00", "val": 39.0 }, "geometry": { "type": "MultiPolygon", "coordinates": [ [ [ [ 127.124068544851269, 37.451842903306286 ], [ 127.124057266750512, 37.454096289332959 ], [ 127.12688384879435, 37.454105247073869 ], [ 127.126895042103797, 37.451851860322009 ], [ 127.124068544851269, 37.451842903306286 ] ] ] ] } },
{ "type": "Feature", "properties": { "gid": "다사65bb30aa", "lbl": "277.00", "val": 277.0 }, "geometry": { "type": "MultiPolygon", "coordinates": [ [ [ [ 127.113191499294473, 37.36843061811885 ], [ 127.113179929784891, 37.370684033161261 ], [ 127.116003375771626, 37.37069323369515 ], [ 127.116014860839059, 37.36843981790728 ], [ 127.113191499294473, 37.36843061811885 ] ] ] ] } },
{ "type": "Feature", "properties": { "gid": "다사61aa29ab", "lbl": "6.00", "val": 6.0 }, "geometry": { "type": "MultiPolygon", "coordinates": [ [ [ [ 127.059587398188, 37.36148281280245 ], [ 127.059574228705884, 37.363736215237829 ], [ 127.062397395325135, 37.363746693784613 ], [ 127.062410480396323, 37.361493290500206 ], [ 127.059587398188, 37.36148281280245 ] ] ] ] } },
{ "type": "Feature", "properties": { "gid": "다사66ab32ba", "lbl": "117.00", "val": 117.0 }, "geometry": { "type": "MultiPolygon", "coordinates": [ [ [ [ 127.118724160281275, 37.390983076713482 ], [ 127.118712746957982, 37.393236484603811 ], [ 127.121537040434163, 37.393245557687393 ], [ 127.121548369220974, 37.3909921490621 ], [ 127.118724160281275, 37.390983076713482 ] ] ] ] } },
{ "type": "Feature", "properties": { "gid": "다사59bb31ab", "lbl": "N/A", "val": 0.0 }, "geometry": { "type": "MultiPolygon", "coordinates": [ [ [ [ 127.045363234675364, 37.37945657433977 ], [ 127.045349631032295, 37.381709965528728 ], [ 127.048173465846162, 37.38172078798943 ], [ 127.04818698500398, 37.379467395923733 ], [ 127.045363234675364, 37.37945657433977 ] ] ] ] } },
{ "type": "Feature", "properties": { "gid": "다사69aa34ab", "lbl": "121.00", "val": 121.0 }, "geometry": { "type": "MultiPolygon", "coordinates": [ [ [ [ 127.149717118013754, 37.406853054467639 ], [ 127.149706626427275, 37.409106464097832 ], [ 127.152531525289433, 37.409114799910611 ], [ 127.152541932271902, 37.40686138960529 ], [ 127.149717118013754, 37.406853054467639 ] ] ] ] } },
{ "type": "Feature", "properties": { "gid": "다사66bb37aa", "lbl": "345.00", "val": 345.0 }, "geometry": { "type": "MultiPolygon", "coordinates": [ [ [ [ 127.124169991271728, 37.431562390177461 ], [ 127.124158724466454, 37.433815783981657 ], [ 127.126984543728454, 37.433824735197483 ], [ 127.126995725827371, 37.431571340668498 ], [ 127.124169991271728, 37.431562390177461 ] ] ] ] } },
{ "type": "Feature", "properties": { "gid": "다사66aa30ab", "lbl": "278.00", "val": 278.0 }, "geometry": { "type": "MultiPolygon", "coordinates": [ [ [ [ 127.116003375771626, 37.37069323369515 ], [ 127.115991889425629, 37.372946648619298 ], [ 127.118815421142614, 37.372955782494309 ], [ 127.118826823036883, 37.370702366830123 ], [ 127.116003375771626, 37.37069323369515 ] ] ] ] } },
{ "type": "Feature", "properties": { "gid": "다사68aa35ab", "lbl": "N/A", "val": 0.0 }, "geometry": { "type": "MultiPolygon", "coordinates": [ [ [ [ 127.138374545515674, 37.41583266136174 ], [ 127.138363710690868, 37.41808606478191 ], [ 127.141188943332082, 37.418094673354034 ], [ 127.141199693515787, 37.415841269236715 ], [ 127.138374545515674, 37.41583266136174 ] ] ] ] } },
{ "type": "Feature", "properties": { "gid": "다사68bb31ba", "lbl": "N/A", "val": 0.0 }, "geometry": { "type": "MultiPolygon", "coordinates": [ [ [ [ 127.147008565341721, 37.38205709640733 ], [ 127.146998002094733, 37.384310514854889 ], [ 127.149821969664387, 37.384318910676171 ], [ 127.14983244841109, 37.382065491548467 ], [ 127.147008565341721, 37.38205709640733 ] ] ] ] } },
{ "type": "Feature", "properties": { "gid": "다사68ba37ab", "lbl": "75.00", "val": 75.0 }, "geometry": { "type": "MultiPolygon", "coordinates": [ [ [ [ 127.143939485115965, 37.43387702389083 ], [ 127.143928810069838, 37.436130421789926 ], [ 127.146754722565817, 37.436138900824261 ], [ 127.146765312895113, 37.43388550223861 ], [ 127.143939485115965, 37.43387702389083 ] ] ] ] } },
{ "type": "Feature", "properties": { "gid": "다사69bb34bb", "lbl": "541.00", "val": 541.0 }, "geometry": { "type": "MultiPolygon", "coordinates": [ [ [ [ 127.158171087566316, 37.411384679832977 ], [ 127.158160847512406, 37.413638089745319 ], [ 127.160985919059272, 37.413646224396544 ], [ 127.160996074489958, 37.411392813825387 ], [ 127.158171087566316, 37.411384679832977 ] ] ] ] } },
{ "type": "Feature", "properties": { "gid": "다사68bb34bb", "lbl": "172.00", "val": 172.0 }, "geometry": { "type": "MultiPolygon", "coordinates": [ [ [ [ 127.146871151365445, 37.411351468878223 ], [ 127.146860572820017, 37.413604876100671 ], [ 127.149685639750032, 37.413613280767628 ], [ 127.149696133672762, 37.411359872864502 ], [ 127.146871151365445, 37.411351468878223 ] ] ] ] } },
{ "type": "Feature", "properties": { "gid": "다사69ab32aa", "lbl": "16.00", "val": 16.0 }, "geometry": { "type": "MultiPolygon", "coordinates": [ [ [ [ 127.152635542997217, 37.38658065800383 ], [ 127.152625146436506, 37.388834076079647 ], [ 127.155449285359268, 37.388842338373912 ], [ 127.155459597400565, 37.386588919628792 ], [ 127.152635542997217, 37.38658065800383 ] ] ] ] } },
{ "type": "Feature", "properties": { "gid": "다사70ba38aa", "lbl": "684.00", "val": 684.0 }, "geometry": { "type": "MultiPolygon", "coordinates": [ [ [ [ 127.166516144570153, 37.440703166310577 ], [ 127.166506143922476, 37.442956566958323 ], [ 127.169332319797761, 37.44296450745162 ], [ 127.169342235699247, 37.440711106160968 ], [ 127.166516144570153, 37.440703166310577 ] ] ] ] } },
{ "type": "Feature", "properties": { "gid": "다사72aa38ba", "lbl": "N/A", "val": 0.0 }, "geometry": { "type": "MultiPolygon", "coordinates": [ [ [ [ 127.183453722321062, 37.445256599843873 ], [ 127.183444228038425, 37.447510002540277 ], [ 127.18627057991884, 37.447517538799666 ], [ 127.186279989435675, 37.445264135493126 ], [ 127.183453722321062, 37.445256599843873 ] ] ] ] } },
{ "type": "Feature", "properties": { "gid": "다사65aa36ba", "lbl": "17.00", "val": 17.0 }, "geometry": { "type": "MultiPolygon", "coordinates": [ [ [ [ 127.104413600561728, 37.426991065688632 ], [ 127.104401743456549, 37.429244455994869 ], [ 127.10722738433806, 37.429253878548082 ], [ 127.107239156756805, 37.427000487478857 ], [ 127.104413600561728, 37.426991065688632 ] ] ] ] } },
{ "type": "Feature", "properties": { "gid": "다사70ab34ba", "lbl": "267.00", "val": 267.0 }, "geometry": { "type": "MultiPolygon", "coordinates": [ [ [ [ 127.163831132230357, 37.409147468231275 ], [ 127.16382106254413, 37.411400880319121 ], [ 127.166646051719411, 37.411408879314102 ], [ 127.166656036791579, 37.409155466578412 ], [ 127.163831132230357, 37.409147468231275 ] ] ] ] } },
{ "type": "Feature", "properties": { "gid": "다사61ba29bb", "lbl": "71.00", "val": 71.0 }, "geometry": { "type": "MultiPolygon", "coordinates": [ [ [ [ 127.06520756129369, 37.366010508214288 ], [ 127.065194557738948, 37.36826391061328 ], [ 127.068017896112764, 37.368274256075154 ], [ 127.068030815237464, 37.366020852837941 ], [ 127.06520756129369, 37.366010508214288 ] ] ] ] } },
{ "type": "Feature", "properties": { "gid": "다사70bb39ab", "lbl": "393.00", "val": 393.0 }, "geometry": { "type": "MultiPolygon", "coordinates": [ [ [ [ 127.169292645149596, 37.451978103978838 ], [ 127.169282723726383, 37.454231500951707 ], [ 127.172109324578827, 37.45423937705722 ], [ 127.172119161208556, 37.451985979446739 ], [ 127.169292645149596, 37.451978103978838 ] ] ] ] } },
{ "type": "Feature", "properties": { "gid": "다사63ba29ba", "lbl": "N/A", "val": 0.0 }, "geometry": { "type": "MultiPolygon", "coordinates": [ [ [ [ 127.087805959319212, 37.363837968565981 ], [ 127.087793632581722, 37.366091378381967 ], [ 127.090616897766424, 37.366101183912505 ], [ 127.09062914008193, 37.363847773302012 ], [ 127.087805959319212, 37.363837968565981 ] ] ] ] } },
{ "type": "Feature", "properties": { "gid": "다사65ba30ba", "lbl": "229.00", "val": 229.0 }, "geometry": { "type": "MultiPolygon", "coordinates": [ [ [ [ 127.110344829837146, 37.372928178656302 ], [ 127.110333173290684, 37.375181591220191 ], [ 127.113156786901712, 37.375190860654818 ], [ 127.113168358987338, 37.372937447339943 ], [ 127.110344829837146, 37.372928178656302 ] ] ] ] } },
{ "type": "Feature", "properties": { "gid": "다사70ab37ba", "lbl": "527.00", "val": 527.0 }, "geometry": { "type": "MultiPolygon", "coordinates": [ [ [ [ 127.163710221973545, 37.436188356300747 ], [ 127.163700138825334, 37.438441758027274 ], [ 127.166526144104452, 37.43844976479928 ], [ 127.166536142525487, 37.436196362424461 ], [ 127.163710221973545, 37.436188356300747 ] ] ] ] } },
{ "type": "Feature", "properties": { "gid": "다사65bb32bb", "lbl": "277.00", "val": 277.0 }, "geometry": { "type": "MultiPolygon", "coordinates": [ [ [ [ 127.11306416382692, 37.393218136075902 ], [ 127.113052580141613, 37.395471541616011 ], [ 127.115876955612734, 37.395480750352654 ], [ 127.115888454752437, 37.393227344066624 ], [ 127.11306416382692, 37.393218136075902 ] ] ] ] } },
{ "type": "Feature", "properties": { "gid": "다사67ba37aa", "lbl": "906.00", "val": 906.0 }, "geometry": { "type": "MultiPolygon", "coordinates": [ [ [ [ 127.132647198663847, 37.431589039009957 ], [ 127.1326361859781, 37.433842434972128 ], [ 127.135462008946902, 37.433851183530756 ], [ 127.135472936925822, 37.431597786860202 ], [ 127.132647198663847, 37.431589039009957 ] ] ] ] } },
{ "type": "Feature", "properties": { "gid": "다사66ba33ab", "lbl": "210.00", "val": 210.0 }, "geometry": { "type": "MultiPolygon", "coordinates": [ [ [ [ 127.121514379076757, 37.397752372346538 ], [ 127.121503046505836, 37.40000577838034 ], [ 127.124327594909687, 37.40001478619893 ], [ 127.124338842915705, 37.397761379435501 ], [ 127.121514379076757, 37.397752372346538 ] ] ] ] } },
{ "type": "Feature", "properties": { "gid": "다사70ab37bb", "lbl": "588.00", "val": 588.0 }, "geometry": { "type": "MultiPolygon", "coordinates": [ [ [ [ 127.163700138825334, 37.438441758027274 ], [ 127.163690054554436, 37.440695158890243 ], [ 127.166516144570153, 37.440703166310577 ], [ 127.166526144104452, 37.43844976479928 ], [ 127.163700138825334, 37.438441758027274 ] ] ] ] } },
{ "type": "Feature", "properties": { "gid": "다사65aa39ab", "lbl": "25.00", "val": 25.0 }, "geometry": { "type": "MultiPolygon", "coordinates": [ [ [ [ 127.104283099769972, 37.451778311513976 ], [ 127.104271228134422, 37.454031692311155 ], [ 127.107097801189482, 37.454041123260254 ], [ 127.107109588034817, 37.451787741699583 ], [ 127.104283099769972, 37.451778311513976 ] ] ] ] } },
{ "type": "Feature", "properties": { "gid": "다사69aa31ba", "lbl": "71.00", "val": 71.0 }, "geometry": { "type": "MultiPolygon", "coordinates": [ [ [ [ 127.14983244841109, 37.382065491548467 ], [ 127.149821969664387, 37.384318910676171 ], [ 127.152645938400624, 37.384327239064717 ], [ 127.152656332646856, 37.38207381926231 ], [ 127.14983244841109, 37.382065491548467 ] ] ] ] } },
{ "type": "Feature", "properties": { "gid": "다사65bb29ba", "lbl": "315.00", "val": 315.0 }, "geometry": { "type": "MultiPolygon", "coordinates": [ [ [ [ 127.113214634450401, 37.363923785442807 ], [ 127.113203067516253, 37.366177202212675 ], [ 127.116026344628082, 37.366186401255725 ], [ 127.116037827138854, 37.363932983740497 ], [ 127.113214634450401, 37.363923785442807 ] ] ] ] } },
{ "type": "Feature", "properties": { "gid": "다사62ab31ba", "lbl": "104.00", "val": 104.0 }, "geometry": { "type": "MultiPolygon", "coordinates": [ [ [ [ 127.073588045768176, 37.381815156054436 ], [ 127.073575285564957, 37.384068554900615 ], [ 127.076399219502164, 37.384078703941206 ], [ 127.076411895209006, 37.381825304272851 ], [ 127.073588045768176, 37.381815156054436 ] ] ] ] } },
{ "type": "Feature", "properties": { "gid": "다사63aa35ab", "lbl": "N/A", "val": 0.0 }, "geometry": { "type": "MultiPolygon", "coordinates": [ [ [ [ 127.081871851341134, 37.415646327112768 ], [ 127.081859323725467, 37.417899715441607 ], [ 127.084684530450019, 37.417909674283628 ], [ 127.084696973427597, 37.415656285148295 ], [ 127.081871851341134, 37.415646327112768 ] ] ] ] } },
{ "type": "Feature", "properties": { "gid": "다사69bb39ab", "lbl": "133.00", "val": 133.0 }, "geometry": { "type": "MultiPolygon", "coordinates": [ [ [ [ 127.157986592054201, 37.451945926134258 ], [ 127.157976331458315, 37.454199320501907 ], [ 127.160802927835192, 37.454207467018342 ], [ 127.160813103638105, 37.451954071991182 ], [ 127.157986592054201, 37.451945926134258 ] ] ] ] } },
{ "type": "Feature", "properties": { "gid": "다사66bb31ab", "lbl": "405.00", "val": 405.0 }, "geometry": { "type": "MultiPolygon", "coordinates": [ [ [ [ 127.12442878190032, 37.379734094232695 ], [ 127.124417543907057, 37.381987507906047 ], [ 127.127241417306365, 37.381996442462373 ], [ 127.127252570809858, 37.379743028065235 ], [ 127.12442878190032, 37.379734094232695 ] ] ] ] } },
{ "type": "Feature", "properties": { "gid": "다사66bb40ba", "lbl": "N/A", "val": 0.0 }, "geometry": { "type": "MultiPolygon", "coordinates": [ [ [ [ 127.124012141788256, 37.463109824796902 ], [ 127.12400085740714, 37.465363206502104 ], [ 127.126827863549025, 37.46537216786956 ], [ 127.126839063091651, 37.463118785438965 ], [ 127.124012141788256, 37.463109824796902 ] ] ] ] } },
{ "type": "Feature", "properties": { "gid": "다사68aa34ab", "lbl": "706.00", "val": 706.0 }, "geometry": { "type": "MultiPolygon", "coordinates": [ [ [ [ 127.138417872754616, 37.406819039043903 ], [ 127.138407042753641, 37.409072445918909 ], [ 127.141231936886967, 37.409081051702636 ], [ 127.141242682284528, 37.406827644130644 ], [ 127.138417872754616, 37.406819039043903 ] ] ] ] } },
{ "type": "Feature", "properties": { "gid": "다사61ba29ab", "lbl": "11.00", "val": 11.0 }, "geometry": { "type": "MultiPolygon", "coordinates": [ [ [ [ 127.065233564061131, 37.361503700822809 ], [ 127.065220563401027, 37.363757104950807 ], [ 127.068043732924153, 37.363767448736283 ], [ 127.068056649173002, 37.361514043770171 ], [ 127.065233564061131, 37.361503700822809 ] ] ] ] } },
{ "type": "Feature", "properties": { "gid": "다사67bb37aa", "lbl": "78.00", "val": 78.0 }, "geometry": { "type": "MultiPolygon", "coordinates": [ [ [ [ 127.135472936925822, 37.431597786860202 ], [ 127.135462008946902, 37.433851183530756 ], [ 127.138287833132438, 37.433859864536814 ], [ 127.138298676404403, 37.431606467163334 ], [ 127.135472936925822, 37.431597786860202 ] ] ] ] } },
{ "type": "Feature", "properties": { "gid": "다사64ab34ba", "lbl": "29.00", "val": 29.0 }, "geometry": { "type": "MultiPolygon", "coordinates": [ [ [ [ 127.096033780717974, 37.408935260112059 ], [ 127.096021680336264, 37.411188655011877 ], [ 127.098846640005007, 37.411198273952706 ], [ 127.098858655776127, 37.408944878273864 ], [ 127.096033780717974, 37.408935260112059 ] ] ] ] } },
{ "type": "Feature", "properties": { "gid": "다사63ba37aa", "lbl": "N/A", "val": 0.0 }, "geometry": { "type": "MultiPolygon", "coordinates": [ [ [ [ 127.087435559623501, 37.431439887075115 ], [ 127.087423191649236, 37.433693270959232 ], [ 127.090248993867633, 37.433703100346349 ], [ 127.090261277137557, 37.431449715666332 ], [ 127.087435559623501, 37.431439887075115 ] ] ] ] } },
{ "type": "Feature", "properties": { "gid": "다사68ab41ba", "lbl": "46.00", "val": 46.0 }, "geometry": { "type": "MultiPolygon", "coordinates": [ [ [ [ 127.140930579532224, 37.472176113013006 ], [ 127.140919799384051, 37.474429495531972 ], [ 127.143747152318639, 37.474438053895177 ], [ 127.143757847589654, 37.472184670683504 ], [ 127.140930579532224, 37.472176113013006 ] ] ] ] } },
{ "type": "Feature", "properties": { "gid": "다사67aa29ab", "lbl": "89.00", "val": 89.0 }, "geometry": { "type": "MultiPolygon", "coordinates": [ [ [ [ 127.127341754155012, 37.361715681799559 ], [ 127.127330610579691, 37.363969103105092 ], [ 127.130153809564646, 37.36397796448923 ], [ 127.130164868725302, 37.36172454246568 ], [ 127.127341754155012, 37.361715681799559 ] ] ] ] } },
{ "type": "Feature", "properties": { "gid": "다사67aa27aa", "lbl": "18.00", "val": 18.0 }, "geometry": { "type": "MultiPolygon", "coordinates": [ [ [ [ 127.127441990533924, 37.341434851196077 ], [ 127.127430858116682, 37.343688280272126 ], [ 127.130253297707469, 37.343697135195676 ], [ 127.130264345794544, 37.341443705401986 ], [ 127.127441990533924, 37.341434851196077 ] ] ] ] } },
{ "type": "Feature", "properties": { "gid": "다사69ba36bb", "lbl": "10.00", "val": 10.0 }, "geometry": { "type": "MultiPolygon", "coordinates": [ [ [ [ 127.155263472173118, 37.429403728148152 ], [ 127.155253138296302, 37.431657130487899 ], [ 127.158078886027027, 37.431665337958798 ], [ 127.15808913520533, 37.429411934954473 ], [ 127.155263472173118, 37.429403728148152 ] ] ] ] } },
{ "type": "Feature", "properties": { "gid": "다사62bb33aa", "lbl": "9.00", "val": 9.0 }, "geometry": { "type": "MultiPolygon", "coordinates": [ [ [ [ 127.079160177769538, 37.395355775010266 ], [ 127.079147578146333, 37.397609170308542 ], [ 127.081972022074112, 37.397619189357009 ], [ 127.081984537144152, 37.39536579324718 ], [ 127.079160177769538, 37.395355775010266 ] ] ] ] } },
{ "type": "Feature", "properties": { "gid": "다사67aa34ab", "lbl": "440.00", "val": 440.0 }, "geometry": { "type": "MultiPolygon", "coordinates": [ [ [ [ 127.127118646785192, 37.406783943827321 ], [ 127.127107478371983, 37.409037347859694 ], [ 127.129932367625798, 37.409046223612961 ], [ 127.129943451436191, 37.406792818861732 ], [ 127.127118646785192, 37.406783943827321 ] ] ] ] } },
{ "type": "Feature", "properties": { "gid": "다사61aa32ba", "lbl": "65.00", "val": 65.0 }, "geometry": { "type": "MultiPolygon", "coordinates": [ [ [ [ 127.059416080521586, 37.390776977018525 ], [ 127.059402891967764, 37.393030368212713 ], [ 127.062227156784331, 37.393040857801594 ], [ 127.062240260805012, 37.390787465757711 ], [ 127.059416080521586, 37.390776977018525 ] ] ] ] } },
{ "type": "Feature", "properties": { "gid": "다사65aa28bb", "lbl": "450.00", "val": 450.0 }, "geometry": { "type": "MultiPolygon", "coordinates": [ [ [ [ 127.104780516864082, 37.357135537569462 ], [ 127.104768700607352, 37.359388954661959 ], [ 127.107591720587507, 37.359398353583316 ], [ 127.107603452449524, 37.357144935729217 ], [ 127.104780516864082, 37.357135537569462 ] ] ] ] } },
{ "type": "Feature", "properties": { "gid": "다사68bb38aa", "lbl": "316.00", "val": 316.0 }, "geometry": { "type": "MultiPolygon", "coordinates": [ [ [ [ 127.146733538369574, 37.4406456954042 ], [ 127.146722944502372, 37.442899091398452 ], [ 127.149549112384875, 37.442907504917855 ], [ 127.149559621506839, 37.440654108242398 ], [ 127.146733538369574, 37.4406456954042 ] ] ] ] } },
{ "type": "Feature", "properties": { "gid": "다사66bb37ba", "lbl": "230.00", "val": 230.0 }, "geometry": { "type": "MultiPolygon", "coordinates": [ [ [ [ 127.124147456406718, 37.436069176921769 ], [ 127.124136187092361, 37.438322568997755 ], [ 127.126962175795398, 37.438331521663294 ], [ 127.126973360384497, 37.436078128862434 ], [ 127.124147456406718, 37.436069176921769 ] ] ] ] } },
{ "type": "Feature", "properties": { "gid": "다사62bb32bb", "lbl": "29.00", "val": 29.0 }, "geometry": { "type": "MultiPolygon", "coordinates": [ [ [ [ 127.079172775990173, 37.393102378847466 ], [ 127.079160177769538, 37.395355775010266 ], [ 127.081984537144152, 37.39536579324718 ], [ 127.081997050821059, 37.393112396272898 ], [ 127.079172775990173, 37.393102378847466 ] ] ] ] } },
{ "type": "Feature", "properties": { "gid": "다사69ab37ab", "lbl": "18.00", "val": 18.0 }, "geometry": { "type": "MultiPolygon", "coordinates": [ [ [ [ 127.15241697198104, 37.433902256275289 ], [ 127.152406551085733, 37.436155656217615 ], [ 127.15523246709084, 37.436163932576477 ], [ 127.155242803268919, 37.43391053196401 ], [ 127.15241697198104, 37.433902256275289 ] ] ] ] } },
{ "type": "Feature", "properties": { "gid": "다사65ba27ba", "lbl": "330.00", "val": 330.0 }, "geometry": { "type": "MultiPolygon", "coordinates": [ [ [ [ 127.110484607232962, 37.345887160516973 ], [ 127.110472966246491, 37.34814058344547 ], [ 127.113295566947997, 37.34814984387112 ], [ 127.113307123586409, 37.345896420192176 ], [ 127.110484607232962, 37.345887160516973 ] ] ] ] } },
{ "type": "Feature", "properties": { "gid": "다사67ab35ab", "lbl": "297.00", "val": 297.0 }, "geometry": { "type": "MultiPolygon", "coordinates": [ [ [ [ 127.12989910879007, 37.415806432683702 ], [ 127.129888020042813, 37.418059833979584 ], [ 127.132713249036811, 37.418068645094593 ], [ 127.132724253143394, 37.415815243085156 ], [ 127.12989910879007, 37.415806432683702 ] ] ] ] } },
{ "type": "Feature", "properties": { "gid": "다사68aa38bb", "lbl": "620.00", "val": 620.0 }, "geometry": { "type": "MultiPolygon", "coordinates": [ [ [ [ 127.138222748142084, 37.447380230635474 ], [ 127.138211896415982, 37.449633621961375 ], [ 127.141038315022556, 37.449642240298047 ], [ 127.141049081975538, 37.447388848274407 ], [ 127.138222748142084, 37.447380230635474 ] ] ] ] } },
{ "type": "Feature", "properties": { "gid": "다사68bb34aa", "lbl": "154.00", "val": 154.0 }, "geometry": { "type": "MultiPolygon", "coordinates": [ [ [ [ 127.146902879936448, 37.404591242029475 ], [ 127.146892304923526, 37.406844651842597 ], [ 127.149717118013754, 37.406853054467639 ], [ 127.149727608432272, 37.404599643973967 ], [ 127.146902879936448, 37.404591242029475 ] ] ] ] } },
{ "type": "Feature", "properties": { "gid": "다사66ab37ba", "lbl": "N/A", "val": 0.0 }, "geometry": { "type": "MultiPolygon", "coordinates": [ [ [ [ 127.118495652224368, 37.43605107036749 ], [ 127.118484213460022, 37.438304460977314 ], [ 127.1213101996441, 37.438313548769067 ], [ 127.121321553683515, 37.43606015742342 ], [ 127.118495652224368, 37.43605107036749 ] ] ] ] } },
{ "type": "Feature", "properties": { "gid": "다사62aa34ab", "lbl": "9.00", "val": 9.0 }, "geometry": { "type": "MultiPolygon", "coordinates": [ [ [ [ 127.070622827379296, 37.406592271061143 ], [ 127.07060996694122, 37.40884565956847 ], [ 127.073434829537035, 37.408855885146522 ], [ 127.073447605375378, 37.406602495811022 ], [ 127.070622827379296, 37.406592271061143 ] ] ] ] } },
{ "type": "Feature", "properties": { "gid": "다사66ab34bb", "lbl": "N/A", "val": 0.0 }, "geometry": { "type": "MultiPolygon", "coordinates": [ [ [ [ 127.118621394616156, 37.411263716626323 ], [ 127.118609969851761, 37.413517116741339 ], [ 127.121435024580123, 37.413526196441445 ], [ 127.121446364723283, 37.411272795591081 ], [ 127.118621394616156, 37.411263716626323 ] ] ] ] } },
{ "type": "Feature", "properties": { "gid": "다사67aa30ba", "lbl": "113.00", "val": 113.0 }, "geometry": { "type": "MultiPolygon", "coordinates": [ [ [ [ 127.127286023871775, 37.372982779692194 ], [ 127.127274874092421, 37.37523619668012 ], [ 127.13009849529189, 37.375245061654951 ], [ 127.13010956060954, 37.372991643948808 ], [ 127.127286023871775, 37.372982779692194 ] ] ] ] } },
{ "type": "Feature", "properties": { "gid": "다사68bb37bb", "lbl": "185.00", "val": 185.0 }, "geometry": { "type": "MultiPolygon", "coordinates": [ [ [ [ 127.146744131057332, 37.43839229854612 ], [ 127.146733538369574, 37.4406456954042 ], [ 127.149559621506839, 37.440654108242398 ], [ 127.149570129458795, 37.438400710703171 ], [ 127.146744131057332, 37.43839229854612 ] ] ] ] } },
{ "type": "Feature", "properties": { "gid": "다사69ba39aa", "lbl": "665.00", "val": 665.0 }, "geometry": { "type": "MultiPolygon", "coordinates": [ [ [ [ 127.155170425849576, 37.449684318113817 ], [ 127.155160081612649, 37.451937712680284 ], [ 127.157986592054201, 37.451945926134258 ], [ 127.157996851507704, 37.449692530902851 ], [ 127.155170425849576, 37.449684318113817 ] ] ] ] } },
{ "type": "Feature", "properties": { "gid": "다사62ba35bb", "lbl": "N/A", "val": 0.0 }, "geometry": { "type": "MultiPolygon", "coordinates": [ [ [ [ 127.076196216165258, 37.420132981054927 ], [ 127.076183516446562, 37.422386366024845 ], [ 127.079008889675848, 37.422396461526709 ], [ 127.079021504737952, 37.420143075739261 ], [ 127.076196216165258, 37.420132981054927 ] ] ] ] } },
{ "type": "Feature", "properties": { "gid": "다사61aa30ab", "lbl": "N/A", "val": 0.0 }, "geometry": { "type": "MultiPolygon", "coordinates": [ [ [ [ 127.05953471146276, 37.370496417356293 ], [ 127.059521536115511, 37.372749816333162 ], [ 127.062345040472394, 37.372760298276617 ], [ 127.062358131371127, 37.3705068984505 ], [ 127.05953471146276, 37.370496417356293 ] ] ] ] } },
{ "type": "Feature", "properties": { "gid": "다사66aa29ba", "lbl": "501.00", "val": 501.0 }, "geometry": { "type": "MultiPolygon", "coordinates": [ [ [ [ 127.116037827138854, 37.363932983740497 ], [ 127.116026344628082, 37.366186401255725 ], [ 127.118849623018136, 37.366195532910794 ], [ 127.118861021105403, 37.363942114655664 ], [ 127.116037827138854, 37.363932983740497 ] ] ] ] } },
{ "type": "Feature", "properties": { "gid": "다사65ab29ab", "lbl": "73.00", "val": 73.0 }, "geometry": { "type": "MultiPolygon", "coordinates": [ [ [ [ 127.107579987419513, 37.361651770573665 ], [ 127.10756825294537, 37.363905186700244 ], [ 127.110391443049465, 37.363914519762695 ], [ 127.110403093109923, 37.361661102879886 ], [ 127.107579987419513, 37.361651770573665 ] ] ] ] } },
{ "type": "Feature", "properties": { "gid": "다사65ab31bb", "lbl": "93.00", "val": 93.0 }, "geometry": { "type": "MultiPolygon", "coordinates": [ [ [ [ 127.107462583876867, 37.384185892966741 ], [ 127.107450836332958, 37.386439300454597 ], [ 127.110274871090638, 37.386448641081785 ], [ 127.110286534126871, 37.384195232837257 ], [ 127.107462583876867, 37.384185892966741 ] ] ] ] } },
{ "type": "Feature", "properties": { "gid": "다사61ba30aa", "lbl": "65.00", "val": 65.0 }, "geometry": { "type": "MultiPolygon", "coordinates": [ [ [ [ 127.065194557738948, 37.36826391061328 ], [ 127.065181552736632, 37.370517312147733 ], [ 127.068004975549883, 37.37052765844787 ], [ 127.068017896112764, 37.368274256075154 ], [ 127.065194557738948, 37.36826391061328 ] ] ] ] } },
{ "type": "Feature", "properties": { "gid": "다사67ba35ab", "lbl": "452.00", "val": 452.0 }, "geometry": { "type": "MultiPolygon", "coordinates": [ [ [ [ 127.132724253143394, 37.415815243085156 ], [ 127.132713249036811, 37.418068645094593 ], [ 127.13553847925597, 37.418077388695401 ], [ 127.135549398721722, 37.415823985977866 ], [ 127.132724253143394, 37.415815243085156 ] ] ] ] } },
{ "type": "Feature", "properties": { "gid": "다사70bb38ab", "lbl": "397.00", "val": 397.0 }, "geometry": { "type": "MultiPolygon", "coordinates": [ [ [ [ 127.169332319797761, 37.44296450745162 ], [ 127.169322402792162, 37.445217907878757 ], [ 127.172148664527256, 37.445225781434026 ], [ 127.172158496777101, 37.442972380369433 ], [ 127.169332319797761, 37.44296450745162 ] ] ] ] } },
{ "type": "Feature", "properties": { "gid": "다사66ba33aa", "lbl": "179.00", "val": 179.0 }, "geometry": { "type": "MultiPolygon", "coordinates": [ [ [ [ 127.121525710386152, 37.395498965448873 ], [ 127.121514379076757, 37.397752372346538 ], [ 127.124338842915705, 37.397761379435501 ], [ 127.124350089669619, 37.39550797180825 ], [ 127.121525710386152, 37.395498965448873 ] ] ] ] } },
{ "type": "Feature", "properties": { "gid": "다사66ba32bb", "lbl": "335.00", "val": 335.0 }, "geometry": { "type": "MultiPolygon", "coordinates": [ [ [ [ 127.121537040434163, 37.393245557687393 ], [ 127.121525710386152, 37.395498965448873 ], [ 127.124350089669619, 37.39550797180825 ], [ 127.124361335171585, 37.393254563317242 ], [ 127.121537040434163, 37.393245557687393 ] ] ] ] } },
{ "type": "Feature", "properties": { "gid": "다사68ab36ba", "lbl": "158.00", "val": 158.0 }, "geometry": { "type": "MultiPolygon", "coordinates": [ [ [ [ 127.141145930626891, 37.42710828118598 ], [ 127.141135174457332, 37.42936168098452 ], [ 127.143960831643, 37.429370225501231 ], [ 127.14397150312422, 37.427116825010785 ], [ 127.141145930626891, 37.42710828118598 ] ] ] ] } },
{ "type": "Feature", "properties": { "gid": "다사65aa39ba", "lbl": "87.00", "val": 87.0 }, "geometry": { "type": "MultiPolygon", "coordinates": [ [ [ [ 127.104271228134422, 37.454031692311155 ], [ 127.104259355177021, 37.456285072243766 ], [ 127.107086013031761, 37.456294503956393 ], [ 127.107097801189482, 37.454041123260254 ], [ 127.104271228134422, 37.454031692311155 ] ] ] ] } },
{ "type": "Feature", "properties": { "gid": "다사66bb33ab", "lbl": "108.00", "val": 108.0 }, "geometry": { "type": "MultiPolygon", "coordinates": [ [ [ [ 127.124338842915705, 37.397761379435501 ], [ 127.124327594909687, 37.40001478619893 ], [ 127.127152144565798, 37.40002372654731 ], [ 127.127163308006786, 37.397770319059731 ], [ 127.124338842915705, 37.397761379435501 ] ] ] ] } },
{ "type": "Feature", "properties": { "gid": "다사71ba36bb", "lbl": "N/A", "val": 0.0 }, "geometry": { "type": "MultiPolygon", "coordinates": [ [ [ [ 127.177868807851425, 37.429467491408531 ], [ 127.177859151566182, 37.431720898911841 ], [ 127.180684908162078, 37.431728565997972 ], [ 127.1806944797478, 37.429475157873824 ], [ 127.177868807851425, 37.429467491408531 ] ] ] ] } },
{ "type": "Feature", "properties": { "gid": "다사67aa29ba", "lbl": "241.00", "val": 241.0 }, "geometry": { "type": "MultiPolygon", "coordinates": [ [ [ [ 127.127330610579691, 37.363969103105092 ], [ 127.127319465763833, 37.36622252354713 ], [ 127.130142749172919, 37.366231385649321 ], [ 127.130153809564646, 37.36397796448923 ], [ 127.127330610579691, 37.363969103105092 ] ] ] ] } },
{ "type": "Feature", "properties": { "gid": "다사67ba33aa", "lbl": "84.00", "val": 84.0 }, "geometry": { "type": "MultiPolygon", "coordinates": [ [ [ [ 127.132823234994163, 37.395534586130424 ], [ 127.132812241907573, 37.397787995913603 ], [ 127.135636710698478, 37.397796733143061 ], [ 127.135647619229033, 37.395543322652166 ], [ 127.132823234994163, 37.395534586130424 ] ] ] ] } },
{ "type": "Feature", "properties": { "gid": "다사66ba37ba", "lbl": "83.00", "val": 83.0 }, "geometry": { "type": "MultiPolygon", "coordinates": [ [ [ [ 127.121321553683515, 37.43606015742342 ], [ 127.1213101996441, 37.438313548769067 ], [ 127.124136187092361, 37.438322568997755 ], [ 127.124147456406718, 37.436069176921769 ], [ 127.121321553683515, 37.43606015742342 ] ] ] ] } },
{ "type": "Feature", "properties": { "gid": "다사62aa36ba", "lbl": "22.00", "val": 22.0 }, "geometry": { "type": "MultiPolygon", "coordinates": [ [ [ [ 127.070507031877966, 37.426872736493841 ], [ 127.070494158547731, 37.429126117217585 ], [ 127.073319782964987, 37.429136350251454 ], [ 127.07333257161072, 37.42688296869909 ], [ 127.070507031877966, 37.426872736493841 ] ] ] ] } },
{ "type": "Feature", "properties": { "gid": "다사66ba35aa", "lbl": "382.00", "val": 382.0 }, "geometry": { "type": "MultiPolygon", "coordinates": [ [ [ [ 127.121435024580123, 37.413526196441445 ], [ 127.121423683174427, 37.415779596427818 ], [ 127.124248823796165, 37.415788609354955 ], [ 127.124260080571062, 37.413535208638649 ], [ 127.121435024580123, 37.413526196441445 ] ] ] ] } },
{ "type": "Feature", "properties": { "gid": "다사66bb37bb", "lbl": "659.00", "val": 659.0 }, "geometry": { "type": "MultiPolygon", "coordinates": [ [ [ [ 127.124136187092361, 37.438322568997755 ], [ 127.124124916523272, 37.440575960209621 ], [ 127.12695098996096, 37.440584913600084 ], [ 127.126962175795398, 37.438331521663294 ], [ 127.124136187092361, 37.438322568997755 ] ] ] ] } },
{ "type": "Feature", "properties": { "gid": "다사63ba32ba", "lbl": "64.00", "val": 64.0 }, "geometry": { "type": "MultiPolygon", "coordinates": [ [ [ [ 127.087657947867157, 37.39087882932138 ], [ 127.087645604652366, 37.393132228766632 ], [ 127.090469883633943, 37.393142043834729 ], [ 127.090482142313931, 37.390888643594437 ], [ 127.087657947867157, 37.39087882932138 ] ] ] ] } },
{ "type": "Feature", "properties": { "gid": "다사70ba40aa", "lbl": "656.00", "val": 656.0 }, "geometry": { "type": "MultiPolygon", "coordinates": [ [ [ [ 127.166436108202859, 37.458730347311892 ], [ 127.16642609864337, 37.460983741050661 ], [ 127.169252952827847, 37.460991686688537 ], [ 127.169262877565629, 37.458738292306556 ], [ 127.166436108202859, 37.458730347311892 ] ] ] ] } },
{ "type": "Feature", "properties": { "gid": "다사63bb37ba", "lbl": "N/A", "val": 0.0 }, "geometry": { "type": "MultiPolygon", "coordinates": [ [ [ [ 127.090236709230126, 37.435956484161743 ], [ 127.090224423224811, 37.438209867112477 ], [ 127.093050396248188, 37.438219630529552 ], [ 127.093062597530121, 37.43596624678829 ], [ 127.090236709230126, 37.435956484161743 ] ] ] ] } },
{ "type": "Feature", "properties": { "gid": "다사69aa38ba", "lbl": "173.00", "val": 173.0 }, "geometry": { "type": "MultiPolygon", "coordinates": [ [ [ [ 127.149538602092804, 37.445160900729505 ], [ 127.149528090630454, 37.447414295677362 ], [ 127.152354429202163, 37.447422642973429 ], [ 127.152364855900259, 37.445169247349774 ], [ 127.149538602092804, 37.445160900729505 ] ] ] ] } },
{ "type": "Feature", "properties": { "gid": "다사68bb36ba", "lbl": "339.00", "val": 339.0 }, "geometry": { "type": "MultiPolygon", "coordinates": [ [ [ [ 127.146797076809563, 37.427125301299164 ], [ 127.146786490016851, 37.429378702476043 ], [ 127.14961214956945, 37.429387111908852 ], [ 127.149622651673496, 37.427133710051024 ], [ 127.146797076809563, 37.427125301299164 ] ] ] ] } },
{ "type": "Feature", "properties": { "gid": "다사63ba37ab", "lbl": "N/A", "val": 0.0 }, "geometry": { "type": "MultiPolygon", "coordinates": [ [ [ [ 127.087423191649236, 37.433693270959232 ], [ 127.087410822297912, 37.435946653978682 ], [ 127.090236709230126, 37.435956484161743 ], [ 127.090248993867633, 37.433703100346349 ], [ 127.087423191649236, 37.433693270959232 ] ] ] ] } },
{ "type": "Feature", "properties": { "gid": "다사66aa29aa", "lbl": "378.00", "val": 378.0 }, "geometry": { "type": "MultiPolygon", "coordinates": [ [ [ [ 127.11606078832628, 37.359426146119091 ], [ 127.116049308371558, 37.361679565361612 ], [ 127.118872417923967, 37.361688695536934 ], [ 127.118883813474, 37.359435275554588 ], [ 127.11606078832628, 37.359426146119091 ] ] ] ] } },
{ "type": "Feature", "properties": { "gid": "다사66bb26bb", "lbl": "140.00", "val": 140.0 }, "geometry": { "type": "MultiPolygon", "coordinates": [ [ [ [ 127.124630852011236, 37.339172500445528 ], [ 127.124619636512378, 37.341425929661845 ], [ 127.127441990533924, 37.341434851196077 ], [ 127.127453121712122, 37.339181421256711 ], [ 127.124630852011236, 37.339172500445528 ] ] ] ] } },
{ "type": "Feature", "properties": { "gid": "다사69ab36ba", "lbl": "228.00", "val": 228.0 }, "geometry": { "type": "MultiPolygon", "coordinates": [ [ [ [ 127.152448227706614, 37.427142051266273 ], [ 127.152437810291332, 37.429395453799586 ], [ 127.155263472173118, 37.429403728148152 ], [ 127.155273804899451, 37.427150324944812 ], [ 127.152448227706614, 37.427142051266273 ] ] ] ] } },
{ "type": "Feature", "properties": { "gid": "다사66ab33ab", "lbl": "228.00", "val": 228.0 }, "geometry": { "type": "MultiPolygon", "coordinates": [ [ [ [ 127.118689916499335, 37.397743297792914 ], [ 127.118678499363668, 37.399996703091659 ], [ 127.121503046505836, 37.40000577838034 ], [ 127.121514379076757, 37.397752372346538 ], [ 127.118689916499335, 37.397743297792914 ] ] ] ] } },
{ "type": "Feature", "properties": { "gid": "다사59bb29bb", "lbl": "N/A", "val": 0.0 }, "geometry": { "type": "MultiPolygon", "coordinates": [ [ [ [ 127.045444824740812, 37.365936209042111 ], [ 127.045431230180569, 37.368189605420667 ], [ 127.048254558224016, 37.368200422621648 ], [ 127.048268068355412, 37.365947025366658 ], [ 127.045444824740812, 37.365936209042111 ] ] ] ] } },
{ "type": "Feature", "properties": { "gid": "다사69ab35aa", "lbl": "268.00", "val": 268.0 }, "geometry": { "type": "MultiPolygon", "coordinates": [ [ [ [ 127.152510707848379, 37.413621617930779 ], [ 127.152500297389508, 37.41587502564559 ], [ 127.155325451279154, 37.415883295974638 ], [ 127.155335777105648, 37.413629887590041 ], [ 127.152510707848379, 37.413621617930779 ] ] ] ] } },
{ "type": "Feature", "properties": { "gid": "다사69ab38ab", "lbl": "257.00", "val": 257.0 }, "geometry": { "type": "MultiPolygon", "coordinates": [ [ [ [ 127.152375281437543, 37.442915850862349 ], [ 127.152364855900259, 37.445169247349774 ], [ 127.155191110868529, 37.445177526389585 ], [ 127.155201451650868, 37.442924129231869 ], [ 127.152375281437543, 37.442915850862349 ] ] ] ] } },
{ "type": "Feature", "properties": { "gid": "다사68ba38ab", "lbl": "810.00", "val": 810.0 }, "geometry": { "type": "MultiPolygon", "coordinates": [ [ [ [ 127.143896777799426, 37.442890610304232 ], [ 127.143886097998134, 37.445144004747938 ], [ 127.146712349455612, 37.445152486528876 ], [ 127.146722944502372, 37.442899091398452 ], [ 127.143896777799426, 37.442890610304232 ] ] ] ] } },
{ "type": "Feature", "properties": { "gid": "다사67aa37bb", "lbl": "435.00", "val": 435.0 }, "geometry": { "type": "MultiPolygon", "coordinates": [ [ [ [ 127.126962175795398, 37.438331521663294 ], [ 127.12695098996096, 37.440584913600084 ], [ 127.129777064644102, 37.440593799421833 ], [ 127.129788165743719, 37.438340406765604 ], [ 127.126962175795398, 37.438331521663294 ] ] ] ] } },
{ "type": "Feature", "properties": { "gid": "다사66ab29ab", "lbl": "296.00", "val": 296.0 }, "geometry": { "type": "MultiPolygon", "coordinates": [ [ [ [ 127.118872417923967, 37.361688695536934 ], [ 127.118861021105403, 37.363942114655664 ], [ 127.121684216340668, 37.363951178188216 ], [ 127.121695528744965, 37.36169775833509 ], [ 127.118872417923967, 37.361688695536934 ] ] ] ] } },
{ "type": "Feature", "properties": { "gid": "다사67ba34ba", "lbl": "267.00", "val": 267.0 }, "geometry": { "type": "MultiPolygon", "coordinates": [ [ [ [ 127.132757258113628, 37.409055031873976 ], [ 127.132746257681674, 37.411308436474833 ], [ 127.135571234006633, 37.411317177951481 ], [ 127.13558214982605, 37.409063772642654 ], [ 127.132757258113628, 37.409055031873976 ] ] ] ] } },
{ "type": "Feature", "properties": { "gid": "다사66ab26ab", "lbl": "236.00", "val": 236.0 }, "geometry": { "type": "MultiPolygon", "coordinates": [ [ [ [ 127.119009080842105, 37.334647598757059 ], [ 127.11899769923636, 37.336901028237705 ], [ 127.121819882120306, 37.336910082960422 ], [ 127.121831179424419, 37.334656652745899 ], [ 127.119009080842105, 37.334647598757059 ] ] ] ] } },
{ "type": "Feature", "properties": { "gid": "다사69aa38ab", "lbl": "938.00", "val": 938.0 }, "geometry": { "type": "MultiPolygon", "coordinates": [ [ [ [ 127.149549112384875, 37.442907504917855 ], [ 127.149538602092804, 37.445160900729505 ], [ 127.152364855900259, 37.445169247349774 ], [ 127.152375281437543, 37.442915850862349 ], [ 127.149549112384875, 37.442907504917855 ] ] ] ] } },
{ "type": "Feature", "properties": { "gid": "다사69aa36ba", "lbl": "848.00", "val": 848.0 }, "geometry": { "type": "MultiPolygon", "coordinates": [ [ [ [ 127.149622651673496, 37.427133710051024 ], [ 127.14961214956945, 37.429387111908852 ], [ 127.152437810291332, 37.429395453799586 ], [ 127.152448227706614, 37.427142051266273 ], [ 127.149622651673496, 37.427133710051024 ] ] ] ] } },
{ "type": "Feature", "properties": { "gid": "다사66ba29aa", "lbl": "149.00", "val": 149.0 }, "geometry": { "type": "MultiPolygon", "coordinates": [ [ [ [ 127.121706839890095, 37.359444337618399 ], [ 127.121695528744965, 37.36169775833509 ], [ 127.124518640825116, 37.361706753755996 ], [ 127.124529867565244, 37.359453332310423 ], [ 127.121706839890095, 37.359444337618399 ] ] ] ] } },
{ "type": "Feature", "properties": { "gid": "다사64aa36bb", "lbl": "148.00", "val": 148.0 }, "geometry": { "type": "MultiPolygon", "coordinates": [ [ [ [ 127.093099193226379, 37.429206090376951 ], [ 127.093086996019039, 37.431459476711971 ], [ 127.095912716258596, 37.431469170211933 ], [ 127.095924828770663, 37.429215783091998 ], [ 127.093099193226379, 37.429206090376951 ] ] ] ] } },
{ "type": "Feature", "properties": { "gid": "다사63bb33ba", "lbl": "122.00", "val": 122.0 }, "geometry": { "type": "MultiPolygon", "coordinates": [ [ [ [ 127.090433099404862, 37.399902239369723 ], [ 127.09042083526495, 37.402155636152685 ], [ 127.093245453845242, 37.402165386926967 ], [ 127.093257633412563, 37.39991198935423 ], [ 127.090433099404862, 37.399902239369723 ] ] ] ] } },
{ "type": "Feature", "properties": { "gid": "다사69ab37ba", "lbl": "N/A", "val": 0.0 }, "geometry": { "type": "MultiPolygon", "coordinates": [ [ [ [ 127.152406551085733, 37.436155656217615 ], [ 127.152396129030123, 37.438409055296255 ], [ 127.155222129761896, 37.438417332325301 ], [ 127.15523246709084, 37.436163932576477 ], [ 127.152406551085733, 37.436155656217615 ] ] ] ] } },
{ "type": "Feature", "properties": { "gid": "다사67ba32ba", "lbl": "169.00", "val": 169.0 }, "geometry": { "type": "MultiPolygon", "coordinates": [ [ [ [ 127.132845217496367, 37.391027763973121 ], [ 127.132834226857042, 37.393281175483594 ], [ 127.135658526545271, 37.393289911297657 ], [ 127.135669432647319, 37.391036499079561 ], [ 127.132845217496367, 37.391027763973121 ] ] ] ] } },
{ "type": "Feature", "properties": { "gid": "다사59aa30aa", "lbl": "N/A", "val": 0.0 }, "geometry": { "type": "MultiPolygon", "coordinates": [ [ [ [ 127.036961255167967, 37.368156749473016 ], [ 127.036947405780708, 37.370410142324452 ], [ 127.039770813693579, 37.370421162590539 ], [ 127.03978457864315, 37.368167768846234 ], [ 127.036961255167967, 37.368156749473016 ] ] ] ] } },
{ "type": "Feature", "properties": { "gid": "다사68ab29ba", "lbl": "84.00", "val": 84.0 }, "geometry": { "type": "MultiPolygon", "coordinates": [ [ [ [ 127.141446617721755, 37.364012736195008 ], [ 127.141435895027868, 37.366266160172721 ], [ 127.144259184499248, 37.366274685331781 ], [ 127.144269822768337, 37.364021260663314 ], [ 127.141446617721755, 37.364012736195008 ] ] ] ] } },
{ "type": "Feature", "properties": { "gid": "다사59ab30aa", "lbl": "N/A", "val": 0.0 }, "geometry": { "type": "MultiPolygon", "coordinates": [ [ [ [ 127.03978457864315, 37.368167768846234 ], [ 127.039770813693579, 37.370421162590539 ], [ 127.042594223138792, 37.370432115460538 ], [ 127.042607903650477, 37.36817872082883 ], [ 127.03978457864315, 37.368167768846234 ] ] ] ] } },
{ "type": "Feature", "properties": { "gid": "다사70bb38ba", "lbl": "28.00", "val": 28.0 }, "geometry": { "type": "MultiPolygon", "coordinates": [ [ [ [ 127.169322402792162, 37.445217907878757 ], [ 127.169312484682365, 37.447471307442349 ], [ 127.172138831182636, 37.447479181635124 ], [ 127.172148664527256, 37.445225781434026 ], [ 127.169322402792162, 37.445217907878757 ] ] ] ] } },
{ "type": "Feature", "properties": { "gid": "다사69ab36bb", "lbl": "84.00", "val": 84.0 }, "geometry": { "type": "MultiPolygon", "coordinates": [ [ [ [ 127.152437810291332, 37.429395453799586 ], [ 127.152427391716188, 37.43164885546927 ], [ 127.155253138296302, 37.431657130487899 ], [ 127.155263472173118, 37.429403728148152 ], [ 127.152437810291332, 37.429395453799586 ] ] ] ] } },
{ "type": "Feature", "properties": { "gid": "다사64ab32bb", "lbl": "91.00", "val": 91.0 }, "geometry": { "type": "MultiPolygon", "coordinates": [ [ [ [ 127.096118445681938, 37.393161471612892 ], [ 127.096106354726118, 37.395414872562689 ], [ 127.0989307223184, 37.395424486051269 ], [ 127.098942728729526, 37.393171084322752 ], [ 127.096118445681938, 37.393161471612892 ] ] ] ] } },
{ "type": "Feature", "properties": { "gid": "다사70aa39ba", "lbl": "556.00", "val": 556.0 }, "geometry": { "type": "MultiPolygon", "coordinates": [ [ [ [ 127.160802927835192, 37.454207467018342 ], [ 127.160792750899219, 37.456460861181775 ], [ 127.163619433211693, 37.456468940749694 ], [ 127.163629525345115, 37.454215545932186 ], [ 127.160802927835192, 37.454207467018342 ] ] ] ] } },
{ "type": "Feature", "properties": { "gid": "다사64aa37ba", "lbl": "15.00", "val": 15.0 }, "geometry": { "type": "MultiPolygon", "coordinates": [ [ [ [ 127.093062597530121, 37.43596624678829 ], [ 127.093050396248188, 37.438219630529552 ], [ 127.095876370630094, 37.43822932638453 ], [ 127.095888487188475, 37.435975941858217 ], [ 127.093062597530121, 37.43596624678829 ] ] ] ] } },
{ "type": "Feature", "properties": { "gid": "다사65bb27ab", "lbl": "643.00", "val": 643.0 }, "geometry": { "type": "MultiPolygon", "coordinates": [ [ [ [ 127.113318678938526, 37.343642995649667 ], [ 127.113307123586409, 37.345896420192176 ], [ 127.116129641226124, 37.345905612528611 ], [ 127.116141112239418, 37.34365218724114 ], [ 127.113318678938526, 37.343642995649667 ] ] ] ] } },
{ "type": "Feature", "properties": { "gid": "다사62aa29ab", "lbl": "36.00", "val": 36.0 }, "geometry": { "type": "MultiPolygon", "coordinates": [ [ [ [ 127.070879735722528, 37.36152431934218 ], [ 127.07086690388509, 37.363777725140956 ], [ 127.073690076274502, 37.363787934164705 ], [ 127.073702823700344, 37.361534527538723 ], [ 127.070879735722528, 37.36152431934218 ] ] ] ] } },
{ "type": "Feature", "properties": { "gid": "다사66bb30aa", "lbl": "314.00", "val": 314.0 }, "geometry": { "type": "MultiPolygon", "coordinates": [ [ [ [ 127.124484953105551, 37.368467012911573 ], [ 127.124473721365504, 37.370720430902999 ], [ 127.127297172410039, 37.370729361840709 ], [ 127.127308319707339, 37.368475943125674 ], [ 127.124484953105551, 37.368467012911573 ] ] ] ] } },
{ "type": "Feature", "properties": { "gid": "다사68ab38aa", "lbl": "775.00", "val": 775.0 }, "geometry": { "type": "MultiPolygon", "coordinates": [ [ [ [ 127.141081375642727, 37.440628667019851 ], [ 127.141070612285489, 37.442882061635281 ], [ 127.143896777799426, 37.442890610304232 ], [ 127.143907456411711, 37.440637214996656 ], [ 127.141081375642727, 37.440628667019851 ] ] ] ] } },
{ "type": "Feature", "properties": { "gid": "다사68ab37bb", "lbl": "572.00", "val": 572.0 }, "geometry": { "type": "MultiPolygon", "coordinates": [ [ [ [ 127.141092137801678, 37.438375271540494 ], [ 127.141081375642727, 37.440628667019851 ], [ 127.143907456411711, 37.440637214996656 ], [ 127.143918133835143, 37.438383818825216 ], [ 127.141092137801678, 37.438375271540494 ] ] ] ] } },
{ "type": "Feature", "properties": { "gid": "다사62ab35bb", "lbl": "N/A", "val": 0.0 }, "geometry": { "type": "MultiPolygon", "coordinates": [ [ [ [ 127.073370929006316, 37.420122818852867 ], [ 127.073358144631229, 37.422376202999779 ], [ 127.076183516446562, 37.422386366024845 ], [ 127.076196216165258, 37.420132981054927 ], [ 127.073370929006316, 37.420122818852867 ] ] ] ] } },
{ "type": "Feature", "properties": { "gid": "다사66ab32ab", "lbl": "41.00", "val": 41.0 }, "geometry": { "type": "MultiPolygon", "coordinates": [ [ [ [ 127.118735572334089, 37.388729667959304 ], [ 127.118724160281275, 37.390983076713482 ], [ 127.121548369220974, 37.3909921490621 ], [ 127.121559696746672, 37.388738739573014 ], [ 127.118735572334089, 37.388729667959304 ] ] ] ] } },
{ "type": "Feature", "properties": { "gid": "다사61bb32ab", "lbl": "37.00", "val": 37.0 }, "geometry": { "type": "MultiPolygon", "coordinates": [ [ [ [ 127.067901559252476, 37.388554846306022 ], [ 127.067888625738462, 37.390808240897556 ], [ 127.070712810369685, 37.390818527298002 ], [ 127.070725659359439, 37.388565131873214 ], [ 127.067901559252476, 37.388554846306022 ] ] ] ] } },
{ "type": "Feature", "properties": { "gid": "다사67aa31ab", "lbl": "268.00", "val": 268.0 }, "geometry": { "type": "MultiPolygon", "coordinates": [ [ [ [ 127.127252570809858, 37.379743028065235 ], [ 127.127241417306365, 37.381996442462373 ], [ 127.130065291947346, 37.382005309592138 ], [ 127.130076360960942, 37.379751894476634 ], [ 127.127252570809858, 37.379743028065235 ] ] ] ] } },
{ "type": "Feature", "properties": { "gid": "다사67ba35bb", "lbl": "25.00", "val": 25.0 }, "geometry": { "type": "MultiPolygon", "coordinates": [ [ [ [ 127.13270224370504, 37.420322046240187 ], [ 127.132691237147995, 37.422575446521947 ], [ 127.135516636677053, 37.422584191539059 ], [ 127.135527558574466, 37.420330790549137 ], [ 127.13270224370504, 37.420322046240187 ] ] ] ] } },
{ "type": "Feature", "properties": { "gid": "다사65ba29ab", "lbl": "537.00", "val": 537.0 }, "geometry": { "type": "MultiPolygon", "coordinates": [ [ [ [ 127.110403093109923, 37.361661102879886 ], [ 127.110391443049465, 37.363914519762695 ], [ 127.113214634450401, 37.363923785442807 ], [ 127.11322620009706, 37.361670367809232 ], [ 127.110403093109923, 37.361661102879886 ] ] ] ] } },
{ "type": "Feature", "properties": { "gid": "다사63ab37ab", "lbl": "14.00", "val": 14.0 }, "geometry": { "type": "MultiPolygon", "coordinates": [ [ [ [ 127.0845973908079, 37.433683374021172 ], [ 127.084584936742942, 37.435936756239201 ], [ 127.087410822297912, 37.435946653978682 ], [ 127.087423191649236, 37.433693270959232 ], [ 127.0845973908079, 37.433683374021172 ] ] ] ] } },
{ "type": "Feature", "properties": { "gid": "다사66ba29ab", "lbl": "209.00", "val": 209.0 }, "geometry": { "type": "MultiPolygon", "coordinates": [ [ [ [ 127.121695528744965, 37.36169775833509 ], [ 127.121684216340668, 37.363951178188216 ], [ 127.124507412835229, 37.363960174338054 ], [ 127.124518640825116, 37.361706753755996 ], [ 127.121695528744965, 37.36169775833509 ] ] ] ] } },
{ "type": "Feature", "properties": { "gid": "다사67bb31bb", "lbl": "91.00", "val": 91.0 }, "geometry": { "type": "MultiPolygon", "coordinates": [ [ [ [ 127.135702143669917, 37.384276257243847 ], [ 127.135691241209514, 37.386529672052625 ], [ 127.138515288527969, 37.386538338306131 ], [ 127.138526106479219, 37.384284922795302 ], [ 127.135702143669917, 37.384276257243847 ] ] ] ] } },
{ "type": "Feature", "properties": { "gid": "다사60ba29ba", "lbl": "N/A", "val": 0.0 }, "geometry": { "type": "MultiPolygon", "coordinates": [ [ [ [ 127.053927899874836, 37.363715056002881 ], [ 127.053914560086611, 37.36596845585909 ], [ 127.056737808184394, 37.365979070026761 ], [ 127.056751063552667, 37.363725669310547 ], [ 127.053927899874836, 37.363715056002881 ] ] ] ] } },
{ "type": "Feature", "properties": { "gid": "다사61ba30bb", "lbl": "N/A", "val": 0.0 }, "geometry": { "type": "MultiPolygon", "coordinates": [ [ [ [ 127.065155538388609, 37.375024112622953 ], [ 127.065142529042561, 37.37727751156369 ], [ 127.067966205230562, 37.377287860378942 ], [ 127.067979130108967, 37.375034460599785 ], [ 127.065155538388609, 37.375024112622953 ] ] ] ] } },
{ "type": "Feature", "properties": { "gid": "다사64ba33bb", "lbl": "N/A", "val": 0.0 }, "geometry": { "type": "MultiPolygon", "coordinates": [ [ [ [ 127.098894695064388, 37.402184686051626 ], [ 127.098882683305646, 37.404438084323296 ], [ 127.101707390508139, 37.4044476334469 ], [ 127.10171931768437, 37.402194234401804 ], [ 127.098894695064388, 37.402184686051626 ] ] ] ] } },
{ "type": "Feature", "properties": { "gid": "다사64ab37aa", "lbl": "N/A", "val": 0.0 }, "geometry": { "type": "MultiPolygon", "coordinates": [ [ [ [ 127.095912716258596, 37.431469170211933 ], [ 127.095900602397933, 37.433722556467345 ], [ 127.098726408690922, 37.433732183201009 ], [ 127.098738437846762, 37.431478796166118 ], [ 127.095912716258596, 37.431469170211933 ] ] ] ] } },
{ "type": "Feature", "properties": { "gid": "다사64ba29ab", "lbl": "32.00", "val": 32.0 }, "geometry": { "type": "MultiPolygon", "coordinates": [ [ [ [ 127.099110678222701, 37.361623369394735 ], [ 127.099098690508498, 37.363876783219872 ], [ 127.101921876665514, 37.363886318428733 ], [ 127.101933779966529, 37.361632903830994 ], [ 127.099110678222701, 37.361623369394735 ] ] ] ] } },
{ "type": "Feature", "properties": { "gid": "다사71ba38ab", "lbl": "49.00", "val": 49.0 }, "geometry": { "type": "MultiPolygon", "coordinates": [ [ [ [ 127.177810854010346, 37.442987923478242 ], [ 127.177801191272366, 37.445241325801362 ], [ 127.18062745626348, 37.445248996613259 ], [ 127.180637034245336, 37.442995593669082 ], [ 127.177810854010346, 37.442987923478242 ] ] ] ] } },
{ "type": "Feature", "properties": { "gid": "다사62bb35ba", "lbl": "N/A", "val": 0.0 }, "geometry": { "type": "MultiPolygon", "coordinates": [ [ [ [ 127.079034118395725, 37.417889689087097 ], [ 127.079021504737952, 37.420143075739261 ], [ 127.081846794715048, 37.420153102905793 ], [ 127.081859323725467, 37.417899715441607 ], [ 127.079034118395725, 37.417889689087097 ] ] ] ] } },
{ "type": "Feature", "properties": { "gid": "다사66ba32ba", "lbl": "41.00", "val": 41.0 }, "geometry": { "type": "MultiPolygon", "coordinates": [ [ [ [ 127.121548369220974, 37.3909921490621 ], [ 127.121537040434163, 37.393245557687393 ], [ 127.124361335171585, 37.393254563317242 ], [ 127.124372579421717, 37.391001153962463 ], [ 127.121548369220974, 37.3909921490621 ] ] ] ] } },
{ "type": "Feature", "properties": { "gid": "다사71ab36bb", "lbl": "N/A", "val": 0.0 }, "geometry": { "type": "MultiPolygon", "coordinates": [ [ [ [ 127.175043137030073, 37.42945975740033 ], [ 127.175033396045421, 37.431713164277333 ], [ 127.177859151566182, 37.431720898911841 ], [ 127.177868807851425, 37.429467491408531 ], [ 127.175043137030073, 37.42945975740033 ] ] ] ] } },
{ "type": "Feature", "properties": { "gid": "다사68bb38ba", "lbl": "197.00", "val": 197.0 }, "geometry": { "type": "MultiPolygon", "coordinates": [ [ [ [ 127.146712349455612, 37.445152486528876 ], [ 127.146701753229152, 37.447405880795444 ], [ 127.149528090630454, 37.447414295677362 ], [ 127.149538602092804, 37.445160900729505 ], [ 127.146712349455612, 37.445152486528876 ] ] ] ] } },
{ "type": "Feature", "properties": { "gid": "다사64bb28ba", "lbl": "N/A", "val": 0.0 }, "geometry": { "type": "MultiPolygon", "coordinates": [ [ [ [ 127.101969481920577, 37.354872654854695 ], [ 127.101957582593897, 37.35712607204394 ], [ 127.104780516864082, 37.357135537569462 ], [ 127.104792331805612, 37.354882119613201 ], [ 127.101969481920577, 37.354872654854695 ] ] ] ] } },
{ "type": "Feature", "properties": { "gid": "다사60ba32bb", "lbl": "7.00", "val": 7.0 }, "geometry": { "type": "MultiPolygon", "coordinates": [ [ [ [ 127.053754366748834, 37.393009186680601 ], [ 127.053741007642159, 37.395262575294062 ], [ 127.056565354054982, 37.395273200646493 ], [ 127.056578628619476, 37.393019811172351 ], [ 127.053754366748834, 37.393009186680601 ] ] ] ] } },
{ "type": "Feature", "properties": { "gid": "다사70bb38bb", "lbl": "208.00", "val": 208.0 }, "geometry": { "type": "MultiPolygon", "coordinates": [ [ [ [ 127.169312484682365, 37.447471307442349 ], [ 127.169302565468215, 37.449724706142376 ], [ 127.172128996743112, 37.4497325809727 ], [ 127.172138831182636, 37.447479181635124 ], [ 127.169312484682365, 37.447471307442349 ] ] ] ] } },
{ "type": "Feature", "properties": { "gid": "다사68bb38ab", "lbl": "680.00", "val": 680.0 }, "geometry": { "type": "MultiPolygon", "coordinates": [ [ [ [ 127.146722944502372, 37.442899091398452 ], [ 127.146712349455612, 37.445152486528876 ], [ 127.149538602092804, 37.445160900729505 ], [ 127.149549112384875, 37.442907504917855 ], [ 127.146722944502372, 37.442899091398452 ] ] ] ] } },
{ "type": "Feature", "properties": { "gid": "다사66ba35ab", "lbl": "121.00", "val": 121.0 }, "geometry": { "type": "MultiPolygon", "coordinates": [ [ [ [ 127.121423683174427, 37.415779596427818 ], [ 127.121412340505998, 37.41803299555022 ], [ 127.12423756576797, 37.418042009207305 ], [ 127.124248823796165, 37.415788609354955 ], [ 127.121423683174427, 37.415779596427818 ] ] ] ] } },
{ "type": "Feature", "properties": { "gid": "다사62ba30ba", "lbl": "19.00", "val": 19.0 }, "geometry": { "type": "MultiPolygon", "coordinates": [ [ [ [ 127.076462583928461, 37.372811696955132 ], [ 127.076449913864465, 37.375065100081173 ], [ 127.079273511283134, 37.375075178424908 ], [ 127.079286096888197, 37.37282177448234 ], [ 127.076462583928461, 37.372811696955132 ] ] ] ] } },
{ "type": "Feature", "properties": { "gid": "다사69ba41aa", "lbl": "127.00", "val": 127.0 }, "geometry": { "type": "MultiPolygon", "coordinates": [ [ [ [ 127.155087639696234, 37.467711450458452 ], [ 127.155077286241124, 37.469964838114116 ], [ 127.15790447528974, 37.469973056889039 ], [ 127.157914743885911, 37.46771966856813 ], [ 127.155087639696234, 37.467711450458452 ] ] ] ] } },
{ "type": "Feature", "properties": { "gid": "다사64ab28bb", "lbl": "187.00", "val": 187.0 }, "geometry": { "type": "MultiPolygon", "coordinates": [ [ [ [ 127.096311718036702, 37.357106938896031 ], [ 127.096299648596755, 37.359360353670979 ], [ 127.099122664602589, 37.359369954705706 ], [ 127.099134649648292, 37.357116539152777 ], [ 127.096311718036702, 37.357106938896031 ] ] ] ] } },
{ "type": "Feature", "properties": { "gid": "다사67ab30ba", "lbl": "329.00", "val": 329.0 }, "geometry": { "type": "MultiPolygon", "coordinates": [ [ [ [ 127.13010956060954, 37.372991643948808 ], [ 127.13009849529189, 37.375245061654951 ], [ 127.132922117723197, 37.375253859219491 ], [ 127.132933098579002, 37.373000440800581 ], [ 127.13010956060954, 37.372991643948808 ] ] ] ] } },
{ "type": "Feature", "properties": { "gid": "다사62ba32ab", "lbl": "42.00", "val": 42.0 }, "geometry": { "type": "MultiPolygon", "coordinates": [ [ [ [ 127.076373863854855, 37.388585500684513 ], [ 127.076361183914074, 37.390838897759416 ], [ 127.079185372808411, 37.39084898182017 ], [ 127.079197968224449, 37.388595583928399 ], [ 127.076373863854855, 37.388585500684513 ] ] ] ] } },
{ "type": "Feature", "properties": { "gid": "다사70aa37bb", "lbl": "634.00", "val": 634.0 }, "geometry": { "type": "MultiPolygon", "coordinates": [ [ [ [ 127.16087413466893, 37.438433683690896 ], [ 127.160863965661548, 37.440687083900045 ], [ 127.163690054554436, 37.440695158890243 ], [ 127.163700138825334, 37.438441758027274 ], [ 127.16087413466893, 37.438433683690896 ] ] ] ] } },
{ "type": "Feature", "properties": { "gid": "다사68bb39aa", "lbl": "430.00", "val": 430.0 }, "geometry": { "type": "MultiPolygon", "coordinates": [ [ [ [ 127.14669115582285, 37.449659274198133 ], [ 127.146680557236564, 37.451912666736938 ], [ 127.149507064194395, 37.451921082981535 ], [ 127.149517577997699, 37.44966768976137 ], [ 127.14669115582285, 37.449659274198133 ] ] ] ] } },
{ "type": "Feature", "properties": { "gid": "다사70aa38bb", "lbl": "430.00", "val": 430.0 }, "geometry": { "type": "MultiPolygon", "coordinates": [ [ [ [ 127.160833451845306, 37.447447279345731 ], [ 127.160823278308101, 37.449700676100292 ], [ 127.163649706241287, 37.449708753706105 ], [ 127.163659795004264, 37.447455356297567 ], [ 127.160833451845306, 37.447447279345731 ] ] ] ] } },
{ "type": "Feature", "properties": { "gid": "다사67ab34bb", "lbl": "150.00", "val": 150.0 }, "geometry": { "type": "MultiPolygon", "coordinates": [ [ [ [ 127.129921282581421, 37.411299627500377 ], [ 127.129910196302902, 37.413553030523964 ], [ 127.132735256024958, 37.413561840211898 ], [ 127.132746257681674, 37.411308436474833 ], [ 127.129921282581421, 37.411299627500377 ] ] ] ] } },
{ "type": "Feature", "properties": { "gid": "다사65ba30aa", "lbl": "205.00", "val": 205.0 }, "geometry": { "type": "MultiPolygon", "coordinates": [ [ [ [ 127.110368139037675, 37.368421350937055 ], [ 127.110356485086101, 37.370674765228571 ], [ 127.113179929784891, 37.370684033161261 ], [ 127.113191499294473, 37.36843061811885 ], [ 127.110368139037675, 37.368421350937055 ] ] ] ] } },
{ "type": "Feature", "properties": { "gid": "다사70ab35bb", "lbl": "N/A", "val": 0.0 }, "geometry": { "type": "MultiPolygon", "coordinates": [ [ [ [ 127.163780772586847, 37.420414520036886 ], [ 127.163770697293771, 37.422667927807844 ], [ 127.166596109680697, 37.42267593004258 ], [ 127.166606100312606, 37.420422521623607 ], [ 127.163780772586847, 37.420414520036886 ] ] ] ] } },
{ "type": "Feature", "properties": { "gid": "다사68ba40aa", "lbl": "14.00", "val": 14.0 }, "geometry": { "type": "MultiPolygon", "coordinates": [ [ [ [ 127.143821994213525, 37.458664353267778 ], [ 127.143811306085325, 37.460917741663849 ], [ 127.146638151088837, 37.460926228252887 ], [ 127.146648754396438, 37.458672839169829 ], [ 127.143821994213525, 37.458664353267778 ] ] ] ] } },
{ "type": "Feature", "properties": { "gid": "다사67bb33aa", "lbl": "6.00", "val": 6.0 }, "geometry": { "type": "MultiPolygon", "coordinates": [ [ [ [ 127.135647619229033, 37.395543322652166 ], [ 127.135636710698478, 37.397796733143061 ], [ 127.138461180703828, 37.397805402907423 ], [ 127.138472004678178, 37.395551991714271 ], [ 127.135647619229033, 37.395543322652166 ] ] ] ] } },
{ "type": "Feature", "properties": { "gid": "다사71ba37ab", "lbl": "260.00", "val": 260.0 }, "geometry": { "type": "MultiPolygon", "coordinates": [ [ [ [ 127.177849494205802, 37.433974305551828 ], [ 127.177839835770158, 37.436227711328485 ], [ 127.180665761793392, 37.436235379656388 ], [ 127.180675335510657, 37.433981973258831 ], [ 127.177849494205802, 37.433974305551828 ] ] ] ] } },
{ "type": "Feature", "properties": { "gid": "다사66ab29aa", "lbl": "360.00", "val": 360.0 }, "geometry": { "type": "MultiPolygon", "coordinates": [ [ [ [ 127.118883813474, 37.359435275554588 ], [ 127.118872417923967, 37.361688695536934 ], [ 127.121695528744965, 37.36169775833509 ], [ 127.121706839890095, 37.359444337618399 ], [ 127.118883813474, 37.359435275554588 ] ] ] ] } },
{ "type": "Feature", "properties": { "gid": "다사69ab40bb", "lbl": "92.00", "val": 92.0 }, "geometry": { "type": "MultiPolygon", "coordinates": [ [ [ [ 127.152270973811014, 37.465449776864631 ], [ 127.15226053665927, 37.467703164713505 ], [ 127.155087639696234, 37.467711450458452 ], [ 127.155097991998602, 37.46545806193889 ], [ 127.152270973811014, 37.465449776864631 ] ] ] ] } },
{ "type": "Feature", "properties": { "gid": "다사68aa30bb", "lbl": "189.00", "val": 189.0 }, "geometry": { "type": "MultiPolygon", "coordinates": [ [ [ [ 127.138569366243715, 37.375271252117351 ], [ 127.138558553108382, 37.377524671081993 ], [ 127.14138226365047, 37.377533267111545 ], [ 127.141392992314124, 37.375279847450479 ], [ 127.138569366243715, 37.375271252117351 ] ] ] ] } },
{ "type": "Feature", "properties": { "gid": "다사70bb34ba", "lbl": "N/A", "val": 0.0 }, "geometry": { "type": "MultiPolygon", "coordinates": [ [ [ [ 127.169480942464361, 37.409163397432181 ], [ 127.169471042006393, 37.411416810810231 ], [ 127.172296033395625, 37.411424674807442 ], [ 127.172305849239279, 37.409171260792476 ], [ 127.169480942464361, 37.409163397432181 ] ] ] ] } },
{ "type": "Feature", "properties": { "gid": "다사64ab29ab", "lbl": "88.00", "val": 88.0 }, "geometry": { "type": "MultiPolygon", "coordinates": [ [ [ [ 127.096287577813229, 37.361613767582 ], [ 127.096275505685995, 37.363867180629057 ], [ 127.099098690508498, 37.363876783219872 ], [ 127.099110678222701, 37.361623369394735 ], [ 127.096287577813229, 37.361613767582 ] ] ] ] } },
{ "type": "Feature", "properties": { "gid": "다사65ab35aa", "lbl": "7.00", "val": 7.0 }, "geometry": { "type": "MultiPolygon", "coordinates": [ [ [ [ 127.107309763752269, 37.413480122913754 ], [ 127.107297999194742, 37.415733519168526 ], [ 127.110123133408734, 37.41574286963656 ], [ 127.110134813336202, 37.413489472624541 ], [ 127.107309763752269, 37.413480122913754 ] ] ] ] } },
{ "type": "Feature", "properties": { "gid": "다사67bb32ab", "lbl": "80.00", "val": 80.0 }, "geometry": { "type": "MultiPolygon", "coordinates": [ [ [ [ 127.135680337535348, 37.388783085997872 ], [ 127.135669432647319, 37.391036499079561 ], [ 127.138493649012304, 37.391045166737278 ], [ 127.138504469372378, 37.388791752953466 ], [ 127.135680337535348, 37.388783085997872 ] ] ] ] } },
{ "type": "Feature", "properties": { "gid": "다사68aa40aa", "lbl": "19.00", "val": 19.0 }, "geometry": { "type": "MultiPolygon", "coordinates": [ [ [ [ 127.138168477427143, 37.45864717862468 ], [ 127.138157619658131, 37.46090056563034 ], [ 127.140984462271945, 37.460909187456309 ], [ 127.140995235220643, 37.458655799752698 ], [ 127.138168477427143, 37.45864717862468 ] ] ] ] } },
{ "type": "Feature", "properties": { "gid": "다사69ba40ab", "lbl": "217.00", "val": 217.0 }, "geometry": { "type": "MultiPolygon", "coordinates": [ [ [ [ 127.155118693145624, 37.460951282308081 ], [ 127.155108343148342, 37.463204672555428 ], [ 127.157935277648491, 37.463212889334699 ], [ 127.157945542815156, 37.46095949842222 ], [ 127.155118693145624, 37.460951282308081 ] ] ] ] } },
{ "type": "Feature", "properties": { "gid": "다사62ba28ab", "lbl": "N/A", "val": 0.0 }, "geometry": { "type": "MultiPolygon", "coordinates": [ [ [ [ 127.076576551060185, 37.35253102992619 ], [ 127.076563893683044, 37.354784440830926 ], [ 127.079386731309825, 37.35479451182767 ], [ 127.079399304312616, 37.352541100106833 ], [ 127.076576551060185, 37.35253102992619 ] ] ] ] } },
{ "type": "Feature", "properties": { "gid": "다사68bb31bb", "lbl": "39.00", "val": 39.0 }, "geometry": { "type": "MultiPolygon", "coordinates": [ [ [ [ 127.146998002094733, 37.384310514854889 ], [ 127.146987437671783, 37.386563932439074 ], [ 127.149811489751144, 37.386572328940566 ], [ 127.149821969664387, 37.384318910676171 ], [ 127.146998002094733, 37.384310514854889 ] ] ] ] } },
{ "type": "Feature", "properties": { "gid": "다사67ba33ab", "lbl": "56.00", "val": 56.0 }, "geometry": { "type": "MultiPolygon", "coordinates": [ [ [ [ 127.132812241907573, 37.397787995913603 ], [ 127.132801247597087, 37.400041404833097 ], [ 127.135625800953477, 37.400050142770326 ], [ 127.135636710698478, 37.397796733143061 ], [ 127.132812241907573, 37.397787995913603 ] ] ] ] } },
{ "type": "Feature", "properties": { "gid": "다사67bb36ba", "lbl": "157.00", "val": 157.0 }, "geometry": { "type": "MultiPolygon", "coordinates": [ [ [ [ 127.135494789234059, 37.427090990927368 ], [ 127.135483863688179, 37.429344389325728 ], [ 127.138309518469228, 37.429353068925998 ], [ 127.138320359327039, 37.427099669824798 ], [ 127.135494789234059, 37.427090990927368 ] ] ] ] } },
{ "type": "Feature", "properties": { "gid": "다사68aa41ba", "lbl": "214.00", "val": 214.0 }, "geometry": { "type": "MultiPolygon", "coordinates": [ [ [ [ 127.138103312675042, 37.472167487696716 ], [ 127.138092447649854, 37.474420869517481 ], [ 127.140919799384051, 37.474429495531972 ], [ 127.140930579532224, 37.472176113013006 ], [ 127.138103312675042, 37.472167487696716 ] ] ] ] } },
{ "type": "Feature", "properties": { "gid": "다사69aa37aa", "lbl": "274.00", "val": 274.0 }, "geometry": { "type": "MultiPolygon", "coordinates": [ [ [ [ 127.149601646296091, 37.431640512903016 ], [ 127.149591141853293, 37.433893913033458 ], [ 127.15241697198104, 37.433902256275289 ], [ 127.152427391716188, 37.43164885546927 ], [ 127.149601646296091, 37.431640512903016 ] ] ] ] } },
{ "type": "Feature", "properties": { "gid": "다사64ba32ab", "lbl": "49.00", "val": 49.0 }, "geometry": { "type": "MultiPolygon", "coordinates": [ [ [ [ 127.098966737542398, 37.388664278273247 ], [ 127.098954733804135, 37.390917681730073 ], [ 127.101778933652781, 37.390927226213797 ], [ 127.101790852865008, 37.388673821983808 ], [ 127.098966737542398, 37.388664278273247 ] ] ] ] } },
{ "type": "Feature", "properties": { "gid": "다사67aa40ba", "lbl": "194.00", "val": 194.0 }, "geometry": { "type": "MultiPolygon", "coordinates": [ [ [ [ 127.126839063091651, 37.463118785438965 ], [ 127.126827863549025, 37.46537216786956 ], [ 127.129654870937998, 37.465381061608099 ], [ 127.129665985641992, 37.463127678457582 ], [ 127.126839063091651, 37.463118785438965 ] ] ] ] } },
{ "type": "Feature", "properties": { "gid": "다사66ba31ab", "lbl": "155.00", "val": 155.0 }, "geometry": { "type": "MultiPolygon", "coordinates": [ [ [ [ 127.121604994241707, 37.379725092979136 ], [ 127.121593671758816, 37.381978505923207 ], [ 127.124417543907057, 37.381987507906047 ], [ 127.12442878190032, 37.379734094232695 ], [ 127.121604994241707, 37.379725092979136 ] ] ] ] } },
{ "type": "Feature", "properties": { "gid": "다사65ab33aa", "lbl": "94.00", "val": 94.0 }, "geometry": { "type": "MultiPolygon", "coordinates": [ [ [ [ 127.107403833077612, 37.395452921766122 ], [ 127.107392078993072, 37.397706324933935 ], [ 127.110216536430286, 37.397715669345175 ], [ 127.110228205960098, 37.395462265420463 ], [ 127.107403833077612, 37.395452921766122 ] ] ] ] } },
{ "type": "Feature", "properties": { "gid": "다사65aa35ba", "lbl": "11.00", "val": 11.0 }, "geometry": { "type": "MultiPolygon", "coordinates": [ [ [ [ 127.104461015783883, 37.417977495820402 ], [ 127.10444916395781, 37.42023088958392 ], [ 127.107274466150074, 37.420240309085429 ], [ 127.107286233327414, 37.417986914559094 ], [ 127.104461015783883, 37.417977495820402 ] ] ] ] } },
{ "type": "Feature", "properties": { "gid": "다사62bb35ab", "lbl": "9.00", "val": 9.0 }, "geometry": { "type": "MultiPolygon", "coordinates": [ [ [ [ 127.079046730649267, 37.415636301570245 ], [ 127.079034118395725, 37.417889689087097 ], [ 127.081859323725467, 37.417899715441607 ], [ 127.081871851341134, 37.415646327112768 ], [ 127.079046730649267, 37.415636301570245 ] ] ] ] } },
{ "type": "Feature", "properties": { "gid": "다사68aa40bb", "lbl": "179.00", "val": 179.0 }, "geometry": { "type": "MultiPolygon", "coordinates": [ [ [ [ 127.138135900492898, 37.465407337049321 ], [ 127.138125039096437, 37.467660721462622 ], [ 127.140952136227924, 37.46766934538266 ], [ 127.14096291277572, 37.465415960271308 ], [ 127.138135900492898, 37.465407337049321 ] ] ] ] } },
{ "type": "Feature", "properties": { "gid": "다사65aa35ab", "lbl": "N/A", "val": 0.0 }, "geometry": { "type": "MultiPolygon", "coordinates": [ [ [ [ 127.104472866290578, 37.415724101192602 ], [ 127.104461015783883, 37.417977495820402 ], [ 127.107286233327414, 37.417986914559094 ], [ 127.107297999194742, 37.415733519168526 ], [ 127.104472866290578, 37.415724101192602 ] ] ] ] } },
{ "type": "Feature", "properties": { "gid": "다사62aa30aa", "lbl": "8.00", "val": 8.0 }, "geometry": { "type": "MultiPolygon", "coordinates": [ [ [ [ 127.070841235924746, 37.368284534145282 ], [ 127.070828399801499, 37.370537937350818 ], [ 127.073651825482045, 37.370548148856479 ], [ 127.073664577165502, 37.368294744823594 ], [ 127.070841235924746, 37.368284534145282 ] ] ] ] } },
{ "type": "Feature", "properties": { "gid": "다사67bb39ab", "lbl": "N/A", "val": 0.0 }, "geometry": { "type": "MultiPolygon", "coordinates": [ [ [ [ 127.135374541300877, 37.451878325792386 ], [ 127.135363602366155, 37.454131714686959 ], [ 127.138190189338729, 37.454140402021125 ], [ 127.138201043481587, 37.451887012423263 ], [ 127.135374541300877, 37.451878325792386 ] ] ] ] } },
{ "type": "Feature", "properties": { "gid": "다사67aa39ab", "lbl": "51.00", "val": 51.0 }, "geometry": { "type": "MultiPolygon", "coordinates": [ [ [ [ 127.126895042103797, 37.451851860322009 ], [ 127.12688384879435, 37.454105247073869 ], [ 127.129710432084536, 37.454114137213232 ], [ 127.129721540602546, 37.45186074974167 ], [ 127.126895042103797, 37.451851860322009 ] ] ] ] } },
{ "type": "Feature", "properties": { "gid": "다사66aa30ba", "lbl": "353.00", "val": 353.0 }, "geometry": { "type": "MultiPolygon", "coordinates": [ [ [ [ 127.115991889425629, 37.372946648619298 ], [ 127.115980401800968, 37.375200062679724 ], [ 127.118804017979045, 37.375209197294794 ], [ 127.118815421142614, 37.372955782494309 ], [ 127.115991889425629, 37.372946648619298 ] ] ] ] } },
{ "type": "Feature", "properties": { "gid": "다사66bb30ab", "lbl": "188.00", "val": 188.0 }, "geometry": { "type": "MultiPolygon", "coordinates": [ [ [ [ 127.124473721365504, 37.370720430902999 ], [ 127.124462488375102, 37.372973848030846 ], [ 127.127286023871775, 37.372982779692194 ], [ 127.127297172410039, 37.370729361840709 ], [ 127.124473721365504, 37.370720430902999 ] ] ] ] } },
{ "type": "Feature", "properties": { "gid": "다사65ba28ba", "lbl": "107.00", "val": 107.0 }, "geometry": { "type": "MultiPolygon", "coordinates": [ [ [ [ 127.110438035511493, 37.35490084704918 ], [ 127.110426389340773, 37.357154266523111 ], [ 127.113249327528493, 37.357163529951052 ], [ 127.113260889313537, 37.354910109726497 ], [ 127.110438035511493, 37.35490084704918 ] ] ] ] } },
{ "type": "Feature", "properties": { "gid": "다사68ab40bb", "lbl": "90.00", "val": 90.0 }, "geometry": { "type": "MultiPolygon", "coordinates": [ [ [ [ 127.14096291277572, 37.465415960271308 ], [ 127.140952136227924, 37.46766934538266 ], [ 127.143779234559403, 37.467677901667848 ], [ 127.143789926258393, 37.465424515863894 ], [ 127.14096291277572, 37.465415960271308 ] ] ] ] } },
{ "type": "Feature", "properties": { "gid": "다사64bb29bb", "lbl": "N/A", "val": 0.0 }, "geometry": { "type": "MultiPolygon", "coordinates": [ [ [ [ 127.101909972039437, 37.366139732162594 ], [ 127.10189806608814, 37.368393145032563 ], [ 127.104721422425115, 37.368402614393808 ], [ 127.104733243944295, 37.36614920075661 ], [ 127.101909972039437, 37.366139732162594 ] ] ] ] } },
{ "type": "Feature", "properties": { "gid": "다사68ba29aa", "lbl": "N/A", "val": 0.0 }, "geometry": { "type": "MultiPolygon", "coordinates": [ [ [ [ 127.144291095754284, 37.359514408736658 ], [ 127.144280459853334, 37.361767835131602 ], [ 127.147103581668489, 37.361776291531214 ], [ 127.147114133163299, 37.359522864451073 ], [ 127.144291095754284, 37.359514408736658 ] ] ] ] } },
{ "type": "Feature", "properties": { "gid": "다사70bb35bb", "lbl": "N/A", "val": 0.0 }, "geometry": { "type": "MultiPolygon", "coordinates": [ [ [ [ 127.169431429150549, 37.420430455689591 ], [ 127.169421523179949, 37.422683864751129 ], [ 127.17224693778212, 37.422691731933412 ], [ 127.172256759091297, 37.420438322234787 ], [ 127.169431429150549, 37.420430455689591 ] ] ] ] } },
{ "type": "Feature", "properties": { "gid": "다사68bb40ab", "lbl": "27.00", "val": 27.0 }, "geometry": { "type": "MultiPolygon", "coordinates": [ [ [ [ 127.146638151088837, 37.460926228252887 ], [ 127.146627546600556, 37.463179616471969 ], [ 127.149454477614924, 37.463188036123967 ], [ 127.149464997273014, 37.460934647223333 ], [ 127.146638151088837, 37.460926228252887 ] ] ] ] } },
{ "type": "Feature", "properties": { "gid": "다사68ba38ba", "lbl": "225.00", "val": 225.0 }, "geometry": { "type": "MultiPolygon", "coordinates": [ [ [ [ 127.143886097998134, 37.445144004747938 ], [ 127.143875417007692, 37.447397398327759 ], [ 127.146701753229152, 37.447405880795444 ], [ 127.146712349455612, 37.445152486528876 ], [ 127.143886097998134, 37.445144004747938 ] ] ] ] } },
{ "type": "Feature", "properties": { "gid": "다사67ab35bb", "lbl": "36.00", "val": 36.0 }, "geometry": { "type": "MultiPolygon", "coordinates": [ [ [ [ 127.129876930060959, 37.420313234411587 ], [ 127.129865838844381, 37.422566633979677 ], [ 127.132691237147995, 37.422575446521947 ], [ 127.13270224370504, 37.420322046240187 ], [ 127.129876930060959, 37.420313234411587 ] ] ] ] } },
{ "type": "Feature", "properties": { "gid": "다사68ab30aa", "lbl": "261.00", "val": 261.0 }, "geometry": { "type": "MultiPolygon", "coordinates": [ [ [ [ 127.14142517114027, 37.36851958328716 ], [ 127.141414446058874, 37.370773005538261 ], [ 127.144237904408087, 37.370781532078951 ], [ 127.144248545045883, 37.368528109136996 ], [ 127.14142517114027, 37.36851958328716 ] ] ] ] } },
{ "type": "Feature", "properties": { "gid": "다사61ba32ba", "lbl": "27.00", "val": 27.0 }, "geometry": { "type": "MultiPolygon", "coordinates": [ [ [ [ 127.065064442547097, 37.390797887050752 ], [ 127.065051423059728, 37.393051279938859 ], [ 127.067875690784604, 37.393061634624431 ], [ 127.067888625738462, 37.390808240897556 ], [ 127.065064442547097, 37.390797887050752 ] ] ] ] } },
{ "type": "Feature", "properties": { "gid": "다사67ab40ba", "lbl": "38.00", "val": 38.0 }, "geometry": { "type": "MultiPolygon", "coordinates": [ [ [ [ 127.129665985641992, 37.463127678457582 ], [ 127.129654870937998, 37.465381061608099 ], [ 127.132481879564608, 37.465389887717642 ], [ 127.1324929094298, 37.463136503852674 ], [ 127.129665985641992, 37.463127678457582 ] ] ] ] } },
{ "type": "Feature", "properties": { "gid": "다사67ba36bb", "lbl": "804.00", "val": 804.0 }, "geometry": { "type": "MultiPolygon", "coordinates": [ [ [ [ 127.132658210123552, 37.429335642183823 ], [ 127.132647198663847, 37.431589039009957 ], [ 127.135472936925822, 37.431597786860202 ], [ 127.135483863688179, 37.429344389325728 ], [ 127.132658210123552, 37.429335642183823 ] ] ] ] } },
{ "type": "Feature", "properties": { "gid": "다사66bb35aa", "lbl": "360.00", "val": 360.0 }, "geometry": { "type": "MultiPolygon", "coordinates": [ [ [ [ 127.124260080571062, 37.413535208638649 ], [ 127.124248823796165, 37.415788609354955 ], [ 127.127073965671187, 37.415797554773604 ], [ 127.127085137815115, 37.413544153332843 ], [ 127.124260080571062, 37.413535208638649 ] ] ] ] } },
{ "type": "Feature", "properties": { "gid": "다사66ab31bb", "lbl": "16.00", "val": 16.0 }, "geometry": { "type": "MultiPolygon", "coordinates": [ [ [ [ 127.118758392628848, 37.38422284785954 ], [ 127.118746983116566, 37.386476258341304 ], [ 127.121571023011455, 37.38648532922015 ], [ 127.121582348015451, 37.384231918003543 ], [ 127.118758392628848, 37.38422284785954 ] ] ] ] } },
{ "type": "Feature", "properties": { "gid": "다사66bb38aa", "lbl": "652.00", "val": 652.0 }, "geometry": { "type": "MultiPolygon", "coordinates": [ [ [ [ 127.124124916523272, 37.440575960209621 ], [ 127.124113644699264, 37.442829350557318 ], [ 127.12693980288104, 37.44283830467274 ], [ 127.12695098996096, 37.440584913600084 ], [ 127.124124916523272, 37.440575960209621 ] ] ] ] } },
{ "type": "Feature", "properties": { "gid": "다사68ab34aa", "lbl": "60.00", "val": 60.0 }, "geometry": { "type": "MultiPolygon", "coordinates": [ [ [ [ 127.141253426485889, 37.404574235695023 ], [ 127.141242682284528, 37.406827644130644 ], [ 127.144067493010638, 37.406836181730235 ], [ 127.144078152617851, 37.404582772603128 ], [ 127.141253426485889, 37.404574235695023 ] ] ] ] } },
{ "type": "Feature", "properties": { "gid": "다사61bb36ba", "lbl": "30.00", "val": 30.0 }, "geometry": { "type": "MultiPolygon", "coordinates": [ [ [ [ 127.067681493578377, 37.426862436754689 ], [ 127.067668535563755, 37.429115816644341 ], [ 127.070494158547731, 37.429126117217585 ], [ 127.070507031877966, 37.426872736493841 ], [ 127.067681493578377, 37.426862436754689 ] ] ] ] } },
{ "type": "Feature", "properties": { "gid": "다사67bb32aa", "lbl": "6.00", "val": 6.0 }, "geometry": { "type": "MultiPolygon", "coordinates": [ [ [ [ 127.135691241209514, 37.386529672052625 ], [ 127.135680337535348, 37.388783085997872 ], [ 127.138504469372378, 37.388791752953466 ], [ 127.138515288527969, 37.386538338306131 ], [ 127.135691241209514, 37.386529672052625 ] ] ] ] } },
{ "type": "Feature", "properties": { "gid": "다사66aa31aa", "lbl": "259.00", "val": 259.0 }, "geometry": { "type": "MultiPolygon", "coordinates": [ [ [ [ 127.115968912897429, 37.377453475876401 ], [ 127.115957422714899, 37.379706888209299 ], [ 127.11878120784344, 37.379716024304649 ], [ 127.118792613546034, 37.377462611231572 ], [ 127.115968912897429, 37.377453475876401 ] ] ] ] } },
{ "type": "Feature", "properties": { "gid": "다사67aa35ab", "lbl": "205.00", "val": 205.0 }, "geometry": { "type": "MultiPolygon", "coordinates": [ [ [ [ 127.127073965671187, 37.415797554773604 ], [ 127.127062792283382, 37.418050955350452 ], [ 127.129888020042813, 37.418059833979584 ], [ 127.12989910879007, 37.415806432683702 ], [ 127.127073965671187, 37.415797554773604 ] ] ] ] } },
{ "type": "Feature", "properties": { "gid": "다사67ab37bb", "lbl": "665.00", "val": 665.0 }, "geometry": { "type": "MultiPolygon", "coordinates": [ [ [ [ 127.129788165743719, 37.438340406765604 ], [ 127.129777064644102, 37.440593799421833 ], [ 127.132603140563305, 37.44060261767477 ], [ 127.132614156927971, 37.438349224304552 ], [ 127.129788165743719, 37.438340406765604 ] ] ] ] } },
{ "type": "Feature", "properties": { "gid": "다사69bb39aa", "lbl": "348.00", "val": 348.0 }, "geometry": { "type": "MultiPolygon", "coordinates": [ [ [ [ 127.157996851507704, 37.449692530902851 ], [ 127.157986592054201, 37.451945926134258 ], [ 127.160813103638105, 37.451954071991182 ], [ 127.160823278308101, 37.449700676100292 ], [ 127.157996851507704, 37.449692530902851 ] ] ] ] } },
{ "type": "Feature", "properties": { "gid": "다사66aa29bb", "lbl": "448.00", "val": 448.0 }, "geometry": { "type": "MultiPolygon", "coordinates": [ [ [ [ 127.116026344628082, 37.366186401255725 ], [ 127.116014860839059, 37.36843981790728 ], [ 127.11883822366201, 37.368448950302287 ], [ 127.118849623018136, 37.366195532910794 ], [ 127.116026344628082, 37.366186401255725 ] ] ] ] } },
{ "type": "Feature", "properties": { "gid": "다사64ab30ba", "lbl": "N/A", "val": 0.0 }, "geometry": { "type": "MultiPolygon", "coordinates": [ [ [ [ 127.096227203736689, 37.372880824177429 ], [ 127.096215124888502, 37.375134232904458 ], [ 127.099038731917233, 37.37514383938629 ], [ 127.099050726305379, 37.372890429880968 ], [ 127.096227203736689, 37.372880824177429 ] ] ] ] } },
{ "type": "Feature", "properties": { "gid": "다사64aa33aa", "lbl": "138.00", "val": 138.0 }, "geometry": { "type": "MultiPolygon", "coordinates": [ [ [ [ 127.093281988479916, 37.395405191615808 ], [ 127.093269811624054, 37.397658590917167 ], [ 127.096094262424216, 37.397668272648268 ], [ 127.096106354726118, 37.395414872562689 ], [ 127.093281988479916, 37.395405191615808 ] ] ] ] } },
{ "type": "Feature", "properties": { "gid": "다사64ba39ab", "lbl": "N/A", "val": 0.0 }, "geometry": { "type": "MultiPolygon", "coordinates": [ [ [ [ 127.098630127214889, 37.451759248356908 ], [ 127.098618085999362, 37.454012627610688 ], [ 127.101444656401242, 37.454022193761269 ], [ 127.101456612826851, 37.451768813733047 ], [ 127.098630127214889, 37.451759248356908 ] ] ] ] } },
{ "type": "Feature", "properties": { "gid": "다사67bb29bb", "lbl": "50.00", "val": 50.0 }, "geometry": { "type": "MultiPolygon", "coordinates": [ [ [ [ 127.135789319675453, 37.366248907688288 ], [ 127.135778426919885, 37.368502329404734 ], [ 127.138601798428482, 37.368510990043028 ], [ 127.138612606750129, 37.366257567624857 ], [ 127.135789319675453, 37.366248907688288 ] ] ] ] } },
{ "type": "Feature", "properties": { "gid": "다사67aa34bb", "lbl": "39.00", "val": 39.0 }, "geometry": { "type": "MultiPolygon", "coordinates": [ [ [ [ 127.127096308715323, 37.411290751028204 ], [ 127.127085137815115, 37.413544153332843 ], [ 127.129910196302902, 37.413553030523964 ], [ 127.129921282581421, 37.411299627500377 ], [ 127.127096308715323, 37.411290751028204 ] ] ] ] } },
{ "type": "Feature", "properties": { "gid": "다사66ba29ba", "lbl": "276.00", "val": 276.0 }, "geometry": { "type": "MultiPolygon", "coordinates": [ [ [ [ 127.121684216340668, 37.363951178188216 ], [ 127.121672902677048, 37.36620459717777 ], [ 127.124496183595411, 37.366213594056582 ], [ 127.124507412835229, 37.363960174338054 ], [ 127.121684216340668, 37.363951178188216 ] ] ] ] } },
{ "type": "Feature", "properties": { "gid": "다사67bb30ab", "lbl": "528.00", "val": 528.0 }, "geometry": { "type": "MultiPolygon", "coordinates": [ [ [ [ 127.135767532951689, 37.3707557502578 ], [ 127.135756637770768, 37.373009170247443 ], [ 127.138580178175431, 37.3730178322893 ], [ 127.138590988903616, 37.370764411597854 ], [ 127.135767532951689, 37.3707557502578 ] ] ] ] } },
{ "type": "Feature", "properties": { "gid": "다사68bb40bb", "lbl": "144.00", "val": 144.0 }, "geometry": { "type": "MultiPolygon", "coordinates": [ [ [ [ 127.146616940931466, 37.465433003827044 ], [ 127.146606334081412, 37.467686390318121 ], [ 127.149433434784527, 37.467694811333359 ], [ 127.14944395678549, 37.465441424160659 ], [ 127.146616940931466, 37.465433003827044 ] ] ] ] } },
{ "type": "Feature", "properties": { "gid": "다사64bb36ba", "lbl": "93.00", "val": 93.0 }, "geometry": { "type": "MultiPolygon", "coordinates": [ [ [ [ 127.101588045686654, 37.426981576363282 ], [ 127.101576103895169, 37.429234965901053 ], [ 127.104401743456549, 37.429244455994869 ], [ 127.104413600561728, 37.426991065688632 ], [ 127.101588045686654, 37.426981576363282 ] ] ] ] } },
{ "type": "Feature", "properties": { "gid": "다사71ab41aa", "lbl": "N/A", "val": 0.0 }, "geometry": { "type": "MultiPolygon", "coordinates": [ [ [ [ 127.174877392702712, 37.467767556880638 ], [ 127.174867633263005, 37.470020949078112 ], [ 127.177694830117261, 37.470028694365432 ], [ 127.177704504697118, 37.467775301541018 ], [ 127.174877392702712, 37.467767556880638 ] ] ] ] } },
{ "type": "Feature", "properties": { "gid": "다사65aa36bb", "lbl": "N/A", "val": 0.0 }, "geometry": { "type": "MultiPolygon", "coordinates": [ [ [ [ 127.104401743456549, 37.429244455994869 ], [ 127.104389885031182, 37.431497845436738 ], [ 127.107215610608606, 37.431507268752988 ], [ 127.10722738433806, 37.429253878548082 ], [ 127.104401743456549, 37.429244455994869 ] ] ] ] } },
{ "type": "Feature", "properties": { "gid": "다사66bb27ab", "lbl": "143.00", "val": 143.0 }, "geometry": { "type": "MultiPolygon", "coordinates": [ [ [ [ 127.124608419765082, 37.343679358014803 ], [ 127.124597201769191, 37.345932785504402 ], [ 127.127419724460211, 37.345941708484865 ], [ 127.127430858116682, 37.343688280272126 ], [ 127.124608419765082, 37.343679358014803 ] ] ] ] } },
{ "type": "Feature", "properties": { "gid": "다사66aa35ab", "lbl": "N/A", "val": 0.0 }, "geometry": { "type": "MultiPolygon", "coordinates": [ [ [ [ 127.11577340572849, 37.415761368048557 ], [ 127.115761893780046, 37.418014765694622 ], [ 127.118587116506887, 37.418023914379297 ], [ 127.118598543815395, 37.415770515992335 ], [ 127.11577340572849, 37.415761368048557 ] ] ] ] } },
{ "type": "Feature", "properties": { "gid": "다사63bb32aa", "lbl": "213.00", "val": 213.0 }, "geometry": { "type": "MultiPolygon", "coordinates": [ [ [ [ 127.090506655580299, 37.386381840521004 ], [ 127.09049439962935, 37.388635242489855 ], [ 127.09331851091514, 37.388644988526167 ], [ 127.093330682349958, 37.386391585767825 ], [ 127.090506655580299, 37.386381840521004 ] ] ] ] } },
{ "type": "Feature", "properties": { "gid": "다사62aa32bb", "lbl": "85.00", "val": 85.0 }, "geometry": { "type": "MultiPolygon", "coordinates": [ [ [ [ 127.070699959949465, 37.393071921858166 ], [ 127.070687108098639, 37.395325315553698 ], [ 127.073511463237352, 37.395335536163415 ], [ 127.073524230544976, 37.393082141640008 ], [ 127.070699959949465, 37.393071921858166 ] ] ] ] } },
{ "type": "Feature", "properties": { "gid": "다사68bb38bb", "lbl": "366.00", "val": 366.0 }, "geometry": { "type": "MultiPolygon", "coordinates": [ [ [ [ 127.146701753229152, 37.447405880795444 ], [ 127.14669115582285, 37.449659274198133 ], [ 127.149517577997699, 37.44966768976137 ], [ 127.149528090630454, 37.447414295677362 ], [ 127.146701753229152, 37.447405880795444 ] ] ] ] } },
{ "type": "Feature", "properties": { "gid": "다사70bb39ba", "lbl": "214.00", "val": 214.0 }, "geometry": { "type": "MultiPolygon", "coordinates": [ [ [ [ 127.169282723726383, 37.454231500951707 ], [ 127.169272801198446, 37.456484897060946 ], [ 127.172099486853824, 37.456492773804122 ], [ 127.172109324578827, 37.45423937705722 ], [ 127.169282723726383, 37.454231500951707 ] ] ] ] } },
{ "type": "Feature", "properties": { "gid": "다사65ab35ba", "lbl": "8.00", "val": 8.0 }, "geometry": { "type": "MultiPolygon", "coordinates": [ [ [ [ 127.107286233327414, 37.417986914559094 ], [ 127.107274466150074, 37.420240309085429 ], [ 127.110099769652464, 37.420249661068112 ], [ 127.110111452180874, 37.417996265784431 ], [ 127.107286233327414, 37.417986914559094 ] ] ] ] } },
{ "type": "Feature", "properties": { "gid": "다사65aa27ba", "lbl": "35.00", "val": 35.0 }, "geometry": { "type": "MultiPolygon", "coordinates": [ [ [ [ 127.104839578422499, 37.345868439150685 ], [ 127.104827768740336, 37.348121860561882 ], [ 127.107650366840801, 37.348131255675682 ], [ 127.10766209217519, 37.34587783350311 ], [ 127.104839578422499, 37.345868439150685 ] ] ] ] } },
{ "type": "Feature", "properties": { "gid": "다사66ab32bb", "lbl": "275.00", "val": 275.0 }, "geometry": { "type": "MultiPolygon", "coordinates": [ [ [ [ 127.118712746957982, 37.393236484603811 ], [ 127.118701332364054, 37.395489891630305 ], [ 127.121525710386152, 37.395498965448873 ], [ 127.121537040434163, 37.393245557687393 ], [ 127.118712746957982, 37.393236484603811 ] ] ] ] } },
{ "type": "Feature", "properties": { "gid": "다사63ba31ba", "lbl": "9.00", "val": 9.0 }, "geometry": { "type": "MultiPolygon", "coordinates": [ [ [ [ 127.087707306988008, 37.381865222897304 ], [ 127.087694969268213, 37.384118625799758 ], [ 127.090518910167035, 37.384128437687913 ], [ 127.090531163389642, 37.381875033990596 ], [ 127.087707306988008, 37.381865222897304 ] ] ] ] } },
{ "type": "Feature", "properties": { "gid": "다사68ba38bb", "lbl": "497.00", "val": 497.0 }, "geometry": { "type": "MultiPolygon", "coordinates": [ [ [ [ 127.143875417007692, 37.447397398327759 ], [ 127.143864734827986, 37.449650791043652 ], [ 127.14669115582285, 37.449659274198133 ], [ 127.146701753229152, 37.447405880795444 ], [ 127.143875417007692, 37.447397398327759 ] ] ] ] } },
{ "type": "Feature", "properties": { "gid": "다사71aa37aa", "lbl": "N/A", "val": 0.0 }, "geometry": { "type": "MultiPolygon", "coordinates": [ [ [ [ 127.172207641609248, 37.431705362094526 ], [ 127.17219781483135, 37.433958767476355 ], [ 127.175023653976226, 37.433966570290984 ], [ 127.175033396045421, 37.431713164277333 ], [ 127.172207641609248, 37.431705362094526 ] ] ] ] } },
{ "type": "Feature", "properties": { "gid": "다사65ab26ab", "lbl": "92.00", "val": 92.0 }, "geometry": { "type": "MultiPolygon", "coordinates": [ [ [ [ 127.107720699274239, 37.334610709685982 ], [ 127.107708980463642, 37.33686413617658 ], [ 127.110531158223608, 37.336873460167219 ], [ 127.110542792733213, 37.334620032920924 ], [ 127.107720699274239, 37.334610709685982 ] ] ] ] } },
{ "type": "Feature", "properties": { "gid": "다사69aa37bb", "lbl": "298.00", "val": 298.0 }, "geometry": { "type": "MultiPolygon", "coordinates": [ [ [ [ 127.149570129458795, 37.438400710703171 ], [ 127.149559621506839, 37.440654108242398 ], [ 127.152385705814112, 37.44066245351118 ], [ 127.152396129030123, 37.438409055296255 ], [ 127.149570129458795, 37.438400710703171 ] ] ] ] } },
{ "type": "Feature", "properties": { "gid": "다사61ab32ba", "lbl": "17.00", "val": 17.0 }, "geometry": { "type": "MultiPolygon", "coordinates": [ [ [ [ 127.062240260805012, 37.390787465757711 ], [ 127.062227156784331, 37.393040857801594 ], [ 127.065051423059728, 37.393051279938859 ], [ 127.065064442547097, 37.390797887050752 ], [ 127.062240260805012, 37.390787465757711 ] ] ] ] } },
{ "type": "Feature", "properties": { "gid": "다사70ab37aa", "lbl": "175.00", "val": 175.0 }, "geometry": { "type": "MultiPolygon", "coordinates": [ [ [ [ 127.163730384902451, 37.431681550257096 ], [ 127.163720303999227, 37.433934953710683 ], [ 127.1665461398334, 37.433942959186126 ], [ 127.166556136028333, 37.431689555084326 ], [ 127.163730384902451, 37.431681550257096 ] ] ] ] } },
{ "type": "Feature", "properties": { "gid": "다사68ba40bb", "lbl": "287.00", "val": 287.0 }, "geometry": { "type": "MultiPolygon", "coordinates": [ [ [ [ 127.143789926258393, 37.465424515863894 ], [ 127.143779234559403, 37.467677901667848 ], [ 127.146606334081412, 37.467686390318121 ], [ 127.146616940931466, 37.465433003827044 ], [ 127.143789926258393, 37.465424515863894 ] ] ] ] } },
{ "type": "Feature", "properties": { "gid": "다사64ab32ab", "lbl": "90.00", "val": 90.0 }, "geometry": { "type": "MultiPolygon", "coordinates": [ [ [ [ 127.096142623555963, 37.388654667120676 ], [ 127.096130535291834, 37.390908069798876 ], [ 127.098954733804135, 37.390917681730073 ], [ 127.098966737542398, 37.388664278273247 ], [ 127.096142623555963, 37.388654667120676 ] ] ] ] } },
{ "type": "Feature", "properties": { "gid": "다사66bb33bb", "lbl": "199.00", "val": 199.0 }, "geometry": { "type": "MultiPolygon", "coordinates": [ [ [ [ 127.124316345651408, 37.402268192098539 ], [ 127.124305095140727, 37.404521597134305 ], [ 127.127129813955136, 37.404530538931134 ], [ 127.127140979881972, 37.402277133171111 ], [ 127.124316345651408, 37.402268192098539 ] ] ] ] } },
{ "type": "Feature", "properties": { "gid": "다사68bb30ab", "lbl": "88.00", "val": 88.0 }, "geometry": { "type": "MultiPolygon", "coordinates": [ [ [ [ 127.147061363941873, 37.370789991219823 ], [ 127.147050806572679, 37.373043413983901 ], [ 127.14987435173488, 37.373051806404817 ], [ 127.149884824650783, 37.370798382960793 ], [ 127.147061363941873, 37.370789991219823 ] ] ] ] } },
{ "type": "Feature", "properties": { "gid": "다사65ab28aa", "lbl": "309.00", "val": 309.0 }, "geometry": { "type": "MultiPolygon", "coordinates": [ [ [ [ 127.107638640201188, 37.350384676984596 ], [ 127.107626912256222, 37.352638097429846 ], [ 127.110449680385884, 37.352647426711592 ], [ 127.110461323964174, 37.350394005510339 ], [ 127.107638640201188, 37.350384676984596 ] ] ] ] } },
{ "type": "Feature", "properties": { "gid": "다사67ab27ab", "lbl": "N/A", "val": 0.0 }, "geometry": { "type": "MultiPolygon", "coordinates": [ [ [ [ 127.130253297707469, 37.343697135195676 ], [ 127.130242248390573, 37.345950564126085 ], [ 127.133064773550885, 37.345959352427997 ], [ 127.133075738528078, 37.343705922785375 ], [ 127.130253297707469, 37.343697135195676 ] ] ] ] } },
{ "type": "Feature", "properties": { "gid": "다사69ba35ab", "lbl": "214.00", "val": 214.0 }, "geometry": { "type": "MultiPolygon", "coordinates": [ [ [ [ 127.155325451279154, 37.415883295974638 ], [ 127.15531512430303, 37.418136703495733 ], [ 127.158140363984231, 37.418144906979684 ], [ 127.158150606318443, 37.415891498794231 ], [ 127.155325451279154, 37.415883295974638 ] ] ] ] } },
{ "type": "Feature", "properties": { "gid": "다사66aa31ab", "lbl": "97.00", "val": 97.0 }, "geometry": { "type": "MultiPolygon", "coordinates": [ [ [ [ 127.115957422714899, 37.379706888209299 ], [ 127.115945931253236, 37.381960299678418 ], [ 127.118769800871092, 37.38196943651397 ], [ 127.11878120784344, 37.379716024304649 ], [ 127.115957422714899, 37.379706888209299 ] ] ] ] } },
{ "type": "Feature", "properties": { "gid": "다사65bb35bb", "lbl": "11.00", "val": 11.0 }, "geometry": { "type": "MultiPolygon", "coordinates": [ [ [ [ 127.112925074455561, 37.420258945531863 ], [ 127.112913475284913, 37.422512340703257 ], [ 127.115738866037915, 37.422521558394443 ], [ 127.115750380549898, 37.420268162476589 ], [ 127.112925074455561, 37.420258945531863 ] ] ] ] } },
{ "type": "Feature", "properties": { "gid": "다사69ba30ab", "lbl": "N/A", "val": 0.0 }, "geometry": { "type": "MultiPolygon", "coordinates": [ [ [ [ 127.155531749556459, 37.370814964242669 ], [ 127.155521445547521, 37.373068389030223 ], [ 127.158344994179174, 37.373076579234542 ], [ 127.15835521373441, 37.370823153783412 ], [ 127.155531749556459, 37.370814964242669 ] ] ] ] } },
{ "type": "Feature", "properties": { "gid": "다사67ab33ab", "lbl": "102.00", "val": 102.0 }, "geometry": { "type": "MultiPolygon", "coordinates": [ [ [ [ 127.12998777434052, 37.397779191219122 ], [ 127.129976695464734, 37.400032599425394 ], [ 127.132801247597087, 37.400041404833097 ], [ 127.132812241907573, 37.397787995913603 ], [ 127.12998777434052, 37.397779191219122 ] ] ] ] } },
{ "type": "Feature", "properties": { "gid": "다사67bb38aa", "lbl": "369.00", "val": 369.0 }, "geometry": { "type": "MultiPolygon", "coordinates": [ [ [ [ 127.135429217709088, 37.440611368358816 ], [ 127.13541828486234, 37.44286476157356 ], [ 127.138244447969996, 37.442873445391697 ], [ 127.138255296072032, 37.440620051473879 ], [ 127.135429217709088, 37.440611368358816 ] ] ] ] } },
{ "type": "Feature", "properties": { "gid": "다사65ba35aa", "lbl": "49.00", "val": 49.0 }, "geometry": { "type": "MultiPolygon", "coordinates": [ [ [ [ 127.110134813336202, 37.413489472624541 ], [ 127.110123133408734, 37.41574286963656 ], [ 127.112948268923134, 37.415752152596603 ], [ 127.112959864220372, 37.413498754832787 ], [ 127.110134813336202, 37.413489472624541 ] ] ] ] } },
{ "type": "Feature", "properties": { "gid": "다사65ba29aa", "lbl": "118.00", "val": 118.0 }, "geometry": { "type": "MultiPolygon", "coordinates": [ [ [ [ 127.110414741873626, 37.359407685133355 ], [ 127.110403093109923, 37.361661102879886 ], [ 127.11322620009706, 37.361670367809232 ], [ 127.113237764456343, 37.359416949311971 ], [ 127.110414741873626, 37.359407685133355 ] ] ] ] } },
{ "type": "Feature", "properties": { "gid": "다사66bb34ba", "lbl": "99.00", "val": 99.0 }, "geometry": { "type": "MultiPolygon", "coordinates": [ [ [ [ 127.124282590361574, 37.409028404614261 ], [ 127.124271336092804, 37.411281807058415 ], [ 127.127096308715323, 37.411290751028204 ], [ 127.127107478371983, 37.409037347859694 ], [ 127.124282590361574, 37.409028404614261 ] ] ] ] } },
{ "type": "Feature", "properties": { "gid": "다사65bb31bb", "lbl": "31.00", "val": 31.0 }, "geometry": { "type": "MultiPolygon", "coordinates": [ [ [ [ 127.113110485675136, 37.384204505276294 ], [ 127.11309890714675, 37.386457914272036 ], [ 127.115922944491857, 37.386467120025245 ], [ 127.115934438512269, 37.384213710283753 ], [ 127.113110485675136, 37.384204505276294 ] ] ] ] } },
{ "type": "Feature", "properties": { "gid": "다사70ba39ab", "lbl": "309.00", "val": 309.0 }, "geometry": { "type": "MultiPolygon", "coordinates": [ [ [ [ 127.166466130195246, 37.451970160913554 ], [ 127.166456123978662, 37.454223557243324 ], [ 127.169282723726383, 37.454231500951707 ], [ 127.169292645149596, 37.451978103978838 ], [ 127.166466130195246, 37.451970160913554 ] ] ] ] } },
{ "type": "Feature", "properties": { "gid": "다사67aa33aa", "lbl": "141.00", "val": 141.0 }, "geometry": { "type": "MultiPolygon", "coordinates": [ [ [ [ 127.127174470205063, 37.395516910708373 ], [ 127.127163308006786, 37.397770319059731 ], [ 127.12998777434052, 37.397779191219122 ], [ 127.129998851983046, 37.395525782149129 ], [ 127.127174470205063, 37.395516910708373 ] ] ] ] } },
{ "type": "Feature", "properties": { "gid": "다사60ba29ab", "lbl": "N/A", "val": 0.0 }, "geometry": { "type": "MultiPolygon", "coordinates": [ [ [ [ 127.053941238178254, 37.361461655281964 ], [ 127.053927899874836, 37.363715056002881 ], [ 127.056751063552667, 37.363725669310547 ], [ 127.056764317445499, 37.361472267729674 ], [ 127.053941238178254, 37.361461655281964 ] ] ] ] } },
{ "type": "Feature", "properties": { "gid": "다사67aa30bb", "lbl": "84.00", "val": 84.0 }, "geometry": { "type": "MultiPolygon", "coordinates": [ [ [ [ 127.127274874092421, 37.37523619668012 ], [ 127.127263723071835, 37.377489612804467 ], [ 127.130087428742399, 37.377498478497571 ], [ 127.13009849529189, 37.375245061654951 ], [ 127.127274874092421, 37.37523619668012 ] ] ] ] } },
{ "type": "Feature", "properties": { "gid": "다사64ba39ba", "lbl": "16.00", "val": 16.0 }, "geometry": { "type": "MultiPolygon", "coordinates": [ [ [ [ 127.098618085999362, 37.454012627610688 ], [ 127.098606043443056, 37.456266005999815 ], [ 127.101432698644302, 37.456275572924866 ], [ 127.101444656401242, 37.454022193761269 ], [ 127.098618085999362, 37.454012627610688 ] ] ] ] } },
{ "type": "Feature", "properties": { "gid": "다사64ab37ab", "lbl": "15.00", "val": 15.0 }, "geometry": { "type": "MultiPolygon", "coordinates": [ [ [ [ 127.095900602397933, 37.433722556467345 ], [ 127.095888487188475, 37.435975941858217 ], [ 127.098714378195751, 37.435985569371425 ], [ 127.098726408690922, 37.433732183201009 ], [ 127.095900602397933, 37.433722556467345 ] ] ] ] } },
{ "type": "Feature", "properties": { "gid": "다사68ab41aa", "lbl": "44.00", "val": 44.0 }, "geometry": { "type": "MultiPolygon", "coordinates": [ [ [ [ 127.140952136227924, 37.46766934538266 ], [ 127.140941358480148, 37.469922729629907 ], [ 127.143768541669886, 37.469931286607725 ], [ 127.143779234559403, 37.467677901667848 ], [ 127.140952136227924, 37.46766934538266 ] ] ] ] } },
{ "type": "Feature", "properties": { "gid": "다사62ab30ab", "lbl": "10.00", "val": 10.0 }, "geometry": { "type": "MultiPolygon", "coordinates": [ [ [ [ 127.073651825482045, 37.370548148856479 ], [ 127.073639072379009, 37.372801552024953 ], [ 127.076462583928461, 37.372811696955132 ], [ 127.076475252582142, 37.370558292964709 ], [ 127.073651825482045, 37.370548148856479 ] ] ] ] } },
{ "type": "Feature", "properties": { "gid": "다사67ba37ab", "lbl": "271.00", "val": 271.0 }, "geometry": { "type": "MultiPolygon", "coordinates": [ [ [ [ 127.1326361859781, 37.433842434972128 ], [ 127.132625172066184, 37.436095830070336 ], [ 127.135451079751221, 37.436104579337389 ], [ 127.135462008946902, 37.433851183530756 ], [ 127.1326361859781, 37.433842434972128 ] ] ] ] } },
{ "type": "Feature", "properties": { "gid": "다사64bb28ab", "lbl": "N/A", "val": 0.0 }, "geometry": { "type": "MultiPolygon", "coordinates": [ [ [ [ 127.101981379922805, 37.352619236801623 ], [ 127.101969481920577, 37.354872654854695 ], [ 127.104792331805612, 37.354882119613201 ], [ 127.104804145432055, 37.352628700793154 ], [ 127.101981379922805, 37.352619236801623 ] ] ] ] } },
{ "type": "Feature", "properties": { "gid": "다사64aa32aa", "lbl": "35.00", "val": 35.0 }, "geometry": { "type": "MultiPolygon", "coordinates": [ [ [ [ 127.093330682349958, 37.386391585767825 ], [ 127.09331851091514, 37.388644988526167 ], [ 127.096142623555963, 37.388654667120676 ], [ 127.09615471047448, 37.386401263578293 ], [ 127.093330682349958, 37.386391585767825 ] ] ] ] } },
{ "type": "Feature", "properties": { "gid": "다사63bb34ba", "lbl": "11.00", "val": 11.0 }, "geometry": { "type": "MultiPolygon", "coordinates": [ [ [ [ 127.090384034652189, 37.408915821315261 ], [ 127.090371765049781, 37.411169214640623 ], [ 127.09319672201471, 37.411178968574482 ], [ 127.093208907006868, 37.408925574459168 ], [ 127.090384034652189, 37.408915821315261 ] ] ] ] } },
{ "type": "Feature", "properties": { "gid": "다사66aa32ba", "lbl": "372.00", "val": 372.0 }, "geometry": { "type": "MultiPolygon", "coordinates": [ [ [ [ 127.115899952612082, 37.390973936916701 ], [ 127.115888454752437, 37.393227344066624 ], [ 127.118712746957982, 37.393236484603811 ], [ 127.118724160281275, 37.390983076713482 ], [ 127.115899952612082, 37.390973936916701 ] ] ] ] } },
{ "type": "Feature", "properties": { "gid": "다사62ab32ba", "lbl": "151.00", "val": 151.0 }, "geometry": { "type": "MultiPolygon", "coordinates": [ [ [ [ 127.073536996431372, 37.390828746251991 ], [ 127.073524230544976, 37.393082141640008 ], [ 127.076348502561657, 37.393092293969801 ], [ 127.076361183914074, 37.390838897759416 ], [ 127.073536996431372, 37.390828746251991 ] ] ] ] } },
{ "type": "Feature", "properties": { "gid": "다사68aa38ba", "lbl": "550.00", "val": 550.0 }, "geometry": { "type": "MultiPolygon", "coordinates": [ [ [ [ 127.138233598660051, 37.445126838445574 ], [ 127.138222748142084, 37.447380230635474 ], [ 127.141049081975538, 37.447388848274407 ], [ 127.141059847729792, 37.445135455386819 ], [ 127.138233598660051, 37.445126838445574 ] ] ] ] } },
{ "type": "Feature", "properties": { "gid": "다사65ab31ba", "lbl": "50.00", "val": 50.0 }, "geometry": { "type": "MultiPolygon", "coordinates": [ [ [ [ 127.107474330113092, 37.381932484614914 ], [ 127.107462583876867, 37.384185892966741 ], [ 127.110286534126871, 37.384195232837257 ], [ 127.110298195864857, 37.381941823728809 ], [ 127.107474330113092, 37.381932484614914 ] ] ] ] } },
{ "type": "Feature", "properties": { "gid": "다사67bb30ba", "lbl": "203.00", "val": 203.0 }, "geometry": { "type": "MultiPolygon", "coordinates": [ [ [ [ 127.135756637770768, 37.373009170247443 ], [ 127.135745741376937, 37.375262589373662 ], [ 127.138569366243715, 37.375271252117351 ], [ 127.138580178175431, 37.3730178322893 ], [ 127.135756637770768, 37.373009170247443 ] ] ] ] } },
{ "type": "Feature", "properties": { "gid": "다사63bb36ba", "lbl": "N/A", "val": 0.0 }, "geometry": { "type": "MultiPolygon", "coordinates": [ [ [ [ 127.090285839575074, 37.426942943712454 ], [ 127.090273559039986, 37.429196330121691 ], [ 127.093099193226379, 37.429206090376951 ], [ 127.09311138907583, 37.426952703177378 ], [ 127.090285839575074, 37.426942943712454 ] ] ] ] } },
{ "type": "Feature", "properties": { "gid": "다사67ab35ba", "lbl": "177.00", "val": 177.0 }, "geometry": { "type": "MultiPolygon", "coordinates": [ [ [ [ 127.129888020042813, 37.418059833979584 ], [ 127.129876930060959, 37.420313234411587 ], [ 127.13270224370504, 37.420322046240187 ], [ 127.132713249036811, 37.418068645094593 ], [ 127.129888020042813, 37.418059833979584 ] ] ] ] } },
{ "type": "Feature", "properties": { "gid": "다사65aa32bb", "lbl": "89.00", "val": 89.0 }, "geometry": { "type": "MultiPolygon", "coordinates": [ [ [ [ 127.104591298824829, 37.393190107383546 ], [ 127.104579461503576, 37.395443510653074 ], [ 127.107403833077612, 37.395452921766122 ], [ 127.107415585853715, 37.393199517734274 ], [ 127.104591298824829, 37.393190107383546 ] ] ] ] } },
{ "type": "Feature", "properties": { "gid": "다사63bb29ab", "lbl": "N/A", "val": 0.0 }, "geometry": { "type": "MultiPolygon", "coordinates": [ [ [ [ 127.0906413810348, 37.361594361827464 ], [ 127.09062914008193, 37.363847773302012 ], [ 127.093452322207327, 37.363857510656416 ], [ 127.093464478747464, 37.361604098392867 ], [ 127.0906413810348, 37.361594361827464 ] ] ] ] } },
{ "type": "Feature", "properties": { "gid": "다사68ab39aa", "lbl": "69.00", "val": 69.0 }, "geometry": { "type": "MultiPolygon", "coordinates": [ [ [ [ 127.141038315022556, 37.449642240298047 ], [ 127.141027546870717, 37.451895631457717 ], [ 127.14385405145886, 37.451904182895639 ], [ 127.143864734827986, 37.449650791043652 ], [ 127.141038315022556, 37.449642240298047 ] ] ] ] } },
{ "type": "Feature", "properties": { "gid": "다사59ba31ab", "lbl": "N/A", "val": 0.0 }, "geometry": { "type": "MultiPolygon", "coordinates": [ [ [ [ 127.042539485860999, 37.37944568533765 ], [ 127.04252579773285, 37.381699075644399 ], [ 127.045349631032295, 37.381709965528728 ], [ 127.045363234675364, 37.37945657433977 ], [ 127.042539485860999, 37.37944568533765 ] ] ] ] } },
{ "type": "Feature", "properties": { "gid": "다사65ba28ab", "lbl": "843.00", "val": 843.0 }, "geometry": { "type": "MultiPolygon", "coordinates": [ [ [ [ 127.110449680385884, 37.352647426711592 ], [ 127.110438035511493, 37.35490084704918 ], [ 127.113260889313537, 37.354910109726497 ], [ 127.113272449811717, 37.352656688638305 ], [ 127.110449680385884, 37.352647426711592 ] ] ] ] } },
{ "type": "Feature", "properties": { "gid": "다사68ab30ab", "lbl": "407.00", "val": 407.0 }, "geometry": { "type": "MultiPolygon", "coordinates": [ [ [ [ 127.141414446058874, 37.370773005538261 ], [ 127.141403719783554, 37.373026426926046 ], [ 127.144227262585787, 37.37303495415761 ], [ 127.144237904408087, 37.370781532078951 ], [ 127.141414446058874, 37.370773005538261 ] ] ] ] } },
{ "type": "Feature", "properties": { "gid": "다사62ba31aa", "lbl": "8.00", "val": 8.0 }, "geometry": { "type": "MultiPolygon", "coordinates": [ [ [ [ 127.076437242390014, 37.37731850234281 ], [ 127.076424569504923, 37.379571903740043 ], [ 127.079248335869607, 37.379581983716967 ], [ 127.07926092427698, 37.377328581503114 ], [ 127.076437242390014, 37.37731850234281 ] ] ] ] } },
{ "type": "Feature", "properties": { "gid": "다사66ba33ba", "lbl": "239.00", "val": 239.0 }, "geometry": { "type": "MultiPolygon", "coordinates": [ [ [ [ 127.121503046505836, 37.40000577838034 ], [ 127.121491712673276, 37.402259183550292 ], [ 127.124316345651408, 37.402268192098539 ], [ 127.124327594909687, 37.40001478619893 ], [ 127.121503046505836, 37.40000577838034 ] ] ] ] } },
{ "type": "Feature", "properties": { "gid": "다사66bb36ba", "lbl": "73.00", "val": 73.0 }, "geometry": { "type": "MultiPolygon", "coordinates": [ [ [ [ 127.124192521119497, 37.42705559997686 ], [ 127.124181256822695, 37.429308995509196 ], [ 127.127006906681387, 37.429317945275464 ], [ 127.12701808629069, 37.427064549018432 ], [ 127.124192521119497, 37.42705559997686 ] ] ] ] } },
{ "type": "Feature", "properties": { "gid": "다사64aa29ab", "lbl": "6.00", "val": 6.0 }, "geometry": { "type": "MultiPolygon", "coordinates": [ [ [ [ 127.093464478747464, 37.361604098392867 ], [ 127.093452322207327, 37.363857510656416 ], [ 127.096275505685995, 37.363867180629057 ], [ 127.096287577813229, 37.361613767582 ], [ 127.093464478747464, 37.361604098392867 ] ] ] ] } },
{ "type": "Feature", "properties": { "gid": "다사64ba36ab", "lbl": "60.00", "val": 60.0 }, "geometry": { "type": "MultiPolygon", "coordinates": [ [ [ [ 127.098774517279807, 37.424718629874612 ], [ 127.098762492141034, 37.426972019502891 ], [ 127.101588045686654, 37.426981576363282 ], [ 127.101599986148713, 37.424728185961122 ], [ 127.098774517279807, 37.424718629874612 ] ] ] ] } },
{ "type": "Feature", "properties": { "gid": "다사68ba36bb", "lbl": "298.00", "val": 298.0 }, "geometry": { "type": "MultiPolygon", "coordinates": [ [ [ [ 127.143960831643, 37.429370225501231 ], [ 127.143950158973638, 37.431623625127919 ], [ 127.146775902045434, 37.431632102789202 ], [ 127.146786490016851, 37.429378702476043 ], [ 127.143960831643, 37.429370225501231 ] ] ] ] } },
{ "type": "Feature", "properties": { "gid": "다사68aa30ba", "lbl": "81.00", "val": 81.0 }, "geometry": { "type": "MultiPolygon", "coordinates": [ [ [ [ 127.138580178175431, 37.3730178322893 ], [ 127.138569366243715, 37.375271252117351 ], [ 127.141392992314124, 37.375279847450479 ], [ 127.141403719783554, 37.373026426926046 ], [ 127.138580178175431, 37.3730178322893 ] ] ] ] } },
{ "type": "Feature", "properties": { "gid": "다사60bb29ab", "lbl": "30.00", "val": 30.0 }, "geometry": { "type": "MultiPolygon", "coordinates": [ [ [ [ 127.056764317445499, 37.361472267729674 ], [ 127.056751063552667, 37.363725669310547 ], [ 127.059574228705884, 37.363736215237829 ], [ 127.059587398188, 37.36148281280245 ], [ 127.056764317445499, 37.361472267729674 ] ] ] ] } },
{ "type": "Feature", "properties": { "gid": "다사65ab36ab", "lbl": "10.00", "val": 10.0 }, "geometry": { "type": "MultiPolygon", "coordinates": [ [ [ [ 127.107250927864939, 37.424747095545321 ], [ 127.107239156756805, 37.427000487478857 ], [ 127.110064714262435, 37.427009841733842 ], [ 127.110076400693401, 37.424756449042832 ], [ 127.107250927864939, 37.424747095545321 ] ] ] ] } },
{ "type": "Feature", "properties": { "gid": "다사67bb33ab", "lbl": "25.00", "val": 25.0 }, "geometry": { "type": "MultiPolygon", "coordinates": [ [ [ [ 127.135636710698478, 37.397796733143061 ], [ 127.135625800953477, 37.400050142770326 ], [ 127.138450355524441, 37.400058813236981 ], [ 127.138461180703828, 37.397805402907423 ], [ 127.135636710698478, 37.397796733143061 ] ] ] ] } },
{ "type": "Feature", "properties": { "gid": "다사65aa28ba", "lbl": "357.00", "val": 357.0 }, "geometry": { "type": "MultiPolygon", "coordinates": [ [ [ [ 127.104792331805612, 37.354882119613201 ], [ 127.104780516864082, 37.357135537569462 ], [ 127.107603452449524, 37.357144935729217 ], [ 127.107615183005692, 37.354891517011389 ], [ 127.104792331805612, 37.354882119613201 ] ] ] ] } },
{ "type": "Feature", "properties": { "gid": "다사67ba34ab", "lbl": "300.00", "val": 300.0 }, "geometry": { "type": "MultiPolygon", "coordinates": [ [ [ [ 127.132768257321032, 37.406801626409361 ], [ 127.132757258113628, 37.409055031873976 ], [ 127.13558214982605, 37.409063772642654 ], [ 127.13559306443031, 37.406810366470118 ], [ 127.132768257321032, 37.406801626409361 ] ] ] ] } },
{ "type": "Feature", "properties": { "gid": "다사65ab30ba", "lbl": "458.00", "val": 458.0 }, "geometry": { "type": "MultiPolygon", "coordinates": [ [ [ [ 127.107521301984463, 37.372918842568481 ], [ 127.107509560977363, 37.375172254375919 ], [ 127.110333173290684, 37.375181591220191 ], [ 127.110344829837146, 37.372928178656302 ], [ 127.107521301984463, 37.372918842568481 ] ] ] ] } },
{ "type": "Feature", "properties": { "gid": "다사67ba31aa", "lbl": "269.00", "val": 269.0 }, "geometry": { "type": "MultiPolygon", "coordinates": [ [ [ [ 127.132911135644974, 37.377507276774914 ], [ 127.132900152344135, 37.379760693466828 ], [ 127.135723944950058, 37.379769425035718 ], [ 127.135734843770095, 37.377516007636423 ], [ 127.132911135644974, 37.377507276774914 ] ] ] ] } },
{ "type": "Feature", "properties": { "gid": "다사65ab30bb", "lbl": "273.00", "val": 273.0 }, "geometry": { "type": "MultiPolygon", "coordinates": [ [ [ [ 127.107509560977363, 37.375172254375919 ], [ 127.107497818663205, 37.377425665319493 ], [ 127.1103215154466, 37.377435002920251 ], [ 127.110333173290684, 37.375181591220191 ], [ 127.107509560977363, 37.375172254375919 ] ] ] ] } },
{ "type": "Feature", "properties": { "gid": "다사60aa32bb", "lbl": "N/A", "val": 0.0 }, "geometry": { "type": "MultiPolygon", "coordinates": [ [ [ [ 127.048105847478226, 37.392987735343382 ], [ 127.048092319287633, 37.395241122219133 ], [ 127.050916662716546, 37.395251882484914 ], [ 127.050930106365271, 37.392998494737576 ], [ 127.048105847478226, 37.392987735343382 ] ] ] ] } },
{ "type": "Feature", "properties": { "gid": "다사68ba39ab", "lbl": "607.00", "val": 607.0 }, "geometry": { "type": "MultiPolygon", "coordinates": [ [ [ [ 127.14385405145886, 37.451904182895639 ], [ 127.143843366900171, 37.454157573883656 ], [ 127.146669957470152, 37.454166058411829 ], [ 127.146680557236564, 37.451912666736938 ], [ 127.14385405145886, 37.451904182895639 ] ] ] ] } },
{ "type": "Feature", "properties": { "gid": "다사65ba32aa", "lbl": "76.00", "val": 76.0 }, "geometry": { "type": "MultiPolygon", "coordinates": [ [ [ [ 127.110274871090638, 37.386448641081785 ], [ 127.110263206756002, 37.388702048462392 ], [ 127.113087327329353, 37.3887113224039 ], [ 127.11309890714675, 37.386457914272036 ], [ 127.110274871090638, 37.386448641081785 ] ] ] ] } },
{ "type": "Feature", "properties": { "gid": "다사63aa32ba", "lbl": "34.00", "val": 34.0 }, "geometry": { "type": "MultiPolygon", "coordinates": [ [ [ [ 127.082009563104975, 37.390858998434155 ], [ 127.081997050821059, 37.393112396272898 ], [ 127.084821327044921, 37.393122346245981 ], [ 127.08483375479436, 37.390868947601263 ], [ 127.082009563104975, 37.390858998434155 ] ] ] ] } },
{ "type": "Feature", "properties": { "gid": "다사69bb38bb", "lbl": "608.00", "val": 608.0 }, "geometry": { "type": "MultiPolygon", "coordinates": [ [ [ [ 127.15800710981901, 37.447439134807709 ], [ 127.157996851507704, 37.449692530902851 ], [ 127.160823278308101, 37.449700676100292 ], [ 127.160833451845306, 37.447447279345731 ], [ 127.15800710981901, 37.447439134807709 ] ] ] ] } },
{ "type": "Feature", "properties": { "gid": "다사62aa37ab", "lbl": "N/A", "val": 0.0 }, "geometry": { "type": "MultiPolygon", "coordinates": [ [ [ [ 127.070468407587114, 37.43363287607027 ], [ 127.070455529956433, 37.435886254199154 ], [ 127.073281408483837, 37.43589648971917 ], [ 127.073294201401708, 37.433643110761516 ], [ 127.070468407587114, 37.43363287607027 ] ] ] ] } },
{ "type": "Feature", "properties": { "gid": "다사71ba38aa", "lbl": "424.00", "val": 424.0 }, "geometry": { "type": "MultiPolygon", "coordinates": [ [ [ [ 127.177820515672551, 37.440734520291713 ], [ 127.177810854010346, 37.442987923478242 ], [ 127.180637034245336, 37.442995593669082 ], [ 127.180646611160867, 37.440742189861531 ], [ 127.177820515672551, 37.440734520291713 ] ] ] ] } },
{ "type": "Feature", "properties": { "gid": "다사66ba31bb", "lbl": "10.00", "val": 10.0 }, "geometry": { "type": "MultiPolygon", "coordinates": [ [ [ [ 127.121582348015451, 37.384231918003543 ], [ 127.121571023011455, 37.38648532922015 ], [ 127.124395064167132, 37.38649433266167 ], [ 127.124406304662713, 37.384240920715698 ], [ 127.121582348015451, 37.384231918003543 ] ] ] ] } },
{ "type": "Feature", "properties": { "gid": "다사61ba30ab", "lbl": "10.00", "val": 10.0 }, "geometry": { "type": "MultiPolygon", "coordinates": [ [ [ [ 127.065181552736632, 37.370517312147733 ], [ 127.065168546286586, 37.372770712817633 ], [ 127.067992053548693, 37.372781059956097 ], [ 127.068004975549883, 37.37052765844787 ], [ 127.065181552736632, 37.370517312147733 ] ] ] ] } },
{ "type": "Feature", "properties": { "gid": "다사64bb39aa", "lbl": "59.00", "val": 59.0 }, "geometry": { "type": "MultiPolygon", "coordinates": [ [ [ [ 127.101468567921302, 37.449515432840222 ], [ 127.101456612826851, 37.451768813733047 ], [ 127.104283099769972, 37.451778311513976 ], [ 127.104294970083799, 37.449524929852238 ], [ 127.101468567921302, 37.449515432840222 ] ] ] ] } },
{ "type": "Feature", "properties": { "gid": "다사61bb29ba", "lbl": "157.00", "val": 157.0 }, "geometry": { "type": "MultiPolygon", "coordinates": [ [ [ [ 127.068043732924153, 37.363767448736283 ], [ 127.068030815237464, 37.366020852837941 ], [ 127.070854070619234, 37.366031130075328 ], [ 127.07086690388509, 37.363777725140956 ], [ 127.068043732924153, 37.363767448736283 ] ] ] ] } },
{ "type": "Feature", "properties": { "gid": "다사67bb41ba", "lbl": "525.00", "val": 525.0 }, "geometry": { "type": "MultiPolygon", "coordinates": [ [ [ [ 127.135276047027602, 37.472158794734717 ], [ 127.135265097125526, 37.474412175851818 ], [ 127.138092447649854, 37.474420869517481 ], [ 127.138103312675042, 37.472167487696716 ], [ 127.135276047027602, 37.472158794734717 ] ] ] ] } },
{ "type": "Feature", "properties": { "gid": "다사62ab30ba", "lbl": "N/A", "val": 0.0 }, "geometry": { "type": "MultiPolygon", "coordinates": [ [ [ [ 127.073639072379009, 37.372801552024953 ], [ 127.073626317856281, 37.375054954329009 ], [ 127.076449913864465, 37.375065100081173 ], [ 127.076462583928461, 37.372811696955132 ], [ 127.073639072379009, 37.372801552024953 ] ] ] ] } },
{ "type": "Feature", "properties": { "gid": "다사64ab31bb", "lbl": "N/A", "val": 0.0 }, "geometry": { "type": "MultiPolygon", "coordinates": [ [ [ [ 127.096166796047555, 37.384147859171769 ], [ 127.09615471047448, 37.386401263578293 ], [ 127.098978739944457, 37.386410873952293 ], [ 127.098990741010468, 37.384157468767249 ], [ 127.096166796047555, 37.384147859171769 ] ] ] ] } },
{ "type": "Feature", "properties": { "gid": "다사61ab32ab", "lbl": "41.00", "val": 41.0 }, "geometry": { "type": "MultiPolygon", "coordinates": [ [ [ [ 127.062253363367006, 37.388534072849069 ], [ 127.062240260805012, 37.390787465757711 ], [ 127.065064442547097, 37.390797887050752 ], [ 127.065077460585186, 37.388544493297935 ], [ 127.062253363367006, 37.388534072849069 ] ] ] ] } },
{ "type": "Feature", "properties": { "gid": "다사66ba28ba", "lbl": "7.00", "val": 7.0 }, "geometry": { "type": "MultiPolygon", "coordinates": [ [ [ [ 127.121729458403522, 37.35493749359447 ], [ 127.121718149776243, 37.357190916038192 ], [ 127.124541093055754, 37.357199910001363 ], [ 127.124552317296775, 37.354946486828844 ], [ 127.121729458403522, 37.35493749359447 ] ] ] ] } },
{ "type": "Feature", "properties": { "gid": "다사70ab39aa", "lbl": "419.00", "val": 419.0 }, "geometry": { "type": "MultiPolygon", "coordinates": [ [ [ [ 127.163649706241287, 37.449708753706105 ], [ 127.163639616354956, 37.451962150250978 ], [ 127.166466130195246, 37.451970160913554 ], [ 127.166476135297785, 37.449716763720154 ], [ 127.163649706241287, 37.449708753706105 ] ] ] ] } },
{ "type": "Feature", "properties": { "gid": "다사70aa37aa", "lbl": "165.00", "val": 165.0 }, "geometry": { "type": "MultiPolygon", "coordinates": [ [ [ [ 127.160904634898884, 37.431673477881894 ], [ 127.160894469287456, 37.433926880681788 ], [ 127.163720303999227, 37.433934953710683 ], [ 127.163730384902451, 37.431681550257096 ], [ 127.160904634898884, 37.431673477881894 ] ] ] ] } },
{ "type": "Feature", "properties": { "gid": "다사69bb40ab", "lbl": "76.00", "val": 76.0 }, "geometry": { "type": "MultiPolygon", "coordinates": [ [ [ [ 127.157945542815156, 37.46095949842222 ], [ 127.157935277648491, 37.463212889334699 ], [ 127.160762213291648, 37.463221038489557 ], [ 127.160772393627582, 37.460967646917418 ], [ 127.157945542815156, 37.46095949842222 ] ] ] ] } },
{ "type": "Feature", "properties": { "gid": "다사65aa29bb", "lbl": "168.00", "val": 168.0 }, "geometry": { "type": "MultiPolygon", "coordinates": [ [ [ [ 127.104733243944295, 37.36614920075661 ], [ 127.104721422425115, 37.368402614393808 ], [ 127.107544780078101, 37.368412016362008 ], [ 127.107556517164966, 37.366158601963022 ], [ 127.104733243944295, 37.36614920075661 ] ] ] ] } },
{ "type": "Feature", "properties": { "gid": "다사62ba30ab", "lbl": "N/A", "val": 0.0 }, "geometry": { "type": "MultiPolygon", "coordinates": [ [ [ [ 127.076475252582142, 37.370558292964709 ], [ 127.076462583928461, 37.372811696955132 ], [ 127.079286096888197, 37.37282177448234 ], [ 127.079298681092354, 37.370568369675446 ], [ 127.076475252582142, 37.370558292964709 ] ] ] ] } },
{ "type": "Feature", "properties": { "gid": "다사69ab39ba", "lbl": "674.00", "val": 674.0 }, "geometry": { "type": "MultiPolygon", "coordinates": [ [ [ [ 127.152323142141483, 37.454182824661572 ], [ 127.152312710798697, 37.456436216829943 ], [ 127.155139389683285, 37.456444499221817 ], [ 127.155149736223947, 37.454191106382957 ], [ 127.152323142141483, 37.454182824661572 ] ] ] ] } },
{ "type": "Feature", "properties": { "gid": "다사67ab33aa", "lbl": "22.00", "val": 22.0 }, "geometry": { "type": "MultiPolygon", "coordinates": [ [ [ [ 127.129998851983046, 37.395525782149129 ], [ 127.12998777434052, 37.397779191219122 ], [ 127.132812241907573, 37.397787995913603 ], [ 127.132823234994163, 37.395534586130424 ], [ 127.129998851983046, 37.395525782149129 ] ] ] ] } },
{ "type": "Feature", "properties": { "gid": "다사64ba38bb", "lbl": "18.00", "val": 18.0 }, "geometry": { "type": "MultiPolygon", "coordinates": [ [ [ [ 127.098654205624314, 37.447252487255412 ], [ 127.098642167089835, 37.449505868238475 ], [ 127.101468567921302, 37.449515432840222 ], [ 127.101480521684763, 37.447262051082824 ], [ 127.098654205624314, 37.447252487255412 ] ] ] ] } },
{ "type": "Feature", "properties": { "gid": "다사67aa30aa", "lbl": "155.00", "val": 155.0 }, "geometry": { "type": "MultiPolygon", "coordinates": [ [ [ [ 127.127308319707339, 37.368475943125674 ], [ 127.127297172410039, 37.370729361840709 ], [ 127.130120624695493, 37.370738225379135 ], [ 127.130131687549905, 37.368484805945975 ], [ 127.127308319707339, 37.368475943125674 ] ] ] ] } },
{ "type": "Feature", "properties": { "gid": "다사62ab34ab", "lbl": "6.00", "val": 6.0 }, "geometry": { "type": "MultiPolygon", "coordinates": [ [ [ [ 127.073447605375378, 37.406602495811022 ], [ 127.073434829537035, 37.408855885146522 ], [ 127.076259693555244, 37.408866043234291 ], [ 127.076272384793711, 37.406612653076074 ], [ 127.073447605375378, 37.406602495811022 ] ] ] ] } },
{ "type": "Feature", "properties": { "gid": "다사63ba32ab", "lbl": "44.00", "val": 44.0 }, "geometry": { "type": "MultiPolygon", "coordinates": [ [ [ [ 127.087670289707958, 37.388625429011817 ], [ 127.087657947867157, 37.39087882932138 ], [ 127.090482142313931, 37.390888643594437 ], [ 127.09049439962935, 37.388635242489855 ], [ 127.087670289707958, 37.388625429011817 ] ] ] ] } },
{ "type": "Feature", "properties": { "gid": "다사66aa33ba", "lbl": "599.00", "val": 599.0 }, "geometry": { "type": "MultiPolygon", "coordinates": [ [ [ [ 127.115853953492575, 37.399987560332953 ], [ 127.115842450511835, 37.402240964027172 ], [ 127.118667080956925, 37.402250107526477 ], [ 127.118678499363668, 37.399996703091659 ], [ 127.115853953492575, 37.399987560332953 ] ] ] ] } },
{ "type": "Feature", "properties": { "gid": "다사65bb29aa", "lbl": "152.00", "val": 152.0 }, "geometry": { "type": "MultiPolygon", "coordinates": [ [ [ [ 127.113237764456343, 37.359416949311971 ], [ 127.11322620009706, 37.361670367809232 ], [ 127.116049308371558, 37.361679565361612 ], [ 127.11606078832628, 37.359426146119091 ], [ 127.113237764456343, 37.359416949311971 ] ] ] ] } },
{ "type": "Feature", "properties": { "gid": "다사64ab36ba", "lbl": "123.00", "val": 123.0 }, "geometry": { "type": "MultiPolygon", "coordinates": [ [ [ [ 127.095936939934276, 37.426962395107559 ], [ 127.095924828770663, 37.429215783091998 ], [ 127.098750465663414, 37.429225408266724 ], [ 127.098762492141034, 37.426972019502891 ], [ 127.095936939934276, 37.426962395107559 ] ] ] ] } },
{ "type": "Feature", "properties": { "gid": "다사68ba41ba", "lbl": "903.00", "val": 903.0 }, "geometry": { "type": "MultiPolygon", "coordinates": [ [ [ [ 127.143757847589654, 37.472184670683504 ], [ 127.143747152318639, 37.474438053895177 ], [ 127.146574506444196, 37.474446544607034 ], [ 127.146585116837912, 37.47219316070813 ], [ 127.143757847589654, 37.472184670683504 ] ] ] ] } },
{ "type": "Feature", "properties": { "gid": "다사65aa38bb", "lbl": "N/A", "val": 0.0 }, "geometry": { "type": "MultiPolygon", "coordinates": [ [ [ [ 127.10430683907606, 37.447271547325968 ], [ 127.104294970083799, 37.449524929852238 ], [ 127.10712137356785, 37.449534359274416 ], [ 127.107133157788738, 37.447280975984746 ], [ 127.10430683907606, 37.447271547325968 ] ] ] ] } },
{ "type": "Feature", "properties": { "gid": "다사62ab32ab", "lbl": "169.00", "val": 169.0 }, "geometry": { "type": "MultiPolygon", "coordinates": [ [ [ [ 127.073549760896711, 37.388575349999414 ], [ 127.073536996431372, 37.390828746251991 ], [ 127.076361183914074, 37.390838897759416 ], [ 127.076373863854855, 37.388585500684513 ], [ 127.073549760896711, 37.388575349999414 ] ] ] ] } },
{ "type": "Feature", "properties": { "gid": "다사67bb31aa", "lbl": "127.00", "val": 127.0 }, "geometry": { "type": "MultiPolygon", "coordinates": [ [ [ [ 127.135734843770095, 37.377516007636423 ], [ 127.135723944950058, 37.379769425035718 ], [ 127.138547738769304, 37.379778089183212 ], [ 127.138558553108382, 37.377524671081993 ], [ 127.135734843770095, 37.377516007636423 ] ] ] ] } },
{ "type": "Feature", "properties": { "gid": "다사71ba37bb", "lbl": "232.00", "val": 232.0 }, "geometry": { "type": "MultiPolygon", "coordinates": [ [ [ [ 127.177830176259107, 37.438481116241782 ], [ 127.177820515672551, 37.440734520291713 ], [ 127.180646611160867, 37.440742189861531 ], [ 127.180656187010172, 37.438488785190636 ], [ 127.177830176259107, 37.438481116241782 ] ] ] ] } },
{ "type": "Feature", "properties": { "gid": "다사68bb40ba", "lbl": "37.00", "val": 37.0 }, "geometry": { "type": "MultiPolygon", "coordinates": [ [ [ [ 127.146627546600556, 37.463179616471969 ], [ 127.146616940931466, 37.465433003827044 ], [ 127.14944395678549, 37.465441424160659 ], [ 127.149454477614924, 37.463188036123967 ], [ 127.146627546600556, 37.463179616471969 ] ] ] ] } },
{ "type": "Feature", "properties": { "gid": "다사68ba30ba", "lbl": "99.00", "val": 99.0 }, "geometry": { "type": "MultiPolygon", "coordinates": [ [ [ [ 127.144227262585787, 37.37303495415761 ], [ 127.144216619578756, 37.375288375372961 ], [ 127.147040248028205, 37.375296835884697 ], [ 127.147050806572679, 37.373043413983901 ], [ 127.144227262585787, 37.37303495415761 ] ] ] ] } },
{ "type": "Feature", "properties": { "gid": "다사69aa33bb", "lbl": "N/A", "val": 0.0 }, "geometry": { "type": "MultiPolygon", "coordinates": [ [ [ [ 127.149738097682985, 37.402346232616793 ], [ 127.149727608432272, 37.404599643973967 ], [ 127.152552338095887, 37.404607978436509 ], [ 127.152562742761461, 37.402354566404291 ], [ 127.149738097682985, 37.402346232616793 ] ] ] ] } },
{ "type": "Feature", "properties": { "gid": "다사65ba30bb", "lbl": "641.00", "val": 641.0 }, "geometry": { "type": "MultiPolygon", "coordinates": [ [ [ [ 127.110333173290684, 37.375181591220191 ], [ 127.1103215154466, 37.377435002920251 ], [ 127.113145213527815, 37.377444273105915 ], [ 127.113156786901712, 37.375190860654818 ], [ 127.110333173290684, 37.375181591220191 ] ] ] ] } },
{ "type": "Feature", "properties": { "gid": "다사67aa36bb", "lbl": "213.00", "val": 213.0 }, "geometry": { "type": "MultiPolygon", "coordinates": [ [ [ [ 127.127006906681387, 37.429317945275464 ], [ 127.126995725827371, 37.431571340668498 ], [ 127.129821461627884, 37.431580223612691 ], [ 127.129832557784823, 37.429326827500375 ], [ 127.127006906681387, 37.429317945275464 ] ] ] ] } },
{ "type": "Feature", "properties": { "gid": "다사64ba29aa", "lbl": "N/A", "val": 0.0 }, "geometry": { "type": "MultiPolygon", "coordinates": [ [ [ [ 127.099122664602589, 37.359369954705706 ], [ 127.099110678222701, 37.361623369394735 ], [ 127.101933779966529, 37.361632903830994 ], [ 127.101945681942595, 37.359379488369392 ], [ 127.099122664602589, 37.359369954705706 ] ] ] ] } },
{ "type": "Feature", "properties": { "gid": "다사60ab29ba", "lbl": "7.00", "val": 7.0 }, "geometry": { "type": "MultiPolygon", "coordinates": [ [ [ [ 127.051104737681854, 37.363704375314946 ], [ 127.051091313473819, 37.365957774305684 ], [ 127.053914560086611, 37.36596845585909 ], [ 127.053927899874836, 37.363715056002881 ], [ 127.051104737681854, 37.363704375314946 ] ] ] ] } },
{ "type": "Feature", "properties": { "gid": "다사70ab38ab", "lbl": "350.00", "val": 350.0 }, "geometry": { "type": "MultiPolygon", "coordinates": [ [ [ [ 127.163679969160711, 37.442948558889618 ], [ 127.163669882644029, 37.445201958025393 ], [ 127.166496142161265, 37.445209966742517 ], [ 127.166506143922476, 37.442956566958323 ], [ 127.163679969160711, 37.442948558889618 ] ] ] ] } },
{ "type": "Feature", "properties": { "gid": "다사68aa34ba", "lbl": "317.00", "val": 317.0 }, "geometry": { "type": "MultiPolygon", "coordinates": [ [ [ [ 127.138407042753641, 37.409072445918909 ], [ 127.138396211546933, 37.411325851930236 ], [ 127.141221190293095, 37.411334458410998 ], [ 127.141231936886967, 37.409081051702636 ], [ 127.138407042753641, 37.409072445918909 ] ] ] ] } },
{ "type": "Feature", "properties": { "gid": "다사65aa31bb", "lbl": "71.00", "val": 71.0 }, "geometry": { "type": "MultiPolygon", "coordinates": [ [ [ [ 127.104638634934517, 37.384176485664838 ], [ 127.104626802883089, 37.386429892390552 ], [ 127.107450836332958, 37.386439300454597 ], [ 127.107462583876867, 37.384185892966741 ], [ 127.104638634934517, 37.384176485664838 ] ] ] ] } },
{ "type": "Feature", "properties": { "gid": "다사65aa28aa", "lbl": "847.00", "val": 847.0 }, "geometry": { "type": "MultiPolygon", "coordinates": [ [ [ [ 127.104815957743568, 37.350375281109379 ], [ 127.104804145432055, 37.352628700793154 ], [ 127.107626912256222, 37.352638097429846 ], [ 127.107638640201188, 37.350384676984596 ], [ 127.104815957743568, 37.350375281109379 ] ] ] ] } },
{ "type": "Feature", "properties": { "gid": "다사64bb35ba", "lbl": "N/A", "val": 0.0 }, "geometry": { "type": "MultiPolygon", "coordinates": [ [ [ [ 127.101635799559773, 37.417968009568447 ], [ 127.101623863085095, 37.420221402563683 ], [ 127.10444916395781, 37.42023088958392 ], [ 127.104461015783883, 37.417977495820402 ], [ 127.101635799559773, 37.417968009568447 ] ] ] ] } },
{ "type": "Feature", "properties": { "gid": "다사62ba36bb", "lbl": "N/A", "val": 0.0 }, "geometry": { "type": "MultiPolygon", "coordinates": [ [ [ [ 127.076145408806113, 37.429146515745821 ], [ 127.076132703430616, 37.431399897256505 ], [ 127.078958415380484, 37.431409996029011 ], [ 127.078971036061702, 37.429156613700606 ], [ 127.076145408806113, 37.429146515745821 ] ] ] ] } },
{ "type": "Feature", "properties": { "gid": "다사68bb37ab", "lbl": "224.00", "val": 224.0 }, "geometry": { "type": "MultiPolygon", "coordinates": [ [ [ [ 127.146765312895113, 37.43388550223861 ], [ 127.146754722565817, 37.436138900824261 ], [ 127.149580636240898, 37.436147312300186 ], [ 127.149591141853293, 37.433893913033458 ], [ 127.146765312895113, 37.43388550223861 ] ] ] ] } },
{ "type": "Feature", "properties": { "gid": "다사66bb36bb", "lbl": "343.00", "val": 343.0 }, "geometry": { "type": "MultiPolygon", "coordinates": [ [ [ [ 127.124181256822695, 37.429308995509196 ], [ 127.124169991271728, 37.431562390177461 ], [ 127.126995725827371, 37.431571340668498 ], [ 127.127006906681387, 37.429317945275464 ], [ 127.124181256822695, 37.429308995509196 ] ] ] ] } },
{ "type": "Feature", "properties": { "gid": "다사70aa33bb", "lbl": "N/A", "val": 0.0 }, "geometry": { "type": "MultiPolygon", "coordinates": [ [ [ [ 127.161036684908694, 37.40237916290711 ], [ 127.161026533999348, 37.404632576931668 ], [ 127.163851268239981, 37.404640641465619 ], [ 127.163861334563649, 37.402387226787859 ], [ 127.161036684908694, 37.40237916290711 ] ] ] ] } },
{ "type": "Feature", "properties": { "gid": "다사65aa27bb", "lbl": "28.00", "val": 28.0 }, "geometry": { "type": "MultiPolygon", "coordinates": [ [ [ [ 127.104827768740336, 37.348121860561882 ], [ 127.104815957743568, 37.350375281109379 ], [ 127.107638640201188, 37.350384676984596 ], [ 127.107650366840801, 37.348131255675682 ], [ 127.104827768740336, 37.348121860561882 ] ] ] ] } },
{ "type": "Feature", "properties": { "gid": "다사66ba34aa", "lbl": "244.00", "val": 244.0 }, "geometry": { "type": "MultiPolygon", "coordinates": [ [ [ [ 127.121480377578862, 37.404512587856345 ], [ 127.121469041222497, 37.406765991298521 ], [ 127.124293843377487, 37.406775001306222 ], [ 127.124305095140727, 37.404521597134305 ], [ 127.121480377578862, 37.404512587856345 ] ] ] ] } },
{ "type": "Feature", "properties": { "gid": "다사65aa27ab", "lbl": "166.00", "val": 166.0 }, "geometry": { "type": "MultiPolygon", "coordinates": [ [ [ [ 127.104851386790216, 37.343615016875802 ], [ 127.104839578422499, 37.345868439150685 ], [ 127.10766209217519, 37.34587783350311 ], [ 127.107673816204525, 37.343624410466894 ], [ 127.104851386790216, 37.343615016875802 ] ] ] ] } },
{ "type": "Feature", "properties": { "gid": "다사58ab30ba", "lbl": "6.00", "val": 6.0 }, "geometry": { "type": "MultiPolygon", "coordinates": [ [ [ [ 127.028463087060899, 37.372630066425565 ], [ 127.028448981221615, 37.374883454835135 ], [ 127.031272553383587, 37.374894679107506 ], [ 127.031286574766924, 37.372641289788561 ], [ 127.028463087060899, 37.372630066425565 ] ] ] ] } },
{ "type": "Feature", "properties": { "gid": "다사67aa33ba", "lbl": "241.00", "val": 241.0 }, "geometry": { "type": "MultiPolygon", "coordinates": [ [ [ [ 127.127152144565798, 37.40002372654731 ], [ 127.127140979881972, 37.402277133171111 ], [ 127.129965615355502, 37.40228600676793 ], [ 127.129976695464734, 37.400032599425394 ], [ 127.127152144565798, 37.40002372654731 ] ] ] ] } },
{ "type": "Feature", "properties": { "gid": "다사69aa41ba", "lbl": "130.00", "val": 130.0 }, "geometry": { "type": "MultiPolygon", "coordinates": [ [ [ [ 127.149412387267532, 37.472201583086779 ], [ 127.149401861751244, 37.474454967667448 ], [ 127.15222921823036, 37.474463323076343 ], [ 127.152239658869107, 37.472209937819379 ], [ 127.149412387267532, 37.472201583086779 ] ] ] ] } },
{ "type": "Feature", "properties": { "gid": "다사68aa36bb", "lbl": "207.00", "val": 207.0 }, "geometry": { "type": "MultiPolygon", "coordinates": [ [ [ [ 127.138309518469228, 37.429353068925998 ], [ 127.138298676404403, 37.431606467163334 ], [ 127.141124417090154, 37.431615079919276 ], [ 127.141135174457332, 37.42936168098452 ], [ 127.138309518469228, 37.429353068925998 ] ] ] ] } },
{ "type": "Feature", "properties": { "gid": "다사69aa34aa", "lbl": "6.00", "val": 6.0 }, "geometry": { "type": "MultiPolygon", "coordinates": [ [ [ [ 127.149727608432272, 37.404599643973967 ], [ 127.149717118013754, 37.406853054467639 ], [ 127.152541932271902, 37.40686138960529 ], [ 127.152552338095887, 37.404607978436509 ], [ 127.149727608432272, 37.404599643973967 ] ] ] ] } },
{ "type": "Feature", "properties": { "gid": "다사67bb37ab", "lbl": "177.00", "val": 177.0 }, "geometry": { "type": "MultiPolygon", "coordinates": [ [ [ [ 127.135462008946902, 37.433851183530756 ], [ 127.135451079751221, 37.436104579337389 ], [ 127.138276988653118, 37.436113261046408 ], [ 127.138287833132438, 37.433859864536814 ], [ 127.135462008946902, 37.433851183530756 ] ] ] ] } },
{ "type": "Feature", "properties": { "gid": "다사66bb28bb", "lbl": "162.00", "val": 162.0 }, "geometry": { "type": "MultiPolygon", "coordinates": [ [ [ [ 127.124541093055754, 37.357199910001363 ], [ 127.124529867565244, 37.359453332310423 ], [ 127.127352896489995, 37.359462259630547 ], [ 127.127364037584726, 37.357208836598105 ], [ 127.124541093055754, 37.357199910001363 ] ] ] ] } },
{ "type": "Feature", "properties": { "gid": "다사62ab28ab", "lbl": "N/A", "val": 0.0 }, "geometry": { "type": "MultiPolygon", "coordinates": [ [ [ [ 127.07375379921659, 37.352520892391695 ], [ 127.073741057465256, 37.35477430247488 ], [ 127.076563893683044, 37.354784440830926 ], [ 127.076576551060185, 37.35253102992619 ], [ 127.07375379921659, 37.352520892391695 ] ] ] ] } },
{ "type": "Feature", "properties": { "gid": "다사66aa28bb", "lbl": "167.00", "val": 167.0 }, "geometry": { "type": "MultiPolygon", "coordinates": [ [ [ [ 127.116072267003204, 37.357172726012941 ], [ 127.11606078832628, 37.359426146119091 ], [ 127.118883813474, 37.359435275554588 ], [ 127.1188952077556, 37.357181854708685 ], [ 127.116072267003204, 37.357172726012941 ] ] ] ] } },
{ "type": "Feature", "properties": { "gid": "다사63ab31bb", "lbl": "36.00", "val": 36.0 }, "geometry": { "type": "MultiPolygon", "coordinates": [ [ [ [ 127.084871029742928, 37.384108746480898 ], [ 127.0848586061432, 37.3863621477187 ], [ 127.087682630174925, 37.386372027837936 ], [ 127.087694969268213, 37.384118625799758 ], [ 127.084871029742928, 37.384108746480898 ] ] ] ] } },
{ "type": "Feature", "properties": { "gid": "다사61ab32bb", "lbl": "67.00", "val": 67.0 }, "geometry": { "type": "MultiPolygon", "coordinates": [ [ [ [ 127.062227156784331, 37.393040857801594 ], [ 127.062214051304807, 37.395294248980676 ], [ 127.065038402122923, 37.395304671962229 ], [ 127.065051423059728, 37.393051279938859 ], [ 127.062227156784331, 37.393040857801594 ] ] ] ] } },
{ "type": "Feature", "properties": { "gid": "다사65ab26bb", "lbl": "88.00", "val": 88.0 }, "geometry": { "type": "MultiPolygon", "coordinates": [ [ [ [ 127.107697260348587, 37.339117561803604 ], [ 127.107685538928948, 37.34137098656705 ], [ 127.110507885319024, 37.341380312069212 ], [ 127.110519522418926, 37.339126886549977 ], [ 127.107697260348587, 37.339117561803604 ] ] ] ] } },
{ "type": "Feature", "properties": { "gid": "다사69ba39ab", "lbl": "157.00", "val": 157.0 }, "geometry": { "type": "MultiPolygon", "coordinates": [ [ [ [ 127.155160081612649, 37.451937712680284 ], [ 127.155149736223947, 37.454191106382957 ], [ 127.157976331458315, 37.454199320501907 ], [ 127.157986592054201, 37.451945926134258 ], [ 127.155160081612649, 37.451937712680284 ] ] ] ] } },
{ "type": "Feature", "properties": { "gid": "다사62ba32ba", "lbl": "84.00", "val": 84.0 }, "geometry": { "type": "MultiPolygon", "coordinates": [ [ [ [ 127.076361183914074, 37.390838897759416 ], [ 127.076348502561657, 37.393092293969801 ], [ 127.079172775990173, 37.393102378847466 ], [ 127.079185372808411, 37.39084898182017 ], [ 127.076361183914074, 37.390838897759416 ] ] ] ] } },
{ "type": "Feature", "properties": { "gid": "다사66ab30aa", "lbl": "198.00", "val": 198.0 }, "geometry": { "type": "MultiPolygon", "coordinates": [ [ [ [ 127.11883822366201, 37.368448950302287 ], [ 127.118826823036883, 37.370702366830123 ], [ 127.121650271571326, 37.370711432566111 ], [ 127.121661587753991, 37.368458015303737 ], [ 127.11883822366201, 37.368448950302287 ] ] ] ] } },
{ "type": "Feature", "properties": { "gid": "다사66aa26ba", "lbl": "107.00", "val": 107.0 }, "geometry": { "type": "MultiPolygon", "coordinates": [ [ [ [ 127.11617551761934, 37.336891906197877 ], [ 127.11616405043587, 37.339145334075745 ], [ 127.118986316363717, 37.339154456854956 ], [ 127.11899769923636, 37.336901028237705 ], [ 127.11617551761934, 37.336891906197877 ] ] ] ] } },
{ "type": "Feature", "properties": { "gid": "다사68aa31ab", "lbl": "N/A", "val": 0.0 }, "geometry": { "type": "MultiPolygon", "coordinates": [ [ [ [ 127.138547738769304, 37.379778089183212 ], [ 127.138536923226297, 37.382031506420994 ], [ 127.141360802739925, 37.382040103843501 ], [ 127.141371533792451, 37.379786685909224 ], [ 127.138547738769304, 37.379778089183212 ] ] ] ] } },
{ "type": "Feature", "properties": { "gid": "다사67bb35ab", "lbl": "159.00", "val": 159.0 }, "geometry": { "type": "MultiPolygon", "coordinates": [ [ [ [ 127.135549398721722, 37.415823985977866 ], [ 127.13553847925597, 37.418077388695401 ], [ 127.138363710690868, 37.41808606478191 ], [ 127.138374545515674, 37.41583266136174 ], [ 127.135549398721722, 37.415823985977866 ] ] ] ] } },
{ "type": "Feature", "properties": { "gid": "다사62ab37aa", "lbl": "22.00", "val": 22.0 }, "geometry": { "type": "MultiPolygon", "coordinates": [ [ [ [ 127.073306992895354, 37.431389730938932 ], [ 127.073294201401708, 37.433643110761516 ], [ 127.0761199966405, 37.43365327790233 ], [ 127.076132703430616, 37.431399897256505 ], [ 127.073306992895354, 37.431389730938932 ] ] ] ] } },
{ "type": "Feature", "properties": { "gid": "다사64ab27ab", "lbl": "28.00", "val": 28.0 }, "geometry": { "type": "MultiPolygon", "coordinates": [ [ [ [ 127.09638410647058, 37.343586432104807 ], [ 127.096372045088671, 37.345839852062959 ], [ 127.099194554869854, 37.345849448430513 ], [ 127.09920653191385, 37.343596027694652 ], [ 127.09638410647058, 37.343586432104807 ] ] ] ] } },
{ "type": "Feature", "properties": { "gid": "다사67aa39bb", "lbl": "115.00", "val": 115.0 }, "geometry": { "type": "MultiPolygon", "coordinates": [ [ [ [ 127.126872654238568, 37.456358632961511 ], [ 127.126861458436281, 37.458612017984919 ], [ 127.129688211337651, 37.458620909563834 ], [ 127.129699322329614, 37.456367523820624 ], [ 127.126872654238568, 37.456358632961511 ] ] ] ] } },
{ "type": "Feature", "properties": { "gid": "다사64aa34ba", "lbl": "N/A", "val": 0.0 }, "geometry": { "type": "MultiPolygon", "coordinates": [ [ [ [ 127.093208907006868, 37.408925574459168 ], [ 127.09319672201471, 37.411178968574482 ], [ 127.096021680336264, 37.411188655011877 ], [ 127.096033780717974, 37.408935260112059 ], [ 127.093208907006868, 37.408925574459168 ] ] ] ] } },
{ "type": "Feature", "properties": { "gid": "다사70ab34bb", "lbl": "124.00", "val": 124.0 }, "geometry": { "type": "MultiPolygon", "coordinates": [ [ [ [ 127.16382106254413, 37.411400880319121 ], [ 127.163810991736796, 37.413654291543622 ], [ 127.16663606553557, 37.413662291186483 ], [ 127.166646051719411, 37.411408879314102 ], [ 127.16382106254413, 37.411400880319121 ] ] ] ] } },
{ "type": "Feature", "properties": { "gid": "다사67ab39ab", "lbl": "42.00", "val": 42.0 }, "geometry": { "type": "MultiPolygon", "coordinates": [ [ [ [ 127.129721540602546, 37.45186074974167 ], [ 127.129710432084536, 37.454114137213232 ], [ 127.132537016611622, 37.454122959750954 ], [ 127.132548040338037, 37.451869571565155 ], [ 127.129721540602546, 37.45186074974167 ] ] ] ] } },
{ "type": "Feature", "properties": { "gid": "다사67bb31ba", "lbl": "17.00", "val": 17.0 }, "geometry": { "type": "MultiPolygon", "coordinates": [ [ [ [ 127.135713044916713, 37.382022841571533 ], [ 127.135702143669917, 37.384276257243847 ], [ 127.138526106479219, 37.384284922795302 ], [ 127.138536923226297, 37.382031506420994 ], [ 127.135713044916713, 37.382022841571533 ] ] ] ] } },
{ "type": "Feature", "properties": { "gid": "다사70ab38bb", "lbl": "503.00", "val": 503.0 }, "geometry": { "type": "MultiPolygon", "coordinates": [ [ [ [ 127.163659795004264, 37.447455356297567 ], [ 127.163649706241287, 37.449708753706105 ], [ 127.166476135297785, 37.449716763720154 ], [ 127.16648613928642, 37.447463365663133 ], [ 127.163659795004264, 37.447455356297567 ] ] ] ] } },
{ "type": "Feature", "properties": { "gid": "다사63bb30aa", "lbl": "78.00", "val": 78.0 }, "geometry": { "type": "MultiPolygon", "coordinates": [ [ [ [ 127.090604654088068, 37.368354593658907 ], [ 127.090592409046721, 37.370608002541225 ], [ 127.093415844466676, 37.370617742262844 ], [ 127.093428005067082, 37.368364332591412 ], [ 127.090604654088068, 37.368354593658907 ] ] ] ] } },
{ "type": "Feature", "properties": { "gid": "다사61bb32bb", "lbl": "48.00", "val": 48.0 }, "geometry": { "type": "MultiPolygon", "coordinates": [ [ [ [ 127.067875690784604, 37.393061634624431 ], [ 127.067862754390674, 37.39531502748661 ], [ 127.070687108098639, 37.395325315553698 ], [ 127.070699959949465, 37.393071921858166 ], [ 127.067875690784604, 37.393061634624431 ] ] ] ] } },
{ "type": "Feature", "properties": { "gid": "다사61ba30ba", "lbl": "88.00", "val": 88.0 }, "geometry": { "type": "MultiPolygon", "coordinates": [ [ [ [ 127.065168546286586, 37.372770712817633 ], [ 127.065155538388609, 37.375024112622953 ], [ 127.067979130108967, 37.375034460599785 ], [ 127.067992053548693, 37.372781059956097 ], [ 127.065168546286586, 37.372770712817633 ] ] ] ] } },
{ "type": "Feature", "properties": { "gid": "다사67ba39aa", "lbl": "169.00", "val": 169.0 }, "geometry": { "type": "MultiPolygon", "coordinates": [ [ [ [ 127.132559062837174, 37.449616182515236 ], [ 127.132548040338037, 37.451869571565155 ], [ 127.135374541300877, 37.451878325792386 ], [ 127.1353854790177, 37.449624936033736 ], [ 127.132559062837174, 37.449616182515236 ] ] ] ] } },
{ "type": "Feature", "properties": { "gid": "다사68aa30aa", "lbl": "472.00", "val": 472.0 }, "geometry": { "type": "MultiPolygon", "coordinates": [ [ [ [ 127.138601798428482, 37.368510990043028 ], [ 127.138590988903616, 37.370764411597854 ], [ 127.141414446058874, 37.370773005538261 ], [ 127.14142517114027, 37.36851958328716 ], [ 127.138601798428482, 37.368510990043028 ] ] ] ] } },
{ "type": "Feature", "properties": { "gid": "다사62aa29bb", "lbl": "18.00", "val": 18.0 }, "geometry": { "type": "MultiPolygon", "coordinates": [ [ [ [ 127.070854070619234, 37.366031130075328 ], [ 127.070841235924746, 37.368284534145282 ], [ 127.073664577165502, 37.368294744823594 ], [ 127.073677327429607, 37.366041339926319 ], [ 127.070854070619234, 37.366031130075328 ] ] ] ] } },
{ "type": "Feature", "properties": { "gid": "다사68ba30bb", "lbl": "133.00", "val": 133.0 }, "geometry": { "type": "MultiPolygon", "coordinates": [ [ [ [ 127.144216619578756, 37.375288375372961 ], [ 127.144205975386924, 37.377541795724973 ], [ 127.147029688308322, 37.37755025692222 ], [ 127.147040248028205, 37.375296835884697 ], [ 127.144216619578756, 37.375288375372961 ] ] ] ] } },
{ "type": "Feature", "properties": { "gid": "다사66aa33aa", "lbl": "215.00", "val": 215.0 }, "geometry": { "type": "MultiPolygon", "coordinates": [ [ [ [ 127.115876955612734, 37.395480750352654 ], [ 127.115865455192832, 37.397734155774756 ], [ 127.118689916499335, 37.397743297792914 ], [ 127.118701332364054, 37.395489891630305 ], [ 127.115876955612734, 37.395480750352654 ] ] ] ] } },
{ "type": "Feature", "properties": { "gid": "다사65ab40aa", "lbl": "7.00", "val": 7.0 }, "geometry": { "type": "MultiPolygon", "coordinates": [ [ [ [ 127.107074223561426, 37.458547883788007 ], [ 127.107062432778378, 37.460801262755062 ], [ 127.109889261573656, 37.460810628377594 ], [ 127.10990096753801, 37.458557248652404 ], [ 127.107074223561426, 37.458547883788007 ] ] ] ] } },
{ "type": "Feature", "properties": { "gid": "다사68ba36ba", "lbl": "148.00", "val": 148.0 }, "geometry": { "type": "MultiPolygon", "coordinates": [ [ [ [ 127.14397150312422, 37.427116825010785 ], [ 127.143960831643, 37.429370225501231 ], [ 127.146786490016851, 37.429378702476043 ], [ 127.146797076809563, 37.427125301299164 ], [ 127.14397150312422, 37.427116825010785 ] ] ] ] } },
{ "type": "Feature", "properties": { "gid": "다사61bb30ba", "lbl": "117.00", "val": 117.0 }, "geometry": { "type": "MultiPolygon", "coordinates": [ [ [ [ 127.067992053548693, 37.372781059956097 ], [ 127.067979130108967, 37.375034460599785 ], [ 127.070802723267988, 37.375044741168502 ], [ 127.070815562249294, 37.372791339691901 ], [ 127.067992053548693, 37.372781059956097 ] ] ] ] } },
{ "type": "Feature", "properties": { "gid": "다사67aa28bb", "lbl": "N/A", "val": 0.0 }, "geometry": { "type": "MultiPolygon", "coordinates": [ [ [ [ 127.127364037584726, 37.357208836598105 ], [ 127.127352896489995, 37.359462259630547 ], [ 127.130175926654942, 37.359471119578714 ], [ 127.130186983353767, 37.357217695828339 ], [ 127.127364037584726, 37.357208836598105 ] ] ] ] } },
{ "type": "Feature", "properties": { "gid": "다사70ab40ab", "lbl": "94.00", "val": 94.0 }, "geometry": { "type": "MultiPolygon", "coordinates": [ [ [ [ 127.163599245573494, 37.460975727793581 ], [ 127.163589150068418, 37.463229120019925 ], [ 127.166416087969338, 37.463237133925702 ], [ 127.16642609864337, 37.460983741050661 ], [ 127.163599245573494, 37.460975727793581 ] ] ] ] } },
{ "type": "Feature", "properties": { "gid": "다사59bb32bb", "lbl": "N/A", "val": 0.0 }, "geometry": { "type": "MultiPolygon", "coordinates": [ [ [ [ 127.045281590097062, 37.392976908498149 ], [ 127.045267977364801, 37.395230294496834 ], [ 127.048092319287633, 37.395241122219133 ], [ 127.048105847478226, 37.392987735343382 ], [ 127.045281590097062, 37.392976908498149 ] ] ] ] } },
{ "type": "Feature", "properties": { "gid": "다사67ba35ba", "lbl": "162.00", "val": 162.0 }, "geometry": { "type": "MultiPolygon", "coordinates": [ [ [ [ 127.132713249036811, 37.418068645094593 ], [ 127.13270224370504, 37.420322046240187 ], [ 127.135527558574466, 37.420330790549137 ], [ 127.13553847925597, 37.418077388695401 ], [ 127.132713249036811, 37.418068645094593 ] ] ] ] } },
{ "type": "Feature", "properties": { "gid": "다사69bb38ba", "lbl": "924.00", "val": 924.0 }, "geometry": { "type": "MultiPolygon", "coordinates": [ [ [ [ 127.158017366988219, 37.445185737848846 ], [ 127.15800710981901, 37.447439134807709 ], [ 127.160833451845306, 37.447447279345731 ], [ 127.160843624249864, 37.445193881727484 ], [ 127.158017366988219, 37.445185737848846 ] ] ] ] } },
{ "type": "Feature", "properties": { "gid": "다사69aa40bb", "lbl": "106.00", "val": 106.0 }, "geometry": { "type": "MultiPolygon", "coordinates": [ [ [ [ 127.14944395678549, 37.465441424160659 ], [ 127.149433434784527, 37.467694811333359 ], [ 127.15226053665927, 37.467703164713505 ], [ 127.152270973811014, 37.465449776864631 ], [ 127.14944395678549, 37.465441424160659 ] ] ] ] } },
{ "type": "Feature", "properties": { "gid": "다사66bb38ba", "lbl": "150.00", "val": 150.0 }, "geometry": { "type": "MultiPolygon", "coordinates": [ [ [ [ 127.124102371620197, 37.44508274004086 ], [ 127.124091097285941, 37.447336128660211 ], [ 127.126917424984242, 37.447345084225709 ], [ 127.126928614555524, 37.445091694881299 ], [ 127.124102371620197, 37.44508274004086 ] ] ] ] } },
{ "type": "Feature", "properties": { "gid": "다사68aa39aa", "lbl": "487.00", "val": 487.0 }, "geometry": { "type": "MultiPolygon", "coordinates": [ [ [ [ 127.138211896415982, 37.449633621961375 ], [ 127.138201043481587, 37.451887012423263 ], [ 127.141027546870717, 37.451895631457717 ], [ 127.141038315022556, 37.449642240298047 ], [ 127.138211896415982, 37.449633621961375 ] ] ] ] } },
{ "type": "Feature", "properties": { "gid": "다사66ba29bb", "lbl": "216.00", "val": 216.0 }, "geometry": { "type": "MultiPolygon", "coordinates": [ [ [ [ 127.121672902677048, 37.36620459717777 ], [ 127.121661587753991, 37.368458015303737 ], [ 127.124484953105551, 37.368467012911573 ], [ 127.124496183595411, 37.366213594056582 ], [ 127.121672902677048, 37.36620459717777 ] ] ] ] } },
{ "type": "Feature", "properties": { "gid": "다사64ab38bb", "lbl": "N/A", "val": 0.0 }, "geometry": { "type": "MultiPolygon", "coordinates": [ [ [ [ 127.095827890904175, 37.447242855843818 ], [ 127.095815767598779, 37.449496236047068 ], [ 127.098642167089835, 37.449505868238475 ], [ 127.098654205624314, 37.447252487255412 ], [ 127.095827890904175, 37.447242855843818 ] ] ] ] } },
{ "type": "Feature", "properties": { "gid": "다사70aa34ba", "lbl": "49.00", "val": 49.0 }, "geometry": { "type": "MultiPolygon", "coordinates": [ [ [ [ 127.161006228790114, 37.409139402390842 ], [ 127.160996074489958, 37.411392813825387 ], [ 127.16382106254413, 37.411400880319121 ], [ 127.163831132230357, 37.409147468231275 ], [ 127.161006228790114, 37.409139402390842 ] ] ] ] } },
{ "type": "Feature", "properties": { "gid": "다사59bb30bb", "lbl": "11.00", "val": 11.0 }, "geometry": { "type": "MultiPolygon", "coordinates": [ [ [ [ 127.045390437418945, 37.374949789366944 ], [ 127.045376836804181, 37.377203182285832 ], [ 127.048200502656968, 37.377214002993092 ], [ 127.048214018805297, 37.374960609197551 ], [ 127.045390437418945, 37.374949789366944 ] ] ] ] } },
{ "type": "Feature", "properties": { "gid": "다사60bb32ba", "lbl": "106.00", "val": 106.0 }, "geometry": { "type": "MultiPolygon", "coordinates": [ [ [ [ 127.05659190170627, 37.390766420833323 ], [ 127.056578628619476, 37.393019811172351 ], [ 127.059402891967764, 37.393030368212713 ], [ 127.059416080521586, 37.390776977018525 ], [ 127.05659190170627, 37.390766420833323 ] ] ] ] } },
{ "type": "Feature", "properties": { "gid": "다사71ab37ab", "lbl": "N/A", "val": 0.0 }, "geometry": { "type": "MultiPolygon", "coordinates": [ [ [ [ 127.175023653976226, 37.433966570290984 ], [ 127.175013910822315, 37.436219975441254 ], [ 127.177839835770158, 37.436227711328485 ], [ 127.177849494205802, 37.433974305551828 ], [ 127.175023653976226, 37.433966570290984 ] ] ] ] } },
{ "type": "Feature", "properties": { "gid": "다사64ba34bb", "lbl": "31.00", "val": 31.0 }, "geometry": { "type": "MultiPolygon", "coordinates": [ [ [ [ 127.098846640005007, 37.411198273952706 ], [ 127.098834622896135, 37.413451668767244 ], [ 127.101659668522828, 37.413461220985027 ], [ 127.101671601011532, 37.411207825396865 ], [ 127.098846640005007, 37.411198273952706 ] ] ] ] } },
{ "type": "Feature", "properties": { "gid": "다사66ba30aa", "lbl": "149.00", "val": 149.0 }, "geometry": { "type": "MultiPolygon", "coordinates": [ [ [ [ 127.121661587753991, 37.368458015303737 ], [ 127.121650271571326, 37.370711432566111 ], [ 127.124473721365504, 37.370720430902999 ], [ 127.124484953105551, 37.368467012911573 ], [ 127.121661587753991, 37.368458015303737 ] ] ] ] } },
{ "type": "Feature", "properties": { "gid": "다사65ab30aa", "lbl": "120.00", "val": 120.0 }, "geometry": { "type": "MultiPolygon", "coordinates": [ [ [ [ 127.107544780078101, 37.368412016362008 ], [ 127.107533041684647, 37.370665429897173 ], [ 127.110356485086101, 37.370674765228571 ], [ 127.110368139037675, 37.368421350937055 ], [ 127.107544780078101, 37.368412016362008 ] ] ] ] } },
{ "type": "Feature", "properties": { "gid": "다사61aa31aa", "lbl": "N/A", "val": 0.0 }, "geometry": { "type": "MultiPolygon", "coordinates": [ [ [ [ 127.059495181020736, 37.377256611692879 ], [ 127.059482001272855, 37.379510008075698 ], [ 127.062305759031659, 37.379520492567174 ], [ 127.062318854302831, 37.377267095334965 ], [ 127.059495181020736, 37.377256611692879 ] ] ] ] } },
{ "type": "Feature", "properties": { "gid": "다사67bb37bb", "lbl": "809.00", "val": 809.0 }, "geometry": { "type": "MultiPolygon", "coordinates": [ [ [ [ 127.135440149338663, 37.43835797428008 ], [ 127.135429217709088, 37.440611368358816 ], [ 127.138255296072032, 37.440620051473879 ], [ 127.138266142966387, 37.438366656692104 ], [ 127.135440149338663, 37.43835797428008 ] ] ] ] } },
{ "type": "Feature", "properties": { "gid": "다사65bb35aa", "lbl": "20.00", "val": 20.0 }, "geometry": { "type": "MultiPolygon", "coordinates": [ [ [ [ 127.112959864220372, 37.413498754832787 ], [ 127.112948268923134, 37.415752152596603 ], [ 127.11577340572849, 37.415761368048557 ], [ 127.115784916395356, 37.413507969538429 ], [ 127.112959864220372, 37.413498754832787 ] ] ] ] } },
{ "type": "Feature", "properties": { "gid": "다사67aa26bb", "lbl": "10.00", "val": 10.0 }, "geometry": { "type": "MultiPolygon", "coordinates": [ [ [ [ 127.127453121712122, 37.339181421256711 ], [ 127.127441990533924, 37.341434851196077 ], [ 127.130264345794544, 37.341443705401986 ], [ 127.130275392651939, 37.33919027474505 ], [ 127.127453121712122, 37.339181421256711 ] ] ] ] } },
{ "type": "Feature", "properties": { "gid": "다사64aa28bb", "lbl": "18.00", "val": 18.0 }, "geometry": { "type": "MultiPolygon", "coordinates": [ [ [ [ 127.09348878776855, 37.357097271273823 ], [ 127.093476633934486, 37.359350685265333 ], [ 127.096299648596755, 37.359360353670979 ], [ 127.096311718036702, 37.357106938896031 ], [ 127.09348878776855, 37.357097271273823 ] ] ] ] } },
{ "type": "Feature", "properties": { "gid": "다사65ba34ab", "lbl": "11.00", "val": 11.0 }, "geometry": { "type": "MultiPolygon", "coordinates": [ [ [ [ 127.110169845317785, 37.406729276403617 ], [ 127.110158169290585, 37.408982676008044 ], [ 127.112983050942589, 37.40899195671286 ], [ 127.112994642367838, 37.406738556356771 ], [ 127.110169845317785, 37.406729276403617 ] ] ] ] } },
{ "type": "Feature", "properties": { "gid": "다사65aa40aa", "lbl": "98.00", "val": 98.0 }, "geometry": { "type": "MultiPolygon", "coordinates": [ [ [ [ 127.104247480897584, 37.458538451311796 ], [ 127.104235605295955, 37.460791829515216 ], [ 127.107062432778378, 37.460801262755062 ], [ 127.107074223561426, 37.458547883788007 ], [ 127.104247480897584, 37.458538451311796 ] ] ] ] } },
{ "type": "Feature", "properties": { "gid": "다사67ab31aa", "lbl": "294.00", "val": 294.0 }, "geometry": { "type": "MultiPolygon", "coordinates": [ [ [ [ 127.130087428742399, 37.377498478497571 ], [ 127.130076360960942, 37.379751894476634 ], [ 127.132900152344135, 37.379760693466828 ], [ 127.132911135644974, 37.377507276774914 ], [ 127.130087428742399, 37.377498478497571 ] ] ] ] } },
{ "type": "Feature", "properties": { "gid": "다사65ba31aa", "lbl": "214.00", "val": 214.0 }, "geometry": { "type": "MultiPolygon", "coordinates": [ [ [ [ 127.1103215154466, 37.377435002920251 ], [ 127.11030985630471, 37.379688413756469 ], [ 127.113133638865534, 37.37969768469322 ], [ 127.113145213527815, 37.377444273105915 ], [ 127.1103215154466, 37.377435002920251 ] ] ] ] } },
{ "type": "Feature", "properties": { "gid": "다사67aa37ba", "lbl": "623.00", "val": 623.0 }, "geometry": { "type": "MultiPolygon", "coordinates": [ [ [ [ 127.126973360384497, 37.436078128862434 ], [ 127.126962175795398, 37.438331521663294 ], [ 127.129788165743719, 37.438340406765604 ], [ 127.129799265607488, 37.436087013245313 ], [ 127.126973360384497, 37.436078128862434 ] ] ] ] } },
{ "type": "Feature", "properties": { "gid": "다사64bb39ab", "lbl": "26.00", "val": 26.0 }, "geometry": { "type": "MultiPolygon", "coordinates": [ [ [ [ 127.101456612826851, 37.451768813733047 ], [ 127.101444656401242, 37.454022193761269 ], [ 127.104271228134422, 37.454031692311155 ], [ 127.104283099769972, 37.451778311513976 ], [ 127.101456612826851, 37.451768813733047 ] ] ] ] } },
{ "type": "Feature", "properties": { "gid": "다사65bb33ba", "lbl": "648.00", "val": 648.0 }, "geometry": { "type": "MultiPolygon", "coordinates": [ [ [ [ 127.11302940890198, 37.399978350104327 ], [ 127.113017821347384, 37.402231753052483 ], [ 127.115842450511835, 37.402240964027172 ], [ 127.115853953492575, 37.399987560332953 ], [ 127.11302940890198, 37.399978350104327 ] ] ] ] } },
{ "type": "Feature", "properties": { "gid": "다사68ab40ab", "lbl": "10.00", "val": 10.0 }, "geometry": { "type": "MultiPolygon", "coordinates": [ [ [ [ 127.140984462271945, 37.460909187456309 ], [ 127.14097368812368, 37.463162574295836 ], [ 127.143800616766995, 37.463171129195892 ], [ 127.143811306085325, 37.460917741663849 ], [ 127.140984462271945, 37.460909187456309 ] ] ] ] } },
{ "type": "Feature", "properties": { "gid": "다사64ab33bb", "lbl": "N/A", "val": 0.0 }, "geometry": { "type": "MultiPolygon", "coordinates": [ [ [ [ 127.096070073781533, 37.402175070226662 ], [ 127.096057977440452, 37.404428467719427 ], [ 127.098882683305646, 37.404438084323296 ], [ 127.098894695064388, 37.402184686051626 ], [ 127.096070073781533, 37.402175070226662 ] ] ] ] } },
{ "type": "Feature", "properties": { "gid": "다사68aa41aa", "lbl": "85.00", "val": 85.0 }, "geometry": { "type": "MultiPolygon", "coordinates": [ [ [ [ 127.138125039096437, 37.467660721462622 ], [ 127.138114176490532, 37.46991410501176 ], [ 127.140941358480148, 37.469922729629907 ], [ 127.140952136227924, 37.46766934538266 ], [ 127.138125039096437, 37.467660721462622 ] ] ] ] } },
{ "type": "Feature", "properties": { "gid": "다사64ba30bb", "lbl": "9.00", "val": 9.0 }, "geometry": { "type": "MultiPolygon", "coordinates": [ [ [ [ 127.099038731917233, 37.37514383938629 ], [ 127.099026736193835, 37.377397248027592 ], [ 127.101850429027408, 37.37740678787307 ], [ 127.101862340281201, 37.375153378458869 ], [ 127.099038731917233, 37.37514383938629 ] ] ] ] } },
{ "type": "Feature", "properties": { "gid": "다사69ba34bb", "lbl": "15.00", "val": 15.0 }, "geometry": { "type": "MultiPolygon", "coordinates": [ [ [ [ 127.155346101782612, 37.411376478341964 ], [ 127.155335777105648, 37.413629887590041 ], [ 127.158160847512406, 37.413638089745319 ], [ 127.158171087566316, 37.411384679832977 ], [ 127.155346101782612, 37.411376478341964 ] ] ] ] } },
{ "type": "Feature", "properties": { "gid": "다사69ab38ba", "lbl": "N/A", "val": 0.0 }, "geometry": { "type": "MultiPolygon", "coordinates": [ [ [ [ 127.152364855900259, 37.445169247349774 ], [ 127.152354429202163, 37.447422642973429 ], [ 127.155180768934827, 37.447430922683587 ], [ 127.155191110868529, 37.445177526389585 ], [ 127.152364855900259, 37.445169247349774 ] ] ] ] } },
{ "type": "Feature", "properties": { "gid": "다사62ab29bb", "lbl": "64.00", "val": 64.0 }, "geometry": { "type": "MultiPolygon", "coordinates": [ [ [ [ 127.073677327429607, 37.366041339926319 ], [ 127.073664577165502, 37.368294744823594 ], [ 127.076487919825666, 37.368304888109947 ], [ 127.076500585659204, 37.366051482390844 ], [ 127.073677327429607, 37.366041339926319 ] ] ] ] } },
{ "type": "Feature", "properties": { "gid": "다사62aa36aa", "lbl": "N/A", "val": 0.0 }, "geometry": { "type": "MultiPolygon", "coordinates": [ [ [ [ 127.07053277423924, 37.422365972451622 ], [ 127.070519903775093, 37.424619354905175 ], [ 127.073345358832725, 37.424629586281853 ], [ 127.073358144631229, 37.422376202999779 ], [ 127.07053277423924, 37.422365972451622 ] ] ] ] } },
{ "type": "Feature", "properties": { "gid": "다사70bb39bb", "lbl": "478.00", "val": 478.0 }, "geometry": { "type": "MultiPolygon", "coordinates": [ [ [ [ 127.169272801198446, 37.456484897060946 ], [ 127.169262877565629, 37.458738292306556 ], [ 127.172089648033406, 37.458746169687437 ], [ 127.172099486853824, 37.456492773804122 ], [ 127.169272801198446, 37.456484897060946 ] ] ] ] } },
{ "type": "Feature", "properties": { "gid": "다사64ba32ba", "lbl": "30.00", "val": 30.0 }, "geometry": { "type": "MultiPolygon", "coordinates": [ [ [ [ 127.098954733804135, 37.390917681730073 ], [ 127.098942728729526, 37.393171084322752 ], [ 127.10176701311363, 37.393180629579668 ], [ 127.101778933652781, 37.390927226213797 ], [ 127.098954733804135, 37.390917681730073 ] ] ] ] } },
{ "type": "Feature", "properties": { "gid": "다사65bb34ba", "lbl": "11.00", "val": 11.0 }, "geometry": { "type": "MultiPolygon", "coordinates": [ [ [ [ 127.112983050942589, 37.40899195671286 ], [ 127.112971458226809, 37.411245356204859 ], [ 127.115796425780857, 37.411254570164218 ], [ 127.115807933885094, 37.409001169925979 ], [ 127.112983050942589, 37.40899195671286 ] ] ] ] } },
{ "type": "Feature", "properties": { "gid": "다사69aa34bb", "lbl": "301.00", "val": 301.0 }, "geometry": { "type": "MultiPolygon", "coordinates": [ [ [ [ 127.149696133672762, 37.411359872864502 ], [ 127.149685639750032, 37.413613280767628 ], [ 127.152510707848379, 37.413621617930779 ], [ 127.152521117148297, 37.411368209352446 ], [ 127.149696133672762, 37.411359872864502 ] ] ] ] } },
{ "type": "Feature", "properties": { "gid": "다사62ab33bb", "lbl": "N/A", "val": 0.0 }, "geometry": { "type": "MultiPolygon", "coordinates": [ [ [ [ 127.073473152785624, 37.402095714545943 ], [ 127.073460379791541, 37.404349105610827 ], [ 127.076285074619378, 37.404359262053212 ], [ 127.076297763032414, 37.402105870165727 ], [ 127.073473152785624, 37.402095714545943 ] ] ] ] } },
{ "type": "Feature", "properties": { "gid": "다사68ab34bb", "lbl": "223.00", "val": 223.0 }, "geometry": { "type": "MultiPolygon", "coordinates": [ [ [ [ 127.141221190293095, 37.411334458410998 ], [ 127.141210442502739, 37.413587864255696 ], [ 127.144035507067798, 37.413596403929994 ], [ 127.144046170235754, 37.411342997393696 ], [ 127.141221190293095, 37.411334458410998 ] ] ] ] } },
{ "type": "Feature", "properties": { "gid": "다사64ba27ba", "lbl": "48.00", "val": 48.0 }, "geometry": { "type": "MultiPolygon", "coordinates": [ [ [ [ 127.099194554869854, 37.345849448430513 ], [ 127.099182576492609, 37.348102868302583 ], [ 127.102005171954474, 37.348112398104149 ], [ 127.102017065984242, 37.345858977459791 ], [ 127.099194554869854, 37.345849448430513 ] ] ] ] } },
{ "type": "Feature", "properties": { "gid": "다사67aa38ba", "lbl": "374.00", "val": 374.0 }, "geometry": { "type": "MultiPolygon", "coordinates": [ [ [ [ 127.126928614555524, 37.445091694881299 ], [ 127.126917424984242, 37.447345084225709 ], [ 127.129743753928437, 37.447353972206066 ], [ 127.129754858736604, 37.445100582142082 ], [ 127.126928614555524, 37.445091694881299 ] ] ] ] } },
{ "type": "Feature", "properties": { "gid": "다사70ba37bb", "lbl": "693.00", "val": 693.0 }, "geometry": { "type": "MultiPolygon", "coordinates": [ [ [ [ 127.166526144104452, 37.43844976479928 ], [ 127.166516144570153, 37.440703166310577 ], [ 127.169342235699247, 37.440711106160968 ], [ 127.169352150496806, 37.438457704006815 ], [ 127.166526144104452, 37.43844976479928 ] ] ] ] } },
{ "type": "Feature", "properties": { "gid": "다사67ab30bb", "lbl": "372.00", "val": 372.0 }, "geometry": { "type": "MultiPolygon", "coordinates": [ [ [ [ 127.13009849529189, 37.375245061654951 ], [ 127.130087428742399, 37.377498478497571 ], [ 127.132911135644974, 37.377507276774914 ], [ 127.132922117723197, 37.375253859219491 ], [ 127.13009849529189, 37.375245061654951 ] ] ] ] } },
{ "type": "Feature", "properties": { "gid": "다사65ba36ba", "lbl": "N/A", "val": 0.0 }, "geometry": { "type": "MultiPolygon", "coordinates": [ [ [ [ 127.110064714262435, 37.427009841733842 ], [ 127.110053026530323, 37.429263233560576 ], [ 127.112878670023903, 37.429272521032281 ], [ 127.112890273069254, 37.42701912845348 ], [ 127.110064714262435, 37.427009841733842 ] ] ] ] } },
{ "type": "Feature", "properties": { "gid": "다사71ab37bb", "lbl": "N/A", "val": 0.0 }, "geometry": { "type": "MultiPolygon", "coordinates": [ [ [ [ 127.175004166583577, 37.438473379728144 ], [ 127.174994421259896, 37.440726783151611 ], [ 127.177820515672551, 37.440734520291713 ], [ 127.177830176259107, 37.438481116241782 ], [ 127.175004166583577, 37.438473379728144 ] ] ] ] } },
{ "type": "Feature", "properties": { "gid": "다사69aa38aa", "lbl": "127.00", "val": 127.0 }, "geometry": { "type": "MultiPolygon", "coordinates": [ [ [ [ 127.149559621506839, 37.440654108242398 ], [ 127.149549112384875, 37.442907504917855 ], [ 127.152375281437543, 37.442915850862349 ], [ 127.152385705814112, 37.44066245351118 ], [ 127.149559621506839, 37.440654108242398 ] ] ] ] } },
{ "type": "Feature", "properties": { "gid": "다사69aa39ba", "lbl": "10.00", "val": 10.0 }, "geometry": { "type": "MultiPolygon", "coordinates": [ [ [ [ 127.149496549220416, 37.45417447533783 ], [ 127.149486033075618, 37.456427866830232 ], [ 127.152312710798697, 37.456436216829943 ], [ 127.152323142141483, 37.454182824661572 ], [ 127.149496549220416, 37.45417447533783 ] ] ] ] } },
{ "type": "Feature", "properties": { "gid": "다사63ba31bb", "lbl": "N/A", "val": 0.0 }, "geometry": { "type": "MultiPolygon", "coordinates": [ [ [ [ 127.087694969268213, 37.384118625799758 ], [ 127.087682630174925, 37.386372027837936 ], [ 127.090506655580299, 37.386381840521004 ], [ 127.090518910167035, 37.384128437687913 ], [ 127.087694969268213, 37.384118625799758 ] ] ] ] } },
{ "type": "Feature", "properties": { "gid": "다사64ba39aa", "lbl": "98.00", "val": 98.0 }, "geometry": { "type": "MultiPolygon", "coordinates": [ [ [ [ 127.098642167089835, 37.449505868238475 ], [ 127.098630127214889, 37.451759248356908 ], [ 127.101456612826851, 37.451768813733047 ], [ 127.101468567921302, 37.449515432840222 ], [ 127.098642167089835, 37.449505868238475 ] ] ] ] } },
{ "type": "Feature", "properties": { "gid": "다사67bb34ab", "lbl": "135.00", "val": 135.0 }, "geometry": { "type": "MultiPolygon", "coordinates": [ [ [ [ 127.13559306443031, 37.406810366470118 ], [ 127.13558214982605, 37.409063772642654 ], [ 127.138407042753641, 37.409072445918909 ], [ 127.138417872754616, 37.406819039043903 ], [ 127.13559306443031, 37.406810366470118 ] ] ] ] } },
{ "type": "Feature", "properties": { "gid": "다사62aa36bb", "lbl": "13.00", "val": 13.0 }, "geometry": { "type": "MultiPolygon", "coordinates": [ [ [ [ 127.070494158547731, 37.429126117217585 ], [ 127.070481283784162, 37.431379497076406 ], [ 127.073306992895354, 37.431389730938932 ], [ 127.073319782964987, 37.429136350251454 ], [ 127.070494158547731, 37.429126117217585 ] ] ] ] } },
{ "type": "Feature", "properties": { "gid": "다사64aa31ab", "lbl": "N/A", "val": 0.0 }, "geometry": { "type": "MultiPolygon", "coordinates": [ [ [ [ 127.093367188525974, 37.379631372307671 ], [ 127.093355021155205, 37.381884777658577 ], [ 127.096178880275332, 37.38189445390109 ], [ 127.096190963157994, 37.379641047766306 ], [ 127.093367188525974, 37.379631372307671 ] ] ] ] } },
{ "type": "Feature", "properties": { "gid": "다사66aa27ab", "lbl": "280.00", "val": 280.0 }, "geometry": { "type": "MultiPolygon", "coordinates": [ [ [ [ 127.116141112239418, 37.34365218724114 ], [ 127.116129641226124, 37.345905612528611 ], [ 127.118952160142769, 37.345914737526186 ], [ 127.118963546817071, 37.343661311499218 ], [ 127.116141112239418, 37.34365218724114 ] ] ] ] } },
{ "type": "Feature", "properties": { "gid": "다사67aa29aa", "lbl": "6.00", "val": 6.0 }, "geometry": { "type": "MultiPolygon", "coordinates": [ [ [ [ 127.127352896489995, 37.359462259630547 ], [ 127.127341754155012, 37.361715681799559 ], [ 127.130164868725302, 37.36172454246568 ], [ 127.130175926654942, 37.359471119578714 ], [ 127.127352896489995, 37.359462259630547 ] ] ] ] } },
{ "type": "Feature", "properties": { "gid": "다사64bb27ab", "lbl": "N/A", "val": 0.0 }, "geometry": { "type": "MultiPolygon", "coordinates": [ [ [ [ 127.102028958690184, 37.34360555595169 ], [ 127.102017065984242, 37.345858977459791 ], [ 127.104839578422499, 37.345868439150685 ], [ 127.104851386790216, 37.343615016875802 ], [ 127.102028958690184, 37.34360555595169 ] ] ] ] } },
{ "type": "Feature", "properties": { "gid": "다사65bb31ab", "lbl": "7.00", "val": 7.0 }, "geometry": { "type": "MultiPolygon", "coordinates": [ [ [ [ 127.113133638865534, 37.37969768469322 ], [ 127.113122062914684, 37.381951095416667 ], [ 127.115945931253236, 37.381960299678418 ], [ 127.115957422714899, 37.379706888209299 ], [ 127.113133638865534, 37.37969768469322 ] ] ] ] } },
{ "type": "Feature", "properties": { "gid": "다사63aa35aa", "lbl": "N/A", "val": 0.0 }, "geometry": { "type": "MultiPolygon", "coordinates": [ [ [ [ 127.081884377562176, 37.413392937919305 ], [ 127.081871851341134, 37.415646327112768 ], [ 127.084696973427597, 37.415656285148295 ], [ 127.084709415020001, 37.413402895148373 ], [ 127.081884377562176, 37.413392937919305 ] ] ] ] } },
{ "type": "Feature", "properties": { "gid": "다사69aa35aa", "lbl": "156.00", "val": 156.0 }, "geometry": { "type": "MultiPolygon", "coordinates": [ [ [ [ 127.149685639750032, 37.413613280767628 ], [ 127.149675144658914, 37.415866687807188 ], [ 127.152500297389508, 37.41587502564559 ], [ 127.152510707848379, 37.413621617930779 ], [ 127.149685639750032, 37.413613280767628 ] ] ] ] } },
{ "type": "Feature", "properties": { "gid": "다사65ba28aa", "lbl": "588.00", "val": 588.0 }, "geometry": { "type": "MultiPolygon", "coordinates": [ [ [ [ 127.110461323964174, 37.350394005510339 ], [ 127.110449680385884, 37.352647426711592 ], [ 127.113272449811717, 37.352656688638305 ], [ 127.113284009023147, 37.350403266686506 ], [ 127.110461323964174, 37.350394005510339 ] ] ] ] } },
{ "type": "Feature", "properties": { "gid": "다사60ab29bb", "lbl": "6.00", "val": 6.0 }, "geometry": { "type": "MultiPolygon", "coordinates": [ [ [ [ 127.051091313473819, 37.365957774305684 ], [ 127.051077887771427, 37.368211172431664 ], [ 127.053901218813394, 37.368221854850596 ], [ 127.053914560086611, 37.36596845585909 ], [ 127.051091313473819, 37.365957774305684 ] ] ] ] } },
{ "type": "Feature", "properties": { "gid": "다사69aa36bb", "lbl": "208.00", "val": 208.0 }, "geometry": { "type": "MultiPolygon", "coordinates": [ [ [ [ 127.14961214956945, 37.429387111908852 ], [ 127.149601646296091, 37.431640512903016 ], [ 127.152427391716188, 37.43164885546927 ], [ 127.152437810291332, 37.429395453799586 ], [ 127.14961214956945, 37.429387111908852 ] ] ] ] } },
{ "type": "Feature", "properties": { "gid": "다사66ab33aa", "lbl": "304.00", "val": 304.0 }, "geometry": { "type": "MultiPolygon", "coordinates": [ [ [ [ 127.118701332364054, 37.395489891630305 ], [ 127.118689916499335, 37.397743297792914 ], [ 127.121514379076757, 37.397752372346538 ], [ 127.121525710386152, 37.395498965448873 ], [ 127.118701332364054, 37.395489891630305 ] ] ] ] } },
{ "type": "Feature", "properties": { "gid": "다사65ab32ba", "lbl": "70.00", "val": 70.0 }, "geometry": { "type": "MultiPolygon", "coordinates": [ [ [ [ 127.107427337321553, 37.390946112838378 ], [ 127.107415585853715, 37.393199517734274 ], [ 127.110239874190881, 37.393208860631759 ], [ 127.110251541122807, 37.390955454979057 ], [ 127.107427337321553, 37.390946112838378 ] ] ] ] } },
{ "type": "Feature", "properties": { "gid": "다사70ba34bb", "lbl": "N/A", "val": 0.0 }, "geometry": { "type": "MultiPolygon", "coordinates": [ [ [ [ 127.166646051719411, 37.411408879314102 ], [ 127.16663606553557, 37.413662291186483 ], [ 127.16946114044616, 37.413670223325028 ], [ 127.169471042006393, 37.411416810810231 ], [ 127.166646051719411, 37.411408879314102 ] ] ] ] } },
{ "type": "Feature", "properties": { "gid": "다사67bb37ba", "lbl": "759.00", "val": 759.0 }, "geometry": { "type": "MultiPolygon", "coordinates": [ [ [ [ 127.135451079751221, 37.436104579337389 ], [ 127.135440149338663, 37.43835797428008 ], [ 127.138266142966387, 37.438366656692104 ], [ 127.138276988653118, 37.436113261046408 ], [ 127.135451079751221, 37.436104579337389 ] ] ] ] } },
{ "type": "Feature", "properties": { "gid": "다사67ba41ba", "lbl": "693.00", "val": 693.0 }, "geometry": { "type": "MultiPolygon", "coordinates": [ [ [ [ 127.132448782599312, 37.472150034127118 ], [ 127.132437747820518, 37.474403414535075 ], [ 127.135265097125526, 37.474412175851818 ], [ 127.135276047027602, 37.472158794734717 ], [ 127.132448782599312, 37.472150034127118 ] ] ] ] } },
{ "type": "Feature", "properties": { "gid": "다사69ba35bb", "lbl": "N/A", "val": 0.0 }, "geometry": { "type": "MultiPolygon", "coordinates": [ [ [ [ 127.155304796177148, 37.420390110153321 ], [ 127.155294466901324, 37.422643515947385 ], [ 127.158119875894684, 37.422651720760165 ], [ 127.158130120509711, 37.420398314301671 ], [ 127.155304796177148, 37.420390110153321 ] ] ] ] } },
{ "type": "Feature", "properties": { "gid": "다사64ab30ab", "lbl": "81.00", "val": 81.0 }, "geometry": { "type": "MultiPolygon", "coordinates": [ [ [ [ 127.096239281240386, 37.370627414586352 ], [ 127.096227203736689, 37.372880824177429 ], [ 127.099050726305379, 37.372890429880968 ], [ 127.099062719358429, 37.370637019511641 ], [ 127.096239281240386, 37.370627414586352 ] ] ] ] } },
{ "type": "Feature", "properties": { "gid": "다사64aa33bb", "lbl": "24.00", "val": 24.0 }, "geometry": { "type": "MultiPolygon", "coordinates": [ [ [ [ 127.093245453845242, 37.402165386926967 ], [ 127.093233272921964, 37.404418783635393 ], [ 127.096057977440452, 37.404428467719427 ], [ 127.096070073781533, 37.402175070226662 ], [ 127.093245453845242, 37.402165386926967 ] ] ] ] } },
{ "type": "Feature", "properties": { "gid": "다사65ba29bb", "lbl": "7.00", "val": 7.0 }, "geometry": { "type": "MultiPolygon", "coordinates": [ [ [ [ 127.110379791692097, 37.366167935781746 ], [ 127.110368139037675, 37.368421350937055 ], [ 127.113191499294473, 37.36843061811885 ], [ 127.113203067516253, 37.366177202212675 ], [ 127.110379791692097, 37.366167935781746 ] ] ] ] } },
{ "type": "Feature", "properties": { "gid": "다사67aa34aa", "lbl": "315.00", "val": 315.0 }, "geometry": { "type": "MultiPolygon", "coordinates": [ [ [ [ 127.127129813955136, 37.404530538931134 ], [ 127.127118646785192, 37.406783943827321 ], [ 127.129943451436191, 37.406792818861732 ], [ 127.129954534012697, 37.404539413246717 ], [ 127.127129813955136, 37.404530538931134 ] ] ] ] } },
{ "type": "Feature", "properties": { "gid": "다사66bb31bb", "lbl": "132.00", "val": 132.0 }, "geometry": { "type": "MultiPolygon", "coordinates": [ [ [ [ 127.124406304662713, 37.384240920715698 ], [ 127.124395064167132, 37.38649433266167 ], [ 127.127219106574174, 37.386503268665763 ], [ 127.127230262561199, 37.384249855995897 ], [ 127.124406304662713, 37.384240920715698 ] ] ] ] } },
{ "type": "Feature", "properties": { "gid": "다사68ba35aa", "lbl": "39.00", "val": 39.0 }, "geometry": { "type": "MultiPolygon", "coordinates": [ [ [ [ 127.144035507067798, 37.413596403929994 ], [ 127.144024842712653, 37.415849809602676 ], [ 127.146849993096836, 37.415858282459517 ], [ 127.146860572820017, 37.413604876100671 ], [ 127.144035507067798, 37.413596403929994 ] ] ] ] } },
{ "type": "Feature", "properties": { "gid": "다사65aa30bb", "lbl": "221.00", "val": 221.0 }, "geometry": { "type": "MultiPolygon", "coordinates": [ [ [ [ 127.104685949971056, 37.375162850122123 ], [ 127.104674123186996, 37.377416260303725 ], [ 127.107497818663205, 37.377425665319493 ], [ 127.107509560977363, 37.375172254375919 ], [ 127.104685949971056, 37.375162850122123 ] ] ] ] } },
{ "type": "Feature", "properties": { "gid": "다사65ab32ab", "lbl": "142.00", "val": 142.0 }, "geometry": { "type": "MultiPolygon", "coordinates": [ [ [ [ 127.107439087481239, 37.388692707078484 ], [ 127.107427337321553, 37.390946112838378 ], [ 127.110251541122807, 37.390955454979057 ], [ 127.110263206756002, 37.388702048462392 ], [ 127.107439087481239, 37.388692707078484 ] ] ] ] } },
{ "type": "Feature", "properties": { "gid": "다사63ab34aa", "lbl": "9.00", "val": 9.0 }, "geometry": { "type": "MultiPolygon", "coordinates": [ [ [ [ 127.08475916754098, 37.404389326503249 ], [ 127.084746731487698, 37.406642719961305 ], [ 127.087571516500674, 37.406652607286063 ], [ 127.087583867962806, 37.404399213027197 ], [ 127.08475916754098, 37.404389326503249 ] ] ] ] } },
{ "type": "Feature", "properties": { "gid": "다사64bb37ab", "lbl": "N/A", "val": 0.0 }, "geometry": { "type": "MultiPolygon", "coordinates": [ [ [ [ 127.10155221632327, 37.433741742383333 ], [ 127.101540270542529, 37.435995129327814 ], [ 127.104366164219357, 37.436004621727292 ], [ 127.104378025285499, 37.43375123401421 ], [ 127.10155221632327, 37.433741742383333 ] ] ] ] } },
{ "type": "Feature", "properties": { "gid": "다사67ab34aa", "lbl": "69.00", "val": 69.0 }, "geometry": { "type": "MultiPolygon", "coordinates": [ [ [ [ 127.129954534012697, 37.404539413246717 ], [ 127.129943451436191, 37.406792818861732 ], [ 127.132768257321032, 37.406801626409361 ], [ 127.132779255303959, 37.404548220080997 ], [ 127.129954534012697, 37.404539413246717 ] ] ] ] } },
{ "type": "Feature", "properties": { "gid": "다사67ba31ba", "lbl": "13.00", "val": 13.0 }, "geometry": { "type": "MultiPolygon", "coordinates": [ [ [ [ 127.132889167820593, 37.382014109295213 ], [ 127.132878182074194, 37.384267524260054 ], [ 127.135702143669917, 37.384276257243847 ], [ 127.135713044916713, 37.382022841571533 ], [ 127.132889167820593, 37.382014109295213 ] ] ] ] } },
{ "type": "Feature", "properties": { "gid": "다사66ba30ba", "lbl": "199.00", "val": 199.0 }, "geometry": { "type": "MultiPolygon", "coordinates": [ [ [ [ 127.121638954128926, 37.372964848964848 ], [ 127.121627635426606, 37.375218264499942 ], [ 127.1244512541342, 37.375227264295091 ], [ 127.124462488375102, 37.372973848030846 ], [ 127.121638954128926, 37.372964848964848 ] ] ] ] } },
{ "type": "Feature", "properties": { "gid": "다사66ba39ab", "lbl": "14.00", "val": 14.0 }, "geometry": { "type": "MultiPolygon", "coordinates": [ [ [ [ 127.121242048854342, 37.451833878694572 ], [ 127.121230685962473, 37.454087263990601 ], [ 127.124057266750512, 37.454096289332959 ], [ 127.124068544851269, 37.451842903306286 ], [ 127.121242048854342, 37.451833878694572 ] ] ] ] } },
{ "type": "Feature", "properties": { "gid": "다사63bb32ab", "lbl": "78.00", "val": 78.0 }, "geometry": { "type": "MultiPolygon", "coordinates": [ [ [ [ 127.09049439962935, 37.388635242489855 ], [ 127.090482142313931, 37.390888643594437 ], [ 127.093306338125302, 37.390898390420297 ], [ 127.09331851091514, 37.388644988526167 ], [ 127.09049439962935, 37.388635242489855 ] ] ] ] } },
{ "type": "Feature", "properties": { "gid": "다사66bb34ab", "lbl": "159.00", "val": 159.0 }, "geometry": { "type": "MultiPolygon", "coordinates": [ [ [ [ 127.124293843377487, 37.406775001306222 ], [ 127.124282590361574, 37.409028404614261 ], [ 127.127107478371983, 37.409037347859694 ], [ 127.127118646785192, 37.406783943827321 ], [ 127.124293843377487, 37.406775001306222 ] ] ] ] } },
{ "type": "Feature", "properties": { "gid": "다사70aa38ba", "lbl": "622.00", "val": 622.0 }, "geometry": { "type": "MultiPolygon", "coordinates": [ [ [ [ 127.160843624249864, 37.445193881727484 ], [ 127.160833451845306, 37.447447279345731 ], [ 127.163659795004264, 37.447455356297567 ], [ 127.163669882644029, 37.445201958025393 ], [ 127.160843624249864, 37.445193881727484 ] ] ] ] } },
{ "type": "Feature", "properties": { "gid": "다사64ba35ba", "lbl": "18.00", "val": 18.0 }, "geometry": { "type": "MultiPolygon", "coordinates": [ [ [ [ 127.098810584664477, 37.417958455803308 ], [ 127.098798563541379, 37.420211848024799 ], [ 127.101623863085095, 37.420221402563683 ], [ 127.101635799559773, 37.417968009568447 ], [ 127.098810584664477, 37.417958455803308 ] ] ] ] } },
{ "type": "Feature", "properties": { "gid": "다사67bb39aa", "lbl": "219.00", "val": 219.0 }, "geometry": { "type": "MultiPolygon", "coordinates": [ [ [ [ 127.1353854790177, 37.449624936033736 ], [ 127.135374541300877, 37.451878325792386 ], [ 127.138201043481587, 37.451887012423263 ], [ 127.138211896415982, 37.449633621961375 ], [ 127.1353854790177, 37.449624936033736 ] ] ] ] } },
{ "type": "Feature", "properties": { "gid": "다사68ab38ab", "lbl": "372.00", "val": 372.0 }, "geometry": { "type": "MultiPolygon", "coordinates": [ [ [ [ 127.141070612285489, 37.442882061635281 ], [ 127.141059847729792, 37.445135455386819 ], [ 127.143886097998134, 37.445144004747938 ], [ 127.143896777799426, 37.442890610304232 ], [ 127.141070612285489, 37.442882061635281 ] ] ] ] } },
{ "type": "Feature", "properties": { "gid": "다사66bb32aa", "lbl": "272.00", "val": 272.0 }, "geometry": { "type": "MultiPolygon", "coordinates": [ [ [ [ 127.124395064167132, 37.38649433266167 ], [ 127.124383822420185, 37.388747743743927 ], [ 127.12720794934522, 37.388756680471957 ], [ 127.127219106574174, 37.386503268665763 ], [ 127.124395064167132, 37.38649433266167 ] ] ] ] } },
{ "type": "Feature", "properties": { "gid": "다사63aa32aa", "lbl": "11.00", "val": 11.0 }, "geometry": { "type": "MultiPolygon", "coordinates": [ [ [ [ 127.082034583494575, 37.386352200163415 ], [ 127.0820220739961, 37.388605599730987 ], [ 127.084846181160415, 37.388615548092162 ], [ 127.0848586061432, 37.3863621477187 ], [ 127.082034583494575, 37.386352200163415 ] ] ] ] } },
{ "type": "Feature", "properties": { "gid": "다사65ab35bb", "lbl": "28.00", "val": 28.0 }, "geometry": { "type": "MultiPolygon", "coordinates": [ [ [ [ 127.107274466150074, 37.420240309085429 ], [ 127.107262697662648, 37.422493702747516 ], [ 127.110088085823378, 37.422503055487589 ], [ 127.110099769652464, 37.420249661068112 ], [ 127.107274466150074, 37.420240309085429 ] ] ] ] } },
{ "type": "Feature", "properties": { "gid": "다사70aa39ab", "lbl": "460.00", "val": 460.0 }, "geometry": { "type": "MultiPolygon", "coordinates": [ [ [ [ 127.160813103638105, 37.451954071991182 ], [ 127.160802927835192, 37.454207467018342 ], [ 127.163629525345115, 37.454215545932186 ], [ 127.163639616354956, 37.451962150250978 ], [ 127.160813103638105, 37.451954071991182 ] ] ] ] } },
{ "type": "Feature", "properties": { "gid": "다사67ba30ab", "lbl": "249.00", "val": 249.0 }, "geometry": { "type": "MultiPolygon", "coordinates": [ [ [ [ 127.132944078212532, 37.370747021518191 ], [ 127.132933098579002, 37.373000440800581 ], [ 127.135756637770768, 37.373009170247443 ], [ 127.135767532951689, 37.3707557502578 ], [ 127.132944078212532, 37.370747021518191 ] ] ] ] } },
{ "type": "Feature", "properties": { "gid": "다사68ba37bb", "lbl": "51.00", "val": 51.0 }, "geometry": { "type": "MultiPolygon", "coordinates": [ [ [ [ 127.143918133835143, 37.438383818825216 ], [ 127.143907456411711, 37.440637214996656 ], [ 127.146733538369574, 37.4406456954042 ], [ 127.146744131057332, 37.43839229854612 ], [ 127.143918133835143, 37.438383818825216 ] ] ] ] } },
{ "type": "Feature", "properties": { "gid": "다사66bb33aa", "lbl": "118.00", "val": 118.0 }, "geometry": { "type": "MultiPolygon", "coordinates": [ [ [ [ 127.124350089669619, 37.39550797180825 ], [ 127.124338842915705, 37.397761379435501 ], [ 127.127163308006786, 37.397770319059731 ], [ 127.127174470205063, 37.395516910708373 ], [ 127.124350089669619, 37.39550797180825 ] ] ] ] } },
{ "type": "Feature", "properties": { "gid": "다사62aa32ba", "lbl": "125.00", "val": 125.0 }, "geometry": { "type": "MultiPolygon", "coordinates": [ [ [ [ 127.070712810369685, 37.390818527298002 ], [ 127.070699959949465, 37.393071921858166 ], [ 127.073524230544976, 37.393082141640008 ], [ 127.073536996431372, 37.390828746251991 ], [ 127.070712810369685, 37.390818527298002 ] ] ] ] } },
{ "type": "Feature", "properties": { "gid": "다사67ba38aa", "lbl": "422.00", "val": 422.0 }, "geometry": { "type": "MultiPolygon", "coordinates": [ [ [ [ 127.132603140563305, 37.44060261767477 ], [ 127.132592122972028, 37.442856010180968 ], [ 127.13541828486234, 37.44286476157356 ], [ 127.135429217709088, 37.440611368358816 ], [ 127.132603140563305, 37.44060261767477 ] ] ] ] } },
{ "type": "Feature", "properties": { "gid": "다사66ab36bb", "lbl": "N/A", "val": 0.0 }, "geometry": { "type": "MultiPolygon", "coordinates": [ [ [ [ 127.11852996087724, 37.429290893352913 ], [ 127.118518525932856, 37.431544286555273 ], [ 127.121344257970421, 37.431553372139696 ], [ 127.121355608218181, 37.429299978201641 ], [ 127.11852996087724, 37.429290893352913 ] ] ] ] } },
{ "type": "Feature", "properties": { "gid": "다사66aa28aa", "lbl": "228.00", "val": 228.0 }, "geometry": { "type": "MultiPolygon", "coordinates": [ [ [ [ 127.116106695368714, 37.350412460512992 ], [ 127.116095220524272, 37.35266588320988 ], [ 127.118917992514199, 37.352675010426232 ], [ 127.118929382991467, 37.350421586989704 ], [ 127.116106695368714, 37.350412460512992 ] ] ] ] } },
{ "type": "Feature", "properties": { "gid": "다사65ba33ab", "lbl": "N/A", "val": 0.0 }, "geometry": { "type": "MultiPolygon", "coordinates": [ [ [ [ 127.110216536430286, 37.397715669345175 ], [ 127.110204865601318, 37.399969072405867 ], [ 127.11302940890198, 37.399978350104327 ], [ 127.113040995166671, 37.397724946292151 ], [ 127.110216536430286, 37.397715669345175 ] ] ] ] } },
{ "type": "Feature", "properties": { "gid": "다사68bb41ab", "lbl": "N/A", "val": 0.0 }, "geometry": { "type": "MultiPolygon", "coordinates": [ [ [ [ 127.146595726050279, 37.46993977594515 ], [ 127.146585116837912, 37.47219316070813 ], [ 127.149412387267532, 37.472201583086779 ], [ 127.149422911611936, 37.469948197642083 ], [ 127.146595726050279, 37.46993977594515 ] ] ] ] } },
{ "type": "Feature", "properties": { "gid": "다사64bb34bb", "lbl": "12.00", "val": 12.0 }, "geometry": { "type": "MultiPolygon", "coordinates": [ [ [ [ 127.101671601011532, 37.411207825396865 ], [ 127.101659668522828, 37.413461220985027 ], [ 127.104484715478023, 37.413470705700554 ], [ 127.104496563346359, 37.411217309344259 ], [ 127.101671601011532, 37.411207825396865 ] ] ] ] } },
{ "type": "Feature", "properties": { "gid": "다사67bb35bb", "lbl": "33.00", "val": 33.0 }, "geometry": { "type": "MultiPolygon", "coordinates": [ [ [ [ 127.135527558574466, 37.420330790549137 ], [ 127.135516636677053, 37.422584191539059 ], [ 127.138342037422134, 37.42259286903095 ], [ 127.138352874659745, 37.420339467338316 ], [ 127.135527558574466, 37.420330790549137 ] ] ] ] } },
{ "type": "Feature", "properties": { "gid": "다사63aa32bb", "lbl": "22.00", "val": 22.0 }, "geometry": { "type": "MultiPolygon", "coordinates": [ [ [ [ 127.081997050821059, 37.393112396272898 ], [ 127.081984537144152, 37.39536579324718 ], [ 127.084808897911927, 37.395375744026303 ], [ 127.084821327044921, 37.393122346245981 ], [ 127.081997050821059, 37.393112396272898 ] ] ] ] } },
{ "type": "Feature", "properties": { "gid": "다사68ba34ab", "lbl": "232.00", "val": 232.0 }, "geometry": { "type": "MultiPolygon", "coordinates": [ [ [ [ 127.144067493010638, 37.406836181730235 ], [ 127.144056832216648, 37.409089589993762 ], [ 127.146881728733234, 37.409098060792189 ], [ 127.146892304923526, 37.406844651842597 ], [ 127.144067493010638, 37.406836181730235 ] ] ] ] } },
{ "type": "Feature", "properties": { "gid": "다사65bb35ab", "lbl": "N/A", "val": 0.0 }, "geometry": { "type": "MultiPolygon", "coordinates": [ [ [ [ 127.112948268923134, 37.415752152596603 ], [ 127.112936672334897, 37.418005549496307 ], [ 127.115761893780046, 37.418014765694622 ], [ 127.11577340572849, 37.415761368048557 ], [ 127.112948268923134, 37.415752152596603 ] ] ] ] } },
{ "type": "Feature", "properties": { "gid": "다사64aa36ab", "lbl": "N/A", "val": 0.0 }, "geometry": { "type": "MultiPolygon", "coordinates": [ [ [ [ 127.093123583567547, 37.424699315113273 ], [ 127.09311138907583, 37.426952703177378 ], [ 127.095936939934276, 37.426962395107559 ], [ 127.09594904974962, 37.424709006258624 ], [ 127.093123583567547, 37.424699315113273 ] ] ] ] } },
{ "type": "Feature", "properties": { "gid": "다사65aa36aa", "lbl": "N/A", "val": 0.0 }, "geometry": { "type": "MultiPolygon", "coordinates": [ [ [ [ 127.104437310812216, 37.422484282483147 ], [ 127.104425456346902, 37.424737674518049 ], [ 127.107250927864939, 37.424747095545321 ], [ 127.107262697662648, 37.422493702747516 ], [ 127.104437310812216, 37.422484282483147 ] ] ] ] } },
{ "type": "Feature", "properties": { "gid": "다사66bb32bb", "lbl": "201.00", "val": 201.0 }, "geometry": { "type": "MultiPolygon", "coordinates": [ [ [ [ 127.124361335171585, 37.393254563317242 ], [ 127.124350089669619, 37.39550797180825 ], [ 127.127174470205063, 37.395516910708373 ], [ 127.127185631160785, 37.393263501493287 ], [ 127.124361335171585, 37.393254563317242 ] ] ] ] } },
{ "type": "Feature", "properties": { "gid": "다사61bb31bb", "lbl": "23.00", "val": 23.0 }, "geometry": { "type": "MultiPolygon", "coordinates": [ [ [ [ 127.067927421961599, 37.384048054529003 ], [ 127.067914491326803, 37.386301450849821 ], [ 127.070738506918943, 37.38631173558381 ], [ 127.070751353048308, 37.384058338429845 ], [ 127.067927421961599, 37.384048054529003 ] ] ] ] } },
{ "type": "Feature", "properties": { "gid": "다사71ba37ba", "lbl": "N/A", "val": 0.0 }, "geometry": { "type": "MultiPolygon", "coordinates": [ [ [ [ 127.177839835770158, 37.436227711328485 ], [ 127.177830176259107, 37.438481116241782 ], [ 127.180656187010172, 37.438488785190636 ], [ 127.180665761793392, 37.436235379656388 ], [ 127.177839835770158, 37.436227711328485 ] ] ] ] } },
{ "type": "Feature", "properties": { "gid": "다사66aa33ab", "lbl": "35.00", "val": 35.0 }, "geometry": { "type": "MultiPolygon", "coordinates": [ [ [ [ 127.115865455192832, 37.397734155774756 ], [ 127.115853953492575, 37.399987560332953 ], [ 127.118678499363668, 37.399996703091659 ], [ 127.118689916499335, 37.397743297792914 ], [ 127.115865455192832, 37.397734155774756 ] ] ] ] } },
{ "type": "Feature", "properties": { "gid": "다사64ab33ba", "lbl": "27.00", "val": 27.0 }, "geometry": { "type": "MultiPolygon", "coordinates": [ [ [ [ 127.096082168776064, 37.399921671869599 ], [ 127.096070073781533, 37.402175070226662 ], [ 127.098894695064388, 37.402184686051626 ], [ 127.098906705485987, 37.399931286915717 ], [ 127.096082168776064, 37.399921671869599 ] ] ] ] } },
{ "type": "Feature", "properties": { "gid": "다사67aa32bb", "lbl": "222.00", "val": 222.0 }, "geometry": { "type": "MultiPolygon", "coordinates": [ [ [ [ 127.127185631160785, 37.393263501493287 ], [ 127.127174470205063, 37.395516910708373 ], [ 127.129998851983046, 37.395525782149129 ], [ 127.130009928392425, 37.393272372215435 ], [ 127.127185631160785, 37.393263501493287 ] ] ] ] } },
{ "type": "Feature", "properties": { "gid": "다사67ba38ba", "lbl": "626.00", "val": 626.0 }, "geometry": { "type": "MultiPolygon", "coordinates": [ [ [ [ 127.132581104154013, 37.445109401823117 ], [ 127.132570084109091, 37.447362792601218 ], [ 127.135396415516794, 37.447371545411052 ], [ 127.135407350798303, 37.445118153924305 ], [ 127.132581104154013, 37.445109401823117 ] ] ] ] } },
{ "type": "Feature", "properties": { "gid": "다사71aa37ab", "lbl": "12.00", "val": 12.0 }, "geometry": { "type": "MultiPolygon", "coordinates": [ [ [ [ 127.17219781483135, 37.433958767476355 ], [ 127.172187986959301, 37.436212171994789 ], [ 127.175013910822315, 37.436219975441254 ], [ 127.175023653976226, 37.433966570290984 ], [ 127.17219781483135, 37.433958767476355 ] ] ] ] } },
{ "type": "Feature", "properties": { "gid": "다사67ba31bb", "lbl": "125.00", "val": 125.0 }, "geometry": { "type": "MultiPolygon", "coordinates": [ [ [ [ 127.132878182074194, 37.384267524260054 ], [ 127.13286719510478, 37.386520938361336 ], [ 127.135691241209514, 37.386529672052625 ], [ 127.135702143669917, 37.384276257243847 ], [ 127.132878182074194, 37.384267524260054 ] ] ] ] } },
{ "type": "Feature", "properties": { "gid": "다사67ba41ab", "lbl": "98.00", "val": 98.0 }, "geometry": { "type": "MultiPolygon", "coordinates": [ [ [ [ 127.132459816149506, 37.469896652854871 ], [ 127.132448782599312, 37.472150034127118 ], [ 127.135276047027602, 37.472158794734717 ], [ 127.135286995710501, 37.469905412753391 ], [ 127.132459816149506, 37.469896652854871 ] ] ] ] } },
{ "type": "Feature", "properties": { "gid": "다사68ab29bb", "lbl": "275.00", "val": 275.0 }, "geometry": { "type": "MultiPolygon", "coordinates": [ [ [ [ 127.141435895027868, 37.366266160172721 ], [ 127.14142517114027, 37.36851958328716 ], [ 127.144248545045883, 37.368528109136996 ], [ 127.144259184499248, 37.366274685331781 ], [ 127.141435895027868, 37.366266160172721 ] ] ] ] } },
{ "type": "Feature", "properties": { "gid": "다사65ba32ab", "lbl": "190.00", "val": 190.0 }, "geometry": { "type": "MultiPolygon", "coordinates": [ [ [ [ 127.110263206756002, 37.388702048462392 ], [ 127.110251541122807, 37.390955454979057 ], [ 127.11307574622279, 37.390964729671865 ], [ 127.113087327329353, 37.3887113224039 ], [ 127.110263206756002, 37.388702048462392 ] ] ] ] } },
{ "type": "Feature", "properties": { "gid": "다사65ba29ba", "lbl": "448.00", "val": 448.0 }, "geometry": { "type": "MultiPolygon", "coordinates": [ [ [ [ 127.110391443049465, 37.363914519762695 ], [ 127.110379791692097, 37.366167935781746 ], [ 127.113203067516253, 37.366177202212675 ], [ 127.113214634450401, 37.363923785442807 ], [ 127.110391443049465, 37.363914519762695 ] ] ] ] } },
{ "type": "Feature", "properties": { "gid": "다사66ab30ab", "lbl": "303.00", "val": 303.0 }, "geometry": { "type": "MultiPolygon", "coordinates": [ [ [ [ 127.118826823036883, 37.370702366830123 ], [ 127.118815421142614, 37.372955782494309 ], [ 127.121638954128926, 37.372964848964848 ], [ 127.121650271571326, 37.370711432566111 ], [ 127.118826823036883, 37.370702366830123 ] ] ] ] } },
{ "type": "Feature", "properties": { "gid": "다사67bb35aa", "lbl": "412.00", "val": 412.0 }, "geometry": { "type": "MultiPolygon", "coordinates": [ [ [ [ 127.135560316971919, 37.413570582396552 ], [ 127.135549398721722, 37.415823985977866 ], [ 127.138374545515674, 37.41583266136174 ], [ 127.138385379134306, 37.413579257077856 ], [ 127.135560316971919, 37.413570582396552 ] ] ] ] } },
{ "type": "Feature", "properties": { "gid": "다사68aa34bb", "lbl": "220.00", "val": 220.0 }, "geometry": { "type": "MultiPolygon", "coordinates": [ [ [ [ 127.138396211546933, 37.411325851930236 ], [ 127.138385379134306, 37.413579257077856 ], [ 127.141210442502739, 37.413587864255696 ], [ 127.141221190293095, 37.411334458410998 ], [ 127.138396211546933, 37.411325851930236 ] ] ] ] } },
{ "type": "Feature", "properties": { "gid": "다사71bb37ba", "lbl": "N/A", "val": 0.0 }, "geometry": { "type": "MultiPolygon", "coordinates": [ [ [ [ 127.180665761793392, 37.436235379656388 ], [ 127.180656187010172, 37.438488785190636 ], [ 127.183482198827321, 37.438496386574606 ], [ 127.183491688882611, 37.4362429804249 ], [ 127.180665761793392, 37.436235379656388 ] ] ] ] } },
{ "type": "Feature", "properties": { "gid": "다사64bb37aa", "lbl": "N/A", "val": 0.0 }, "geometry": { "type": "MultiPolygon", "coordinates": [ [ [ [ 127.101564160774103, 37.431488354574412 ], [ 127.10155221632327, 37.433741742383333 ], [ 127.104378025285499, 37.43375123401421 ], [ 127.104389885031182, 37.431497845436738 ], [ 127.101564160774103, 37.431488354574412 ] ] ] ] } },
{ "type": "Feature", "properties": { "gid": "다사70aa37ab", "lbl": "656.00", "val": 656.0 }, "geometry": { "type": "MultiPolygon", "coordinates": [ [ [ [ 127.160894469287456, 37.433926880681788 ], [ 127.16088430254419, 37.436180282618132 ], [ 127.163710221973545, 37.436188356300747 ], [ 127.163720303999227, 37.433934953710683 ], [ 127.160894469287456, 37.433926880681788 ] ] ] ] } },
{ "type": "Feature", "properties": { "gid": "다사62aa30bb", "lbl": "23.00", "val": 23.0 }, "geometry": { "type": "MultiPolygon", "coordinates": [ [ [ [ 127.070802723267988, 37.375044741168502 ], [ 127.070789882857397, 37.377298141780614 ], [ 127.073613561913675, 37.377308355768612 ], [ 127.073626317856281, 37.375054954329009 ], [ 127.070802723267988, 37.375044741168502 ] ] ] ] } },
{ "type": "Feature", "properties": { "gid": "다사69ab35ab", "lbl": "7.00", "val": 7.0 }, "geometry": { "type": "MultiPolygon", "coordinates": [ [ [ [ 127.152500297389508, 37.41587502564559 ], [ 127.152489885771601, 37.418128432496871 ], [ 127.15531512430303, 37.418136703495733 ], [ 127.155325451279154, 37.415883295974638 ], [ 127.152500297389508, 37.41587502564559 ] ] ] ] } },
{ "type": "Feature", "properties": { "gid": "다사66ab34ab", "lbl": "448.00", "val": 448.0 }, "geometry": { "type": "MultiPolygon", "coordinates": [ [ [ [ 127.118644240329601, 37.406756913804323 ], [ 127.118632818108736, 37.409010315647308 ], [ 127.121457703604023, 37.409019393876761 ], [ 127.121469041222497, 37.406765991298521 ], [ 127.118644240329601, 37.406756913804323 ] ] ] ] } },
{ "type": "Feature", "properties": { "gid": "다사59ba30aa", "lbl": "N/A", "val": 0.0 }, "geometry": { "type": "MultiPolygon", "coordinates": [ [ [ [ 127.042607903650477, 37.36817872082883 ], [ 127.042594223138792, 37.370432115460538 ], [ 127.04541763410694, 37.370443000934337 ], [ 127.045431230180569, 37.368189605420667 ], [ 127.042607903650477, 37.36817872082883 ] ] ] ] } },
{ "type": "Feature", "properties": { "gid": "다사64aa36aa", "lbl": "N/A", "val": 0.0 }, "geometry": { "type": "MultiPolygon", "coordinates": [ [ [ [ 127.093135776701715, 37.42244592618465 ], [ 127.093123583567547, 37.424699315113273 ], [ 127.09594904974962, 37.424709006258624 ], [ 127.095961158216809, 37.422455616545236 ], [ 127.093135776701715, 37.42244592618465 ] ] ] ] } },
{ "type": "Feature", "properties": { "gid": "다사67ab32bb", "lbl": "31.00", "val": 31.0 }, "geometry": { "type": "MultiPolygon", "coordinates": [ [ [ [ 127.130009928392425, 37.393272372215435 ], [ 127.129998851983046, 37.395525782149129 ], [ 127.132823234994163, 37.395534586130424 ], [ 127.132834226857042, 37.393281175483594 ], [ 127.130009928392425, 37.393272372215435 ] ] ] ] } },
{ "type": "Feature", "properties": { "gid": "다사65ba32ba", "lbl": "100.00", "val": 100.0 }, "geometry": { "type": "MultiPolygon", "coordinates": [ [ [ [ 127.110251541122807, 37.390955454979057 ], [ 127.110239874190881, 37.393208860631759 ], [ 127.11306416382692, 37.393218136075902 ], [ 127.11307574622279, 37.390964729671865 ], [ 127.110251541122807, 37.390955454979057 ] ] ] ] } },
{ "type": "Feature", "properties": { "gid": "다사67ab31ba", "lbl": "146.00", "val": 146.0 }, "geometry": { "type": "MultiPolygon", "coordinates": [ [ [ [ 127.130065291947346, 37.382005309592138 ], [ 127.130054221701471, 37.384258723844056 ], [ 127.132878182074194, 37.384267524260054 ], [ 127.132889167820593, 37.382014109295213 ], [ 127.130065291947346, 37.382005309592138 ] ] ] ] } },
{ "type": "Feature", "properties": { "gid": "다사64aa31ba", "lbl": "437.00", "val": 437.0 }, "geometry": { "type": "MultiPolygon", "coordinates": [ [ [ [ 127.093355021155205, 37.381884777658577 ], [ 127.093342852429942, 37.384138182145286 ], [ 127.096166796047555, 37.384147859171769 ], [ 127.096178880275332, 37.38189445390109 ], [ 127.093355021155205, 37.381884777658577 ] ] ] ] } },
{ "type": "Feature", "properties": { "gid": "다사64bb38bb", "lbl": "10.00", "val": 10.0 }, "geometry": { "type": "MultiPolygon", "coordinates": [ [ [ [ 127.101480521684763, 37.447262051082824 ], [ 127.101468567921302, 37.449515432840222 ], [ 127.104294970083799, 37.449524929852238 ], [ 127.10430683907606, 37.447271547325968 ], [ 127.101480521684763, 37.447262051082824 ] ] ] ] } },
{ "type": "Feature", "properties": { "gid": "다사67ab32ba", "lbl": "19.00", "val": 19.0 }, "geometry": { "type": "MultiPolygon", "coordinates": [ [ [ [ 127.130021003568828, 37.391018961418055 ], [ 127.130009928392425, 37.393272372215435 ], [ 127.132834226857042, 37.393281175483594 ], [ 127.132845217496367, 37.391027763973121 ], [ 127.130021003568828, 37.391018961418055 ] ] ] ] } },
{ "type": "Feature", "properties": { "gid": "다사69aa39ab", "lbl": "18.00", "val": 18.0 }, "geometry": { "type": "MultiPolygon", "coordinates": [ [ [ [ 127.149507064194395, 37.451921082981535 ], [ 127.149496549220416, 37.45417447533783 ], [ 127.152323142141483, 37.454182824661572 ], [ 127.152333572322888, 37.451929431629353 ], [ 127.149507064194395, 37.451921082981535 ] ] ] ] } },
{ "type": "Feature", "properties": { "gid": "다사65bb26bb", "lbl": "176.00", "val": 176.0 }, "geometry": { "type": "MultiPolygon", "coordinates": [ [ [ [ 127.113341785784499, 37.339136143974066 ], [ 127.113330233004504, 37.341389570243606 ], [ 127.116152581975939, 37.341398761090176 ], [ 127.11616405043587, 37.339145334075745 ], [ 127.113341785784499, 37.339136143974066 ] ] ] ] } },
{ "type": "Feature", "properties": { "gid": "다사65ab36ba", "lbl": "6.00", "val": 6.0 }, "geometry": { "type": "MultiPolygon", "coordinates": [ [ [ [ 127.107239156756805, 37.427000487478857 ], [ 127.10722738433806, 37.429253878548082 ], [ 127.110053026530323, 37.429263233560576 ], [ 127.110064714262435, 37.427009841733842 ], [ 127.107239156756805, 37.427000487478857 ] ] ] ] } },
{ "type": "Feature", "properties": { "gid": "다사67bb38ab", "lbl": "651.00", "val": 651.0 }, "geometry": { "type": "MultiPolygon", "coordinates": [ [ [ [ 127.13541828486234, 37.44286476157356 ], [ 127.135407350798303, 37.445118153924305 ], [ 127.138233598660051, 37.445126838445574 ], [ 127.138244447969996, 37.442873445391697 ], [ 127.13541828486234, 37.44286476157356 ] ] ] ] } },
{ "type": "Feature", "properties": { "gid": "다사61bb30ab", "lbl": "144.00", "val": 144.0 }, "geometry": { "type": "MultiPolygon", "coordinates": [ [ [ [ 127.068004975549883, 37.37052765844787 ], [ 127.067992053548693, 37.372781059956097 ], [ 127.070815562249294, 37.372791339691901 ], [ 127.070828399801499, 37.370537937350818 ], [ 127.068004975549883, 37.37052765844787 ] ] ] ] } },
{ "type": "Feature", "properties": { "gid": "다사67ba38ab", "lbl": "435.00", "val": 435.0 }, "geometry": { "type": "MultiPolygon", "coordinates": [ [ [ [ 127.132592122972028, 37.442856010180968 ], [ 127.132581104154013, 37.445109401823117 ], [ 127.135407350798303, 37.445118153924305 ], [ 127.13541828486234, 37.44286476157356 ], [ 127.132592122972028, 37.442856010180968 ] ] ] ] } },
{ "type": "Feature", "properties": { "gid": "다사66bb26ba", "lbl": "8.00", "val": 8.0 }, "geometry": { "type": "MultiPolygon", "coordinates": [ [ [ [ 127.124642066261785, 37.336919070365909 ], [ 127.124630852011236, 37.339172500445528 ], [ 127.127453121712122, 37.339181421256711 ], [ 127.127464251651418, 37.336927990454093 ], [ 127.124642066261785, 37.336919070365909 ] ] ] ] } },
{ "type": "Feature", "properties": { "gid": "다사71aa36aa", "lbl": "53.00", "val": 53.0 }, "geometry": { "type": "MultiPolygon", "coordinates": [ [ [ [ 127.17224693778212, 37.422691731933412 ], [ 127.172237115379446, 37.424945140768713 ], [ 127.175062615746114, 37.424952941056318 ], [ 127.175072353477773, 37.422699531589359 ], [ 127.17224693778212, 37.422691731933412 ] ] ] ] } },
{ "type": "Feature", "properties": { "gid": "다사70ab35ab", "lbl": "N/A", "val": 0.0 }, "geometry": { "type": "MultiPolygon", "coordinates": [ [ [ [ 127.163800919808239, 37.415907701904764 ], [ 127.163790846758289, 37.418161111402526 ], [ 127.166616089832274, 37.418169112341239 ], [ 127.166626078239915, 37.415915702195527 ], [ 127.163800919808239, 37.415907701904764 ] ] ] ] } },
{ "type": "Feature", "properties": { "gid": "다사66ab26bb", "lbl": "253.00", "val": 253.0 }, "geometry": { "type": "MultiPolygon", "coordinates": [ [ [ [ 127.118986316363717, 37.339154456854956 ], [ 127.118974932224006, 37.341407884608792 ], [ 127.121797283739284, 37.341416940799377 ], [ 127.121808583558632, 37.339163512311579 ], [ 127.118986316363717, 37.339154456854956 ] ] ] ] } },
{ "type": "Feature", "properties": { "gid": "다사62bb28ab", "lbl": "N/A", "val": 0.0 }, "geometry": { "type": "MultiPolygon", "coordinates": [ [ [ [ 127.079399304312616, 37.352541100106833 ], [ 127.079386731309825, 37.35479451182767 ], [ 127.08220957033619, 37.354804515465013 ], [ 127.082222058964504, 37.352551102933546 ], [ 127.079399304312616, 37.352541100106833 ] ] ] ] } },
{ "type": "Feature", "properties": { "gid": "다사66ba30ab", "lbl": "271.00", "val": 271.0 }, "geometry": { "type": "MultiPolygon", "coordinates": [ [ [ [ 127.121650271571326, 37.370711432566111 ], [ 127.121638954128926, 37.372964848964848 ], [ 127.124462488375102, 37.372973848030846 ], [ 127.124473721365504, 37.370720430902999 ], [ 127.121650271571326, 37.370711432566111 ] ] ] ] } },
{ "type": "Feature", "properties": { "gid": "다사68ab41ab", "lbl": "431.00", "val": 431.0 }, "geometry": { "type": "MultiPolygon", "coordinates": [ [ [ [ 127.140941358480148, 37.469922729629907 ], [ 127.140930579532224, 37.472176113013006 ], [ 127.143757847589654, 37.472184670683504 ], [ 127.143768541669886, 37.469931286607725 ], [ 127.140941358480148, 37.469922729629907 ] ] ] ] } },
{ "type": "Feature", "properties": { "gid": "다사68bb39ba", "lbl": "235.00", "val": 235.0 }, "geometry": { "type": "MultiPolygon", "coordinates": [ [ [ [ 127.146669957470152, 37.454166058411829 ], [ 127.146659356523486, 37.456419449222793 ], [ 127.149486033075618, 37.456427866830232 ], [ 127.149496549220416, 37.45417447533783 ], [ 127.146669957470152, 37.454166058411829 ] ] ] ] } },
{ "type": "Feature", "properties": { "gid": "다사66ab37aa", "lbl": "N/A", "val": 0.0 }, "geometry": { "type": "MultiPolygon", "coordinates": [ [ [ [ 127.118518525932856, 37.431544286555273 ], [ 127.11850708971528, 37.433797678893477 ], [ 127.121332906458932, 37.433806765213625 ], [ 127.121344257970421, 37.431553372139696 ], [ 127.118518525932856, 37.431544286555273 ] ] ] ] } },
{ "type": "Feature", "properties": { "gid": "다사69bb38aa", "lbl": "469.00", "val": 469.0 }, "geometry": { "type": "MultiPolygon", "coordinates": [ [ [ [ 127.15803787790091, 37.440678941340082 ], [ 127.158027623015457, 37.442932340026303 ], [ 127.160853795521888, 37.442940483245586 ], [ 127.160863965661548, 37.440687083900045 ], [ 127.15803787790091, 37.440678941340082 ] ] ] ] } },
{ "type": "Feature", "properties": { "gid": "다사66aa26ab", "lbl": "402.00", "val": 402.0 }, "geometry": { "type": "MultiPolygon", "coordinates": [ [ [ [ 127.116186983526504, 37.334638477456551 ], [ 127.11617551761934, 37.336891906197877 ], [ 127.11899769923636, 37.336901028237705 ], [ 127.119009080842105, 37.334647598757059 ], [ 127.116186983526504, 37.334638477456551 ] ] ] ] } },
{ "type": "Feature", "properties": { "gid": "다사65ab29ba", "lbl": "47.00", "val": 47.0 }, "geometry": { "type": "MultiPolygon", "coordinates": [ [ [ [ 127.10756825294537, 37.363905186700244 ], [ 127.107556517164966, 37.366158601963022 ], [ 127.110379791692097, 37.366167935781746 ], [ 127.110391443049465, 37.363914519762695 ], [ 127.10756825294537, 37.363905186700244 ] ] ] ] } },
{ "type": "Feature", "properties": { "gid": "다사68ba41aa", "lbl": "63.00", "val": 63.0 }, "geometry": { "type": "MultiPolygon", "coordinates": [ [ [ [ 127.143779234559403, 37.467677901667848 ], [ 127.143768541669886, 37.469931286607725 ], [ 127.146595726050279, 37.46993977594515 ], [ 127.146606334081412, 37.467686390318121 ], [ 127.143779234559403, 37.467677901667848 ] ] ] ] } },
{ "type": "Feature", "properties": { "gid": "다사64ab36bb", "lbl": "258.00", "val": 258.0 }, "geometry": { "type": "MultiPolygon", "coordinates": [ [ [ [ 127.095924828770663, 37.429215783091998 ], [ 127.095912716258596, 37.431469170211933 ], [ 127.098738437846762, 37.431478796166118 ], [ 127.098750465663414, 37.429225408266724 ], [ 127.095924828770663, 37.429215783091998 ] ] ] ] } },
{ "type": "Feature", "properties": { "gid": "다사64ba38ab", "lbl": "6.00", "val": 6.0 }, "geometry": { "type": "MultiPolygon", "coordinates": [ [ [ [ 127.098678278672637, 37.442745722695499 ], [ 127.098666242818524, 37.444999105407753 ], [ 127.101492474117379, 37.445008668460865 ], [ 127.101504425219304, 37.442755284974368 ], [ 127.098678278672637, 37.442745722695499 ] ] ] ] } },
{ "type": "Feature", "properties": { "gid": "다사68ab31aa", "lbl": "9.00", "val": 9.0 }, "geometry": { "type": "MultiPolygon", "coordinates": [ [ [ [ 127.14138226365047, 37.377533267111545 ], [ 127.141371533792451, 37.379786685909224 ], [ 127.144195330010106, 37.379795215213662 ], [ 127.144205975386924, 37.377541795724973 ], [ 127.14138226365047, 37.377533267111545 ] ] ] ] } },
{ "type": "Feature", "properties": { "gid": "다사62ba33aa", "lbl": "30.00", "val": 30.0 }, "geometry": { "type": "MultiPolygon", "coordinates": [ [ [ [ 127.07633581979745, 37.395345689315626 ], [ 127.076323135621294, 37.397599083796912 ], [ 127.079147578146333, 37.397609170308542 ], [ 127.079160177769538, 37.395355775010266 ], [ 127.07633581979745, 37.395345689315626 ] ] ] ] } },
{ "type": "Feature", "properties": { "gid": "다사67ab37ab", "lbl": "146.00", "val": 146.0 }, "geometry": { "type": "MultiPolygon", "coordinates": [ [ [ [ 127.129810364235482, 37.433833618860994 ], [ 127.129799265607488, 37.436087013245313 ], [ 127.132625172066184, 37.436095830070336 ], [ 127.1326361859781, 37.433842434972128 ], [ 127.129810364235482, 37.433833618860994 ] ] ] ] } },
{ "type": "Feature", "properties": { "gid": "다사62ba35ba", "lbl": "20.00", "val": 20.0 }, "geometry": { "type": "MultiPolygon", "coordinates": [ [ [ [ 127.076208914470158, 37.417879595220249 ], [ 127.076196216165258, 37.420132981054927 ], [ 127.079021504737952, 37.420143075739261 ], [ 127.079034118395725, 37.417889689087097 ], [ 127.076208914470158, 37.417879595220249 ] ] ] ] } },
{ "type": "Feature", "properties": { "gid": "다사64bb31ab", "lbl": "N/A", "val": 0.0 }, "geometry": { "type": "MultiPolygon", "coordinates": [ [ [ [ 127.101838516447572, 37.379660196423266 ], [ 127.101826602541578, 37.381913604109471 ], [ 127.104650465668882, 37.381923078075097 ], [ 127.104662295086314, 37.3796696696214 ], [ 127.101838516447572, 37.379660196423266 ] ] ] ] } },
{ "type": "Feature", "properties": { "gid": "다사68ab38ba", "lbl": "552.00", "val": 552.0 }, "geometry": { "type": "MultiPolygon", "coordinates": [ [ [ [ 127.141059847729792, 37.445135455386819 ], [ 127.141049081975538, 37.447388848274407 ], [ 127.143875417007692, 37.447397398327759 ], [ 127.143886097998134, 37.445144004747938 ], [ 127.141059847729792, 37.445135455386819 ] ] ] ] } },
{ "type": "Feature", "properties": { "gid": "다사61aa32bb", "lbl": "39.00", "val": 39.0 }, "geometry": { "type": "MultiPolygon", "coordinates": [ [ [ [ 127.059402891967764, 37.393030368212713 ], [ 127.059389701945676, 37.395283758542064 ], [ 127.062214051304807, 37.395294248980676 ], [ 127.062227156784331, 37.393040857801594 ], [ 127.059402891967764, 37.393030368212713 ] ] ] ] } },
{ "type": "Feature", "properties": { "gid": "다사65ba27bb", "lbl": "236.00", "val": 236.0 }, "geometry": { "type": "MultiPolygon", "coordinates": [ [ [ [ 127.110472966246491, 37.34814058344547 ], [ 127.110461323964174, 37.350394005510339 ], [ 127.113284009023147, 37.350403266686506 ], [ 127.113295566947997, 37.34814984387112 ], [ 127.110472966246491, 37.34814058344547 ] ] ] ] } },
{ "type": "Feature", "properties": { "gid": "다사68ab38bb", "lbl": "482.00", "val": 482.0 }, "geometry": { "type": "MultiPolygon", "coordinates": [ [ [ [ 127.141049081975538, 37.447388848274407 ], [ 127.141038315022556, 37.449642240298047 ], [ 127.143864734827986, 37.449650791043652 ], [ 127.143875417007692, 37.447397398327759 ], [ 127.141049081975538, 37.447388848274407 ] ] ] ] } },
{ "type": "Feature", "properties": { "gid": "다사65bb30bb", "lbl": "331.00", "val": 331.0 }, "geometry": { "type": "MultiPolygon", "coordinates": [ [ [ [ 127.113156786901712, 37.375190860654818 ], [ 127.113145213527815, 37.377444273105915 ], [ 127.115968912897429, 37.377453475876401 ], [ 127.115980401800968, 37.375200062679724 ], [ 127.113156786901712, 37.375190860654818 ] ] ] ] } },
{ "type": "Feature", "properties": { "gid": "다사67bb38bb", "lbl": "743.00", "val": 743.0 }, "geometry": { "type": "MultiPolygon", "coordinates": [ [ [ [ 127.135396415516794, 37.447371545411052 ], [ 127.1353854790177, 37.449624936033736 ], [ 127.138211896415982, 37.449633621961375 ], [ 127.138222748142084, 37.447380230635474 ], [ 127.135396415516794, 37.447371545411052 ] ] ] ] } },
{ "type": "Feature", "properties": { "gid": "다사62aa31bb", "lbl": "388.00", "val": 388.0 }, "geometry": { "type": "MultiPolygon", "coordinates": [ [ [ [ 127.070751353048308, 37.384058338429845 ], [ 127.070738506918943, 37.38631173558381 ], [ 127.073562523941192, 37.386321952882277 ], [ 127.073575285564957, 37.384068554900615 ], [ 127.070751353048308, 37.384058338429845 ] ] ] ] } },
{ "type": "Feature", "properties": { "gid": "다사65ab26ba", "lbl": "6.00", "val": 6.0 }, "geometry": { "type": "MultiPolygon", "coordinates": [ [ [ [ 127.107708980463642, 37.33686413617658 ], [ 127.107697260348587, 37.339117561803604 ], [ 127.110519522418926, 37.339126886549977 ], [ 127.110531158223608, 37.336873460167219 ], [ 127.107708980463642, 37.33686413617658 ] ] ] ] } },
{ "type": "Feature", "properties": { "gid": "다사68aa41ab", "lbl": "170.00", "val": 170.0 }, "geometry": { "type": "MultiPolygon", "coordinates": [ [ [ [ 127.138114176490532, 37.46991410501176 ], [ 127.138103312675042, 37.472167487696716 ], [ 127.140930579532224, 37.472176113013006 ], [ 127.140941358480148, 37.469922729629907 ], [ 127.138114176490532, 37.46991410501176 ] ] ] ] } },
{ "type": "Feature", "properties": { "gid": "다사67ba31ab", "lbl": "75.00", "val": 75.0 }, "geometry": { "type": "MultiPolygon", "coordinates": [ [ [ [ 127.132900152344135, 37.379760693466828 ], [ 127.132889167820593, 37.382014109295213 ], [ 127.135713044916713, 37.382022841571533 ], [ 127.135723944950058, 37.379769425035718 ], [ 127.132900152344135, 37.379760693466828 ] ] ] ] } },
{ "type": "Feature", "properties": { "gid": "다사61ba32bb", "lbl": "33.00", "val": 33.0 }, "geometry": { "type": "MultiPolygon", "coordinates": [ [ [ [ 127.065051423059728, 37.393051279938859 ], [ 127.065038402122923, 37.395304671962229 ], [ 127.067862754390674, 37.39531502748661 ], [ 127.067875690784604, 37.393061634624431 ], [ 127.065051423059728, 37.393051279938859 ] ] ] ] } },
{ "type": "Feature", "properties": { "gid": "다사59bb30ba", "lbl": "9.00", "val": 9.0 }, "geometry": { "type": "MultiPolygon", "coordinates": [ [ [ [ 127.045404036519798, 37.372696395583098 ], [ 127.045390437418945, 37.374949789366944 ], [ 127.048214018805297, 37.374960609197551 ], [ 127.048227533449122, 37.372707214537122 ], [ 127.045404036519798, 37.372696395583098 ] ] ] ] } },
{ "type": "Feature", "properties": { "gid": "다사64ab35bb", "lbl": "6.00", "val": 6.0 }, "geometry": { "type": "MultiPolygon", "coordinates": [ [ [ [ 127.095973265336028, 37.420202225967394 ], [ 127.095961158216809, 37.422455616545236 ], [ 127.098786541079875, 37.422465239381914 ], [ 127.098798563541379, 37.420211848024799 ], [ 127.095973265336028, 37.420202225967394 ] ] ] ] } },
{ "type": "Feature", "properties": { "gid": "다사67aa27ab", "lbl": "N/A", "val": 0.0 }, "geometry": { "type": "MultiPolygon", "coordinates": [ [ [ [ 127.127430858116682, 37.343688280272126 ], [ 127.127419724460211, 37.345941708484865 ], [ 127.130242248390573, 37.345950564126085 ], [ 127.130253297707469, 37.343697135195676 ], [ 127.127430858116682, 37.343688280272126 ] ] ] ] } },
{ "type": "Feature", "properties": { "gid": "다사70ba35ab", "lbl": "N/A", "val": 0.0 }, "geometry": { "type": "MultiPolygon", "coordinates": [ [ [ [ 127.166626078239915, 37.415915702195527 ], [ 127.166616089832274, 37.418169112341239 ], [ 127.169441334018373, 37.418177045764715 ], [ 127.169451237783534, 37.415923634976515 ], [ 127.166626078239915, 37.415915702195527 ] ] ] ] } },
{ "type": "Feature", "properties": { "gid": "다사67ba30bb", "lbl": "302.00", "val": 302.0 }, "geometry": { "type": "MultiPolygon", "coordinates": [ [ [ [ 127.132922117723197, 37.375253859219491 ], [ 127.132911135644974, 37.377507276774914 ], [ 127.135734843770095, 37.377516007636423 ], [ 127.135745741376937, 37.375262589373662 ], [ 127.132922117723197, 37.375253859219491 ] ] ] ] } },
{ "type": "Feature", "properties": { "gid": "다사64ba37aa", "lbl": "43.00", "val": 43.0 }, "geometry": { "type": "MultiPolygon", "coordinates": [ [ [ [ 127.098738437846762, 37.431478796166118 ], [ 127.098726408690922, 37.433732183201009 ], [ 127.10155221632327, 37.433741742383333 ], [ 127.101564160774103, 37.431488354574412 ], [ 127.098738437846762, 37.431478796166118 ] ] ] ] } },
{ "type": "Feature", "properties": { "gid": "다사70ba40ba", "lbl": "187.00", "val": 187.0 }, "geometry": { "type": "MultiPolygon", "coordinates": [ [ [ [ 127.166416087969338, 37.463237133925702 ], [ 127.166406076180579, 37.465490525937042 ], [ 127.169233100036763, 37.465498472861448 ], [ 127.16924302698493, 37.463245080206825 ], [ 127.166416087969338, 37.463237133925702 ] ] ] ] } },
{ "type": "Feature", "properties": { "gid": "다사61ab29aa", "lbl": "N/A", "val": 0.0 }, "geometry": { "type": "MultiPolygon", "coordinates": [ [ [ [ 127.06242356401107, 37.359239886351261 ], [ 127.062410480396323, 37.361493290500206 ], [ 127.065233564061131, 37.361503700822809 ], [ 127.065246563274158, 37.359250295830343 ], [ 127.06242356401107, 37.359239886351261 ] ] ] ] } },
{ "type": "Feature", "properties": { "gid": "다사65ba33ba", "lbl": "N/A", "val": 0.0 }, "geometry": { "type": "MultiPolygon", "coordinates": [ [ [ [ 127.110204865601318, 37.399969072405867 ], [ 127.110193193472995, 37.40222247460251 ], [ 127.113017821347384, 37.402231753052483 ], [ 127.11302940890198, 37.399978350104327 ], [ 127.110204865601318, 37.399969072405867 ] ] ] ] } },
{ "type": "Feature", "properties": { "gid": "다사64bb28bb", "lbl": "N/A", "val": 0.0 }, "geometry": { "type": "MultiPolygon", "coordinates": [ [ [ [ 127.101957582593897, 37.35712607204394 ], [ 127.101945681942595, 37.359379488369392 ], [ 127.104768700607352, 37.359388954661959 ], [ 127.104780516864082, 37.357135537569462 ], [ 127.101957582593897, 37.35712607204394 ] ] ] ] } },
{ "type": "Feature", "properties": { "gid": "다사66bb38ab", "lbl": "343.00", "val": 343.0 }, "geometry": { "type": "MultiPolygon", "coordinates": [ [ [ [ 127.124113644699264, 37.442829350557318 ], [ 127.124102371620197, 37.44508274004086 ], [ 127.126928614555524, 37.445091694881299 ], [ 127.12693980288104, 37.44283830467274 ], [ 127.124113644699264, 37.442829350557318 ] ] ] ] } },
{ "type": "Feature", "properties": { "gid": "다사64ab32ba", "lbl": "102.00", "val": 102.0 }, "geometry": { "type": "MultiPolygon", "coordinates": [ [ [ [ 127.096130535291834, 37.390908069798876 ], [ 127.096118445681938, 37.393161471612892 ], [ 127.098942728729526, 37.393171084322752 ], [ 127.098954733804135, 37.390917681730073 ], [ 127.096130535291834, 37.390908069798876 ] ] ] ] } },
{ "type": "Feature", "properties": { "gid": "다사64ab33aa", "lbl": "22.00", "val": 22.0 }, "geometry": { "type": "MultiPolygon", "coordinates": [ [ [ [ 127.096106354726118, 37.395414872562689 ], [ 127.096094262424216, 37.397668272648268 ], [ 127.098918714570587, 37.397677886915595 ], [ 127.0989307223184, 37.395424486051269 ], [ 127.096106354726118, 37.395414872562689 ] ] ] ] } },
{ "type": "Feature", "properties": { "gid": "다사69bb37aa", "lbl": "38.00", "val": 38.0 }, "geometry": { "type": "MultiPolygon", "coordinates": [ [ [ [ 127.158078886027027, 37.431665337958798 ], [ 127.158068635707565, 37.433918740099536 ], [ 127.160894469287456, 37.433926880681788 ], [ 127.160904634898884, 37.431673477881894 ], [ 127.158078886027027, 37.431665337958798 ] ] ] ] } },
{ "type": "Feature", "properties": { "gid": "다사61bb30bb", "lbl": "100.00", "val": 100.0 }, "geometry": { "type": "MultiPolygon", "coordinates": [ [ [ [ 127.067979130108967, 37.375034460599785 ], [ 127.067966205230562, 37.377287860378942 ], [ 127.070789882857397, 37.377298141780614 ], [ 127.070802723267988, 37.375044741168502 ], [ 127.067979130108967, 37.375034460599785 ] ] ] ] } },
{ "type": "Feature", "properties": { "gid": "다사66aa34bb", "lbl": "N/A", "val": 0.0 }, "geometry": { "type": "MultiPolygon", "coordinates": [ [ [ [ 127.115796425780857, 37.411254570164218 ], [ 127.115784916395356, 37.413507969538429 ], [ 127.118609969851761, 37.413517116741339 ], [ 127.118621394616156, 37.411263716626323 ], [ 127.115796425780857, 37.411254570164218 ] ] ] ] } },
{ "type": "Feature", "properties": { "gid": "다사62ba35ab", "lbl": "16.00", "val": 16.0 }, "geometry": { "type": "MultiPolygon", "coordinates": [ [ [ [ 127.076221611361433, 37.415626208520834 ], [ 127.076208914470158, 37.417879595220249 ], [ 127.079034118395725, 37.417889689087097 ], [ 127.079046730649267, 37.415636301570245 ], [ 127.076221611361433, 37.415626208520834 ] ] ] ] } },
{ "type": "Feature", "properties": { "gid": "다사65aa33ba", "lbl": "N/A", "val": 0.0 }, "geometry": { "type": "MultiPolygon", "coordinates": [ [ [ [ 127.104555782907326, 37.39995031459987 ], [ 127.104543941632073, 37.402203715277075 ], [ 127.107368566898074, 37.402213128677339 ], [ 127.107380323599941, 37.399959727237679 ], [ 127.104555782907326, 37.39995031459987 ] ] ] ] } },
{ "type": "Feature", "properties": { "gid": "다사67bb36bb", "lbl": "400.00", "val": 400.0 }, "geometry": { "type": "MultiPolygon", "coordinates": [ [ [ [ 127.135483863688179, 37.429344389325728 ], [ 127.135472936925822, 37.431597786860202 ], [ 127.138298676404403, 37.431606467163334 ], [ 127.138309518469228, 37.429353068925998 ], [ 127.135483863688179, 37.429344389325728 ] ] ] ] } },
{ "type": "Feature", "properties": { "gid": "다사59bb31ba", "lbl": "N/A", "val": 0.0 }, "geometry": { "type": "MultiPolygon", "coordinates": [ [ [ [ 127.045349631032295, 37.381709965528728 ], [ 127.045336025874818, 37.383963355852686 ], [ 127.048159945183329, 37.383974179190197 ], [ 127.048173465846162, 37.38172078798943 ], [ 127.045349631032295, 37.381709965528728 ] ] ] ] } },
{ "type": "Feature", "properties": { "gid": "다사67aa40ab", "lbl": "210.00", "val": 210.0 }, "geometry": { "type": "MultiPolygon", "coordinates": [ [ [ [ 127.126850261387361, 37.460865402144073 ], [ 127.126839063091651, 37.463118785438965 ], [ 127.129665985641992, 37.463127678457582 ], [ 127.129677099108477, 37.460874294442817 ], [ 127.126850261387361, 37.460865402144073 ] ] ] ] } },
{ "type": "Feature", "properties": { "gid": "다사61ba32ab", "lbl": "12.00", "val": 12.0 }, "geometry": { "type": "MultiPolygon", "coordinates": [ [ [ [ 127.065077460585186, 37.388544493297935 ], [ 127.065064442547097, 37.390797887050752 ], [ 127.067888625738462, 37.390808240897556 ], [ 127.067901559252476, 37.388554846306022 ], [ 127.065077460585186, 37.388544493297935 ] ] ] ] } },
{ "type": "Feature", "properties": { "gid": "다사68ba30aa", "lbl": "301.00", "val": 301.0 }, "geometry": { "type": "MultiPolygon", "coordinates": [ [ [ [ 127.144248545045883, 37.368528109136996 ], [ 127.144237904408087, 37.370781532078951 ], [ 127.147061363941873, 37.370789991219823 ], [ 127.1470719201359, 37.3685365675925 ], [ 127.144248545045883, 37.368528109136996 ] ] ] ] } },
{ "type": "Feature", "properties": { "gid": "다사67ba39ab", "lbl": "N/A", "val": 0.0 }, "geometry": { "type": "MultiPolygon", "coordinates": [ [ [ [ 127.132548040338037, 37.451869571565155 ], [ 127.132537016611622, 37.454122959750954 ], [ 127.135363602366155, 37.454131714686959 ], [ 127.135374541300877, 37.451878325792386 ], [ 127.132548040338037, 37.451869571565155 ] ] ] ] } },
{ "type": "Feature", "properties": { "gid": "다사64ab29ba", "lbl": "54.00", "val": 54.0 }, "geometry": { "type": "MultiPolygon", "coordinates": [ [ [ [ 127.096275505685995, 37.363867180629057 ], [ 127.096263432214883, 37.366120592812152 ], [ 127.099086701459839, 37.366130196181075 ], [ 127.099098690508498, 37.363876783219872 ], [ 127.096275505685995, 37.363867180629057 ] ] ] ] } },
{ "type": "Feature", "properties": { "gid": "다사64ab29aa", "lbl": "49.00", "val": 49.0 }, "geometry": { "type": "MultiPolygon", "coordinates": [ [ [ [ 127.096299648596755, 37.359360353670979 ], [ 127.096287577813229, 37.361613767582 ], [ 127.099110678222701, 37.361623369394735 ], [ 127.099122664602589, 37.359369954705706 ], [ 127.096299648596755, 37.359360353670979 ] ] ] ] } },
{ "type": "Feature", "properties": { "gid": "다사64aa30aa", "lbl": "26.00", "val": 26.0 }, "geometry": { "type": "MultiPolygon", "coordinates": [ [ [ [ 127.093428005067082, 37.368364332591412 ], [ 127.093415844466676, 37.370617742262844 ], [ 127.096239281240386, 37.370627414586352 ], [ 127.096251357399709, 37.368374004131255 ], [ 127.093428005067082, 37.368364332591412 ] ] ] ] } },
{ "type": "Feature", "properties": { "gid": "다사65bb32aa", "lbl": "79.00", "val": 79.0 }, "geometry": { "type": "MultiPolygon", "coordinates": [ [ [ [ 127.11309890714675, 37.386457914272036 ], [ 127.113087327329353, 37.3887113224039 ], [ 127.115911449191842, 37.388720528902901 ], [ 127.115922944491857, 37.386467120025245 ], [ 127.11309890714675, 37.386457914272036 ] ] ] ] } },
{ "type": "Feature", "properties": { "gid": "다사60aa29ba", "lbl": "N/A", "val": 0.0 }, "geometry": { "type": "MultiPolygon", "coordinates": [ [ [ [ 127.048281576983058, 37.363693627246839 ], [ 127.048268068355412, 37.365947025366658 ], [ 127.051091313473819, 37.365957774305684 ], [ 127.051104737681854, 37.363704375314946 ], [ 127.048281576983058, 37.363693627246839 ] ] ] ] } },
{ "type": "Feature", "properties": { "gid": "다사64ba31aa", "lbl": "32.00", "val": 32.0 }, "geometry": { "type": "MultiPolygon", "coordinates": [ [ [ [ 127.099026736193835, 37.377397248027592 ], [ 127.099014739134986, 37.379650655804873 ], [ 127.101838516447572, 37.379660196423266 ], [ 127.101850429027408, 37.37740678787307 ], [ 127.099026736193835, 37.377397248027592 ] ] ] ] } },
{ "type": "Feature", "properties": { "gid": "다사66ba26bb", "lbl": "195.00", "val": 195.0 }, "geometry": { "type": "MultiPolygon", "coordinates": [ [ [ [ 127.121808583558632, 37.339163512311579 ], [ 127.121797283739284, 37.341416940799377 ], [ 127.124619636512378, 37.341425929661845 ], [ 127.124630852011236, 37.339172500445528 ], [ 127.121808583558632, 37.339163512311579 ] ] ] ] } },
{ "type": "Feature", "properties": { "gid": "다사62aa32aa", "lbl": "270.00", "val": 270.0 }, "geometry": { "type": "MultiPolygon", "coordinates": [ [ [ [ 127.070738506918943, 37.38631173558381 ], [ 127.070725659359439, 37.388565131873214 ], [ 127.073549760896711, 37.388575349999414 ], [ 127.073562523941192, 37.386321952882277 ], [ 127.070738506918943, 37.38631173558381 ] ] ] ] } },
{ "type": "Feature", "properties": { "gid": "다사66bb35ab", "lbl": "183.00", "val": 183.0 }, "geometry": { "type": "MultiPolygon", "coordinates": [ [ [ [ 127.124248823796165, 37.415788609354955 ], [ 127.12423756576797, 37.418042009207305 ], [ 127.127062792283382, 37.418050955350452 ], [ 127.127073965671187, 37.415797554773604 ], [ 127.124248823796165, 37.415788609354955 ] ] ] ] } },
{ "type": "Feature", "properties": { "gid": "다사65bb31aa", "lbl": "162.00", "val": 162.0 }, "geometry": { "type": "MultiPolygon", "coordinates": [ [ [ [ 127.113145213527815, 37.377444273105915 ], [ 127.113133638865534, 37.37969768469322 ], [ 127.115957422714899, 37.379706888209299 ], [ 127.115968912897429, 37.377453475876401 ], [ 127.113145213527815, 37.377444273105915 ] ] ] ] } },
{ "type": "Feature", "properties": { "gid": "다사62ba34ab", "lbl": "7.00", "val": 7.0 }, "geometry": { "type": "MultiPolygon", "coordinates": [ [ [ [ 127.076272384793711, 37.406612653076074 ], [ 127.076259693555244, 37.408866043234291 ], [ 127.079084558986381, 37.408876133831676 ], [ 127.079097165624788, 37.406622742856214 ], [ 127.076272384793711, 37.406612653076074 ] ] ] ] } },
{ "type": "Feature", "properties": { "gid": "다사70ab37ab", "lbl": "427.00", "val": 427.0 }, "geometry": { "type": "MultiPolygon", "coordinates": [ [ [ [ 127.163720303999227, 37.433934953710683 ], [ 127.163710221973545, 37.436188356300747 ], [ 127.166536142525487, 37.436196362424461 ], [ 127.1665461398334, 37.433942959186126 ], [ 127.163720303999227, 37.433934953710683 ] ] ] ] } },
{ "type": "Feature", "properties": { "gid": "다사67bb34ba", "lbl": "256.00", "val": 256.0 }, "geometry": { "type": "MultiPolygon", "coordinates": [ [ [ [ 127.13558214982605, 37.409063772642654 ], [ 127.135571234006633, 37.411317177951481 ], [ 127.138396211546933, 37.411325851930236 ], [ 127.138407042753641, 37.409072445918909 ], [ 127.13558214982605, 37.409063772642654 ] ] ] ] } },
{ "type": "Feature", "properties": { "gid": "다사69bb33ba", "lbl": "8.00", "val": 8.0 }, "geometry": { "type": "MultiPolygon", "coordinates": [ [ [ [ 127.158222270739188, 37.400117617320262 ], [ 127.158212036383716, 37.402371031549535 ], [ 127.161036684908694, 37.40237916290711 ], [ 127.161046834688051, 37.400125748019221 ], [ 127.158222270739188, 37.400117617320262 ] ] ] ] } },
{ "type": "Feature", "properties": { "gid": "다사67ab40ab", "lbl": "26.00", "val": 26.0 }, "geometry": { "type": "MultiPolygon", "coordinates": [ [ [ [ 127.129677099108477, 37.460874294442817 ], [ 127.129665985641992, 37.463127678457582 ], [ 127.1324929094298, 37.463136503852674 ], [ 127.132503938066947, 37.460883119123501 ], [ 127.129677099108477, 37.460874294442817 ] ] ] ] } },
{ "type": "Feature", "properties": { "gid": "다사70aa38aa", "lbl": "387.00", "val": 387.0 }, "geometry": { "type": "MultiPolygon", "coordinates": [ [ [ [ 127.160863965661548, 37.440687083900045 ], [ 127.160853795521888, 37.442940483245586 ], [ 127.163679969160711, 37.442948558889618 ], [ 127.163690054554436, 37.440695158890243 ], [ 127.160863965661548, 37.440687083900045 ] ] ] ] } },
{ "type": "Feature", "properties": { "gid": "다사67bb30aa", "lbl": "227.00", "val": 227.0 }, "geometry": { "type": "MultiPolygon", "coordinates": [ [ [ [ 127.135778426919885, 37.368502329404734 ], [ 127.135767532951689, 37.3707557502578 ], [ 127.138590988903616, 37.370764411597854 ], [ 127.138601798428482, 37.368510990043028 ], [ 127.135778426919885, 37.368502329404734 ] ] ] ] } },
{ "type": "Feature", "properties": { "gid": "다사64bb39ba", "lbl": "30.00", "val": 30.0 }, "geometry": { "type": "MultiPolygon", "coordinates": [ [ [ [ 127.101444656401242, 37.454022193761269 ], [ 127.101432698644302, 37.456275572924866 ], [ 127.104259355177021, 37.456285072243766 ], [ 127.104271228134422, 37.454031692311155 ], [ 127.101444656401242, 37.454022193761269 ] ] ] ] } },
{ "type": "Feature", "properties": { "gid": "다사63ab32ab", "lbl": "130.00", "val": 130.0 }, "geometry": { "type": "MultiPolygon", "coordinates": [ [ [ [ 127.084846181160415, 37.388615548092162 ], [ 127.08483375479436, 37.390868947601263 ], [ 127.087657947867157, 37.39087882932138 ], [ 127.087670289707958, 37.388625429011817 ], [ 127.084846181160415, 37.388615548092162 ] ] ] ] } },
{ "type": "Feature", "properties": { "gid": "다사65ab27ba", "lbl": "228.00", "val": 228.0 }, "geometry": { "type": "MultiPolygon", "coordinates": [ [ [ [ 127.10766209217519, 37.34587783350311 ], [ 127.107650366840801, 37.348131255675682 ], [ 127.110472966246491, 37.34814058344547 ], [ 127.110484607232962, 37.345887160516973 ], [ 127.10766209217519, 37.34587783350311 ] ] ] ] } },
{ "type": "Feature", "properties": { "gid": "다사67ab31bb", "lbl": "55.00", "val": 55.0 }, "geometry": { "type": "MultiPolygon", "coordinates": [ [ [ [ 127.130054221701471, 37.384258723844056 ], [ 127.130043150223187, 37.386512137232351 ], [ 127.13286719510478, 37.386520938361336 ], [ 127.132878182074194, 37.384267524260054 ], [ 127.130054221701471, 37.384258723844056 ] ] ] ] } },
{ "type": "Feature", "properties": { "gid": "다사68ba36ab", "lbl": "90.00", "val": 90.0 }, "geometry": { "type": "MultiPolygon", "coordinates": [ [ [ [ 127.143982173417399, 37.424863423656582 ], [ 127.14397150312422, 37.427116825010785 ], [ 127.146797076809563, 37.427125301299164 ], [ 127.146807662423669, 37.424871899258576 ], [ 127.143982173417399, 37.424863423656582 ] ] ] ] } },
{ "type": "Feature", "properties": { "gid": "다사69aa34ba", "lbl": "20.00", "val": 20.0 }, "geometry": { "type": "MultiPolygon", "coordinates": [ [ [ [ 127.149706626427275, 37.409106464097832 ], [ 127.149696133672762, 37.411359872864502 ], [ 127.152521117148297, 37.411368209352446 ], [ 127.152531525289433, 37.409114799910611 ], [ 127.149706626427275, 37.409106464097832 ] ] ] ] } },
{ "type": "Feature", "properties": { "gid": "다사68ab34ab", "lbl": "463.00", "val": 463.0 }, "geometry": { "type": "MultiPolygon", "coordinates": [ [ [ [ 127.141242682284528, 37.406827644130644 ], [ 127.141231936886967, 37.409081051702636 ], [ 127.144056832216648, 37.409089589993762 ], [ 127.144067493010638, 37.406836181730235 ], [ 127.141242682284528, 37.406827644130644 ] ] ] ] } },
{ "type": "Feature", "properties": { "gid": "다사68ba40ba", "lbl": "252.00", "val": 252.0 }, "geometry": { "type": "MultiPolygon", "coordinates": [ [ [ [ 127.143800616766995, 37.463171129195892 ], [ 127.143789926258393, 37.465424515863894 ], [ 127.146616940931466, 37.465433003827044 ], [ 127.146627546600556, 37.463179616471969 ], [ 127.143800616766995, 37.463171129195892 ] ] ] ] } },
{ "type": "Feature", "properties": { "gid": "다사65aa29aa", "lbl": "241.00", "val": 241.0 }, "geometry": { "type": "MultiPolygon", "coordinates": [ [ [ [ 127.104768700607352, 37.359388954661959 ], [ 127.104756883035236, 37.361642370890671 ], [ 127.107579987419513, 37.361651770573665 ], [ 127.107591720587507, 37.359398353583316 ], [ 127.104768700607352, 37.359388954661959 ] ] ] ] } },
{ "type": "Feature", "properties": { "gid": "다사63ba32aa", "lbl": "260.00", "val": 260.0 }, "geometry": { "type": "MultiPolygon", "coordinates": [ [ [ [ 127.087682630174925, 37.386372027837936 ], [ 127.087670289707958, 37.388625429011817 ], [ 127.09049439962935, 37.388635242489855 ], [ 127.090506655580299, 37.386381840521004 ], [ 127.087682630174925, 37.386372027837936 ] ] ] ] } },
{ "type": "Feature", "properties": { "gid": "다사69ab33bb", "lbl": "8.00", "val": 8.0 }, "geometry": { "type": "MultiPolygon", "coordinates": [ [ [ [ 127.152562742761461, 37.402354566404291 ], [ 127.152552338095887, 37.404607978436509 ], [ 127.155377068917858, 37.404616245417039 ], [ 127.155387388998179, 37.402362832715241 ], [ 127.152562742761461, 37.402354566404291 ] ] ] ] } },
{ "type": "Feature", "properties": { "gid": "다사64ab31ba", "lbl": "N/A", "val": 0.0 }, "geometry": { "type": "MultiPolygon", "coordinates": [ [ [ [ 127.096178880275332, 37.38189445390109 ], [ 127.096166796047555, 37.384147859171769 ], [ 127.098990741010468, 37.384157468767249 ], [ 127.099002740740573, 37.381904062718093 ], [ 127.096178880275332, 37.38189445390109 ] ] ] ] } },
{ "type": "Feature", "properties": { "gid": "다사67ba34aa", "lbl": "12.00", "val": 12.0 }, "geometry": { "type": "MultiPolygon", "coordinates": [ [ [ [ 127.132779255303959, 37.404548220080997 ], [ 127.132768257321032, 37.406801626409361 ], [ 127.13559306443031, 37.406810366470118 ], [ 127.135603977819528, 37.404556959433855 ], [ 127.132779255303959, 37.404548220080997 ] ] ] ] } },
{ "type": "Feature", "properties": { "gid": "다사61ab29ab", "lbl": "N/A", "val": 0.0 }, "geometry": { "type": "MultiPolygon", "coordinates": [ [ [ [ 127.062410480396323, 37.361493290500206 ], [ 127.062397395325135, 37.363746693784613 ], [ 127.065220563401027, 37.363757104950807 ], [ 127.065233564061131, 37.361503700822809 ], [ 127.062410480396323, 37.361493290500206 ] ] ] ] } },
{ "type": "Feature", "properties": { "gid": "다사64ab33ab", "lbl": "38.00", "val": 38.0 }, "geometry": { "type": "MultiPolygon", "coordinates": [ [ [ [ 127.096094262424216, 37.397668272648268 ], [ 127.096082168776064, 37.399921671869599 ], [ 127.098906705485987, 37.399931286915717 ], [ 127.098918714570587, 37.397677886915595 ], [ 127.096094262424216, 37.397668272648268 ] ] ] ] } },
{ "type": "Feature", "properties": { "gid": "다사66bb40bb", "lbl": "N/A", "val": 0.0 }, "geometry": { "type": "MultiPolygon", "coordinates": [ [ [ [ 127.12400085740714, 37.465363206502104 ], [ 127.123989571769457, 37.467616587342945 ], [ 127.12681666275931, 37.467625549435851 ], [ 127.126827863549025, 37.46537216786956 ], [ 127.12400085740714, 37.465363206502104 ] ] ] ] } },
{ "type": "Feature", "properties": { "gid": "다사69bb37bb", "lbl": "383.00", "val": 383.0 }, "geometry": { "type": "MultiPolygon", "coordinates": [ [ [ [ 127.158048131644634, 37.43842554179021 ], [ 127.15803787790091, 37.440678941340082 ], [ 127.160863965661548, 37.440687083900045 ], [ 127.16087413466893, 37.438433683690896 ], [ 127.158048131644634, 37.43842554179021 ] ] ] ] } },
{ "type": "Feature", "properties": { "gid": "다사69ba37ab", "lbl": "33.00", "val": 33.0 }, "geometry": { "type": "MultiPolygon", "coordinates": [ [ [ [ 127.155242803268919, 37.43391053196401 ], [ 127.15523246709084, 37.436163932576477 ], [ 127.158058384246786, 37.43617214137668 ], [ 127.158068635707565, 37.433918740099536 ], [ 127.155242803268919, 37.43391053196401 ] ] ] ] } },
{ "type": "Feature", "properties": { "gid": "다사69ab34bb", "lbl": "13.00", "val": 13.0 }, "geometry": { "type": "MultiPolygon", "coordinates": [ [ [ [ 127.152521117148297, 37.411368209352446 ], [ 127.152510707848379, 37.413621617930779 ], [ 127.155335777105648, 37.413629887590041 ], [ 127.155346101782612, 37.411376478341964 ], [ 127.152521117148297, 37.411368209352446 ] ] ] ] } },
{ "type": "Feature", "properties": { "gid": "다사69ba38ab", "lbl": "337.00", "val": 337.0 }, "geometry": { "type": "MultiPolygon", "coordinates": [ [ [ [ 127.155201451650868, 37.442924129231869 ], [ 127.155191110868529, 37.445177526389585 ], [ 127.158017366988219, 37.445185737848846 ], [ 127.158027623015457, 37.442932340026303 ], [ 127.155201451650868, 37.442924129231869 ] ] ] ] } },
{ "type": "Feature", "properties": { "gid": "다사66ab37bb", "lbl": "222.00", "val": 222.0 }, "geometry": { "type": "MultiPolygon", "coordinates": [ [ [ [ 127.118484213460022, 37.438304460977314 ], [ 127.118472773422013, 37.440557850722904 ], [ 127.121298844340473, 37.440566939250523 ], [ 127.1213101996441, 37.438313548769067 ], [ 127.118484213460022, 37.438304460977314 ] ] ] ] } },
{ "type": "Feature", "properties": { "gid": "다사64bb39bb", "lbl": "25.00", "val": 25.0 }, "geometry": { "type": "MultiPolygon", "coordinates": [ [ [ [ 127.101432698644302, 37.456275572924866 ], [ 127.101420739555905, 37.45852895122384 ], [ 127.104247480897584, 37.458538451311796 ], [ 127.104259355177021, 37.456285072243766 ], [ 127.101432698644302, 37.456275572924866 ] ] ] ] } },
{ "type": "Feature", "properties": { "gid": "다사66ba37bb", "lbl": "251.00", "val": 251.0 }, "geometry": { "type": "MultiPolygon", "coordinates": [ [ [ [ 127.1213101996441, 37.438313548769067 ], [ 127.121298844340473, 37.440566939250523 ], [ 127.124124916523272, 37.440575960209621 ], [ 127.124136187092361, 37.438322568997755 ], [ 127.1213101996441, 37.438313548769067 ] ] ] ] } },
{ "type": "Feature", "properties": { "gid": "다사67ab38ba", "lbl": "788.00", "val": 788.0 }, "geometry": { "type": "MultiPolygon", "coordinates": [ [ [ [ 127.129754858736604, 37.445100582142082 ], [ 127.129743753928437, 37.447353972206066 ], [ 127.132570084109091, 37.447362792601218 ], [ 127.132581104154013, 37.445109401823117 ], [ 127.129754858736604, 37.445100582142082 ] ] ] ] } },
{ "type": "Feature", "properties": { "gid": "다사66bb40ab", "lbl": "N/A", "val": 0.0 }, "geometry": { "type": "MultiPolygon", "coordinates": [ [ [ [ 127.124023424913034, 37.46085644222736 ], [ 127.124012141788256, 37.463109824796902 ], [ 127.126839063091651, 37.463118785438965 ], [ 127.126850261387361, 37.460865402144073 ], [ 127.124023424913034, 37.46085644222736 ] ] ] ] } },
{ "type": "Feature", "properties": { "gid": "다사66aa27bb", "lbl": "301.00", "val": 301.0 }, "geometry": { "type": "MultiPolygon", "coordinates": [ [ [ [ 127.116118168935955, 37.348159036952566 ], [ 127.116106695368714, 37.350412460512992 ], [ 127.118929382991467, 37.350421586989704 ], [ 127.118940772200958, 37.348168162689689 ], [ 127.116118168935955, 37.348159036952566 ] ] ] ] } },
{ "type": "Feature", "properties": { "gid": "다사70bb39aa", "lbl": "126.00", "val": 126.0 }, "geometry": { "type": "MultiPolygon", "coordinates": [ [ [ [ 127.169302565468215, 37.449724706142376 ], [ 127.169292645149596, 37.451978103978838 ], [ 127.172119161208556, 37.451985979446739 ], [ 127.172128996743112, 37.4497325809727 ], [ 127.169302565468215, 37.449724706142376 ] ] ] ] } },
{ "type": "Feature", "properties": { "gid": "다사69aa37ab", "lbl": "28.00", "val": 28.0 }, "geometry": { "type": "MultiPolygon", "coordinates": [ [ [ [ 127.149591141853293, 37.433893913033458 ], [ 127.149580636240898, 37.436147312300186 ], [ 127.152406551085733, 37.436155656217615 ], [ 127.15241697198104, 37.433902256275289 ], [ 127.149591141853293, 37.433893913033458 ] ] ] ] } },
{ "type": "Feature", "properties": { "gid": "다사67aa33ab", "lbl": "105.00", "val": 105.0 }, "geometry": { "type": "MultiPolygon", "coordinates": [ [ [ [ 127.127163308006786, 37.397770319059731 ], [ 127.127152144565798, 37.40002372654731 ], [ 127.129976695464734, 37.400032599425394 ], [ 127.12998777434052, 37.397779191219122 ], [ 127.127163308006786, 37.397770319059731 ] ] ] ] } },
{ "type": "Feature", "properties": { "gid": "다사67bb39bb", "lbl": null, "val": null }, "geometry": { "type": "MultiPolygon", "coordinates": [ [ [ [ 127.135352662213421, 37.456385102717419 ], [ 127.135341720842518, 37.458638489883796 ], [ 127.138168477427143, 37.45864717862468 ], [ 127.13817933398731, 37.456393790754923 ], [ 127.135352662213421, 37.456385102717419 ] ] ] ] } },
{ "type": "Feature", "properties": { "gid": "다사60ba34bb", "lbl": null, "val": null }, "geometry": { "type": "MultiPolygon", "coordinates": [ [ [ [ 127.053647452242444, 37.411036271368594 ], [ 127.053634081232843, 37.413289653061909 ], [ 127.056459104322272, 37.413300285301503 ], [ 127.056472390714347, 37.41104690274711 ], [ 127.053647452242444, 37.411036271368594 ] ] ] ] } },
{ "type": "Feature", "properties": { "gid": "다사59bb34ba", "lbl": null, "val": null }, "geometry": { "type": "MultiPolygon", "coordinates": [ [ [ [ 127.045186269139691, 37.40875059232097 ], [ 127.045172645795276, 37.411003972263501 ], [ 127.047997579773494, 37.411014806126673 ], [ 127.048011118510331, 37.408761425306729 ], [ 127.045186269139691, 37.40875059232097 ] ] ] ] } },
{ "type": "Feature", "properties": { "gid": "다사70aa32bb", "lbl": null, "val": null }, "geometry": { "type": "MultiPolygon", "coordinates": [ [ [ [ 127.161077277247415, 37.393365498175882 ], [ 127.161067130857276, 37.395618915653586 ], [ 127.16389152681171, 37.395626977575013 ], [ 127.163901588653843, 37.393373559444278 ], [ 127.161077277247415, 37.393365498175882 ] ] ] ] } },
{ "type": "Feature", "properties": { "gid": "다사61bb34aa", "lbl": null, "val": null }, "geometry": { "type": "MultiPolygon", "coordinates": [ [ [ [ 127.067810994411388, 37.404328590288088 ], [ 127.067798050814815, 37.406581978826559 ], [ 127.070622827379296, 37.406592271061143 ], [ 127.070635686385742, 37.404338881689078 ], [ 127.067810994411388, 37.404328590288088 ] ] ] ] } },
{ "type": "Feature", "properties": { "gid": "다사71ba41ab", "lbl": null, "val": null }, "geometry": { "type": "MultiPolygon", "coordinates": [ [ [ [ 127.177694830117261, 37.470028694365432 ], [ 127.177685154460107, 37.472282086326224 ], [ 127.1805124372611, 37.472289764593626 ], [ 127.180522028048813, 37.470036372011343 ], [ 127.177694830117261, 37.470028694365432 ] ] ] ] } },
{ "type": "Feature", "properties": { "gid": "다사72ab38aa", "lbl": null, "val": null }, "geometry": { "type": "MultiPolygon", "coordinates": [ [ [ [ 127.1862988053267, 37.440757326290083 ], [ 127.186289397904901, 37.443010731323248 ], [ 127.189115581310631, 37.443018198786426 ], [ 127.189124903985345, 37.440764793148659 ], [ 127.1862988053267, 37.440757326290083 ] ] ] ] } },
{ "type": "Feature", "properties": { "gid": "다사66ab36ab", "lbl": null, "val": null }, "geometry": { "type": "MultiPolygon", "coordinates": [ [ [ [ 127.118552826947123, 37.424784104355787 ], [ 127.118541394548629, 37.427037499286406 ], [ 127.121366957202341, 37.427046583399488 ], [ 127.12137830492307, 37.42479318773325 ], [ 127.118552826947123, 37.424784104355787 ] ] ] ] } },
{ "type": "Feature", "properties": { "gid": "다사60ba34ba", "lbl": null, "val": null }, "geometry": { "type": "MultiPolygon", "coordinates": [ [ [ [ 127.053660821763586, 37.408782888810208 ], [ 127.053647452242444, 37.411036271368594 ], [ 127.056472390714347, 37.41104690274711 ], [ 127.056485675627371, 37.408793519327695 ], [ 127.053660821763586, 37.408782888810208 ] ] ] ] } },
{ "type": "Feature", "properties": { "gid": "다사61ba34aa", "lbl": null, "val": null }, "geometry": { "type": "MultiPolygon", "coordinates": [ [ [ [ 127.06498630387793, 37.40431823140797 ], [ 127.064973275691372, 37.406571619107375 ], [ 127.067798050814815, 37.406581978826559 ], [ 127.067810994411388, 37.404328590288088 ], [ 127.06498630387793, 37.40431823140797 ] ] ] ] } },
{ "type": "Feature", "properties": { "gid": "다사68ba31aa", "lbl": null, "val": null }, "geometry": { "type": "MultiPolygon", "coordinates": [ [ [ [ 127.144205975386924, 37.377541795724973 ], [ 127.144195330010106, 37.379795215213662 ], [ 127.147019127412861, 37.379803677096426 ], [ 127.147029688308322, 37.37755025692222 ], [ 127.144205975386924, 37.377541795724973 ] ] ] ] } },
{ "type": "Feature", "properties": { "gid": "다사63aa30aa", "lbl": null, "val": null }, "geometry": { "type": "MultiPolygon", "coordinates": [ [ [ [ 127.082134609366463, 37.368324972506407 ], [ 127.082122111003315, 37.370578378988576 ], [ 127.084945542305633, 37.370588320903977 ], [ 127.084957956228337, 37.368334913616302 ], [ 127.082134609366463, 37.368324972506407 ] ] ] ] } },
{ "type": "Feature", "properties": { "gid": "다사61ba33aa", "lbl": null, "val": null }, "geometry": { "type": "MultiPolygon", "coordinates": [ [ [ [ 127.065038402122923, 37.395304671962229 ], [ 127.065025379736525, 37.397558063120847 ], [ 127.067849816556574, 37.397568419484088 ], [ 127.067862754390674, 37.39531502748661 ], [ 127.065038402122923, 37.395304671962229 ] ] ] ] } },
{ "type": "Feature", "properties": { "gid": "다사65aa33bb", "lbl": null, "val": null }, "geometry": { "type": "MultiPolygon", "coordinates": [ [ [ [ 127.104543941632073, 37.402203715277075 ], [ 127.104532099038494, 37.404457115090132 ], [ 127.107356808887332, 37.4044665292529 ], [ 127.107368566898074, 37.402213128677339 ], [ 127.104543941632073, 37.402203715277075 ] ] ] ] } },
{ "type": "Feature", "properties": { "gid": "다사59ab36ba", "lbl": null, "val": null }, "geometry": { "type": "MultiPolygon", "coordinates": [ [ [ [ 127.03942619147891, 37.426755725021557 ], [ 127.039412386630218, 37.429009096269553 ], [ 127.042237994762573, 37.429020072230671 ], [ 127.042251714928653, 37.426766700093893 ], [ 127.03942619147891, 37.426755725021557 ] ] ] ] } },
{ "type": "Feature", "properties": { "gid": "다사72aa38bb", "lbl": null, "val": null }, "geometry": { "type": "MultiPolygon", "coordinates": [ [ [ [ 127.183444228038425, 37.447510002540277 ], [ 127.183434732698629, 37.449763404373307 ], [ 127.186261169354282, 37.449770941242889 ], [ 127.18627057991884, 37.447517538799666 ], [ 127.183444228038425, 37.447510002540277 ] ] ] ] } },
{ "type": "Feature", "properties": { "gid": "다사59bb34ab", "lbl": null, "val": null }, "geometry": { "type": "MultiPolygon", "coordinates": [ [ [ [ 127.045199890967567, 37.406497211513226 ], [ 127.045186269139691, 37.40875059232097 ], [ 127.048011118510331, 37.408761425306729 ], [ 127.048024655740036, 37.406508043621606 ], [ 127.045199890967567, 37.406497211513226 ] ] ] ] } },
{ "type": "Feature", "properties": { "gid": "다사63ab37aa", "lbl": null, "val": null }, "geometry": { "type": "MultiPolygon", "coordinates": [ [ [ [ 127.084609843486376, 37.431429990938426 ], [ 127.0845973908079, 37.433683374021172 ], [ 127.087423191649236, 37.433693270959232 ], [ 127.087435559623501, 37.431439887075115 ], [ 127.084609843486376, 37.431429990938426 ] ] ] ] } },
{ "type": "Feature", "properties": { "gid": "다사66bb39aa", "lbl": null, "val": null }, "geometry": { "type": "MultiPolygon", "coordinates": [ [ [ [ 127.124079821696355, 37.449589516415358 ], [ 127.124068544851269, 37.451842903306286 ], [ 127.126895042103797, 37.451851860322009 ], [ 127.126906234167052, 37.449598472705944 ], [ 127.124079821696355, 37.449589516415358 ] ] ] ] } },
{ "type": "Feature", "properties": { "gid": "다사62aa35bb", "lbl": null, "val": null }, "geometry": { "type": "MultiPolygon", "coordinates": [ [ [ [ 127.070545643270592, 37.420112589133183 ], [ 127.07053277423924, 37.422365972451622 ], [ 127.073358144631229, 37.422376202999779 ], [ 127.073370929006316, 37.420122818852867 ], [ 127.070545643270592, 37.420112589133183 ] ] ] ] } },
{ "type": "Feature", "properties": { "gid": "다사59bb34bb", "lbl": null, "val": null }, "geometry": { "type": "MultiPolygon", "coordinates": [ [ [ [ 127.045172645795276, 37.411003972263501 ], [ 127.045159020934108, 37.413257351340782 ], [ 127.047984039529339, 37.413268186081439 ], [ 127.047997579773494, 37.411014806126673 ], [ 127.045172645795276, 37.411003972263501 ] ] ] ] } },
{ "type": "Feature", "properties": { "gid": "다사71ab39ab", "lbl": null, "val": null }, "geometry": { "type": "MultiPolygon", "coordinates": [ [ [ [ 127.174945678362661, 37.451993787317186 ], [ 127.174935926526572, 37.454247185559808 ], [ 127.177762529560155, 37.454254926459384 ], [ 127.177772196602504, 37.452001527590078 ], [ 127.174945678362661, 37.451993787317186 ] ] ] ] } },
{ "type": "Feature", "properties": { "gid": "다사63aa28aa", "lbl": null, "val": null }, "geometry": { "type": "MultiPolygon", "coordinates": [ [ [ [ 127.082234546202727, 37.350297689537982 ], [ 127.082222058964504, 37.352551102933546 ], [ 127.085044815006384, 37.352561038406222 ], [ 127.085057217879353, 37.350307624205513 ], [ 127.082234546202727, 37.350297689537982 ] ] ] ] } },
{ "type": "Feature", "properties": { "gid": "다사70ba31bb", "lbl": null, "val": null }, "geometry": { "type": "MultiPolygon", "coordinates": [ [ [ [ 127.166765799251039, 37.384367869513 ], [ 127.16675582639887, 37.386621291743829 ], [ 127.169579886447607, 37.386629216175976 ], [ 127.169589774789131, 37.384375793303185 ], [ 127.166765799251039, 37.384367869513 ] ] ] ] } },
{ "type": "Feature", "properties": { "gid": "다사60ab36ab", "lbl": null, "val": null }, "geometry": { "type": "MultiPolygon", "coordinates": [ [ [ [ 127.050741759022628, 37.424545844477976 ], [ 127.050728294404593, 37.426799220113537 ], [ 127.053553823907407, 37.426809925053917 ], [ 127.053567203851543, 37.424556548551514 ], [ 127.050741759022628, 37.424545844477976 ] ] ] ] } },
{ "type": "Feature", "properties": { "gid": "다사65ab39bb", "lbl": null, "val": null }, "geometry": { "type": "MultiPolygon", "coordinates": [ [ [ [ 127.107086013031761, 37.456294503956393 ], [ 127.107074223561426, 37.458547883788007 ], [ 127.10990096753801, 37.458557248652404 ], [ 127.109912672199073, 37.456303868062683 ], [ 127.107086013031761, 37.456294503956393 ] ] ] ] } },
{ "type": "Feature", "properties": { "gid": "다사71aa39ba", "lbl": null, "val": null }, "geometry": { "type": "MultiPolygon", "coordinates": [ [ [ [ 127.172109324578827, 37.45423937705722 ], [ 127.172099486853824, 37.456492773804122 ], [ 127.174926173604618, 37.456500582938894 ], [ 127.174935926526572, 37.454247185559808 ], [ 127.172109324578827, 37.45423937705722 ] ] ] ] } },
{ "type": "Feature", "properties": { "gid": "다사64ba34ba", "lbl": null, "val": null }, "geometry": { "type": "MultiPolygon", "coordinates": [ [ [ [ 127.098858655776127, 37.408944878273864 ], [ 127.098846640005007, 37.411198273952706 ], [ 127.101671601011532, 37.411207825396865 ], [ 127.101683532171862, 37.408954428944455 ], [ 127.098858655776127, 37.408944878273864 ] ] ] ] } },
{ "type": "Feature", "properties": { "gid": "다사60bb34ba", "lbl": null, "val": null }, "geometry": { "type": "MultiPolygon", "coordinates": [ [ [ [ 127.056485675627371, 37.408793519327695 ], [ 127.056472390714347, 37.41104690274711 ], [ 127.059297330665302, 37.411057466630538 ], [ 127.059310530970052, 37.408804082355566 ], [ 127.056485675627371, 37.408793519327695 ] ] ] ] } },
{ "type": "Feature", "properties": { "gid": "다사61ab36ab", "lbl": null, "val": null }, "geometry": { "type": "MultiPolygon", "coordinates": [ [ [ [ 127.062043547237707, 37.424588255604895 ], [ 127.062030421316294, 37.426841634675057 ], [ 127.06485595672136, 37.426852069481711 ], [ 127.064868997968162, 37.424598689566587 ], [ 127.062043547237707, 37.424588255604895 ] ] ] ] } },
{ "type": "Feature", "properties": { "gid": "다사68ab33ab", "lbl": null, "val": null }, "geometry": { "type": "MultiPolygon", "coordinates": [ [ [ [ 127.141285651914245, 37.397814005206591 ], [ 127.141274911300599, 37.400067416232986 ], [ 127.144099468272529, 37.40007595175824 ], [ 127.144110124320278, 37.397822540040487 ], [ 127.141285651914245, 37.397814005206591 ] ] ] ] } },
{ "type": "Feature", "properties": { "gid": "다사72ab36ba", "lbl": null, "val": null }, "geometry": { "type": "MultiPolygon", "coordinates": [ [ [ [ 127.186355227867423, 37.427236877962784 ], [ 127.186345826727859, 37.429490288175373 ], [ 127.189171501792714, 37.42949775201145 ], [ 127.189180818241809, 37.427244341194474 ], [ 127.186355227867423, 37.427236877962784 ] ] ] ] } },
{ "type": "Feature", "properties": { "gid": "다사68ba32ba", "lbl": null, "val": null }, "geometry": { "type": "MultiPolygon", "coordinates": [ [ [ [ 127.144142085346743, 37.391062299706249 ], [ 127.144131432857236, 37.393315714014477 ], [ 127.14695573734565, 37.393324180011312 ], [ 127.146966305297369, 37.391070765017311 ], [ 127.144142085346743, 37.391062299706249 ] ] ] ] } },
{ "type": "Feature", "properties": { "gid": "다사61ab31aa", "lbl": null, "val": null }, "geometry": { "type": "MultiPolygon", "coordinates": [ [ [ [ 127.062318854302831, 37.377267095334965 ], [ 127.062305759031659, 37.379520492567174 ], [ 127.06512951824827, 37.379530909639833 ], [ 127.065142529042561, 37.37727751156369 ], [ 127.062318854302831, 37.377267095334965 ] ] ] ] } },
{ "type": "Feature", "properties": { "gid": "다사70aa31aa", "lbl": null, "val": null }, "geometry": { "type": "MultiPolygon", "coordinates": [ [ [ [ 127.161148270360727, 37.377591551662384 ], [ 127.161138131874068, 37.379844975182351 ], [ 127.163961936189949, 37.379853032533347 ], [ 127.16397199019444, 37.377599608360619 ], [ 127.161148270360727, 37.377591551662384 ] ] ] ] } },
{ "type": "Feature", "properties": { "gid": "다사64bb32ba", "lbl": null, "val": null }, "geometry": { "type": "MultiPolygon", "coordinates": [ [ [ [ 127.101778933652781, 37.390927226213797 ], [ 127.10176701311363, 37.393180629579668 ], [ 127.104591298824829, 37.393190107383546 ], [ 127.104603134828409, 37.39093670324992 ], [ 127.101778933652781, 37.390927226213797 ] ] ] ] } },
{ "type": "Feature", "properties": { "gid": "다사71ab31bb", "lbl": null, "val": null }, "geometry": { "type": "MultiPolygon", "coordinates": [ [ [ [ 127.175237729158056, 37.384391438583442 ], [ 127.175228009838207, 37.386644862723742 ], [ 127.17805207316124, 37.386652584839204 ], [ 127.178061707970073, 37.384399160073343 ], [ 127.175237729158056, 37.384391438583442 ] ] ] ] } },
{ "type": "Feature", "properties": { "gid": "다사65aa26ba", "lbl": null, "val": null }, "geometry": { "type": "MultiPolygon", "coordinates": [ [ [ [ 127.10488680400816, 37.336854744869214 ], [ 127.10487499958289, 37.339108169735027 ], [ 127.107697260348587, 37.339117561803604 ], [ 127.107708980463642, 37.33686413617658 ], [ 127.10488680400816, 37.336854744869214 ] ] ] ] } },
{ "type": "Feature", "properties": { "gid": "다사61bb35ba", "lbl": null, "val": null }, "geometry": { "type": "MultiPolygon", "coordinates": [ [ [ [ 127.067733311212876, 37.417848908546588 ], [ 127.067720358967506, 37.420102291895994 ], [ 127.070545643270592, 37.420112589133183 ], [ 127.070558510869319, 37.417859204949885 ], [ 127.067733311212876, 37.417848908546588 ] ] ] ] } },
{ "type": "Feature", "properties": { "gid": "다사66aa35aa", "lbl": null, "val": null }, "geometry": { "type": "MultiPolygon", "coordinates": [ [ [ [ 127.115784916395356, 37.413507969538429 ], [ 127.11577340572849, 37.415761368048557 ], [ 127.118598543815395, 37.415770515992335 ], [ 127.118609969851761, 37.413517116741339 ], [ 127.115784916395356, 37.413507969538429 ] ] ] ] } },
{ "type": "Feature", "properties": { "gid": "다사69ba36ba", "lbl": null, "val": null }, "geometry": { "type": "MultiPolygon", "coordinates": [ [ [ [ 127.155273804899451, 37.427150324944812 ], [ 127.155263472173118, 37.429403728148152 ], [ 127.15808913520533, 37.429411934954473 ], [ 127.158099383242615, 37.427158531086583 ], [ 127.155273804899451, 37.427150324944812 ] ] ] ] } },
{ "type": "Feature", "properties": { "gid": "다사71bb35aa", "lbl": null, "val": null }, "geometry": { "type": "MultiPolygon", "coordinates": [ [ [ [ 127.180761451018256, 37.413701276834445 ], [ 127.18075188688907, 37.415954691001055 ], [ 127.183577051851074, 37.415962286231931 ], [ 127.183586531346634, 37.413708871450218 ], [ 127.180761451018256, 37.413701276834445 ] ] ] ] } },
{ "type": "Feature", "properties": { "gid": "다사65bb38ba", "lbl": null, "val": null }, "geometry": { "type": "MultiPolygon", "coordinates": [ [ [ [ 127.112797412525239, 37.445046244884367 ], [ 127.112785799140596, 37.447299630548791 ], [ 127.115612121760876, 37.447308856453873 ], [ 127.115623650383156, 37.445055470042512 ], [ 127.112797412525239, 37.445046244884367 ] ] ] ] } },
{ "type": "Feature", "properties": { "gid": "다사71ab36ab", "lbl": null, "val": null }, "geometry": { "type": "MultiPolygon", "coordinates": [ [ [ [ 127.175062615746114, 37.424952941056318 ], [ 127.175052876930252, 37.42720634965999 ], [ 127.177878463061617, 37.427214083041932 ], [ 127.177888117196943, 37.424960673812031 ], [ 127.175062615746114, 37.424952941056318 ] ] ] ] } },
{ "type": "Feature", "properties": { "gid": "다사65ba38bb", "lbl": null, "val": null }, "geometry": { "type": "MultiPolygon", "coordinates": [ [ [ [ 127.109959477813405, 37.447290337059052 ], [ 127.109947778363988, 37.449543721106643 ], [ 127.112774184462864, 37.44955301534884 ], [ 127.112785799140596, 37.447299630548791 ], [ 127.109959477813405, 37.447290337059052 ] ] ] ] } },
{ "type": "Feature", "properties": { "gid": "다사61ab33bb", "lbl": null, "val": null }, "geometry": { "type": "MultiPolygon", "coordinates": [ [ [ [ 127.062174726111408, 37.402054417329047 ], [ 127.062161614794761, 37.404307805048802 ], [ 127.06498630387793, 37.40431823140797 ], [ 127.064999330614185, 37.402064842843735 ], [ 127.062174726111408, 37.402054417329047 ] ] ] ] } },
{ "type": "Feature", "properties": { "gid": "다사67ab26ba", "lbl": null, "val": null }, "geometry": { "type": "MultiPolygon", "coordinates": [ [ [ [ 127.130286438279811, 37.336936843224876 ], [ 127.130275392651939, 37.33919027474505 ], [ 127.133097664821278, 37.339199060910424 ], [ 127.133108626137584, 37.336945628678173 ], [ 127.130286438279811, 37.336936843224876 ] ] ] ] } },
{ "type": "Feature", "properties": { "gid": "다사64ab39bb", "lbl": null, "val": null }, "geometry": { "type": "MultiPolygon", "coordinates": [ [ [ [ 127.095779389582745, 37.45625637146869 ], [ 127.095767260876897, 37.458509748213146 ], [ 127.098593999545869, 37.458519383524269 ], [ 127.098606043443056, 37.456266005999815 ], [ 127.095779389582745, 37.45625637146869 ] ] ] ] } },
{ "type": "Feature", "properties": { "gid": "다사59aa32ba", "lbl": null, "val": null }, "geometry": { "type": "MultiPolygon", "coordinates": [ [ [ [ 127.036822691895821, 37.390690639057269 ], [ 127.036808827083107, 37.392944023257243 ], [ 127.039633079890095, 37.392955052454965 ], [ 127.039646860171075, 37.390701667361597 ], [ 127.036822691895821, 37.390690639057269 ] ] ] ] } },
{ "type": "Feature", "properties": { "gid": "다사71bb41ba", "lbl": null, "val": null }, "geometry": { "type": "MultiPolygon", "coordinates": [ [ [ [ 127.1805124372611, 37.472289764593626 ], [ 127.180502845405428, 37.474543156312293 ], [ 127.183330214153401, 37.474550767548784 ], [ 127.183339721130068, 37.472297375214062 ], [ 127.1805124372611, 37.472289764593626 ] ] ] ] } },
{ "type": "Feature", "properties": { "gid": "다사60aa36bb", "lbl": null, "val": null }, "geometry": { "type": "MultiPolygon", "coordinates": [ [ [ [ 127.047889215600605, 37.429041821537908 ], [ 127.047875663291578, 37.431295194570509 ], [ 127.050701360670985, 37.431305968788834 ], [ 127.05071482828744, 37.429052594883814 ], [ 127.047889215600605, 37.429041821537908 ] ] ] ] } },
{ "type": "Feature", "properties": { "gid": "다사65bb36ab", "lbl": null, "val": null }, "geometry": { "type": "MultiPolygon", "coordinates": [ [ [ [ 127.112901874822867, 37.424765735010467 ], [ 127.112890273069254, 37.42701912845348 ], [ 127.115715833167783, 37.427028347637709 ], [ 127.11572735024393, 37.42477495344815 ], [ 127.112901874822867, 37.424765735010467 ] ] ] ] } },
{ "type": "Feature", "properties": { "gid": "다사66bb41aa", "lbl": null, "val": null }, "geometry": { "type": "MultiPolygon", "coordinates": [ [ [ [ 127.123989571769457, 37.467616587342945 ], [ 127.123978284875122, 37.469869967319433 ], [ 127.126805460722366, 37.46987893013781 ], [ 127.12681666275931, 37.467625549435851 ], [ 127.123989571769457, 37.467616587342945 ] ] ] ] } },
{ "type": "Feature", "properties": { "gid": "다사71ab36ba", "lbl": null, "val": null }, "geometry": { "type": "MultiPolygon", "coordinates": [ [ [ [ 127.175052876930252, 37.42720634965999 ], [ 127.175043137030073, 37.42945975740033 ], [ 127.177868807851425, 37.429467491408531 ], [ 127.177878463061617, 37.427214083041932 ], [ 127.175052876930252, 37.42720634965999 ] ] ] ] } },
{ "type": "Feature", "properties": { "gid": "다사72ab37bb", "lbl": null, "val": null }, "geometry": { "type": "MultiPolygon", "coordinates": [ [ [ [ 127.186308211701117, 37.438503920393629 ], [ 127.1862988053267, 37.440757326290083 ], [ 127.189124903985345, 37.440764793148659 ], [ 127.189134225622155, 37.438511386647633 ], [ 127.186308211701117, 37.438503920393629 ] ] ] ] } },
{ "type": "Feature", "properties": { "gid": "다사60ab36aa", "lbl": null, "val": null }, "geometry": { "type": "MultiPolygon", "coordinates": [ [ [ [ 127.050755222141717, 37.422292467977179 ], [ 127.050741759022628, 37.424545844477976 ], [ 127.053567203851543, 37.424556548551514 ], [ 127.053580582306154, 37.42230317118392 ], [ 127.050755222141717, 37.422292467977179 ] ] ] ] } },
{ "type": "Feature", "properties": { "gid": "다사72ab38bb", "lbl": null, "val": null }, "geometry": { "type": "MultiPolygon", "coordinates": [ [ [ [ 127.18627057991884, 37.447517538799666 ], [ 127.186261169354282, 37.449770941242889 ], [ 127.1890876070578, 37.449778410520082 ], [ 127.189096932846951, 37.447525007472159 ], [ 127.18627057991884, 37.447517538799666 ] ] ] ] } },
{ "type": "Feature", "properties": { "gid": "다사70ab41ab", "lbl": null, "val": null }, "geometry": { "type": "MultiPolygon", "coordinates": [ [ [ [ 127.163558856807867, 37.469989291516313 ], [ 127.163548756805469, 37.472242680287486 ], [ 127.166376034124852, 37.472250696788528 ], [ 127.166386049258492, 37.469997307368473 ], [ 127.163558856807867, 37.469989291516313 ] ] ] ] } },
{ "type": "Feature", "properties": { "gid": "다사63bb32bb", "lbl": null, "val": null }, "geometry": { "type": "MultiPolygon", "coordinates": [ [ [ [ 127.090469883633943, 37.393142043834729 ], [ 127.090457623589202, 37.395395443210717 ], [ 127.093281988479916, 37.395405191615808 ], [ 127.093294163980275, 37.39315179145018 ], [ 127.090469883633943, 37.393142043834729 ] ] ] ] } },
{ "type": "Feature", "properties": { "gid": "다사69bb30bb", "lbl": null, "val": null }, "geometry": { "type": "MultiPolygon", "coordinates": [ [ [ [ 127.158334773486246, 37.375330003822555 ], [ 127.158324551655554, 37.377583427547442 ], [ 127.161148270360727, 37.377591551662384 ], [ 127.161158407718816, 37.375338127279313 ], [ 127.158334773486246, 37.375330003822555 ] ] ] ] } },
{ "type": "Feature", "properties": { "gid": "다사65ba38ab", "lbl": null, "val": null }, "geometry": { "type": "MultiPolygon", "coordinates": [ [ [ [ 127.109982872804778, 37.442783566370615 ], [ 127.109971175960283, 37.445036952147035 ], [ 127.112797412525239, 37.445046244884367 ], [ 127.112809024616951, 37.442792858355567 ], [ 127.109982872804778, 37.442783566370615 ] ] ] ] } },
{ "type": "Feature", "properties": { "gid": "다사67bb29ab", "lbl": null, "val": null }, "geometry": { "type": "MultiPolygon", "coordinates": [ [ [ [ 127.135811101549365, 37.361742061665261 ], [ 127.135800211218566, 37.363995485108454 ], [ 127.138623413868714, 37.364004144343362 ], [ 127.138634219784365, 37.361750720198536 ], [ 127.135811101549365, 37.361742061665261 ] ] ] ] } },
{ "type": "Feature", "properties": { "gid": "다사69bb40ba", "lbl": null, "val": null }, "geometry": { "type": "MultiPolygon", "coordinates": [ [ [ [ 127.157935277648491, 37.463212889334699 ], [ 127.157925011338776, 37.46546627938335 ], [ 127.160752031822142, 37.465474429197911 ], [ 127.160762213291648, 37.463221038489557 ], [ 127.157935277648491, 37.463212889334699 ] ] ] ] } },
{ "type": "Feature", "properties": { "gid": "다사65ba26aa", "lbl": null, "val": null }, "geometry": { "type": "MultiPolygon", "coordinates": [ [ [ [ 127.110554425947882, 37.332366604811128 ], [ 127.110542792733213, 37.334620032920924 ], [ 127.113364887487094, 37.334629288844489 ], [ 127.113376436410007, 37.332375859984495 ], [ 127.110554425947882, 37.332366604811128 ] ] ] ] } },
{ "type": "Feature", "properties": { "gid": "다사67ab39aa", "lbl": null, "val": null }, "geometry": { "type": "MultiPolygon", "coordinates": [ [ [ [ 127.129732647883785, 37.449607361405938 ], [ 127.129721540602546, 37.45186074974167 ], [ 127.132548040338037, 37.451869571565155 ], [ 127.132559062837174, 37.449616182515236 ], [ 127.129732647883785, 37.449607361405938 ] ] ] ] } },
{ "type": "Feature", "properties": { "gid": "다사68ba31bb", "lbl": null, "val": null }, "geometry": { "type": "MultiPolygon", "coordinates": [ [ [ [ 127.144174035701056, 37.384302051600919 ], [ 127.144163386768525, 37.386555468499452 ], [ 127.146987437671783, 37.386563932439074 ], [ 127.146998002094733, 37.384310514854889 ], [ 127.144174035701056, 37.384302051600919 ] ] ] ] } },
{ "type": "Feature", "properties": { "gid": "다사70ab36ba", "lbl": null, "val": null }, "geometry": { "type": "MultiPolygon", "coordinates": [ [ [ [ 127.163750543342175, 37.427174740759405 ], [ 127.1637404646834, 37.429428145939994 ], [ 127.166566131110386, 37.429436150119038 ], [ 127.166576125079715, 37.42718274429032 ], [ 127.163750543342175, 37.427174740759405 ] ] ] ] } },
{ "type": "Feature", "properties": { "gid": "다사68aa35ba", "lbl": null, "val": null }, "geometry": { "type": "MultiPolygon", "coordinates": [ [ [ [ 127.138363710690868, 37.41808606478191 ], [ 127.138352874659745, 37.420339467338316 ], [ 127.141178191951468, 37.420348076607645 ], [ 127.141188943332082, 37.418094673354034 ], [ 127.138363710690868, 37.41808606478191 ] ] ] ] } },
{ "type": "Feature", "properties": { "gid": "다사63bb39ba", "lbl": null, "val": null }, "geometry": { "type": "MultiPolygon", "coordinates": [ [ [ [ 127.090138382876006, 37.45398352355582 ], [ 127.090126085922577, 37.456236899588667 ], [ 127.092952737072764, 37.456246669331605 ], [ 127.09296494922728, 37.45399329250786 ], [ 127.090138382876006, 37.45398352355582 ] ] ] ] } },
{ "type": "Feature", "properties": { "gid": "다사66ab26aa", "lbl": null, "val": null }, "geometry": { "type": "MultiPolygon", "coordinates": [ [ [ [ 127.119020461181037, 37.332394168413039 ], [ 127.119009080842105, 37.334647598757059 ], [ 127.121831179424419, 37.334656652745899 ], [ 127.121842475471183, 37.332403221668059 ], [ 127.119020461181037, 37.332394168413039 ] ] ] ] } },
{ "type": "Feature", "properties": { "gid": "다사60bb29ba", "lbl": null, "val": null }, "geometry": { "type": "MultiPolygon", "coordinates": [ [ [ [ 127.056751063552667, 37.363725669310547 ], [ 127.056737808184394, 37.365979070026761 ], [ 127.059561057757762, 37.365989616808598 ], [ 127.059574228705884, 37.363736215237829 ], [ 127.056751063552667, 37.363725669310547 ] ] ] ] } },
{ "type": "Feature", "properties": { "gid": "다사68ab40aa", "lbl": null, "val": null }, "geometry": { "type": "MultiPolygon", "coordinates": [ [ [ [ 127.140995235220643, 37.458655799752698 ], [ 127.140984462271945, 37.460909187456309 ], [ 127.143811306085325, 37.460917741663849 ], [ 127.143821994213525, 37.458664353267778 ], [ 127.140995235220643, 37.458655799752698 ] ] ] ] } },
{ "type": "Feature", "properties": { "gid": "다사71ba36ba", "lbl": null, "val": null }, "geometry": { "type": "MultiPolygon", "coordinates": [ [ [ [ 127.177878463061617, 37.427214083041932 ], [ 127.177868807851425, 37.429467491408531 ], [ 127.1806944797478, 37.429475157873824 ], [ 127.18070405026792, 37.427221748886424 ], [ 127.177878463061617, 37.427214083041932 ] ] ] ] } },
{ "type": "Feature", "properties": { "gid": "다사61aa30ba", "lbl": null, "val": null }, "geometry": { "type": "MultiPolygon", "coordinates": [ [ [ [ 127.059521536115511, 37.372749816333162 ], [ 127.05950835930156, 37.375003214445364 ], [ 127.062331948116338, 37.375013697238117 ], [ 127.062345040472394, 37.372760298276617 ], [ 127.059521536115511, 37.372749816333162 ] ] ] ] } },
{ "type": "Feature", "properties": { "gid": "다사66aa39ba", "lbl": null, "val": null }, "geometry": { "type": "MultiPolygon", "coordinates": [ [ [ [ 127.115577528191508, 37.454069010501883 ], [ 127.115565994433709, 37.456322393455785 ], [ 127.118392657482133, 37.45633155474242 ], [ 127.118404106439655, 37.454078171046866 ], [ 127.115577528191508, 37.454069010501883 ] ] ] ] } },
{ "type": "Feature", "properties": { "gid": "다사64ba40aa", "lbl": null, "val": null }, "geometry": { "type": "MultiPolygon", "coordinates": [ [ [ [ 127.098593999545869, 37.458519383524269 ], [ 127.098581954307619, 37.460772760184021 ], [ 127.101408779135909, 37.460782328658169 ], [ 127.101420739555905, 37.45852895122384 ], [ 127.098593999545869, 37.458519383524269 ] ] ] ] } },
{ "type": "Feature", "properties": { "gid": "다사67ab28ba", "lbl": null, "val": null }, "geometry": { "type": "MultiPolygon", "coordinates": [ [ [ [ 127.130198038821931, 37.354964271214598 ], [ 127.130186983353767, 37.357217695828339 ], [ 127.133009930353509, 37.35722648769196 ], [ 127.133020901435003, 37.354973062365787 ], [ 127.130198038821931, 37.354964271214598 ] ] ] ] } },
{ "type": "Feature", "properties": { "gid": "다사69ab40ab", "lbl": null, "val": null }, "geometry": { "type": "MultiPolygon", "coordinates": [ [ [ [ 127.152291844628408, 37.460942998575092 ], [ 127.152281409800665, 37.463196388151815 ], [ 127.155108343148342, 37.463204672555428 ], [ 127.155118693145624, 37.460951282308081 ], [ 127.152291844628408, 37.460942998575092 ] ] ] ] } },
{ "type": "Feature", "properties": { "gid": "다사71bb41aa", "lbl": null, "val": null }, "geometry": { "type": "MultiPolygon", "coordinates": [ [ [ [ 127.180531617768665, 37.467782978565474 ], [ 127.180522028048813, 37.470036372011343 ], [ 127.183349227048183, 37.47004398201576 ], [ 127.183358731907944, 37.467790587953907 ], [ 127.180531617768665, 37.467782978565474 ] ] ] ] } },
{ "type": "Feature", "properties": { "gid": "다사60ab35ab", "lbl": null, "val": null }, "geometry": { "type": "MultiPolygon", "coordinates": [ [ [ [ 127.050795602506994, 37.415532333283444 ], [ 127.050782143883708, 37.417785712379896 ], [ 127.053607334747497, 37.417796413853196 ], [ 127.05362070873457, 37.415543033890103 ], [ 127.050795602506994, 37.415532333283444 ] ] ] ] } },
{ "type": "Feature", "properties": { "gid": "다사62bb37ba", "lbl": null, "val": null }, "geometry": { "type": "MultiPolygon", "coordinates": [ [ [ [ 127.07893316980234, 37.435916758091402 ], [ 127.078920544905088, 37.438170137825338 ], [ 127.081746512400073, 37.438180171489748 ], [ 127.081759052574583, 37.435926790943405 ], [ 127.07893316980234, 37.435916758091402 ] ] ] ] } },
{ "type": "Feature", "properties": { "gid": "다사60ab34bb", "lbl": null, "val": null }, "geometry": { "type": "MultiPolygon", "coordinates": [ [ [ [ 127.050822515259028, 37.41102557249507 ], [ 127.050809059632044, 37.41327895332185 ], [ 127.053634081232843, 37.413289653061909 ], [ 127.053647452242444, 37.411036271368594 ], [ 127.050822515259028, 37.41102557249507 ] ] ] ] } },
{ "type": "Feature", "properties": { "gid": "다사66aa39ab", "lbl": null, "val": null }, "geometry": { "type": "MultiPolygon", "coordinates": [ [ [ [ 127.115589060665201, 37.451815626683583 ], [ 127.115577528191508, 37.454069010501883 ], [ 127.118404106439655, 37.454078171046866 ], [ 127.118415554122521, 37.451824786486981 ], [ 127.115589060665201, 37.451815626683583 ] ] ] ] } },
{ "type": "Feature", "properties": { "gid": "다사60ab32bb", "lbl": null, "val": null }, "geometry": { "type": "MultiPolygon", "coordinates": [ [ [ [ 127.050930106365271, 37.392998494737576 ], [ 127.050916662716546, 37.395251882484914 ], [ 127.053741007642159, 37.395262575294062 ], [ 127.053754366748834, 37.393009186680601 ], [ 127.050930106365271, 37.392998494737576 ] ] ] ] } },
{ "type": "Feature", "properties": { "gid": "다사63aa28ba", "lbl": null, "val": null }, "geometry": { "type": "MultiPolygon", "coordinates": [ [ [ [ 127.08220957033619, 37.354804515465013 ], [ 127.082197080317698, 37.357057927132338 ], [ 127.085020005118338, 37.357067864215402 ], [ 127.085032410752774, 37.354814451742861 ], [ 127.08220957033619, 37.354804515465013 ] ] ] ] } },
{ "type": "Feature", "properties": { "gid": "다사66aa36aa", "lbl": null, "val": null }, "geometry": { "type": "MultiPolygon", "coordinates": [ [ [ [ 127.115738866037915, 37.422521558394443 ], [ 127.11572735024393, 37.42477495344815 ], [ 127.118552826947123, 37.424784104355787 ], [ 127.118564258072908, 37.422530708561034 ], [ 127.115738866037915, 37.422521558394443 ] ] ] ] } },
{ "type": "Feature", "properties": { "gid": "다사64bb27bb", "lbl": null, "val": null }, "geometry": { "type": "MultiPolygon", "coordinates": [ [ [ [ 127.102005171954474, 37.348112398104149 ], [ 127.101993276600709, 37.350365817884772 ], [ 127.104815957743568, 37.350375281109379 ], [ 127.104827768740336, 37.348121860561882 ], [ 127.102005171954474, 37.348112398104149 ] ] ] ] } },
{ "type": "Feature", "properties": { "gid": "다사64ab27bb", "lbl": null, "val": null }, "geometry": { "type": "MultiPolygon", "coordinates": [ [ [ [ 127.096359982364149, 37.348093271157296 ], [ 127.096347918296843, 37.350346689387784 ], [ 127.099170596782017, 37.350356287310873 ], [ 127.099182576492609, 37.348102868302583 ], [ 127.096359982364149, 37.348093271157296 ] ] ] ] } },
{ "type": "Feature", "properties": { "gid": "다사71ba39ab", "lbl": null, "val": null }, "geometry": { "type": "MultiPolygon", "coordinates": [ [ [ [ 127.177772196602504, 37.452001527590078 ], [ 127.177762529560155, 37.454254926459384 ], [ 127.180589133670125, 37.454262599755864 ], [ 127.180598715918606, 37.452009200265373 ], [ 127.177772196602504, 37.452001527590078 ] ] ] ] } },
{ "type": "Feature", "properties": { "gid": "다사72bb37ba", "lbl": null, "val": null }, "geometry": { "type": "MultiPolygon", "coordinates": [ [ [ [ 127.191969476451646, 37.436265377373218 ], [ 127.191960240580968, 37.438518785336527 ], [ 127.194786256568122, 37.438526116460245 ], [ 127.194795407710401, 37.436272707903342 ], [ 127.191969476451646, 37.436265377373218 ] ] ] ] } },
{ "type": "Feature", "properties": { "gid": "다사58bb30aa", "lbl": null, "val": null }, "geometry": { "type": "MultiPolygon", "coordinates": [ [ [ [ 127.034137933234348, 37.368145662709267 ], [ 127.034123999409573, 37.370399054662371 ], [ 127.036947405780708, 37.370410142324452 ], [ 127.036961255167967, 37.368156749473016 ], [ 127.034137933234348, 37.368145662709267 ] ] ] ] } },
{ "type": "Feature", "properties": { "gid": "다사64aa38ab", "lbl": null, "val": null }, "geometry": { "type": "MultiPolygon", "coordinates": [ [ [ [ 127.093025989608634, 37.442726395418177 ], [ 127.093013784250672, 37.444979776565511 ], [ 127.095840012859824, 37.444989474775937 ], [ 127.095852133465939, 37.442736092843411 ], [ 127.093025989608634, 37.442726395418177 ] ] ] ] } },
{ "type": "Feature", "properties": { "gid": "다사62bb30ba", "lbl": null, "val": null }, "geometry": { "type": "MultiPolygon", "coordinates": [ [ [ [ 127.079286096888197, 37.37282177448234 ], [ 127.079273511283134, 37.375075178424908 ], [ 127.08209711010285, 37.375085189360099 ], [ 127.082109611248853, 37.372831784606483 ], [ 127.079286096888197, 37.37282177448234 ] ] ] ] } },
{ "type": "Feature", "properties": { "gid": "다사70ab32aa", "lbl": null, "val": null }, "geometry": { "type": "MultiPolygon", "coordinates": [ [ [ [ 127.163931767460383, 37.386613299872948 ], [ 127.163921708978037, 37.388866720593228 ], [ 127.166745852436449, 37.388874713111555 ], [ 127.16675582639887, 37.386621291743829 ], [ 127.163931767460383, 37.386613299872948 ] ] ] ] } },
{ "type": "Feature", "properties": { "gid": "다사66ba38ba", "lbl": null, "val": null }, "geometry": { "type": "MultiPolygon", "coordinates": [ [ [ [ 127.121276129940071, 37.445073717620851 ], [ 127.121264770842984, 37.447327105509679 ], [ 127.124091097285941, 37.447336128660211 ], [ 127.124102371620197, 37.44508274004086 ], [ 127.121276129940071, 37.445073717620851 ] ] ] ] } },
{ "type": "Feature", "properties": { "gid": "다사62bb33bb", "lbl": null, "val": null }, "geometry": { "type": "MultiPolygon", "coordinates": [ [ [ [ 127.07912237469165, 37.402115958311512 ], [ 127.079109770859844, 37.404369351016157 ], [ 127.081934468503519, 37.404379372499534 ], [ 127.081946987753952, 37.402125978983214 ], [ 127.07912237469165, 37.402115958311512 ] ] ] ] } },
{ "type": "Feature", "properties": { "gid": "다사61ba34ab", "lbl": null, "val": null }, "geometry": { "type": "MultiPolygon", "coordinates": [ [ [ [ 127.064973275691372, 37.406571619107375 ], [ 127.064960246054383, 37.408825005941942 ], [ 127.06778510577719, 37.408835366500234 ], [ 127.067798050814815, 37.406581978826559 ], [ 127.064973275691372, 37.406571619107375 ] ] ] ] } },
{ "type": "Feature", "properties": { "gid": "다사62ab37bb", "lbl": null, "val": null }, "geometry": { "type": "MultiPolygon", "coordinates": [ [ [ [ 127.073268614141583, 37.438149867811894 ], [ 127.07325581837479, 37.440403245039661 ], [ 127.076081867780843, 37.440413414650514 ], [ 127.07609457881577, 37.438160036599356 ], [ 127.073268614141583, 37.438149867811894 ] ] ] ] } },
{ "type": "Feature", "properties": { "gid": "다사61ab33ba", "lbl": null, "val": null }, "geometry": { "type": "MultiPolygon", "coordinates": [ [ [ [ 127.062187835968501, 37.399801028744442 ], [ 127.062174726111408, 37.402054417329047 ], [ 127.064999330614185, 37.402064842843735 ], [ 127.065012355900336, 37.399811453414685 ], [ 127.062187835968501, 37.399801028744442 ] ] ] ] } },
{ "type": "Feature", "properties": { "gid": "다사67bb36aa", "lbl": null, "val": null }, "geometry": { "type": "MultiPolygon", "coordinates": [ [ [ [ 127.135516636677053, 37.422584191539059 ], [ 127.135505713563646, 37.424837591665138 ], [ 127.138331198977966, 37.424846269859778 ], [ 127.138342037422134, 37.42259286903095 ], [ 127.135516636677053, 37.422584191539059 ] ] ] ] } },
{ "type": "Feature", "properties": { "gid": "다사62ba31ab", "lbl": null, "val": null }, "geometry": { "type": "MultiPolygon", "coordinates": [ [ [ [ 127.076424569504923, 37.379571903740043 ], [ 127.076411895209006, 37.381825304272851 ], [ 127.079235746060817, 37.381835385066452 ], [ 127.079248335869607, 37.379581983716967 ], [ 127.076424569504923, 37.379571903740043 ] ] ] ] } },
{ "type": "Feature", "properties": { "gid": "다사61aa33bb", "lbl": null, "val": null }, "geometry": { "type": "MultiPolygon", "coordinates": [ [ [ [ 127.059350123068143, 37.402043924340909 ], [ 127.059336927171287, 37.404297311210719 ], [ 127.062161614794761, 37.404307805048802 ], [ 127.062174726111408, 37.402054417329047 ], [ 127.059350123068143, 37.402043924340909 ] ] ] ] } },
{ "type": "Feature", "properties": { "gid": "다사66aa40ab", "lbl": null, "val": null }, "geometry": { "type": "MultiPolygon", "coordinates": [ [ [ [ 127.115542923065178, 37.460829156770373 ], [ 127.115531385454133, 37.463082537130994 ], [ 127.118358302960047, 37.463091700642828 ], [ 127.118369755742478, 37.460838319540422 ], [ 127.115542923065178, 37.460829156770373 ] ] ] ] } },
{ "type": "Feature", "properties": { "gid": "다사65ba37ba", "lbl": null, "val": null }, "geometry": { "type": "MultiPolygon", "coordinates": [ [ [ [ 127.110017955525493, 37.436023403855089 ], [ 127.110006262587234, 37.438276792224627 ], [ 127.112832244922132, 37.438286082704991 ], [ 127.112843853135928, 37.436032693583222 ], [ 127.110017955525493, 37.436023403855089 ] ] ] ] } },
{ "type": "Feature", "properties": { "gid": "다사62bb30bb", "lbl": null, "val": null }, "geometry": { "type": "MultiPolygon", "coordinates": [ [ [ [ 127.079273511283134, 37.375075178424908 ], [ 127.07926092427698, 37.377328581503114 ], [ 127.082084607565179, 37.377338593249426 ], [ 127.08209711010285, 37.375085189360099 ], [ 127.079273511283134, 37.375075178424908 ] ] ] ] } },
{ "type": "Feature", "properties": { "gid": "다사63ab36ab", "lbl": null, "val": null }, "geometry": { "type": "MultiPolygon", "coordinates": [ [ [ [ 127.084647193204461, 37.424669836501984 ], [ 127.084634744684479, 37.426923222178807 ], [ 127.087460291441488, 37.426933116712902 ], [ 127.087472655285552, 37.42467973023485 ], [ 127.084647193204461, 37.424669836501984 ] ] ] ] } },
{ "type": "Feature", "properties": { "gid": "다사64ba35aa", "lbl": null, "val": null }, "geometry": { "type": "MultiPolygon", "coordinates": [ [ [ [ 127.098834622896135, 37.413451668767244 ], [ 127.098822604449353, 37.41570506271745 ], [ 127.101647734705651, 37.415714615708872 ], [ 127.101659668522828, 37.413461220985027 ], [ 127.098834622896135, 37.413451668767244 ] ] ] ] } },
{ "type": "Feature", "properties": { "gid": "다사65aa37bb", "lbl": null, "val": null }, "geometry": { "type": "MultiPolygon", "coordinates": [ [ [ [ 127.104354301832572, 37.43825800857595 ], [ 127.104342438125016, 37.440511394560154 ], [ 127.107168502580265, 37.440520820929009 ], [ 127.107180281554221, 37.438267434181576 ], [ 127.104354301832572, 37.43825800857595 ] ] ] ] } },
{ "type": "Feature", "properties": { "gid": "다사60aa30aa", "lbl": null, "val": null }, "geometry": { "type": "MultiPolygon", "coordinates": [ [ [ [ 127.048254558224016, 37.368200422621648 ], [ 127.048241046588643, 37.370453819011814 ], [ 127.051064460574466, 37.370464569692849 ], [ 127.051077887771427, 37.368211172431664 ], [ 127.048254558224016, 37.368200422621648 ] ] ] ] } },
{ "type": "Feature", "properties": { "gid": "다사64ba37bb", "lbl": null, "val": null }, "geometry": { "type": "MultiPolygon", "coordinates": [ [ [ [ 127.098702346361065, 37.438238954677317 ], [ 127.098690313186765, 37.440492339118684 ], [ 127.101516374990695, 37.440501900623353 ], [ 127.101528323431722, 37.438248515407821 ], [ 127.098702346361065, 37.438238954677317 ] ] ] ] } },
{ "type": "Feature", "properties": { "gid": "다사64ab38aa", "lbl": null, "val": null }, "geometry": { "type": "MultiPolygon", "coordinates": [ [ [ [ 127.095864252722635, 37.440482710046275 ], [ 127.095852133465939, 37.442736092843411 ], [ 127.098678278672637, 37.442745722695499 ], [ 127.098690313186765, 37.440492339118684 ], [ 127.095864252722635, 37.440482710046275 ] ] ] ] } },
{ "type": "Feature", "properties": { "gid": "다사68aa40ab", "lbl": null, "val": null }, "geometry": { "type": "MultiPolygon", "coordinates": [ [ [ [ 127.138157619658131, 37.46090056563034 ], [ 127.138146760680087, 37.463153951771886 ], [ 127.14097368812368, 37.463162574295836 ], [ 127.140984462271945, 37.460909187456309 ], [ 127.138157619658131, 37.46090056563034 ] ] ] ] } },
{ "type": "Feature", "properties": { "gid": "다사64bb38ab", "lbl": null, "val": null }, "geometry": { "type": "MultiPolygon", "coordinates": [ [ [ [ 127.101504425219304, 37.442755284974368 ], [ 127.101492474117379, 37.445008668460865 ], [ 127.104318706746909, 37.445018163935188 ], [ 127.104330573096519, 37.442764779679905 ], [ 127.101504425219304, 37.442755284974368 ] ] ] ] } },
{ "type": "Feature", "properties": { "gid": "다사64bb30aa", "lbl": null, "val": null }, "geometry": { "type": "MultiPolygon", "coordinates": [ [ [ [ 127.10189806608814, 37.368393145032563 ], [ 127.101886158811411, 37.370646557038604 ], [ 127.104709599589981, 37.370656027167151 ], [ 127.104721422425115, 37.368402614393808 ], [ 127.10189806608814, 37.368393145032563 ] ] ] ] } },
{ "type": "Feature", "properties": { "gid": "다사67aa36aa", "lbl": null, "val": null }, "geometry": { "type": "MultiPolygon", "coordinates": [ [ [ [ 127.127040441775648, 37.422557753912365 ], [ 127.127029264655391, 37.42481115189738 ], [ 127.129854746392922, 37.424820032683854 ], [ 127.129865838844381, 37.422566633979677 ], [ 127.127040441775648, 37.422557753912365 ] ] ] ] } },
{ "type": "Feature", "properties": { "gid": "다사59bb35ba", "lbl": null, "val": null }, "geometry": { "type": "MultiPolygon", "coordinates": [ [ [ [ 127.045131766660873, 37.417764106899554 ], [ 127.045118137248465, 37.420017483381017 ], [ 127.047943409751241, 37.42002832075439 ], [ 127.047956954518369, 37.417774943395315 ], [ 127.045131766660873, 37.417764106899554 ] ] ] ] } },
{ "type": "Feature", "properties": { "gid": "다사63bb35bb", "lbl": null, "val": null }, "geometry": { "type": "MultiPolygon", "coordinates": [ [ [ [ 127.090322672978203, 37.420182779297356 ], [ 127.090310396544041, 37.422436168300273 ], [ 127.093135776701715, 37.42244592618465 ], [ 127.093147968478505, 37.420192536391532 ], [ 127.090322672978203, 37.420182779297356 ] ] ] ] } },
{ "type": "Feature", "properties": { "gid": "다사63aa35bb", "lbl": null, "val": null }, "geometry": { "type": "MultiPolygon", "coordinates": [ [ [ [ 127.081846794715048, 37.420153102905793 ], [ 127.081834264309677, 37.422406489505306 ], [ 127.084659640338586, 37.422416449960494 ], [ 127.084672086087068, 37.420163062554373 ], [ 127.081846794715048, 37.420153102905793 ] ] ] ] } },
{ "type": "Feature", "properties": { "gid": "다사71ab41ab", "lbl": null, "val": null }, "geometry": { "type": "MultiPolygon", "coordinates": [ [ [ [ 127.174867633263005, 37.470020949078112 ], [ 127.174857872736538, 37.472274340411929 ], [ 127.177685154460107, 37.472282086326224 ], [ 127.177694830117261, 37.470028694365432 ], [ 127.174867633263005, 37.470020949078112 ] ] ] ] } },
{ "type": "Feature", "properties": { "gid": "다사63aa31aa", "lbl": null, "val": null }, "geometry": { "type": "MultiPolygon", "coordinates": [ [ [ [ 127.082084607565179, 37.377338593249426 ], [ 127.082072103635682, 37.379591996274435 ], [ 127.084895872793766, 37.379601941412353 ], [ 127.084908292245217, 37.377348537581639 ], [ 127.082084607565179, 37.377338593249426 ] ] ] ] } },
{ "type": "Feature", "properties": { "gid": "다사70ab33bb", "lbl": null, "val": null }, "geometry": { "type": "MultiPolygon", "coordinates": [ [ [ [ 127.163861334563649, 37.402387226787859 ], [ 127.163851268239981, 37.404640641465619 ], [ 127.166676003601324, 37.404648638517209 ], [ 127.1666859853392, 37.402395223191718 ], [ 127.163861334563649, 37.402387226787859 ] ] ] ] } },
{ "type": "Feature", "properties": { "gid": "다사60ba34ab", "lbl": null, "val": null }, "geometry": { "type": "MultiPolygon", "coordinates": [ [ [ [ 127.053674189796396, 37.406529505386743 ], [ 127.053660821763586, 37.408782888810208 ], [ 127.056485675627371, 37.408793519327695 ], [ 127.056498959061514, 37.406540135043272 ], [ 127.053674189796396, 37.406529505386743 ] ] ] ] } },
{ "type": "Feature", "properties": { "gid": "다사64ab35aa", "lbl": null, "val": null }, "geometry": { "type": "MultiPolygon", "coordinates": [ [ [ [ 127.096009578607379, 37.41344204904734 ], [ 127.095997475531149, 37.415695442218421 ], [ 127.098822604449353, 37.41570506271745 ], [ 127.098834622896135, 37.413451668767244 ], [ 127.096009578607379, 37.41344204904734 ] ] ] ] } },
{ "type": "Feature", "properties": { "gid": "다사72ba39bb", "lbl": null, "val": null }, "geometry": { "type": "MultiPolygon", "coordinates": [ [ [ [ 127.1890596234594, 37.456538614483847 ], [ 127.189050293515891, 37.458792014078391 ], [ 127.191877071454158, 37.458799418160417 ], [ 127.191886316584402, 37.456546017966502 ], [ 127.1890596234594, 37.456538614483847 ] ] ] ] } },
{ "type": "Feature", "properties": { "gid": "다사71aa36ba", "lbl": null, "val": null }, "geometry": { "type": "MultiPolygon", "coordinates": [ [ [ [ 127.172227291883175, 37.427198548740684 ], [ 127.172217467293137, 37.429451955849288 ], [ 127.175043137030073, 37.42945975740033 ], [ 127.175052876930252, 37.42720634965999 ], [ 127.172227291883175, 37.427198548740684 ] ] ] ] } },
{ "type": "Feature", "properties": { "gid": "다사67bb27ab", "lbl": null, "val": null }, "geometry": { "type": "MultiPolygon", "coordinates": [ [ [ [ 127.135898180569114, 37.34371464304111 ], [ 127.135887299931809, 37.345968073390488 ], [ 127.138709827523883, 37.345976727013479 ], [ 127.1387206238212, 37.34372329596281 ], [ 127.135898180569114, 37.34371464304111 ] ] ] ] } },
{ "type": "Feature", "properties": { "gid": "다사69bb31bb", "lbl": null, "val": null }, "geometry": { "type": "MultiPolygon", "coordinates": [ [ [ [ 127.158293879335147, 37.384343693543158 ], [ 127.158283652951823, 37.386597113815348 ], [ 127.16110770964157, 37.386605240563426 ], [ 127.161117851514632, 37.384351819632897 ], [ 127.158293879335147, 37.384343693543158 ] ] ] ] } },
{ "type": "Feature", "properties": { "gid": "다사71aa35aa", "lbl": null, "val": null }, "geometry": { "type": "MultiPolygon", "coordinates": [ [ [ [ 127.172286216459142, 37.413678087959156 ], [ 127.172276398429688, 37.415931500247638 ], [ 127.175101560168926, 37.41593929800883 ], [ 127.175111293565109, 37.413685885088846 ], [ 127.172286216459142, 37.413678087959156 ] ] ] ] } },
{ "type": "Feature", "properties": { "gid": "다사62bb38aa", "lbl": null, "val": null }, "geometry": { "type": "MultiPolygon", "coordinates": [ [ [ [ 127.078907918602141, 37.440423516694423 ], [ 127.078895290893371, 37.442676894698614 ], [ 127.081721427862135, 37.442686929987978 ], [ 127.081733970829319, 37.440433551171274 ], [ 127.078907918602141, 37.440423516694423 ] ] ] ] } },
{ "type": "Feature", "properties": { "gid": "다사63aa38aa", "lbl": null, "val": null }, "geometry": { "type": "MultiPolygon", "coordinates": [ [ [ [ 127.081733970829319, 37.440433551171274 ], [ 127.081721427862135, 37.442686929987978 ], [ 127.084547566227485, 37.442696897704721 ], [ 127.084560024452898, 37.44044351808099 ], [ 127.081733970829319, 37.440433551171274 ] ] ] ] } },
{ "type": "Feature", "properties": { "gid": "다사70ab32ba", "lbl": null, "val": null }, "geometry": { "type": "MultiPolygon", "coordinates": [ [ [ [ 127.163911649375905, 37.39112014045034 ], [ 127.163901588653843, 37.393373559444278 ], [ 127.1667259011803, 37.393381553257626 ], [ 127.166735877363607, 37.391128133616164 ], [ 127.163911649375905, 37.39112014045034 ] ] ] ] } },
{ "type": "Feature", "properties": { "gid": "다사71aa36ab", "lbl": null, "val": null }, "geometry": { "type": "MultiPolygon", "coordinates": [ [ [ [ 127.172237115379446, 37.424945140768713 ], [ 127.172227291883175, 37.427198548740684 ], [ 127.175052876930252, 37.42720634965999 ], [ 127.175062615746114, 37.424952941056318 ], [ 127.172237115379446, 37.424945140768713 ] ] ] ] } },
{ "type": "Feature", "properties": { "gid": "다사71aa33bb", "lbl": null, "val": null }, "geometry": { "type": "MultiPolygon", "coordinates": [ [ [ [ 127.172335290214392, 37.402411013568411 ], [ 127.172325477648513, 37.404664430172943 ], [ 127.175150216315515, 37.404672224776952 ], [ 127.175159944295174, 37.402418807541089 ], [ 127.172335290214392, 37.402411013568411 ] ] ] ] } },
{ "type": "Feature", "properties": { "gid": "다사65ab34ba", "lbl": null, "val": null }, "geometry": { "type": "MultiPolygon", "coordinates": [ [ [ [ 127.107333288938506, 37.408973327811637 ], [ 127.107321527000153, 37.411226725794791 ], [ 127.110146491963434, 37.411236074748352 ], [ 127.110158169290585, 37.408982676008044 ], [ 127.107333288938506, 37.408973327811637 ] ] ] ] } },
{ "type": "Feature", "properties": { "gid": "다사59ba32bb", "lbl": null, "val": null }, "geometry": { "type": "MultiPolygon", "coordinates": [ [ [ [ 127.042457334231216, 37.392966014201967 ], [ 127.042443636957444, 37.39521939931813 ], [ 127.045267977364801, 37.395230294496834 ], [ 127.045281590097062, 37.392976908498149 ], [ 127.042457334231216, 37.392966014201967 ] ] ] ] } },
{ "type": "Feature", "properties": { "gid": "다사62aa31ab", "lbl": null, "val": null }, "geometry": { "type": "MultiPolygon", "coordinates": [ [ [ [ 127.070777041017379, 37.379551541528237 ], [ 127.070764197747735, 37.381804940411307 ], [ 127.073588045768176, 37.381815156054436 ], [ 127.073600804551049, 37.379561756343762 ], [ 127.070777041017379, 37.379551541528237 ] ] ] ] } },
{ "type": "Feature", "properties": { "gid": "다사69aa35bb", "lbl": null, "val": null }, "geometry": { "type": "MultiPolygon", "coordinates": [ [ [ [ 127.149654150971173, 37.420373499295579 ], [ 127.149643652374223, 37.422626903744366 ], [ 127.152469059058035, 37.422635243608752 ], [ 127.1524794729945, 37.420381838484602 ], [ 127.149654150971173, 37.420373499295579 ] ] ] ] } },
{ "type": "Feature", "properties": { "gid": "다사72ba38bb", "lbl": null, "val": null }, "geometry": { "type": "MultiPolygon", "coordinates": [ [ [ [ 127.189096932846951, 37.447525007472159 ], [ 127.1890876070578, 37.449778410520082 ], [ 127.191914045799692, 37.449785812204816 ], [ 127.191923286813392, 37.447532408557656 ], [ 127.189096932846951, 37.447525007472159 ] ] ] ] } },
{ "type": "Feature", "properties": { "gid": "다사63ba33aa", "lbl": null, "val": null }, "geometry": { "type": "MultiPolygon", "coordinates": [ [ [ [ 127.087633260063413, 37.395385627347508 ], [ 127.087620914100128, 37.397639025064038 ], [ 127.090445362179565, 37.397648841722393 ], [ 127.090457623589202, 37.395395443210717 ], [ 127.087633260063413, 37.395385627347508 ] ] ] ] } },
{ "type": "Feature", "properties": { "gid": "다사60ab33ba", "lbl": null, "val": null }, "geometry": { "type": "MultiPolygon", "coordinates": [ [ [ [ 127.050889770928933, 37.399758655384566 ], [ 127.050876322789705, 37.402012040536825 ], [ 127.053700921397876, 37.402022735944691 ], [ 127.053714284966844, 37.399769349926146 ], [ 127.050889770928933, 37.399758655384566 ] ] ] ] } },
{ "type": "Feature", "properties": { "gid": "다사64ab27aa", "lbl": null, "val": null }, "geometry": { "type": "MultiPolygon", "coordinates": [ [ [ [ 127.096396166510033, 37.341333011282849 ], [ 127.09638410647058, 37.343586432104807 ], [ 127.09920653191385, 37.343596027694652 ], [ 127.099218507624769, 37.34134260609504 ], [ 127.096396166510033, 37.341333011282849 ] ] ] ] } },
{ "type": "Feature", "properties": { "gid": "다사71bb39ba", "lbl": null, "val": null }, "geometry": { "type": "MultiPolygon", "coordinates": [ [ [ [ 127.180589133670125, 37.454262599755864 ], [ 127.180579550354707, 37.456515998382883 ], [ 127.183406240335088, 37.456523604691959 ], [ 127.183415738847103, 37.454270205449163 ], [ 127.180589133670125, 37.454262599755864 ] ] ] ] } },
{ "type": "Feature", "properties": { "gid": "다사63aa36bb", "lbl": null, "val": null }, "geometry": { "type": "MultiPolygon", "coordinates": [ [ [ [ 127.081796664722305, 37.429166644115675 ], [ 127.081784128735535, 37.431420027256351 ], [ 127.084609843486376, 37.431429990938426 ], [ 127.084622294778498, 37.429176606990964 ], [ 127.081796664722305, 37.429166644115675 ] ] ] ] } },
{ "type": "Feature", "properties": { "gid": "다사68aa39bb", "lbl": null, "val": null }, "geometry": { "type": "MultiPolygon", "coordinates": [ [ [ [ 127.13817933398731, 37.456393790754923 ], [ 127.138168477427143, 37.45864717862468 ], [ 127.140995235220643, 37.458655799752698 ], [ 127.141006006969903, 37.45640241118506 ], [ 127.13817933398731, 37.456393790754923 ] ] ] ] } },
{ "type": "Feature", "properties": { "gid": "다사61aa36ba", "lbl": null, "val": null }, "geometry": { "type": "MultiPolygon", "coordinates": [ [ [ [ 127.059204887372687, 37.42683113233479 ], [ 127.059191675306025, 37.429084509689375 ], [ 127.062017293933479, 37.429095012880126 ], [ 127.062030421316294, 37.426841634675057 ], [ 127.059204887372687, 37.42683113233479 ] ] ] ] } },
{ "type": "Feature", "properties": { "gid": "다사69ab31aa", "lbl": null, "val": null }, "geometry": { "type": "MultiPolygon", "coordinates": [ [ [ [ 127.152677117668418, 37.377566977067744 ], [ 127.152666725736097, 37.379820398596642 ], [ 127.155490526637735, 37.379828658213917 ], [ 127.155500834088301, 37.377575236015865 ], [ 127.152677117668418, 37.377566977067744 ] ] ] ] } },
{ "type": "Feature", "properties": { "gid": "다사71ab40ab", "lbl": null, "val": null }, "geometry": { "type": "MultiPolygon", "coordinates": [ [ [ [ 127.174906664502672, 37.461007375106384 ], [ 127.174896908322424, 37.463260769894745 ], [ 127.177723850625441, 37.463268513301379 ], [ 127.177733521974162, 37.461015117886205 ], [ 127.174906664502672, 37.461007375106384 ] ] ] ] } },
{ "type": "Feature", "properties": { "gid": "다사63ab30bb", "lbl": null, "val": null }, "geometry": { "type": "MultiPolygon", "coordinates": [ [ [ [ 127.084920710314236, 37.375095132886649 ], [ 127.084908292245217, 37.377348537581639 ], [ 127.087731978307701, 37.377358414499646 ], [ 127.087744311907912, 37.375105009004479 ], [ 127.084920710314236, 37.375095132886649 ] ] ] ] } },
{ "type": "Feature", "properties": { "gid": "다사63ba35bb", "lbl": null, "val": null }, "geometry": { "type": "MultiPolygon", "coordinates": [ [ [ [ 127.087497378844574, 37.420172954684929 ], [ 127.08748501775321, 37.422426342892187 ], [ 127.090310396544041, 37.422436168300273 ], [ 127.090322672978203, 37.420182779297356 ], [ 127.087497378844574, 37.420172954684929 ] ] ] ] } },
{ "type": "Feature", "properties": { "gid": "다사64bb34ab", "lbl": null, "val": null }, "geometry": { "type": "MultiPolygon", "coordinates": [ [ [ [ 127.101695462004002, 37.40670103162779 ], [ 127.101683532171862, 37.408954428944455 ], [ 127.104508409895814, 37.408963912123752 ], [ 127.104520255126459, 37.406710514039027 ], [ 127.101695462004002, 37.40670103162779 ] ] ] ] } },
{ "type": "Feature", "properties": { "gid": "다사69aa30ba", "lbl": null, "val": null }, "geometry": { "type": "MultiPolygon", "coordinates": [ [ [ [ 127.14987435173488, 37.373051806404817 ], [ 127.14986387765309, 37.375305228985617 ], [ 127.152687508444004, 37.375313554675628 ], [ 127.152697898062954, 37.373060131420296 ], [ 127.14987435173488, 37.373051806404817 ] ] ] ] } },
{ "type": "Feature", "properties": { "gid": "다사61ba35ab", "lbl": null, "val": null }, "geometry": { "type": "MultiPolygon", "coordinates": [ [ [ [ 127.064921148438884, 37.415585161256359 ], [ 127.064908112998339, 37.417838544631337 ], [ 127.067733311212876, 37.417848908546588 ], [ 127.067746262016357, 37.415595524332289 ], [ 127.064921148438884, 37.415585161256359 ] ] ] ] } },
{ "type": "Feature", "properties": { "gid": "다사60bb36bb", "lbl": null, "val": null }, "geometry": { "type": "MultiPolygon", "coordinates": [ [ [ [ 127.056366058149564, 37.429073938959661 ], [ 127.056352759918795, 37.431327314593105 ], [ 127.05917846176834, 37.431337886178831 ], [ 127.059191675306025, 37.429084509689375 ], [ 127.056366058149564, 37.429073938959661 ] ] ] ] } },
{ "type": "Feature", "properties": { "gid": "다사71ba35bb", "lbl": null, "val": null }, "geometry": { "type": "MultiPolygon", "coordinates": [ [ [ [ 127.177907422243436, 37.420453852762471 ], [ 127.177897770257502, 37.422707263718884 ], [ 127.180723188111884, 37.422714928321895 ], [ 127.180732755435983, 37.420461516744794 ], [ 127.177907422243436, 37.420453852762471 ] ] ] ] } },
{ "type": "Feature", "properties": { "gid": "다사59bb32ab", "lbl": null, "val": null }, "geometry": { "type": "MultiPolygon", "coordinates": [ [ [ [ 127.045308811015857, 37.388470133905528 ], [ 127.045295201314033, 37.390723521634385 ], [ 127.048119374162894, 37.390734347602603 ], [ 127.048132899341866, 37.388480958996794 ], [ 127.045308811015857, 37.388470133905528 ] ] ] ] } },
{ "type": "Feature", "properties": { "gid": "다사70bb36ba", "lbl": null, "val": null }, "geometry": { "type": "MultiPolygon", "coordinates": [ [ [ [ 127.169401707929879, 37.427190680284106 ], [ 127.169391798650111, 37.429444086755495 ], [ 127.172217467293137, 37.429451955849288 ], [ 127.172227291883175, 37.427198548740684 ], [ 127.169401707929879, 37.427190680284106 ] ] ] ] } },
{ "type": "Feature", "properties": { "gid": "다사65ab34aa", "lbl": null, "val": null }, "geometry": { "type": "MultiPolygon", "coordinates": [ [ [ [ 127.107356808887332, 37.4044665292529 ], [ 127.107345049567513, 37.406719928964343 ], [ 127.110169845317785, 37.406729276403617 ], [ 127.110181520045202, 37.404475875935098 ], [ 127.107356808887332, 37.4044665292529 ] ] ] ] } },
{ "type": "Feature", "properties": { "gid": "다사67ba36ab", "lbl": null, "val": null }, "geometry": { "type": "MultiPolygon", "coordinates": [ [ [ [ 127.132680229365491, 37.424828845939793 ], [ 127.132669220357371, 37.427082244493775 ], [ 127.135494789234059, 37.427090990927368 ], [ 127.135505713563646, 37.424837591665138 ], [ 127.132680229365491, 37.424828845939793 ] ] ] ] } },
{ "type": "Feature", "properties": { "gid": "다사63ab36ba", "lbl": null, "val": null }, "geometry": { "type": "MultiPolygon", "coordinates": [ [ [ [ 127.084634744684479, 37.426923222178807 ], [ 127.084622294778498, 37.429176606990964 ], [ 127.087447926220875, 37.429186502326331 ], [ 127.087460291441488, 37.426933116712902 ], [ 127.084634744684479, 37.426923222178807 ] ] ] ] } },
{ "type": "Feature", "properties": { "gid": "다사62bb34ab", "lbl": null, "val": null }, "geometry": { "type": "MultiPolygon", "coordinates": [ [ [ [ 127.079097165624788, 37.406622742856214 ], [ 127.079084558986381, 37.408876133831676 ], [ 127.081909425821081, 37.408886156938564 ], [ 127.081921947859286, 37.406632765151322 ], [ 127.079097165624788, 37.406622742856214 ] ] ] ] } },
{ "type": "Feature", "properties": { "gid": "다사70bb32ba", "lbl": null, "val": null }, "geometry": { "type": "MultiPolygon", "coordinates": [ [ [ [ 127.169560106461859, 37.391136059332325 ], [ 127.16955021481742, 37.393389479615863 ], [ 127.172374529555768, 37.393397338518895 ], [ 127.172384336661224, 37.391143917598761 ], [ 127.169560106461859, 37.391136059332325 ] ] ] ] } },
{ "type": "Feature", "properties": { "gid": "다사70bb41aa", "lbl": null, "val": null }, "geometry": { "type": "MultiPolygon", "coordinates": [ [ [ [ 127.169223171983205, 37.467751864652357 ], [ 127.169213242824171, 37.470005255579551 ], [ 127.172040437495482, 37.470013136149454 ], [ 127.172050281794924, 37.467759744584384 ], [ 127.169223171983205, 37.467751864652357 ] ] ] ] } },
{ "type": "Feature", "properties": { "gid": "다사66ab34ba", "lbl": null, "val": null }, "geometry": { "type": "MultiPolygon", "coordinates": [ [ [ [ 127.118632818108736, 37.409010315647308 ], [ 127.118621394616156, 37.411263716626323 ], [ 127.121446364723283, 37.411272795591081 ], [ 127.121457703604023, 37.409019393876761 ], [ 127.118632818108736, 37.409010315647308 ] ] ] ] } },
{ "type": "Feature", "properties": { "gid": "다사62ba31bb", "lbl": null, "val": null }, "geometry": { "type": "MultiPolygon", "coordinates": [ [ [ [ 127.076399219502164, 37.384078703941206 ], [ 127.076386542384157, 37.386332102745108 ], [ 127.079210562238416, 37.386342185172182 ], [ 127.079223154850482, 37.384088785551533 ], [ 127.076399219502164, 37.384078703941206 ] ] ] ] } },
{ "type": "Feature", "properties": { "gid": "다사59ba36ab", "lbl": null, "val": null }, "geometry": { "type": "MultiPolygon", "coordinates": [ [ [ [ 127.042265433567295, 37.424513327091695 ], [ 127.042251714928653, 37.426766700093893 ], [ 127.045077239905794, 37.426777607633412 ], [ 127.045090873871104, 37.424524233747945 ], [ 127.042265433567295, 37.424513327091695 ] ] ] ] } },
{ "type": "Feature", "properties": { "gid": "다사59ab33aa", "lbl": null, "val": null }, "geometry": { "type": "MultiPolygon", "coordinates": [ [ [ [ 127.039619298074982, 37.395208436683134 ], [ 127.039605514725579, 37.397461820046082 ], [ 127.042429938158776, 37.397472783569121 ], [ 127.042443636957444, 37.39521939931813 ], [ 127.039619298074982, 37.395208436683134 ] ] ] ] } },
{ "type": "Feature", "properties": { "gid": "다사58aa30bb", "lbl": null, "val": null }, "geometry": { "type": "MultiPolygon", "coordinates": [ [ [ [ 127.025625410629928, 37.374872163156212 ], [ 127.025611218755145, 37.377125549785667 ], [ 127.028434873812003, 37.377136842379471 ], [ 127.028448981221615, 37.374883454835135 ], [ 127.025625410629928, 37.374872163156212 ] ] ] ] } },
{ "type": "Feature", "properties": { "gid": "다사59aa31ab", "lbl": null, "val": null }, "geometry": { "type": "MultiPolygon", "coordinates": [ [ [ [ 127.036891992812599, 37.379423705079354 ], [ 127.036878135714858, 37.38167709360529 ], [ 127.039701965957249, 37.381688118336527 ], [ 127.039715738570266, 37.37943472891746 ], [ 127.036891992812599, 37.379423705079354 ] ] ] ] } },
{ "type": "Feature", "properties": { "gid": "다사63bb29ba", "lbl": null, "val": null }, "geometry": { "type": "MultiPolygon", "coordinates": [ [ [ [ 127.09062914008193, 37.363847773302012 ], [ 127.090616897766424, 37.366101183912505 ], [ 127.093440164313918, 37.366110922055917 ], [ 127.093452322207327, 37.363857510656416 ], [ 127.09062914008193, 37.363847773302012 ] ] ] ] } },
{ "type": "Feature", "properties": { "gid": "다사66ba34ba", "lbl": null, "val": null }, "geometry": { "type": "MultiPolygon", "coordinates": [ [ [ [ 127.121457703604023, 37.409019393876761 ], [ 127.121446364723283, 37.411272795591081 ], [ 127.124271336092804, 37.411281807058415 ], [ 127.124282590361574, 37.409028404614261 ], [ 127.121457703604023, 37.409019393876761 ] ] ] ] } },
{ "type": "Feature", "properties": { "gid": "다사60ab32ab", "lbl": null, "val": null }, "geometry": { "type": "MultiPolygon", "coordinates": [ [ [ [ 127.050956989173415, 37.388491716647941 ], [ 127.050943548517523, 37.390745106125237 ], [ 127.053767724368441, 37.390755797202189 ], [ 127.053781080501139, 37.388502406858855 ], [ 127.050956989173415, 37.388491716647941 ] ] ] ] } },
{ "type": "Feature", "properties": { "gid": "다사70ba36aa", "lbl": null, "val": null }, "geometry": { "type": "MultiPolygon", "coordinates": [ [ [ [ 127.166596109680697, 37.42267593004258 ], [ 127.166586117936433, 37.424929337598144 ], [ 127.16941161610643, 37.4249372729493 ], [ 127.169421523179949, 37.422683864751129 ], [ 127.166596109680697, 37.42267593004258 ] ] ] ] } },
{ "type": "Feature", "properties": { "gid": "다사64bb35ab", "lbl": null, "val": null }, "geometry": { "type": "MultiPolygon", "coordinates": [ [ [ [ 127.101647734705651, 37.415714615708872 ], [ 127.101635799559773, 37.417968009568447 ], [ 127.104461015783883, 37.417977495820402 ], [ 127.104472866290578, 37.415724101192602 ], [ 127.101647734705651, 37.415714615708872 ] ] ] ] } },
{ "type": "Feature", "properties": { "gid": "다사64ba34ab", "lbl": null, "val": null }, "geometry": { "type": "MultiPolygon", "coordinates": [ [ [ [ 127.098870670209607, 37.406691481730718 ], [ 127.098858655776127, 37.408944878273864 ], [ 127.101683532171862, 37.408954428944455 ], [ 127.101695462004002, 37.40670103162779 ], [ 127.098870670209607, 37.406691481730718 ] ] ] ] } },
{ "type": "Feature", "properties": { "gid": "다사63aa33ab", "lbl": null, "val": null }, "geometry": { "type": "MultiPolygon", "coordinates": [ [ [ [ 127.081972022074112, 37.397619189357009 ], [ 127.081959505610754, 37.399872584602363 ], [ 127.08478403549455, 37.39988253699368 ], [ 127.084796467395179, 37.397629140942207 ], [ 127.081972022074112, 37.397619189357009 ] ] ] ] } },
{ "type": "Feature", "properties": { "gid": "다사69ab40aa", "lbl": null, "val": null }, "geometry": { "type": "MultiPolygon", "coordinates": [ [ [ [ 127.152302278294385, 37.458689608134456 ], [ 127.152291844628408, 37.460942998575092 ], [ 127.155118693145624, 37.460951282308081 ], [ 127.155129041990548, 37.458697891196877 ], [ 127.152302278294385, 37.458689608134456 ] ] ] ] } },
{ "type": "Feature", "properties": { "gid": "다사70aa41ab", "lbl": null, "val": null }, "geometry": { "type": "MultiPolygon", "coordinates": [ [ [ [ 127.160731665481819, 37.469981208023128 ], [ 127.160721480610746, 37.47223459613997 ], [ 127.163548756805469, 37.472242680287486 ], [ 127.163558856807867, 37.469989291516313 ], [ 127.160731665481819, 37.469981208023128 ] ] ] ] } },
{ "type": "Feature", "properties": { "gid": "다사64ab38ab", "lbl": null, "val": null }, "geometry": { "type": "MultiPolygon", "coordinates": [ [ [ [ 127.095852133465939, 37.442736092843411 ], [ 127.095840012859824, 37.444989474775937 ], [ 127.098666242818524, 37.444999105407753 ], [ 127.098678278672637, 37.442745722695499 ], [ 127.095852133465939, 37.442736092843411 ] ] ] ] } },
{ "type": "Feature", "properties": { "gid": "다사69ba36ab", "lbl": null, "val": null }, "geometry": { "type": "MultiPolygon", "coordinates": [ [ [ [ 127.155284136475473, 37.424896920877885 ], [ 127.155273804899451, 37.427150324944812 ], [ 127.158099383242615, 37.427158531086583 ], [ 127.158109630139009, 37.424905126355128 ], [ 127.155284136475473, 37.424896920877885 ] ] ] ] } },
{ "type": "Feature", "properties": { "gid": "다사68bb29ab", "lbl": null, "val": null }, "geometry": { "type": "MultiPolygon", "coordinates": [ [ [ [ 127.147103581668489, 37.361776291531214 ], [ 127.14709302899908, 37.364029717748181 ], [ 127.149916236404522, 37.364038107449524 ], [ 127.14992670465827, 37.361784680552766 ], [ 127.147103581668489, 37.361776291531214 ] ] ] ] } },
{ "type": "Feature", "properties": { "gid": "다사65bb34bb", "lbl": null, "val": null }, "geometry": { "type": "MultiPolygon", "coordinates": [ [ [ [ 127.112971458226809, 37.411245356204859 ], [ 127.112959864220372, 37.413498754832787 ], [ 127.115784916395356, 37.413507969538429 ], [ 127.115796425780857, 37.411254570164218 ], [ 127.112971458226809, 37.411245356204859 ] ] ] ] } },
{ "type": "Feature", "properties": { "gid": "다사67ab28aa", "lbl": null, "val": null }, "geometry": { "type": "MultiPolygon", "coordinates": [ [ [ [ 127.130220146066762, 37.350457419396996 ], [ 127.130209093059534, 37.352710845737462 ], [ 127.13303187129533, 37.352719636176282 ], [ 127.133042839934674, 37.350466209123461 ], [ 127.130220146066762, 37.350457419396996 ] ] ] ] } },
{ "type": "Feature", "properties": { "gid": "다사70ab34aa", "lbl": null, "val": null }, "geometry": { "type": "MultiPolygon", "coordinates": [ [ [ [ 127.163851268239981, 37.404640641465619 ], [ 127.163841200795588, 37.406894055280098 ], [ 127.166666020752146, 37.406902052979447 ], [ 127.166676003601324, 37.404648638517209 ], [ 127.163851268239981, 37.404640641465619 ] ] ] ] } },
{ "type": "Feature", "properties": { "gid": "다사60ba35aa", "lbl": null, "val": null }, "geometry": { "type": "MultiPolygon", "coordinates": [ [ [ [ 127.053634081232843, 37.413289653061909 ], [ 127.05362070873457, 37.415543033890103 ], [ 127.056445816450974, 37.415553666990824 ], [ 127.056459104322272, 37.413300285301503 ], [ 127.053634081232843, 37.413289653061909 ] ] ] ] } },
{ "type": "Feature", "properties": { "gid": "다사69ba33aa", "lbl": null, "val": null }, "geometry": { "type": "MultiPolygon", "coordinates": [ [ [ [ 127.155418342346636, 37.395602589429579 ], [ 127.155408025712433, 37.397856004721483 ], [ 127.158232503955389, 37.397864202227659 ], [ 127.158242736032463, 37.395610786271746 ], [ 127.155418342346636, 37.395602589429579 ] ] ] ] } },
{ "type": "Feature", "properties": { "gid": "다사61bb35bb", "lbl": null, "val": null }, "geometry": { "type": "MultiPolygon", "coordinates": [ [ [ [ 127.067720358967506, 37.420102291895994 ], [ 127.067707405280089, 37.422355674380491 ], [ 127.07053277423924, 37.422365972451622 ], [ 127.070545643270592, 37.420112589133183 ], [ 127.067720358967506, 37.420102291895994 ] ] ] ] } },
{ "type": "Feature", "properties": { "gid": "다사62ba34bb", "lbl": null, "val": null }, "geometry": { "type": "MultiPolygon", "coordinates": [ [ [ [ 127.07624700090382, 37.411119432527833 ], [ 127.076234306839282, 37.413372820956681 ], [ 127.079059341498777, 37.413382913188705 ], [ 127.079071950944453, 37.411129523942513 ], [ 127.07624700090382, 37.411119432527833 ] ] ] ] } },
{ "type": "Feature", "properties": { "gid": "다사59ba35bb", "lbl": null, "val": null }, "geometry": { "type": "MultiPolygon", "coordinates": [ [ [ [ 127.042292866263111, 37.420006578491098 ], [ 127.042279150678738, 37.422259953224092 ], [ 127.045104506318566, 37.422270858997152 ], [ 127.045118137248465, 37.420017483381017 ], [ 127.042292866263111, 37.420006578491098 ] ] ] ] } },
{ "type": "Feature", "properties": { "gid": "다사66ab31ab", "lbl": null, "val": null }, "geometry": { "type": "MultiPolygon", "coordinates": [ [ [ [ 127.11878120784344, 37.379716024304649 ], [ 127.118769800871092, 37.38196943651397 ], [ 127.121593671758816, 37.381978505923207 ], [ 127.121604994241707, 37.379725092979136 ], [ 127.11878120784344, 37.379716024304649 ] ] ] ] } },
{ "type": "Feature", "properties": { "gid": "다사69ab29bb", "lbl": null, "val": null }, "geometry": { "type": "MultiPolygon", "coordinates": [ [ [ [ 127.152729059981482, 37.366299856475237 ], [ 127.152718673831572, 37.368553282320079 ], [ 127.155542052418426, 37.36856153859199 ], [ 127.15555235413359, 37.366308112078187 ], [ 127.152729059981482, 37.366299856475237 ] ] ] ] } },
{ "type": "Feature", "properties": { "gid": "다사59aa33ba", "lbl": null, "val": null }, "geometry": { "type": "MultiPolygon", "coordinates": [ [ [ [ 127.036767223382981, 37.399704170665579 ], [ 127.036753352395024, 37.401957551404436 ], [ 127.039577943423069, 37.401968584176281 ], [ 127.039591729841646, 37.399715202543817 ], [ 127.036767223382981, 37.399704170665579 ] ] ] ] } },
{ "type": "Feature", "properties": { "gid": "다사67bb32bb", "lbl": null, "val": null }, "geometry": { "type": "MultiPolygon", "coordinates": [ [ [ [ 127.135658526545271, 37.393289911297657 ], [ 127.135647619229033, 37.395543322652166 ], [ 127.138472004678178, 37.395551991714271 ], [ 127.138482827447618, 37.393298579657561 ], [ 127.135658526545271, 37.393289911297657 ] ] ] ] } },
{ "type": "Feature", "properties": { "gid": "다사61aa35ba", "lbl": null, "val": null }, "geometry": { "type": "MultiPolygon", "coordinates": [ [ [ [ 127.059257720932607, 37.417817614265495 ], [ 127.059244514748301, 37.42007099508043 ], [ 127.062069794696924, 37.4200814948695 ], [ 127.062082916235113, 37.417828113204273 ], [ 127.059257720932607, 37.417817614265495 ] ] ] ] } },
{ "type": "Feature", "properties": { "gid": "다사58ba31ab", "lbl": null, "val": null }, "geometry": { "type": "MultiPolygon", "coordinates": [ [ [ [ 127.031244505934012, 37.379401455149761 ], [ 127.031230479867418, 37.381654841873036 ], [ 127.03405430701514, 37.381666001450746 ], [ 127.034068248597379, 37.379412613823419 ], [ 127.031244505934012, 37.379401455149761 ] ] ] ] } },
{ "type": "Feature", "properties": { "gid": "다사72aa38ab", "lbl": null, "val": null }, "geometry": { "type": "MultiPolygon", "coordinates": [ [ [ [ 127.183463215546681, 37.443003196284103 ], [ 127.183453722321062, 37.445256599843873 ], [ 127.186279989435675, 37.445264135493126 ], [ 127.186289397904901, 37.443010731323248 ], [ 127.183463215546681, 37.443003196284103 ] ] ] ] } },
{ "type": "Feature", "properties": { "gid": "다사60bb30ba", "lbl": null, "val": null }, "geometry": { "type": "MultiPolygon", "coordinates": [ [ [ [ 127.056698033225359, 37.372739266987374 ], [ 127.05668477195367, 37.374992664244829 ], [ 127.05950835930156, 37.375003214445364 ], [ 127.059521536115511, 37.372749816333162 ], [ 127.056698033225359, 37.372739266987374 ] ] ] ] } },
{ "type": "Feature", "properties": { "gid": "다사59bb30aa", "lbl": null, "val": null }, "geometry": { "type": "MultiPolygon", "coordinates": [ [ [ [ 127.045431230180569, 37.368189605420667 ], [ 127.04541763410694, 37.370443000934337 ], [ 127.048241046588643, 37.370453819011814 ], [ 127.048254558224016, 37.368200422621648 ], [ 127.045431230180569, 37.368189605420667 ] ] ] ] } },
{ "type": "Feature", "properties": { "gid": "다사63aa29ba", "lbl": null, "val": null }, "geometry": { "type": "MultiPolygon", "coordinates": [ [ [ [ 127.082159601919358, 37.363818156949378 ], [ 127.082147106338439, 37.366071565159999 ], [ 127.084970368769277, 37.366081505464429 ], [ 127.084982779928552, 37.363828096448401 ], [ 127.082159601919358, 37.363818156949378 ] ] ] ] } },
{ "type": "Feature", "properties": { "gid": "다사59bb36ba", "lbl": null, "val": null }, "geometry": { "type": "MultiPolygon", "coordinates": [ [ [ [ 127.045077239905794, 37.426777607633412 ], [ 127.045063604422509, 37.429030980653501 ], [ 127.047889215600605, 37.429041821537908 ], [ 127.047902766400924, 37.426788447639993 ], [ 127.045077239905794, 37.426777607633412 ] ] ] ] } },
{ "type": "Feature", "properties": { "gid": "다사63aa37bb", "lbl": null, "val": null }, "geometry": { "type": "MultiPolygon", "coordinates": [ [ [ [ 127.081746512400073, 37.438180171489748 ], [ 127.081733970829319, 37.440433551171274 ], [ 127.084560024452898, 37.44044351808099 ], [ 127.084572481291332, 37.438190137592478 ], [ 127.081746512400073, 37.438180171489748 ] ] ] ] } },
{ "type": "Feature", "properties": { "gid": "다사62aa37ba", "lbl": null, "val": null }, "geometry": { "type": "MultiPolygon", "coordinates": [ [ [ [ 127.070455529956433, 37.435886254199154 ], [ 127.070442650891948, 37.438139631463066 ], [ 127.073268614141583, 37.438149867811894 ], [ 127.073281408483837, 37.43589648971917 ], [ 127.070455529956433, 37.435886254199154 ] ] ] ] } },
{ "type": "Feature", "properties": { "gid": "다사61ba33ba", "lbl": null, "val": null }, "geometry": { "type": "MultiPolygon", "coordinates": [ [ [ [ 127.065012355900336, 37.399811453414685 ], [ 127.064999330614185, 37.402064842843735 ], [ 127.067823936567095, 37.402075200884838 ], [ 127.067836877282119, 37.399821810616835 ], [ 127.065012355900336, 37.399811453414685 ] ] ] ] } },
{ "type": "Feature", "properties": { "gid": "다사64ba31ab", "lbl": null, "val": null }, "geometry": { "type": "MultiPolygon", "coordinates": [ [ [ [ 127.099014739134986, 37.379650655804873 ], [ 127.099002740740573, 37.381904062718093 ], [ 127.101826602541578, 37.381913604109471 ], [ 127.101838516447572, 37.379660196423266 ], [ 127.099014739134986, 37.379650655804873 ] ] ] ] } },
{ "type": "Feature", "properties": { "gid": "다사65aa37ba", "lbl": null, "val": null }, "geometry": { "type": "MultiPolygon", "coordinates": [ [ [ [ 127.104366164219357, 37.436004621727292 ], [ 127.104354301832572, 37.43825800857595 ], [ 127.107180281554221, 37.438267434181576 ], [ 127.107192059216842, 37.436014046569746 ], [ 127.104366164219357, 37.436004621727292 ] ] ] ] } },
{ "type": "Feature", "properties": { "gid": "다사60ba31ab", "lbl": null, "val": null }, "geometry": { "type": "MultiPolygon", "coordinates": [ [ [ [ 127.053834490166352, 37.379488836836714 ], [ 127.053821139979547, 37.381742230639531 ], [ 127.056644979280236, 37.381752850828697 ], [ 127.056658244981278, 37.379499456165512 ], [ 127.053834490166352, 37.379488836836714 ] ] ] ] } },
{ "type": "Feature", "properties": { "gid": "다사64ba39bb", "lbl": null, "val": null }, "geometry": { "type": "MultiPolygon", "coordinates": [ [ [ [ 127.098606043443056, 37.456266005999815 ], [ 127.098593999545869, 37.458519383524269 ], [ 127.101420739555905, 37.45852895122384 ], [ 127.101432698644302, 37.456275572924866 ], [ 127.098606043443056, 37.456266005999815 ] ] ] ] } },
{ "type": "Feature", "properties": { "gid": "다사64ba35ab", "lbl": null, "val": null }, "geometry": { "type": "MultiPolygon", "coordinates": [ [ [ [ 127.098822604449353, 37.41570506271745 ], [ 127.098810584664477, 37.417958455803308 ], [ 127.101635799559773, 37.417968009568447 ], [ 127.101647734705651, 37.415714615708872 ], [ 127.098822604449353, 37.41570506271745 ] ] ] ] } },
{ "type": "Feature", "properties": { "gid": "다사68ab29ab", "lbl": null, "val": null }, "geometry": { "type": "MultiPolygon", "coordinates": [ [ [ [ 127.141457339222157, 37.361759311354007 ], [ 127.141446617721755, 37.364012736195008 ], [ 127.144269822768337, 37.364021260663314 ], [ 127.144280459853334, 37.361767835131602 ], [ 127.141457339222157, 37.361759311354007 ] ] ] ] } },
{ "type": "Feature", "properties": { "gid": "다사63ba34aa", "lbl": null, "val": null }, "geometry": { "type": "MultiPolygon", "coordinates": [ [ [ [ 127.087583867962806, 37.404399213027197 ], [ 127.087571516500674, 37.406652607286063 ], [ 127.090396302888777, 37.406662427125468 ], [ 127.090408569759617, 37.404409032071278 ], [ 127.087583867962806, 37.404399213027197 ] ] ] ] } },
{ "type": "Feature", "properties": { "gid": "다사72ab35ba", "lbl": null, "val": null }, "geometry": { "type": "MultiPolygon", "coordinates": [ [ [ [ 127.18639282196078, 37.418223228480834 ], [ 127.186383425006937, 37.420476642146021 ], [ 127.189208761366473, 37.420484103564768 ], [ 127.189218073667561, 37.418230689295335 ], [ 127.18639282196078, 37.418223228480834 ] ] ] ] } },
{ "type": "Feature", "properties": { "gid": "다사64aa28aa", "lbl": null, "val": null }, "geometry": { "type": "MultiPolygon", "coordinates": [ [ [ [ 127.093525241154595, 37.350337024115603 ], [ 127.093513091378441, 37.352590440698947 ], [ 127.096335852886597, 37.352600106754416 ], [ 127.096347918296843, 37.350346689387784 ], [ 127.093525241154595, 37.350337024115603 ] ] ] ] } },
{ "type": "Feature", "properties": { "gid": "다사60ba36ab", "lbl": null, "val": null }, "geometry": { "type": "MultiPolygon", "coordinates": [ [ [ [ 127.053567203851543, 37.424556548551514 ], [ 127.053553823907407, 37.426809925053917 ], [ 127.056379354899903, 37.426820562461039 ], [ 127.056392650169968, 37.42456718509726 ], [ 127.053567203851543, 37.424556548551514 ] ] ] ] } },
{ "type": "Feature", "properties": { "gid": "다사58bb31ba", "lbl": null, "val": null }, "geometry": { "type": "MultiPolygon", "coordinates": [ [ [ [ 127.03405430701514, 37.381666001450746 ], [ 127.034040363880862, 37.383919388212874 ], [ 127.036864277074514, 37.38393048126607 ], [ 127.036878135714858, 37.38167709360529 ], [ 127.03405430701514, 37.381666001450746 ] ] ] ] } },
{ "type": "Feature", "properties": { "gid": "다사62aa28bb", "lbl": null, "val": null }, "geometry": { "type": "MultiPolygon", "coordinates": [ [ [ [ 127.070905395112746, 37.357017505151511 ], [ 127.07089256613169, 37.359270912679023 ], [ 127.073715569707304, 37.359281120048415 ], [ 127.073728314295565, 37.357027711693782 ], [ 127.070905395112746, 37.357017505151511 ] ] ] ] } },
{ "type": "Feature", "properties": { "gid": "다사72aa35ba", "lbl": null, "val": null }, "geometry": { "type": "MultiPolygon", "coordinates": [ [ [ [ 127.183567571300117, 37.41821570015054 ], [ 127.183558089693634, 37.420469113206011 ], [ 127.186383425006937, 37.420476642146021 ], [ 127.18639282196078, 37.418223228480834 ], [ 127.183567571300117, 37.41821570015054 ] ] ] ] } },
{ "type": "Feature", "properties": { "gid": "다사62aa33aa", "lbl": null, "val": null }, "geometry": { "type": "MultiPolygon", "coordinates": [ [ [ [ 127.070687108098639, 37.395325315553698 ], [ 127.070674254817007, 37.397578708384579 ], [ 127.073498694508388, 37.39758892982222 ], [ 127.073511463237352, 37.395335536163415 ], [ 127.070687108098639, 37.395325315553698 ] ] ] ] } },
{ "type": "Feature", "properties": { "gid": "다사59ab30ba", "lbl": null, "val": null }, "geometry": { "type": "MultiPolygon", "coordinates": [ [ [ [ 127.039757047211708, 37.372674555469843 ], [ 127.039743279197324, 37.374927947484096 ], [ 127.042566857546475, 37.374938902129081 ], [ 127.042580541104186, 37.372685509227317 ], [ 127.039757047211708, 37.372674555469843 ] ] ] ] } },
{ "type": "Feature", "properties": { "gid": "다사69ba30aa", "lbl": null, "val": null }, "geometry": { "type": "MultiPolygon", "coordinates": [ [ [ [ 127.155542052418426, 37.36856153859199 ], [ 127.155531749556459, 37.370814964242669 ], [ 127.15835521373441, 37.370823153783412 ], [ 127.158365432152095, 37.368569727469193 ], [ 127.155542052418426, 37.36856153859199 ] ] ] ] } },
{ "type": "Feature", "properties": { "gid": "다사61ab31ab", "lbl": null, "val": null }, "geometry": { "type": "MultiPolygon", "coordinates": [ [ [ [ 127.062305759031659, 37.379520492567174 ], [ 127.062292662302667, 37.38177388893471 ], [ 127.06511650600558, 37.381784306851337 ], [ 127.06512951824827, 37.379530909639833 ], [ 127.062305759031659, 37.379520492567174 ] ] ] ] } },
{ "type": "Feature", "properties": { "gid": "다사63ab31ab", "lbl": null, "val": null }, "geometry": { "type": "MultiPolygon", "coordinates": [ [ [ [ 127.084895872793766, 37.379601941412353 ], [ 127.084883451959726, 37.381855344378771 ], [ 127.087707306988008, 37.381865222897304 ], [ 127.087719643334452, 37.379611819130588 ], [ 127.084895872793766, 37.379601941412353 ] ] ] ] } },
{ "type": "Feature", "properties": { "gid": "다사68ba33bb", "lbl": null, "val": null }, "geometry": { "type": "MultiPolygon", "coordinates": [ [ [ [ 127.144088811038458, 37.402329362612448 ], [ 127.144078152617851, 37.404582772603128 ], [ 127.146902879936448, 37.404591242029475 ], [ 127.146913453772171, 37.402337831352817 ], [ 127.144088811038458, 37.402329362612448 ] ] ] ] } },
{ "type": "Feature", "properties": { "gid": "다사63ab33ab", "lbl": null, "val": null }, "geometry": { "type": "MultiPolygon", "coordinates": [ [ [ [ 127.084796467395179, 37.397629140942207 ], [ 127.08478403549455, 37.39988253699368 ], [ 127.087608566762398, 37.399892421916171 ], [ 127.087620914100128, 37.397639025064038 ], [ 127.084796467395179, 37.397629140942207 ] ] ] ] } },
{ "type": "Feature", "properties": { "gid": "다사70ab33ab", "lbl": null, "val": null }, "geometry": { "type": "MultiPolygon", "coordinates": [ [ [ [ 127.163881463849378, 37.397880394842538 ], [ 127.163871399766734, 37.400133811246825 ], [ 127.1666959659659, 37.400141807003003 ], [ 127.166705945481553, 37.397888389951063 ], [ 127.163881463849378, 37.397880394842538 ] ] ] ] } },
{ "type": "Feature", "properties": { "gid": "다사71ab35bb", "lbl": null, "val": null }, "geometry": { "type": "MultiPolygon", "coordinates": [ [ [ [ 127.175082090125386, 37.420446121259104 ], [ 127.175072353477773, 37.422699531589359 ], [ 127.177897770257502, 37.422707263718884 ], [ 127.177907422243436, 37.420453852762471 ], [ 127.175082090125386, 37.420446121259104 ] ] ] ] } },
{ "type": "Feature", "properties": { "gid": "다사62bb34bb", "lbl": null, "val": null }, "geometry": { "type": "MultiPolygon", "coordinates": [ [ [ [ 127.079071950944453, 37.411129523942513 ], [ 127.079059341498777, 37.413382913188705 ], [ 127.081884377562176, 37.413392937919305 ], [ 127.081896902388749, 37.411139547861225 ], [ 127.079071950944453, 37.411129523942513 ] ] ] ] } },
{ "type": "Feature", "properties": { "gid": "다사63ba30ba", "lbl": null, "val": null }, "geometry": { "type": "MultiPolygon", "coordinates": [ [ [ [ 127.087756644135268, 37.37285160264512 ], [ 127.087744311907912, 37.375105009004479 ], [ 127.090567914874455, 37.375114817713445 ], [ 127.090580162642226, 37.372861410559409 ], [ 127.087756644135268, 37.37285160264512 ] ] ] ] } },
{ "type": "Feature", "properties": { "gid": "다사63ba30bb", "lbl": null, "val": null }, "geometry": { "type": "MultiPolygon", "coordinates": [ [ [ [ 127.087744311907912, 37.375105009004479 ], [ 127.087731978307701, 37.377358414499646 ], [ 127.090555665743182, 37.377368224003341 ], [ 127.090567914874455, 37.375114817713445 ], [ 127.087744311907912, 37.375105009004479 ] ] ] ] } },
{ "type": "Feature", "properties": { "gid": "다사64aa37bb", "lbl": null, "val": null }, "geometry": { "type": "MultiPolygon", "coordinates": [ [ [ [ 127.093050396248188, 37.438219630529552 ], [ 127.093038193607754, 37.440473013406191 ], [ 127.095864252722635, 37.440482710046275 ], [ 127.095876370630094, 37.43822932638453 ], [ 127.093050396248188, 37.438219630529552 ] ] ] ] } },
{ "type": "Feature", "properties": { "gid": "다사70aa32ab", "lbl": null, "val": null }, "geometry": { "type": "MultiPolygon", "coordinates": [ [ [ [ 127.161097566639441, 37.388858660630788 ], [ 127.161087422508089, 37.391112079834954 ], [ 127.163911649375905, 37.39112014045034 ], [ 127.163921708978037, 37.388866720593228 ], [ 127.161097566639441, 37.388858660630788 ] ] ] ] } },
{ "type": "Feature", "properties": { "gid": "다사70ba37aa", "lbl": null, "val": null }, "geometry": { "type": "MultiPolygon", "coordinates": [ [ [ [ 127.166556136028333, 37.431689555084326 ], [ 127.1665461398334, 37.433942959186126 ], [ 127.169371976780596, 37.433950897108048 ], [ 127.169381888267068, 37.431697492363497 ], [ 127.166556136028333, 37.431689555084326 ] ] ] ] } },
{ "type": "Feature", "properties": { "gid": "다사70ab32ab", "lbl": null, "val": null }, "geometry": { "type": "MultiPolygon", "coordinates": [ [ [ [ 127.163921708978037, 37.388866720593228 ], [ 127.163911649375905, 37.39112014045034 ], [ 127.166735877363607, 37.391128133616164 ], [ 127.166745852436449, 37.388874713111555 ], [ 127.163921708978037, 37.388866720593228 ] ] ] ] } },
{ "type": "Feature", "properties": { "gid": "다사71ba35ba", "lbl": null, "val": null }, "geometry": { "type": "MultiPolygon", "coordinates": [ [ [ [ 127.177917073154831, 37.418200440942833 ], [ 127.177907422243436, 37.420453852762471 ], [ 127.180732755435983, 37.420461516744794 ], [ 127.180742321694993, 37.418208104304519 ], [ 127.177917073154831, 37.418200440942833 ] ] ] ] } },
{ "type": "Feature", "properties": { "gid": "다사63bb27bb", "lbl": null, "val": null }, "geometry": { "type": "MultiPolygon", "coordinates": [ [ [ [ 127.090714798144887, 37.348073874835904 ], [ 127.09070256536468, 37.35032729149443 ], [ 127.093525241154595, 37.350337024115603 ], [ 127.093537389578429, 37.348083606668368 ], [ 127.090714798144887, 37.348073874835904 ] ] ] ] } },
{ "type": "Feature", "properties": { "gid": "다사63ab34ab", "lbl": null, "val": null }, "geometry": { "type": "MultiPolygon", "coordinates": [ [ [ [ 127.084746731487698, 37.406642719961305 ], [ 127.084734294049895, 37.408896112554871 ], [ 127.0875591636634, 37.408906000680467 ], [ 127.087571516500674, 37.406652607286063 ], [ 127.084746731487698, 37.406642719961305 ] ] ] ] } },
{ "type": "Feature", "properties": { "gid": "다사65ab37ab", "lbl": null, "val": null }, "geometry": { "type": "MultiPolygon", "coordinates": [ [ [ [ 127.107203835568242, 37.433760658093547 ], [ 127.107192059216842, 37.436014046569746 ], [ 127.110017955525493, 37.436023403855089 ], [ 127.110029647162008, 37.433770014621231 ], [ 127.107203835568242, 37.433760658093547 ] ] ] ] } },
{ "type": "Feature", "properties": { "gid": "다사69aa30bb", "lbl": null, "val": null }, "geometry": { "type": "MultiPolygon", "coordinates": [ [ [ [ 127.14986387765309, 37.375305228985617 ], [ 127.149853402405284, 37.377558650703165 ], [ 127.152677117668418, 37.377566977067744 ], [ 127.152687508444004, 37.375313554675628 ], [ 127.14986387765309, 37.375305228985617 ] ] ] ] } },
{ "type": "Feature", "properties": { "gid": "다사63aa33ba", "lbl": null, "val": null }, "geometry": { "type": "MultiPolygon", "coordinates": [ [ [ [ 127.081959505610754, 37.399872584602363 ], [ 127.081946987753952, 37.402125978983214 ], [ 127.084771602209884, 37.402135932180698 ], [ 127.08478403549455, 37.39988253699368 ], [ 127.081959505610754, 37.399872584602363 ] ] ] ] } },
{ "type": "Feature", "properties": { "gid": "다사69ba32ba", "lbl": null, "val": null }, "geometry": { "type": "MultiPolygon", "coordinates": [ [ [ [ 127.155438972169932, 37.391095756255773 ], [ 127.155428657832431, 37.393349173274324 ], [ 127.158252966970494, 37.393357369452545 ], [ 127.158263196769653, 37.391103951770063 ], [ 127.155438972169932, 37.391095756255773 ] ] ] ] } },
{ "type": "Feature", "properties": { "gid": "다사59ba33aa", "lbl": null, "val": null }, "geometry": { "type": "MultiPolygon", "coordinates": [ [ [ [ 127.042443636957444, 37.39521939931813 ], [ 127.042429938158776, 37.397472783569121 ], [ 127.045254363117024, 37.397483679630405 ], [ 127.045267977364801, 37.395230294496834 ], [ 127.042443636957444, 37.39521939931813 ] ] ] ] } },
{ "type": "Feature", "properties": { "gid": "다사64ab35ab", "lbl": null, "val": null }, "geometry": { "type": "MultiPolygon", "coordinates": [ [ [ [ 127.095997475531149, 37.415695442218421 ], [ 127.095985371107403, 37.417948834525113 ], [ 127.098810584664477, 37.417958455803308 ], [ 127.098822604449353, 37.41570506271745 ], [ 127.095997475531149, 37.415695442218421 ] ] ] ] } },
{ "type": "Feature", "properties": { "gid": "다사69ab31ab", "lbl": null, "val": null }, "geometry": { "type": "MultiPolygon", "coordinates": [ [ [ [ 127.152666725736097, 37.379820398596642 ], [ 127.152656332646856, 37.38207381926231 ], [ 127.155480218039685, 37.382082079548766 ], [ 127.155490526637735, 37.379828658213917 ], [ 127.152666725736097, 37.379820398596642 ] ] ] ] } },
{ "type": "Feature", "properties": { "gid": "다사72ba35bb", "lbl": null, "val": null }, "geometry": { "type": "MultiPolygon", "coordinates": [ [ [ [ 127.189208761366473, 37.420484103564768 ], [ 127.189199448028575, 37.422737516971111 ], [ 127.192024870087238, 37.422744911467319 ], [ 127.192034098762846, 37.420491497462166 ], [ 127.189208761366473, 37.420484103564768 ] ] ] ] } },
{ "type": "Feature", "properties": { "gid": "다사68bb35bb", "lbl": null, "val": null }, "geometry": { "type": "MultiPolygon", "coordinates": [ [ [ [ 127.146828830116604, 37.420365092586351 ], [ 127.146818246859297, 37.422618496354303 ], [ 127.149643652374223, 37.422626903744366 ], [ 127.149654150971173, 37.420373499295579 ], [ 127.146828830116604, 37.420365092586351 ] ] ] ] } },
{ "type": "Feature", "properties": { "gid": "다사68ab35ab", "lbl": null, "val": null }, "geometry": { "type": "MultiPolygon", "coordinates": [ [ [ [ 127.141199693515787, 37.415841269236715 ], [ 127.141188943332082, 37.418094673354034 ], [ 127.144014177170178, 37.418103214411673 ], [ 127.144024842712653, 37.415849809602676 ], [ 127.141199693515787, 37.415841269236715 ] ] ] ] } },
{ "type": "Feature", "properties": { "gid": "다사63aa34bb", "lbl": null, "val": null }, "geometry": { "type": "MultiPolygon", "coordinates": [ [ [ [ 127.081896902388749, 37.411139547861225 ], [ 127.081884377562176, 37.413392937919305 ], [ 127.084709415020001, 37.413402895148373 ], [ 127.084721855227386, 37.411149504283891 ], [ 127.081896902388749, 37.411139547861225 ] ] ] ] } },
{ "type": "Feature", "properties": { "gid": "다사64bb34aa", "lbl": null, "val": null }, "geometry": { "type": "MultiPolygon", "coordinates": [ [ [ [ 127.101707390508139, 37.4044476334469 ], [ 127.101695462004002, 37.40670103162779 ], [ 127.104520255126459, 37.406710514039027 ], [ 127.104532099038494, 37.404457115090132 ], [ 127.101707390508139, 37.4044476334469 ] ] ] ] } },
{ "type": "Feature", "properties": { "gid": "다사70ba34aa", "lbl": null, "val": null }, "geometry": { "type": "MultiPolygon", "coordinates": [ [ [ [ 127.166676003601324, 37.404648638517209 ], [ 127.166666020752146, 37.406902052979447 ], [ 127.169490841820178, 37.406909983190864 ], [ 127.169500740073985, 37.404656568086338 ], [ 127.166676003601324, 37.404648638517209 ] ] ] ] } },
{ "type": "Feature", "properties": { "gid": "다사62bb36ab", "lbl": null, "val": null }, "geometry": { "type": "MultiPolygon", "coordinates": [ [ [ [ 127.078996273209228, 37.424649846449434 ], [ 127.078983655337879, 37.426903230507399 ], [ 127.081809199313469, 37.426913260110283 ], [ 127.081821732509212, 37.424659875240131 ], [ 127.078996273209228, 37.424649846449434 ] ] ] ] } },
{ "type": "Feature", "properties": { "gid": "다사69ba34ba", "lbl": null, "val": null }, "geometry": { "type": "MultiPolygon", "coordinates": [ [ [ [ 127.155356425310217, 37.409123068230421 ], [ 127.155346101782612, 37.411376478341964 ], [ 127.158171087566316, 37.411384679832977 ], [ 127.158181326480261, 37.409131269057191 ], [ 127.155356425310217, 37.409123068230421 ] ] ] ] } },
{ "type": "Feature", "properties": { "gid": "다사61aa33ba", "lbl": null, "val": null }, "geometry": { "type": "MultiPolygon", "coordinates": [ [ [ [ 127.059363317496036, 37.39979053660619 ], [ 127.059350123068143, 37.402043924340909 ], [ 127.062174726111408, 37.402054417329047 ], [ 127.062187835968501, 37.399801028744442 ], [ 127.059363317496036, 37.39979053660619 ] ] ] ] } },
{ "type": "Feature", "properties": { "gid": "다사71bb36aa", "lbl": null, "val": null }, "geometry": { "type": "MultiPolygon", "coordinates": [ [ [ [ 127.180723188111884, 37.422714928321895 ], [ 127.180713619722553, 37.424968339035772 ], [ 127.183539123313523, 37.424975936727449 ], [ 127.183548607031469, 37.422722525398321 ], [ 127.180723188111884, 37.422714928321895 ] ] ] ] } },
{ "type": "Feature", "properties": { "gid": "다사64bb30ab", "lbl": null, "val": null }, "geometry": { "type": "MultiPolygon", "coordinates": [ [ [ [ 127.101886158811411, 37.370646557038604 ], [ 127.101874250209164, 37.372899968180718 ], [ 127.104697775438652, 37.372909439076594 ], [ 127.104709599589981, 37.370656027167151 ], [ 127.101886158811411, 37.370646557038604 ] ] ] ] } },
{ "type": "Feature", "properties": { "gid": "다사65ba26ab", "lbl": null, "val": null }, "geometry": { "type": "MultiPolygon", "coordinates": [ [ [ [ 127.110542792733213, 37.334620032920924 ], [ 127.110531158223608, 37.336873460167219 ], [ 127.113353337278625, 37.336882716841011 ], [ 127.113364887487094, 37.334629288844489 ], [ 127.110542792733213, 37.334620032920924 ] ] ] ] } },
{ "type": "Feature", "properties": { "gid": "다사72ba39ba", "lbl": null, "val": null }, "geometry": { "type": "MultiPolygon", "coordinates": [ [ [ [ 127.189068952364124, 37.454285214025937 ], [ 127.1890596234594, 37.456538614483847 ], [ 127.191886316584402, 37.456546017966502 ], [ 127.19189556068531, 37.454292616909257 ], [ 127.189068952364124, 37.454285214025937 ] ] ] ] } },
{ "type": "Feature", "properties": { "gid": "다사70bb32ab", "lbl": null, "val": null }, "geometry": { "type": "MultiPolygon", "coordinates": [ [ [ [ 127.169569997005226, 37.388882638185692 ], [ 127.169560106461859, 37.391136059332325 ], [ 127.172384336661224, 37.391143917598761 ], [ 127.172394142674975, 37.388890495815559 ], [ 127.169569997005226, 37.388882638185692 ] ] ] ] } },
{ "type": "Feature", "properties": { "gid": "다사61aa33aa", "lbl": null, "val": null }, "geometry": { "type": "MultiPolygon", "coordinates": [ [ [ [ 127.059389701945676, 37.395283758542064 ], [ 127.059376510455138, 37.397537148006556 ], [ 127.062200944366225, 37.397547639294956 ], [ 127.062214051304807, 37.395294248980676 ], [ 127.059389701945676, 37.395283758542064 ] ] ] ] } },
{ "type": "Feature", "properties": { "gid": "다사66aa36bb", "lbl": null, "val": null }, "geometry": { "type": "MultiPolygon", "coordinates": [ [ [ [ 127.115704314809335, 37.429281740963098 ], [ 127.115692795168457, 37.431535133424305 ], [ 127.118518525932856, 37.431544286555273 ], [ 127.11852996087724, 37.429290893352913 ], [ 127.115704314809335, 37.429281740963098 ] ] ] ] } },
{ "type": "Feature", "properties": { "gid": "다사71aa36bb", "lbl": null, "val": null }, "geometry": { "type": "MultiPolygon", "coordinates": [ [ [ [ 127.172217467293137, 37.429451955849288 ], [ 127.172207641609248, 37.431705362094526 ], [ 127.175033396045421, 37.431713164277333 ], [ 127.175043137030073, 37.42945975740033 ], [ 127.172217467293137, 37.429451955849288 ] ] ] ] } },
{ "type": "Feature", "properties": { "gid": "다사59aa31ba", "lbl": null, "val": null }, "geometry": { "type": "MultiPolygon", "coordinates": [ [ [ [ 127.036878135714858, 37.38167709360529 ], [ 127.036864277074514, 37.38393048126607 ], [ 127.03968819181101, 37.383941506890508 ], [ 127.039701965957249, 37.381688118336527 ], [ 127.036878135714858, 37.38167709360529 ] ] ] ] } },
{ "type": "Feature", "properties": { "gid": "다사60aa31bb", "lbl": null, "val": null }, "geometry": { "type": "MultiPolygon", "coordinates": [ [ [ [ 127.048159945183329, 37.383974179190197 ], [ 127.048146423015282, 37.386227569525992 ], [ 127.050970428333216, 37.386238326305687 ], [ 127.050983865997026, 37.383984935098511 ], [ 127.048159945183329, 37.383974179190197 ] ] ] ] } },
{ "type": "Feature", "properties": { "gid": "다사69ab39ab", "lbl": null, "val": null }, "geometry": { "type": "MultiPolygon", "coordinates": [ [ [ [ 127.152333572322888, 37.451929431629353 ], [ 127.152323142141483, 37.454182824661572 ], [ 127.155149736223947, 37.454191106382957 ], [ 127.155160081612649, 37.451937712680284 ], [ 127.152333572322888, 37.451929431629353 ] ] ] ] } },
{ "type": "Feature", "properties": { "gid": "다사66ba36bb", "lbl": null, "val": null }, "geometry": { "type": "MultiPolygon", "coordinates": [ [ [ [ 127.121355608218181, 37.429299978201641 ], [ 127.121344257970421, 37.431553372139696 ], [ 127.124169991271728, 37.431562390177461 ], [ 127.124181256822695, 37.429308995509196 ], [ 127.121355608218181, 37.429299978201641 ] ] ] ] } },
{ "type": "Feature", "properties": { "gid": "다사64ba28ba", "lbl": null, "val": null }, "geometry": { "type": "MultiPolygon", "coordinates": [ [ [ [ 127.099146633360007, 37.354863122735992 ], [ 127.099134649648292, 37.357116539152777 ], [ 127.101957582593897, 37.35712607204394 ], [ 127.101969481920577, 37.354872654854695 ], [ 127.099146633360007, 37.354863122735992 ] ] ] ] } },
{ "type": "Feature", "properties": { "gid": "다사63ba34bb", "lbl": null, "val": null }, "geometry": { "type": "MultiPolygon", "coordinates": [ [ [ [ 127.087546809450856, 37.41115939321039 ], [ 127.087534453862872, 37.413412784875824 ], [ 127.090359494081312, 37.413422607101523 ], [ 127.090371765049781, 37.411169214640623 ], [ 127.087546809450856, 37.41115939321039 ] ] ] ] } },
{ "type": "Feature", "properties": { "gid": "다사66ab39ab", "lbl": null, "val": null }, "geometry": { "type": "MultiPolygon", "coordinates": [ [ [ [ 127.118415554122521, 37.451824786486981 ], [ 127.118404106439655, 37.454078171046866 ], [ 127.121230685962473, 37.454087263990601 ], [ 127.121242048854342, 37.451833878694572 ], [ 127.118415554122521, 37.451824786486981 ] ] ] ] } },
{ "type": "Feature", "properties": { "gid": "다사71ab39ba", "lbl": null, "val": null }, "geometry": { "type": "MultiPolygon", "coordinates": [ [ [ [ 127.174935926526572, 37.454247185559808 ], [ 127.174926173604618, 37.456500582938894 ], [ 127.177752861441391, 37.456508324465169 ], [ 127.177762529560155, 37.454254926459384 ], [ 127.174935926526572, 37.454247185559808 ] ] ] ] } },
{ "type": "Feature", "properties": { "gid": "다사72aa36ba", "lbl": null, "val": null }, "geometry": { "type": "MultiPolygon", "coordinates": [ [ [ [ 127.183529638539639, 37.427229347193396 ], [ 127.183520152709761, 37.429482756796126 ], [ 127.186345826727859, 37.429490288175373 ], [ 127.186355227867423, 37.427236877962784 ], [ 127.183529638539639, 37.427229347193396 ] ] ] ] } },
{ "type": "Feature", "properties": { "gid": "다사61ba29aa", "lbl": null, "val": null }, "geometry": { "type": "MultiPolygon", "coordinates": [ [ [ [ 127.065246563274158, 37.359250295830343 ], [ 127.065233564061131, 37.361503700822809 ], [ 127.068056649173002, 37.361514043770171 ], [ 127.068069563984182, 37.359260637939627 ], [ 127.065246563274158, 37.359250295830343 ] ] ] ] } },
{ "type": "Feature", "properties": { "gid": "다사58bb31bb", "lbl": null, "val": null }, "geometry": { "type": "MultiPolygon", "coordinates": [ [ [ [ 127.034040363880862, 37.383919388212874 ], [ 127.034026419194333, 37.386172774109774 ], [ 127.036850416891326, 37.386183868061664 ], [ 127.036864277074514, 37.38393048126607 ], [ 127.034040363880862, 37.383919388212874 ] ] ] ] } },
{ "type": "Feature", "properties": { "gid": "다사72ba38ba", "lbl": null, "val": null }, "geometry": { "type": "MultiPolygon", "coordinates": [ [ [ [ 127.189106257597857, 37.44527160356094 ], [ 127.189096932846951, 37.447525007472159 ], [ 127.191923286813392, 37.447532408557656 ], [ 127.191932526798226, 37.445279004047222 ], [ 127.189106257597857, 37.44527160356094 ] ] ] ] } },
{ "type": "Feature", "properties": { "gid": "다사62ba29aa", "lbl": null, "val": null }, "geometry": { "type": "MultiPolygon", "coordinates": [ [ [ [ 127.07653857470163, 37.359291260047698 ], [ 127.076525913097029, 37.361544668359699 ], [ 127.079349003903204, 37.361554741805016 ], [ 127.079361581105275, 37.359301332676765 ], [ 127.07653857470163, 37.359291260047698 ] ] ] ] } },
{ "type": "Feature", "properties": { "gid": "다사69ab33ba", "lbl": null, "val": null }, "geometry": { "type": "MultiPolygon", "coordinates": [ [ [ [ 127.152573146268793, 37.400101153508643 ], [ 127.152562742761461, 37.402354566404291 ], [ 127.155387388998179, 37.402362832715241 ], [ 127.155397707929637, 37.400109419150048 ], [ 127.152573146268793, 37.400101153508643 ] ] ] ] } },
{ "type": "Feature", "properties": { "gid": "다사68bb32ba", "lbl": null, "val": null }, "geometry": { "type": "MultiPolygon", "coordinates": [ [ [ [ 127.146966305297369, 37.391070765017311 ], [ 127.14695573734565, 37.393324180011312 ], [ 127.149780043010608, 37.393332578553633 ], [ 127.149790526424383, 37.391079162879315 ], [ 127.146966305297369, 37.391070765017311 ] ] ] ] } },
{ "type": "Feature", "properties": { "gid": "다사70bb31ab", "lbl": null, "val": null }, "geometry": { "type": "MultiPolygon", "coordinates": [ [ [ [ 127.169609548170129, 37.379868944968479 ], [ 127.169599662029938, 37.382122369567348 ], [ 127.172423554167366, 37.382130225287739 ], [ 127.172433355815627, 37.379876800052457 ], [ 127.169609548170129, 37.379868944968479 ] ] ] ] } },
{ "type": "Feature", "properties": { "gid": "다사66ab38bb", "lbl": null, "val": null }, "geometry": { "type": "MultiPolygon", "coordinates": [ [ [ [ 127.118438445664836, 37.447318014774197 ], [ 127.118427000530872, 37.449571401062741 ], [ 127.121253410481145, 37.449580492534253 ], [ 127.121264770842984, 37.447327105509679 ], [ 127.118438445664836, 37.447318014774197 ] ] ] ] } },
{ "type": "Feature", "properties": { "gid": "다사69ab34ba", "lbl": null, "val": null }, "geometry": { "type": "MultiPolygon", "coordinates": [ [ [ [ 127.152531525289433, 37.409114799910611 ], [ 127.152521117148297, 37.411368209352446 ], [ 127.155346101782612, 37.411376478341964 ], [ 127.155356425310217, 37.409123068230421 ], [ 127.152531525289433, 37.409114799910611 ] ] ] ] } },
{ "type": "Feature", "properties": { "gid": "다사70ab36bb", "lbl": null, "val": null }, "geometry": { "type": "MultiPolygon", "coordinates": [ [ [ [ 127.1637404646834, 37.429428145939994 ], [ 127.163730384902451, 37.431681550257096 ], [ 127.166556136028333, 37.431689555084326 ], [ 127.166566131110386, 37.429436150119038 ], [ 127.1637404646834, 37.429428145939994 ] ] ] ] } },
{ "type": "Feature", "properties": { "gid": "다사65ab38aa", "lbl": null, "val": null }, "geometry": { "type": "MultiPolygon", "coordinates": [ [ [ [ 127.107168502580265, 37.440520820929009 ], [ 127.107156722294818, 37.442774206812018 ], [ 127.109982872804778, 37.442783566370615 ], [ 127.109994568347034, 37.440530179729798 ], [ 127.107168502580265, 37.440520820929009 ] ] ] ] } },
{ "type": "Feature", "properties": { "gid": "다사64ba28ab", "lbl": null, "val": null }, "geometry": { "type": "MultiPolygon", "coordinates": [ [ [ [ 127.099158615737835, 37.352609705455343 ], [ 127.099146633360007, 37.354863122735992 ], [ 127.101969481920577, 37.354872654854695 ], [ 127.101981379922805, 37.352619236801623 ], [ 127.099158615737835, 37.352609705455343 ] ] ] ] } },
{ "type": "Feature", "properties": { "gid": "다사59bb32aa", "lbl": null, "val": null }, "geometry": { "type": "MultiPolygon", "coordinates": [ [ [ [ 127.045322419202719, 37.386216745311621 ], [ 127.045308811015857, 37.388470133905528 ], [ 127.048132899341866, 37.388480958996794 ], [ 127.048146423015282, 37.386227569525992 ], [ 127.045322419202719, 37.386216745311621 ] ] ] ] } },
{ "type": "Feature", "properties": { "gid": "다사70ab31ba", "lbl": null, "val": null }, "geometry": { "type": "MultiPolygon", "coordinates": [ [ [ [ 127.163951881066211, 37.382106455842994 ], [ 127.163941824823084, 37.384359878289537 ], [ 127.166765799251039, 37.384367869513 ], [ 127.16677577099307, 37.382114446419081 ], [ 127.163951881066211, 37.382106455842994 ] ] ] ] } },
{ "type": "Feature", "properties": { "gid": "다사60ab33bb", "lbl": null, "val": null }, "geometry": { "type": "MultiPolygon", "coordinates": [ [ [ [ 127.050876322789705, 37.402012040536825 ], [ 127.050862873153264, 37.404265424824018 ], [ 127.053687556341103, 37.404276121098221 ], [ 127.053700921397876, 37.402022735944691 ], [ 127.050876322789705, 37.402012040536825 ] ] ] ] } },
{ "type": "Feature", "properties": { "gid": "다사69bb32ab", "lbl": null, "val": null }, "geometry": { "type": "MultiPolygon", "coordinates": [ [ [ [ 127.158273425430053, 37.388850533224321 ], [ 127.158263196769653, 37.391103951770063 ], [ 127.161087422508089, 37.391112079834954 ], [ 127.161097566639441, 37.388858660630788 ], [ 127.158273425430053, 37.388850533224321 ] ] ] ] } },
{ "type": "Feature", "properties": { "gid": "다사58ab30bb", "lbl": null, "val": null }, "geometry": { "type": "MultiPolygon", "coordinates": [ [ [ [ 127.028448981221615, 37.374883454835135 ], [ 127.028434873812003, 37.377136842379471 ], [ 127.031258530439345, 37.377148067561244 ], [ 127.031272553383587, 37.374894679107506 ], [ 127.028448981221615, 37.374883454835135 ] ] ] ] } },
{ "type": "Feature", "properties": { "gid": "다사70ba35aa", "lbl": null, "val": null }, "geometry": { "type": "MultiPolygon", "coordinates": [ [ [ [ 127.16663606553557, 37.413662291186483 ], [ 127.166626078239915, 37.415915702195527 ], [ 127.169451237783534, 37.415923634976515 ], [ 127.16946114044616, 37.413670223325028 ], [ 127.16663606553557, 37.413662291186483 ] ] ] ] } },
{ "type": "Feature", "properties": { "gid": "다사69ab36aa", "lbl": null, "val": null }, "geometry": { "type": "MultiPolygon", "coordinates": [ [ [ [ 127.152469059058035, 37.422635243608752 ], [ 127.15245864396212, 37.424888647869317 ], [ 127.155284136475473, 37.424896920877885 ], [ 127.155294466901324, 37.422643515947385 ], [ 127.152469059058035, 37.422635243608752 ] ] ] ] } },
{ "type": "Feature", "properties": { "gid": "다사66ab28ba", "lbl": null, "val": null }, "geometry": { "type": "MultiPolygon", "coordinates": [ [ [ [ 127.118906600768952, 37.354928432999216 ], [ 127.1188952077556, 37.357181854708685 ], [ 127.121718149776243, 37.357190916038192 ], [ 127.121729458403522, 37.35493749359447 ], [ 127.118906600768952, 37.354928432999216 ] ] ] ] } },
{ "type": "Feature", "properties": { "gid": "다사62bb29ab", "lbl": null, "val": null }, "geometry": { "type": "MultiPolygon", "coordinates": [ [ [ [ 127.079349003903204, 37.361554741805016 ], [ 127.079336425301022, 37.363808150069019 ], [ 127.082159601919358, 37.363818156949378 ], [ 127.08217209610946, 37.361564747874539 ], [ 127.079349003903204, 37.361554741805016 ] ] ] ] } },
{ "type": "Feature", "properties": { "gid": "다사59aa32ab", "lbl": null, "val": null }, "geometry": { "type": "MultiPolygon", "coordinates": [ [ [ [ 127.036836555165181, 37.388437253992073 ], [ 127.036822691895821, 37.390690639057269 ], [ 127.039646860171075, 37.390701667361597 ], [ 127.039660638918079, 37.388448281403051 ], [ 127.036836555165181, 37.388437253992073 ] ] ] ] } },
{ "type": "Feature", "properties": { "gid": "다사68ba29ab", "lbl": null, "val": null }, "geometry": { "type": "MultiPolygon", "coordinates": [ [ [ [ 127.144280459853334, 37.361767835131602 ], [ 127.144269822768337, 37.364021260663314 ], [ 127.14709302899908, 37.364029717748181 ], [ 127.147103581668489, 37.361776291531214 ], [ 127.144280459853334, 37.361767835131602 ] ] ] ] } },
{ "type": "Feature", "properties": { "gid": "다사68bb32bb", "lbl": null, "val": null }, "geometry": { "type": "MultiPolygon", "coordinates": [ [ [ [ 127.14695573734565, 37.393324180011312 ], [ 127.146945168217442, 37.395577594141884 ], [ 127.149769558429711, 37.395585993364556 ], [ 127.149780043010608, 37.393332578553633 ], [ 127.14695573734565, 37.393324180011312 ] ] ] ] } },
{ "type": "Feature", "properties": { "gid": "다사65aa38aa", "lbl": null, "val": null }, "geometry": { "type": "MultiPolygon", "coordinates": [ [ [ [ 127.104342438125016, 37.440511394560154 ], [ 127.104330573096519, 37.442764779679905 ], [ 127.107156722294818, 37.442774206812018 ], [ 127.107168502580265, 37.440520820929009 ], [ 127.104342438125016, 37.440511394560154 ] ] ] ] } },
{ "type": "Feature", "properties": { "gid": "다사63ab28bb", "lbl": null, "val": null }, "geometry": { "type": "MultiPolygon", "coordinates": [ [ [ [ 127.085020005118338, 37.357067864215402 ], [ 127.085007598102933, 37.359321275823866 ], [ 127.087830608678175, 37.359331146341674 ], [ 127.087842931299974, 37.357077733933409 ], [ 127.085020005118338, 37.357067864215402 ] ] ] ] } },
{ "type": "Feature", "properties": { "gid": "다사68aa33bb", "lbl": null, "val": null }, "geometry": { "type": "MultiPolygon", "coordinates": [ [ [ [ 127.138439529139859, 37.402312222702918 ], [ 127.138428701549984, 37.404565631305239 ], [ 127.141253426485889, 37.404574235695023 ], [ 127.141264169491208, 37.402320826395787 ], [ 127.138439529139859, 37.402312222702918 ] ] ] ] } },
{ "type": "Feature", "properties": { "gid": "다사67aa27bb", "lbl": null, "val": null }, "geometry": { "type": "MultiPolygon", "coordinates": [ [ [ [ 127.127408589564396, 37.34819513583426 ], [ 127.127397453429083, 37.350448562320295 ], [ 127.130220146066762, 37.350457419396996 ], [ 127.130231197843713, 37.348203992193191 ], [ 127.127408589564396, 37.34819513583426 ] ] ] ] } },
{ "type": "Feature", "properties": { "gid": "다사70ab33ba", "lbl": null, "val": null }, "geometry": { "type": "MultiPolygon", "coordinates": [ [ [ [ 127.163871399766734, 37.400133811246825 ], [ 127.163861334563649, 37.402387226787859 ], [ 127.1666859853392, 37.402395223191718 ], [ 127.1666959659659, 37.400141807003003 ], [ 127.163871399766734, 37.400133811246825 ] ] ] ] } },
{ "type": "Feature", "properties": { "gid": "다사60ba35bb", "lbl": null, "val": null }, "geometry": { "type": "MultiPolygon", "coordinates": [ [ [ [ 127.053593959271424, 37.420049792951126 ], [ 127.053580582306154, 37.42230317118392 ], [ 127.056405943959916, 37.422313806868331 ], [ 127.056419236269974, 37.42006042777426 ], [ 127.053593959271424, 37.420049792951126 ] ] ] ] } },
{ "type": "Feature", "properties": { "gid": "다사58ba30ba", "lbl": null, "val": null }, "geometry": { "type": "MultiPolygon", "coordinates": [ [ [ [ 127.031286574766924, 37.372641289788561 ], [ 127.031272553383587, 37.374894679107506 ], [ 127.034096127106466, 37.374905835973195 ], [ 127.034110064033683, 37.372652445750354 ], [ 127.031286574766924, 37.372641289788561 ] ] ] ] } },
{ "type": "Feature", "properties": { "gid": "다사61ab35bb", "lbl": null, "val": null }, "geometry": { "type": "MultiPolygon", "coordinates": [ [ [ [ 127.062069794696924, 37.4200814948695 ], [ 127.06205667169786, 37.422334875669726 ], [ 127.064882037763127, 37.42234530878649 ], [ 127.064895076106481, 37.420091927141392 ], [ 127.062069794696924, 37.4200814948695 ] ] ] ] } },
{ "type": "Feature", "properties": { "gid": "다사62ab31aa", "lbl": null, "val": null }, "geometry": { "type": "MultiPolygon", "coordinates": [ [ [ [ 127.073613561913675, 37.377308355768612 ], [ 127.073600804551049, 37.379561756343762 ], [ 127.076424569504923, 37.379571903740043 ], [ 127.076437242390014, 37.37731850234281 ], [ 127.073613561913675, 37.377308355768612 ] ] ] ] } },
{ "type": "Feature", "properties": { "gid": "다사66aa37bb", "lbl": null, "val": null }, "geometry": { "type": "MultiPolygon", "coordinates": [ [ [ [ 127.115658228549563, 37.438295305622589 ], [ 127.115646703777358, 37.440548694626848 ], [ 127.118472773422013, 37.440557850722904 ], [ 127.118484213460022, 37.438304460977314 ], [ 127.115658228549563, 37.438295305622589 ] ] ] ] } },
{ "type": "Feature", "properties": { "gid": "다사65bb37ba", "lbl": null, "val": null }, "geometry": { "type": "MultiPolygon", "coordinates": [ [ [ [ 127.112843853135928, 37.436032693583222 ], [ 127.112832244922132, 37.438286082704991 ], [ 127.115658228549563, 37.438295305622589 ], [ 127.115669752038698, 37.436041915754053 ], [ 127.112843853135928, 37.436032693583222 ] ] ] ] } },
{ "type": "Feature", "properties": { "gid": "다사64bb27aa", "lbl": null, "val": null }, "geometry": { "type": "MultiPolygon", "coordinates": [ [ [ [ 127.102040850072427, 37.341352133579868 ], [ 127.102028958690184, 37.34360555595169 ], [ 127.104851386790216, 37.343615016875802 ], [ 127.104863193843613, 37.34136159373724 ], [ 127.102040850072427, 37.341352133579868 ] ] ] ] } },
{ "type": "Feature", "properties": { "gid": "다사66aa39aa", "lbl": null, "val": null }, "geometry": { "type": "MultiPolygon", "coordinates": [ [ [ [ 127.115600591854957, 37.449562242000901 ], [ 127.115589060665201, 37.451815626683583 ], [ 127.118415554122521, 37.451824786486981 ], [ 127.118427000530872, 37.449571401062741 ], [ 127.115600591854957, 37.449562242000901 ] ] ] ] } },
{ "type": "Feature", "properties": { "gid": "다사59ab36ab", "lbl": null, "val": null }, "geometry": { "type": "MultiPolygon", "coordinates": [ [ [ [ 127.03943999479074, 37.424502352908078 ], [ 127.03942619147891, 37.426755725021557 ], [ 127.042251714928653, 37.426766700093893 ], [ 127.042265433567295, 37.424513327091695 ], [ 127.03943999479074, 37.424502352908078 ] ] ] ] } },
{ "type": "Feature", "properties": { "gid": "다사63ab35bb", "lbl": null, "val": null }, "geometry": { "type": "MultiPolygon", "coordinates": [ [ [ [ 127.084672086087068, 37.420163062554373 ], [ 127.084659640338586, 37.422416449960494 ], [ 127.08748501775321, 37.422426342892187 ], [ 127.087497378844574, 37.420172954684929 ], [ 127.084672086087068, 37.420163062554373 ] ] ] ] } },
{ "type": "Feature", "properties": { "gid": "다사58ba30bb", "lbl": null, "val": null }, "geometry": { "type": "MultiPolygon", "coordinates": [ [ [ [ 127.031272553383587, 37.374894679107506 ], [ 127.031258530439345, 37.377148067561244 ], [ 127.03408218862775, 37.377159225330885 ], [ 127.034096127106466, 37.374905835973195 ], [ 127.031272553383587, 37.374894679107506 ] ] ] ] } },
{ "type": "Feature", "properties": { "gid": "다사66aa37ab", "lbl": null, "val": null }, "geometry": { "type": "MultiPolygon", "coordinates": [ [ [ [ 127.115681274244963, 37.433788525021299 ], [ 127.115669752038698, 37.436041915754053 ], [ 127.118495652224368, 37.43605107036749 ], [ 127.11850708971528, 37.433797678893477 ], [ 127.115681274244963, 37.433788525021299 ] ] ] ] } },
{ "type": "Feature", "properties": { "gid": "다사64aa37ab", "lbl": null, "val": null }, "geometry": { "type": "MultiPolygon", "coordinates": [ [ [ [ 127.093074797453681, 37.433712862182418 ], [ 127.093062597530121, 37.43596624678829 ], [ 127.095888487188475, 37.435975941858217 ], [ 127.095900602397933, 37.433722556467345 ], [ 127.093074797453681, 37.433712862182418 ] ] ] ] } },
{ "type": "Feature", "properties": { "gid": "다사64aa31bb", "lbl": null, "val": null }, "geometry": { "type": "MultiPolygon", "coordinates": [ [ [ [ 127.093342852429942, 37.384138182145286 ], [ 127.093330682349958, 37.386391585767825 ], [ 127.09615471047448, 37.386401263578293 ], [ 127.096166796047555, 37.384147859171769 ], [ 127.093342852429942, 37.384138182145286 ] ] ] ] } },
{ "type": "Feature", "properties": { "gid": "다사69ba32bb", "lbl": null, "val": null }, "geometry": { "type": "MultiPolygon", "coordinates": [ [ [ [ 127.155428657832431, 37.393349173274324 ], [ 127.155418342346636, 37.395602589429579 ], [ 127.158242736032463, 37.395610786271746 ], [ 127.158252966970494, 37.393357369452545 ], [ 127.155428657832431, 37.393349173274324 ] ] ] ] } },
{ "type": "Feature", "properties": { "gid": "다사70bb37aa", "lbl": null, "val": null }, "geometry": { "type": "MultiPolygon", "coordinates": [ [ [ [ 127.169381888267068, 37.431697492363497 ], [ 127.169371976780596, 37.433950897108048 ], [ 127.17219781483135, 37.433958767476355 ], [ 127.172207641609248, 37.431705362094526 ], [ 127.169381888267068, 37.431697492363497 ] ] ] ] } },
{ "type": "Feature", "properties": { "gid": "다사63bb38ab", "lbl": null, "val": null }, "geometry": { "type": "MultiPolygon", "coordinates": [ [ [ [ 127.090199847110156, 37.442716630419916 ], [ 127.090187557000519, 37.444970010776593 ], [ 127.093013784250672, 37.444979776565511 ], [ 127.093025989608634, 37.442726395418177 ], [ 127.090199847110156, 37.442716630419916 ] ] ] ] } },
{ "type": "Feature", "properties": { "gid": "다사66ab36aa", "lbl": null, "val": null }, "geometry": { "type": "MultiPolygon", "coordinates": [ [ [ [ 127.118564258072908, 37.422530708561034 ], [ 127.118552826947123, 37.424784104355787 ], [ 127.12137830492307, 37.42479318773325 ], [ 127.121389651380483, 37.422539791202951 ], [ 127.118564258072908, 37.422530708561034 ] ] ] ] } },
{ "type": "Feature", "properties": { "gid": "다사63ab33aa", "lbl": null, "val": null }, "geometry": { "type": "MultiPolygon", "coordinates": [ [ [ [ 127.084808897911927, 37.395375744026303 ], [ 127.084796467395179, 37.397629140942207 ], [ 127.087620914100128, 37.397639025064038 ], [ 127.087633260063413, 37.395385627347508 ], [ 127.084808897911927, 37.395375744026303 ] ] ] ] } },
{ "type": "Feature", "properties": { "gid": "다사64bb33ba", "lbl": null, "val": null }, "geometry": { "type": "MultiPolygon", "coordinates": [ [ [ [ 127.101731243532868, 37.399940834492511 ], [ 127.10171931768437, 37.402194234401804 ], [ 127.104543941632073, 37.402203715277075 ], [ 127.104555782907326, 37.39995031459987 ], [ 127.101731243532868, 37.399940834492511 ] ] ] ] } },
{ "type": "Feature", "properties": { "gid": "다사65ba37ab", "lbl": null, "val": null }, "geometry": { "type": "MultiPolygon", "coordinates": [ [ [ [ 127.110029647162008, 37.433770014621231 ], [ 127.110017955525493, 37.436023403855089 ], [ 127.112843853135928, 37.436032693583222 ], [ 127.112855460057389, 37.433779303597184 ], [ 127.110029647162008, 37.433770014621231 ] ] ] ] } },
{ "type": "Feature", "properties": { "gid": "다사70aa33ba", "lbl": null, "val": null }, "geometry": { "type": "MultiPolygon", "coordinates": [ [ [ [ 127.161046834688051, 37.400125748019221 ], [ 127.161036684908694, 37.40237916290711 ], [ 127.163861334563649, 37.402387226787859 ], [ 127.163871399766734, 37.400133811246825 ], [ 127.161046834688051, 37.400125748019221 ] ] ] ] } },
{ "type": "Feature", "properties": { "gid": "다사65ba34bb", "lbl": null, "val": null }, "geometry": { "type": "MultiPolygon", "coordinates": [ [ [ [ 127.110146491963434, 37.411236074748352 ], [ 127.110134813336202, 37.413489472624541 ], [ 127.112959864220372, 37.413498754832787 ], [ 127.112971458226809, 37.411245356204859 ], [ 127.110146491963434, 37.411236074748352 ] ] ] ] } },
{ "type": "Feature", "properties": { "gid": "다사60ab33aa", "lbl": null, "val": null }, "geometry": { "type": "MultiPolygon", "coordinates": [ [ [ [ 127.050916662716546, 37.395251882484914 ], [ 127.050903217571175, 37.397505269367244 ], [ 127.05372764704822, 37.397515963042601 ], [ 127.053741007642159, 37.395262575294062 ], [ 127.050916662716546, 37.395251882484914 ] ] ] ] } },
{ "type": "Feature", "properties": { "gid": "다사70ab31aa", "lbl": null, "val": null }, "geometry": { "type": "MultiPolygon", "coordinates": [ [ [ [ 127.16397199019444, 37.377599608360619 ], [ 127.163961936189949, 37.379853032533347 ], [ 127.166785741625119, 37.37986102246208 ], [ 127.166795711147302, 37.377607597642047 ], [ 127.16397199019444, 37.377599608360619 ] ] ] ] } },
{ "type": "Feature", "properties": { "gid": "다사70bb34aa", "lbl": null, "val": null }, "geometry": { "type": "MultiPolygon", "coordinates": [ [ [ [ 127.169500740073985, 37.404656568086338 ], [ 127.169490841820178, 37.406909983190864 ], [ 127.172315663990204, 37.406917845914315 ], [ 127.172325477648513, 37.404664430172943 ], [ 127.169500740073985, 37.404656568086338 ] ] ] ] } },
{ "type": "Feature", "properties": { "gid": "다사60ab36bb", "lbl": null, "val": null }, "geometry": { "type": "MultiPolygon", "coordinates": [ [ [ [ 127.05071482828744, 37.429052594883814 ], [ 127.050701360670985, 37.431305968788834 ], [ 127.053527059549864, 37.431316675463066 ], [ 127.053540442473562, 37.429063300691112 ], [ 127.05071482828744, 37.429052594883814 ] ] ] ] } },
{ "type": "Feature", "properties": { "gid": "다사59aa32aa", "lbl": null, "val": null }, "geometry": { "type": "MultiPolygon", "coordinates": [ [ [ [ 127.036850416891326, 37.386183868061664 ], [ 127.036836555165181, 37.388437253992073 ], [ 127.039660638918079, 37.388448281403051 ], [ 127.039674416131348, 37.38619489457934 ], [ 127.036850416891326, 37.386183868061664 ] ] ] ] } },
{ "type": "Feature", "properties": { "gid": "다사63ba38ab", "lbl": null, "val": null }, "geometry": { "type": "MultiPolygon", "coordinates": [ [ [ [ 127.087373705979971, 37.442706797848736 ], [ 127.087361331118771, 37.444960177409271 ], [ 127.090187557000519, 37.444970010776593 ], [ 127.090199847110156, 37.442716630419916 ], [ 127.087373705979971, 37.442706797848736 ] ] ] ] } },
{ "type": "Feature", "properties": { "gid": "다사69aa30ab", "lbl": null, "val": null }, "geometry": { "type": "MultiPolygon", "coordinates": [ [ [ [ 127.149884824650783, 37.370798382960793 ], [ 127.14987435173488, 37.373051806404817 ], [ 127.152697898062954, 37.373060131420296 ], [ 127.152708286525439, 37.370806707301767 ], [ 127.149884824650783, 37.370798382960793 ] ] ] ] } },
{ "type": "Feature", "properties": { "gid": "다사71ab34ab", "lbl": null, "val": null }, "geometry": { "type": "MultiPolygon", "coordinates": [ [ [ [ 127.175140487252804, 37.40692564114967 ], [ 127.175130757106899, 37.409179056659241 ], [ 127.177955666057855, 37.409186785032382 ], [ 127.177965311598584, 37.40693336889688 ], [ 127.175140487252804, 37.40692564114967 ] ] ] ] } },
{ "type": "Feature", "properties": { "gid": "다사72ba39aa", "lbl": null, "val": null }, "geometry": { "type": "MultiPolygon", "coordinates": [ [ [ [ 127.1890876070578, 37.449778410520082 ], [ 127.18907828023022, 37.452031812704682 ], [ 127.191904803757055, 37.452039214988694 ], [ 127.191914045799692, 37.449785812204816 ], [ 127.1890876070578, 37.449778410520082 ] ] ] ] } },
{ "type": "Feature", "properties": { "gid": "다사72ba37aa", "lbl": null, "val": null }, "geometry": { "type": "MultiPolygon", "coordinates": [ [ [ [ 127.189162184306326, 37.431751161965281 ], [ 127.189152865782518, 37.434004571055922 ], [ 127.191978711294126, 37.434011968546727 ], [ 127.19198794510848, 37.431758558857098 ], [ 127.189162184306326, 37.431751161965281 ] ] ] ] } },
{ "type": "Feature", "properties": { "gid": "다사60aa30ab", "lbl": null, "val": null }, "geometry": { "type": "MultiPolygon", "coordinates": [ [ [ [ 127.048241046588643, 37.370453819011814 ], [ 127.048227533449122, 37.372707214537122 ], [ 127.051051031882736, 37.372717966089247 ], [ 127.051064460574466, 37.370464569692849 ], [ 127.048241046588643, 37.370453819011814 ] ] ] ] } },
{ "type": "Feature", "properties": { "gid": "다사71ab32aa", "lbl": null, "val": null }, "geometry": { "type": "MultiPolygon", "coordinates": [ [ [ [ 127.175228009838207, 37.386644862723742 ], [ 127.175218289436302, 37.388898286001051 ], [ 127.1780424372798, 37.388906008742126 ], [ 127.17805207316124, 37.386652584839204 ], [ 127.175228009838207, 37.386644862723742 ] ] ] ] } },
{ "type": "Feature", "properties": { "gid": "다사70aa36ab", "lbl": null, "val": null }, "geometry": { "type": "MultiPolygon", "coordinates": [ [ [ [ 127.160935124943322, 37.424913264300976 ], [ 127.160924962726668, 37.427166669691474 ], [ 127.163750543342175, 37.427174740759405 ], [ 127.163760620878918, 37.42492133471535 ], [ 127.160935124943322, 37.424913264300976 ] ] ] ] } },
{ "type": "Feature", "properties": { "gid": "다사65ab33ba", "lbl": null, "val": null }, "geometry": { "type": "MultiPolygon", "coordinates": [ [ [ [ 127.107380323599941, 37.399959727237679 ], [ 127.107368566898074, 37.402213128677339 ], [ 127.110193193472995, 37.40222247460251 ], [ 127.110204865601318, 37.399969072405867 ], [ 127.107380323599941, 37.399959727237679 ] ] ] ] } },
{ "type": "Feature", "properties": { "gid": "다사66ba39bb", "lbl": null, "val": null }, "geometry": { "type": "MultiPolygon", "coordinates": [ [ [ [ 127.121219321805384, 37.456340648422312 ], [ 127.121207956382918, 37.458594031989726 ], [ 127.124034706781572, 37.458603058793521 ], [ 127.124045987394013, 37.456349674495371 ], [ 127.121219321805384, 37.456340648422312 ] ] ] ] } },
{ "type": "Feature", "properties": { "gid": "다사73aa38ba", "lbl": null, "val": null }, "geometry": { "type": "MultiPolygon", "coordinates": [ [ [ [ 127.194758797027291, 37.445286336951916 ], [ 127.194749641808613, 37.44753974205608 ], [ 127.197575997823265, 37.447547007967358 ], [ 127.197585068275643, 37.445293602274944 ], [ 127.194758797027291, 37.445286336951916 ] ] ] ] } },
{ "type": "Feature", "properties": { "gid": "다사61ab36bb", "lbl": null, "val": null }, "geometry": { "type": "MultiPolygon", "coordinates": [ [ [ [ 127.062017293933479, 37.429095012880126 ], [ 127.062004165089078, 37.431348390220123 ], [ 127.064829869871573, 37.431358826716888 ], [ 127.064842914022535, 37.429105448531821 ], [ 127.062017293933479, 37.429095012880126 ] ] ] ] } },
{ "type": "Feature", "properties": { "gid": "다사70bb31bb", "lbl": null, "val": null }, "geometry": { "type": "MultiPolygon", "coordinates": [ [ [ [ 127.169589774789131, 37.384375793303185 ], [ 127.169579886447607, 37.386629216175976 ], [ 127.172403947597175, 37.38663707316929 ], [ 127.172413751427925, 37.38438364966003 ], [ 127.169589774789131, 37.384375793303185 ] ] ] ] } },
{ "type": "Feature", "properties": { "gid": "다사68bb31aa", "lbl": null, "val": null }, "geometry": { "type": "MultiPolygon", "coordinates": [ [ [ [ 127.147029688308322, 37.37755025692222 ], [ 127.147019127412861, 37.379803677096426 ], [ 127.149842925991337, 37.37981207155746 ], [ 127.149853402405284, 37.377558650703165 ], [ 127.147029688308322, 37.37755025692222 ] ] ] ] } },
{ "type": "Feature", "properties": { "gid": "다사62ab29ab", "lbl": null, "val": null }, "geometry": { "type": "MultiPolygon", "coordinates": [ [ [ [ 127.073702823700344, 37.361534527538723 ], [ 127.073690076274502, 37.363787934164705 ], [ 127.076513250082925, 37.363798075807431 ], [ 127.076525913097029, 37.361544668359699 ], [ 127.073702823700344, 37.361534527538723 ] ] ] ] } },
{ "type": "Feature", "properties": { "gid": "다사65ba37bb", "lbl": null, "val": null }, "geometry": { "type": "MultiPolygon", "coordinates": [ [ [ [ 127.110006262587234, 37.438276792224627 ], [ 127.109994568347034, 37.440530179729798 ], [ 127.112820635415858, 37.440539470962449 ], [ 127.112832244922132, 37.438286082704991 ], [ 127.110006262587234, 37.438276792224627 ] ] ] ] } },
{ "type": "Feature", "properties": { "gid": "다사63bb39ab", "lbl": null, "val": null }, "geometry": { "type": "MultiPolygon", "coordinates": [ [ [ [ 127.090150678460347, 37.451730146658178 ], [ 127.090138382876006, 37.45398352355582 ], [ 127.09296494922728, 37.45399329250786 ], [ 127.092977160022201, 37.451739914819363 ], [ 127.090150678460347, 37.451730146658178 ] ] ] ] } },
{ "type": "Feature", "properties": { "gid": "다사72ab39bb", "lbl": null, "val": null }, "geometry": { "type": "MultiPolygon", "coordinates": [ [ [ [ 127.186232931373141, 37.456531143392311 ], [ 127.186223516616508, 37.458784542381991 ], [ 127.189050293515891, 37.458792014078391 ], [ 127.1890596234594, 37.456538614483847 ], [ 127.186232931373141, 37.456531143392311 ] ] ] ] } },
{ "type": "Feature", "properties": { "gid": "다사66ba36ba", "lbl": null, "val": null }, "geometry": { "type": "MultiPolygon", "coordinates": [ [ [ [ 127.121366957202341, 37.427046583399488 ], [ 127.121355608218181, 37.429299978201641 ], [ 127.124181256822695, 37.429308995509196 ], [ 127.124192521119497, 37.42705559997686 ], [ 127.121366957202341, 37.427046583399488 ] ] ] ] } },
{ "type": "Feature", "properties": { "gid": "다사60ba29aa", "lbl": null, "val": null }, "geometry": { "type": "MultiPolygon", "coordinates": [ [ [ [ 127.053954574997007, 37.359208253696373 ], [ 127.053941238178254, 37.361461655281964 ], [ 127.056764317445499, 37.361472267729674 ], [ 127.056777569863073, 37.359218865284177 ], [ 127.053954574997007, 37.359208253696373 ] ] ] ] } },
{ "type": "Feature", "properties": { "gid": "다사58bb32aa", "lbl": null, "val": null }, "geometry": { "type": "MultiPolygon", "coordinates": [ [ [ [ 127.034026419194333, 37.386172774109774 ], [ 127.034012472955425, 37.38842615914141 ], [ 127.036836555165181, 37.388437253992073 ], [ 127.036850416891326, 37.386183868061664 ], [ 127.034026419194333, 37.386172774109774 ] ] ] ] } },
{ "type": "Feature", "properties": { "gid": "다사68aa32ab", "lbl": null, "val": null }, "geometry": { "type": "MultiPolygon", "coordinates": [ [ [ [ 127.138504469372378, 37.388791752953466 ], [ 127.138493649012304, 37.391045166737278 ], [ 127.141317866581943, 37.391053766946214 ], [ 127.141328602413893, 37.388800352465736 ], [ 127.138504469372378, 37.388791752953466 ] ] ] ] } },
{ "type": "Feature", "properties": { "gid": "다사72ab37ba", "lbl": null, "val": null }, "geometry": { "type": "MultiPolygon", "coordinates": [ [ [ [ 127.186317617028337, 37.436250513633915 ], [ 127.186308211701117, 37.438503920393629 ], [ 127.189134225622155, 37.438511386647633 ], [ 127.18914354622116, 37.43625797928339 ], [ 127.186317617028337, 37.436250513633915 ] ] ] ] } },
{ "type": "Feature", "properties": { "gid": "다사63ba30ab", "lbl": null, "val": null }, "geometry": { "type": "MultiPolygon", "coordinates": [ [ [ [ 127.087768974989913, 37.37059819542155 ], [ 127.087756644135268, 37.37285160264512 ], [ 127.090580162642226, 37.372861410559409 ], [ 127.090592409046721, 37.370608002541225 ], [ 127.087768974989913, 37.37059819542155 ] ] ] ] } },
{ "type": "Feature", "properties": { "gid": "다사66bb27bb", "lbl": null, "val": null }, "geometry": { "type": "MultiPolygon", "coordinates": [ [ [ [ 127.12458598252455, 37.348186212130628 ], [ 127.12457476203106, 37.350439637893452 ], [ 127.127397453429083, 37.350448562320295 ], [ 127.127408589564396, 37.34819513583426 ], [ 127.12458598252455, 37.348186212130628 ] ] ] ] } },
{ "type": "Feature", "properties": { "gid": "다사62ba31ba", "lbl": null, "val": null }, "geometry": { "type": "MultiPolygon", "coordinates": [ [ [ [ 127.076411895209006, 37.381825304272851 ], [ 127.076399219502164, 37.384078703941206 ], [ 127.079223154850482, 37.384088785551533 ], [ 127.079235746060817, 37.381835385066452 ], [ 127.076411895209006, 37.381825304272851 ] ] ] ] } },
{ "type": "Feature", "properties": { "gid": "다사65bb36aa", "lbl": null, "val": null }, "geometry": { "type": "MultiPolygon", "coordinates": [ [ [ [ 127.112913475284913, 37.422512340703257 ], [ 127.112901874822867, 37.424765735010467 ], [ 127.11572735024393, 37.42477495344815 ], [ 127.115738866037915, 37.422521558394443 ], [ 127.112913475284913, 37.422512340703257 ] ] ] ] } },
{ "type": "Feature", "properties": { "gid": "다사63bb37ab", "lbl": null, "val": null }, "geometry": { "type": "MultiPolygon", "coordinates": [ [ [ [ 127.090248993867633, 37.433703100346349 ], [ 127.090236709230126, 37.435956484161743 ], [ 127.093062597530121, 37.43596624678829 ], [ 127.093074797453681, 37.433712862182418 ], [ 127.090248993867633, 37.433703100346349 ] ] ] ] } },
{ "type": "Feature", "properties": { "gid": "다사72ab38ab", "lbl": null, "val": null }, "geometry": { "type": "MultiPolygon", "coordinates": [ [ [ [ 127.186289397904901, 37.443010731323248 ], [ 127.186279989435675, 37.445264135493126 ], [ 127.189106257597857, 37.44527160356094 ], [ 127.189115581310631, 37.443018198786426 ], [ 127.186289397904901, 37.443010731323248 ] ] ] ] } },
{ "type": "Feature", "properties": { "gid": "다사62bb28ba", "lbl": null, "val": null }, "geometry": { "type": "MultiPolygon", "coordinates": [ [ [ [ 127.079386731309825, 37.35479451182767 ], [ 127.07937415690742, 37.357047922684309 ], [ 127.082197080317698, 37.357057927132338 ], [ 127.08220957033619, 37.354804515465013 ], [ 127.079386731309825, 37.35479451182767 ] ] ] ] } },
{ "type": "Feature", "properties": { "gid": "다사62bb36ba", "lbl": null, "val": null }, "geometry": { "type": "MultiPolygon", "coordinates": [ [ [ [ 127.078983655337879, 37.426903230507399 ], [ 127.078971036061702, 37.429156613700606 ], [ 127.081796664722305, 37.429166644115675 ], [ 127.081809199313469, 37.426913260110283 ], [ 127.078983655337879, 37.426903230507399 ] ] ] ] } },
{ "type": "Feature", "properties": { "gid": "다사71aa31bb", "lbl": null, "val": null }, "geometry": { "type": "MultiPolygon", "coordinates": [ [ [ [ 127.172413751427925, 37.38438364966003 ], [ 127.172403947597175, 37.38663707316929 ], [ 127.175228009838207, 37.386644862723742 ], [ 127.175237729158056, 37.384391438583442 ], [ 127.172413751427925, 37.38438364966003 ] ] ] ] } },
{ "type": "Feature", "properties": { "gid": "다사71ba35ab", "lbl": null, "val": null }, "geometry": { "type": "MultiPolygon", "coordinates": [ [ [ [ 127.177926722991856, 37.41594702826 ], [ 127.177917073154831, 37.418200440942833 ], [ 127.180742321694993, 37.418208104304519 ], [ 127.18075188688907, 37.415954691001055 ], [ 127.177926722991856, 37.41594702826 ] ] ] ] } },
{ "type": "Feature", "properties": { "gid": "다사72ba36bb", "lbl": null, "val": null }, "geometry": { "type": "MultiPolygon", "coordinates": [ [ [ [ 127.189171501792714, 37.42949775201145 ], [ 127.189162184306326, 37.431751161965281 ], [ 127.19198794510848, 37.431758558857098 ], [ 127.191997177894876, 37.429505148304308 ], [ 127.189171501792714, 37.42949775201145 ] ] ] ] } },
{ "type": "Feature", "properties": { "gid": "다사64aa39aa", "lbl": null, "val": null }, "geometry": { "type": "MultiPolygon", "coordinates": [ [ [ [ 127.092989369457598, 37.449486536266129 ], [ 127.092977160022201, 37.451739914819363 ], [ 127.095803642943537, 37.451749615385637 ], [ 127.095815767598779, 37.449496236047068 ], [ 127.092989369457598, 37.449486536266129 ] ] ] ] } },
{ "type": "Feature", "properties": { "gid": "다사68ab39ab", "lbl": null, "val": null }, "geometry": { "type": "MultiPolygon", "coordinates": [ [ [ [ 127.141027546870717, 37.451895631457717 ], [ 127.14101677751988, 37.454149021753388 ], [ 127.143843366900171, 37.454157573883656 ], [ 127.14385405145886, 37.451904182895639 ], [ 127.141027546870717, 37.451895631457717 ] ] ] ] } },
{ "type": "Feature", "properties": { "gid": "다사60ab35aa", "lbl": null, "val": null }, "geometry": { "type": "MultiPolygon", "coordinates": [ [ [ [ 127.050809059632044, 37.41327895332185 ], [ 127.050795602506994, 37.415532333283444 ], [ 127.05362070873457, 37.415543033890103 ], [ 127.053634081232843, 37.413289653061909 ], [ 127.050809059632044, 37.41327895332185 ] ] ] ] } },
{ "type": "Feature", "properties": { "gid": "다사58ab31ab", "lbl": null, "val": null }, "geometry": { "type": "MultiPolygon", "coordinates": [ [ [ [ 127.028420764831921, 37.379390229058515 ], [ 127.028406654281184, 37.381643614872274 ], [ 127.031230479867418, 37.381654841873036 ], [ 127.031244505934012, 37.379401455149761 ], [ 127.028420764831921, 37.379390229058515 ] ] ] ] } },
{ "type": "Feature", "properties": { "gid": "다사60ab33ab", "lbl": null, "val": null }, "geometry": { "type": "MultiPolygon", "coordinates": [ [ [ [ 127.050903217571175, 37.397505269367244 ], [ 127.050889770928933, 37.399758655384566 ], [ 127.053714284966844, 37.399769349926146 ], [ 127.05372764704822, 37.397515963042601 ], [ 127.050903217571175, 37.397505269367244 ] ] ] ] } },
{ "type": "Feature", "properties": { "gid": "다사65ab37aa", "lbl": null, "val": null }, "geometry": { "type": "MultiPolygon", "coordinates": [ [ [ [ 127.107215610608606, 37.431507268752988 ], [ 127.107203835568242, 37.433760658093547 ], [ 127.110029647162008, 37.433770014621231 ], [ 127.110041337496895, 37.431516624523056 ], [ 127.107215610608606, 37.431507268752988 ] ] ] ] } },
{ "type": "Feature", "properties": { "gid": "다사70ba32ba", "lbl": null, "val": null }, "geometry": { "type": "MultiPolygon", "coordinates": [ [ [ [ 127.166735877363607, 37.391128133616164 ], [ 127.1667259011803, 37.393381553257626 ], [ 127.16955021481742, 37.393389479615863 ], [ 127.169560106461859, 37.391136059332325 ], [ 127.166735877363607, 37.391128133616164 ] ] ] ] } },
{ "type": "Feature", "properties": { "gid": "다사60ba32aa", "lbl": null, "val": null }, "geometry": { "type": "MultiPolygon", "coordinates": [ [ [ [ 127.053794435147111, 37.386249015650627 ], [ 127.053781080501139, 37.388502406858855 ], [ 127.056605173315575, 37.388513029629422 ], [ 127.056618443447562, 37.386259637560663 ], [ 127.053794435147111, 37.386249015650627 ] ] ] ] } },
{ "type": "Feature", "properties": { "gid": "다사70ab33aa", "lbl": null, "val": null }, "geometry": { "type": "MultiPolygon", "coordinates": [ [ [ [ 127.16389152681171, 37.395626977575013 ], [ 127.163881463849378, 37.397880394842538 ], [ 127.166705945481553, 37.397888389951063 ], [ 127.166715923886315, 37.395634972035936 ], [ 127.16389152681171, 37.395626977575013 ] ] ] ] } },
{ "type": "Feature", "properties": { "gid": "다사62bb31ab", "lbl": null, "val": null }, "geometry": { "type": "MultiPolygon", "coordinates": [ [ [ [ 127.079248335869607, 37.379581983716967 ], [ 127.079235746060817, 37.381835385066452 ], [ 127.082059598314203, 37.381845398435132 ], [ 127.082072103635682, 37.379591996274435 ], [ 127.079248335869607, 37.379581983716967 ] ] ] ] } },
{ "type": "Feature", "properties": { "gid": "다사66bb30bb", "lbl": null, "val": null }, "geometry": { "type": "MultiPolygon", "coordinates": [ [ [ [ 127.1244512541342, 37.375227264295091 ], [ 127.124440018642659, 37.377480679695708 ], [ 127.127263723071835, 37.377489612804467 ], [ 127.127274874092421, 37.37523619668012 ], [ 127.1244512541342, 37.375227264295091 ] ] ] ] } },
{ "type": "Feature", "properties": { "gid": "다사62ba29bb", "lbl": null, "val": null }, "geometry": { "type": "MultiPolygon", "coordinates": [ [ [ [ 127.076500585659204, 37.366051482390844 ], [ 127.076487919825666, 37.368304888109947 ], [ 127.079311263895775, 37.368314964004249 ], [ 127.079323845298617, 37.366061557468768 ], [ 127.076500585659204, 37.366051482390844 ] ] ] ] } },
{ "type": "Feature", "properties": { "gid": "다사65aa33ab", "lbl": null, "val": null }, "geometry": { "type": "MultiPolygon", "coordinates": [ [ [ [ 127.104567622864465, 37.397696913058525 ], [ 127.104555782907326, 37.39995031459987 ], [ 127.107380323599941, 37.399959727237679 ], [ 127.107392078993072, 37.397706324933935 ], [ 127.104567622864465, 37.397696913058525 ] ] ] ] } },
{ "type": "Feature", "properties": { "gid": "다사59ba35aa", "lbl": null, "val": null }, "geometry": { "type": "MultiPolygon", "coordinates": [ [ [ [ 127.0423340038558, 37.413246449100015 ], [ 127.042320292851485, 37.415499826429034 ], [ 127.04514539455603, 37.4155107295528 ], [ 127.045159020934108, 37.413257351340782 ], [ 127.0423340038558, 37.413246449100015 ] ] ] ] } },
{ "type": "Feature", "properties": { "gid": "다사60ab30aa", "lbl": null, "val": null }, "geometry": { "type": "MultiPolygon", "coordinates": [ [ [ [ 127.051077887771427, 37.368211172431664 ], [ 127.051064460574466, 37.370464569692849 ], [ 127.053887876055015, 37.370475252977357 ], [ 127.053901218813394, 37.368221854850596 ], [ 127.051077887771427, 37.368211172431664 ] ] ] ] } },
{ "type": "Feature", "properties": { "gid": "다사67aa35bb", "lbl": null, "val": null }, "geometry": { "type": "MultiPolygon", "coordinates": [ [ [ [ 127.127051617651574, 37.420304355063379 ], [ 127.127040441775648, 37.422557753912365 ], [ 127.129865838844381, 37.422566633979677 ], [ 127.129876930060959, 37.420313234411587 ], [ 127.127051617651574, 37.420304355063379 ] ] ] ] } },
{ "type": "Feature", "properties": { "gid": "다사63bb31ab", "lbl": null, "val": null }, "geometry": { "type": "MultiPolygon", "coordinates": [ [ [ [ 127.090543415248305, 37.37962162942906 ], [ 127.090531163389642, 37.381875033990596 ], [ 127.093355021155205, 37.381884777658577 ], [ 127.093367188525974, 37.379631372307671 ], [ 127.090543415248305, 37.37962162942906 ] ] ] ] } },
{ "type": "Feature", "properties": { "gid": "다사58ab30ab", "lbl": null, "val": null }, "geometry": { "type": "MultiPolygon", "coordinates": [ [ [ [ 127.028477191330083, 37.37037667715073 ], [ 127.028463087060899, 37.372630066425565 ], [ 127.031286574766924, 37.372641289788561 ], [ 127.031300594589567, 37.370387899604431 ], [ 127.028477191330083, 37.37037667715073 ] ] ] ] } },
{ "type": "Feature", "properties": { "gid": "다사71ba41ba", "lbl": null, "val": null }, "geometry": { "type": "MultiPolygon", "coordinates": [ [ [ [ 127.177685154460107, 37.472282086326224 ], [ 127.177675477725572, 37.474535477423359 ], [ 127.180502845405428, 37.474543156312293 ], [ 127.1805124372611, 37.472289764593626 ], [ 127.177685154460107, 37.472282086326224 ] ] ] ] } },
{ "type": "Feature", "properties": { "gid": "다사65ab38ba", "lbl": null, "val": null }, "geometry": { "type": "MultiPolygon", "coordinates": [ [ [ [ 127.10714494069768, 37.445027591830609 ], [ 127.107133157788738, 37.447280975984746 ], [ 127.109959477813405, 37.447290337059052 ], [ 127.109971175960283, 37.445036952147035 ], [ 127.10714494069768, 37.445027591830609 ] ] ] ] } },
{ "type": "Feature", "properties": { "gid": "다사72ab36bb", "lbl": null, "val": null }, "geometry": { "type": "MultiPolygon", "coordinates": [ [ [ [ 127.186345826727859, 37.429490288175373 ], [ 127.18633642454158, 37.431743697524773 ], [ 127.189162184306326, 37.431751161965281 ], [ 127.189171501792714, 37.42949775201145 ], [ 127.186345826727859, 37.429490288175373 ] ] ] ] } },
{ "type": "Feature", "properties": { "gid": "다사60ba36aa", "lbl": null, "val": null }, "geometry": { "type": "MultiPolygon", "coordinates": [ [ [ [ 127.053580582306154, 37.42230317118392 ], [ 127.053567203851543, 37.424556548551514 ], [ 127.056392650169968, 37.42456718509726 ], [ 127.056405943959916, 37.422313806868331 ], [ 127.053580582306154, 37.42230317118392 ] ] ] ] } },
{ "type": "Feature", "properties": { "gid": "다사62ba36ba", "lbl": null, "val": null }, "geometry": { "type": "MultiPolygon", "coordinates": [ [ [ [ 127.07615811276716, 37.426893133370314 ], [ 127.076145408806113, 37.429146515745821 ], [ 127.078971036061702, 37.429156613700606 ], [ 127.078983655337879, 37.426903230507399 ], [ 127.07615811276716, 37.426893133370314 ] ] ] ] } },
{ "type": "Feature", "properties": { "gid": "다사70bb32aa", "lbl": null, "val": null }, "geometry": { "type": "MultiPolygon", "coordinates": [ [ [ [ 127.169579886447607, 37.386629216175976 ], [ 127.169569997005226, 37.388882638185692 ], [ 127.172394142674975, 37.388890495815559 ], [ 127.172403947597175, 37.38663707316929 ], [ 127.169579886447607, 37.386629216175976 ] ] ] ] } },
{ "type": "Feature", "properties": { "gid": "다사68aa33ba", "lbl": null, "val": null }, "geometry": { "type": "MultiPolygon", "coordinates": [ [ [ [ 127.138450355524441, 37.400058813236981 ], [ 127.138439529139859, 37.402312222702918 ], [ 127.141264169491208, 37.402320826395787 ], [ 127.141274911300599, 37.400067416232986 ], [ 127.138450355524441, 37.400058813236981 ] ] ] ] } },
{ "type": "Feature", "properties": { "gid": "다사68aa32aa", "lbl": null, "val": null }, "geometry": { "type": "MultiPolygon", "coordinates": [ [ [ [ 127.138515288527969, 37.386538338306131 ], [ 127.138504469372378, 37.388791752953466 ], [ 127.141328602413893, 37.388800352465736 ], [ 127.141339337050795, 37.386546937121771 ], [ 127.138515288527969, 37.386538338306131 ] ] ] ] } },
{ "type": "Feature", "properties": { "gid": "다사72ba37ba", "lbl": null, "val": null }, "geometry": { "type": "MultiPolygon", "coordinates": [ [ [ [ 127.18914354622116, 37.43625797928339 ], [ 127.189134225622155, 37.438511386647633 ], [ 127.191960240580968, 37.438518785336527 ], [ 127.191969476451646, 37.436265377373218 ], [ 127.18914354622116, 37.43625797928339 ] ] ] ] } },
{ "type": "Feature", "properties": { "gid": "다사58ba30ab", "lbl": null, "val": null }, "geometry": { "type": "MultiPolygon", "coordinates": [ [ [ [ 127.031300594589567, 37.370387899604431 ], [ 127.031286574766924, 37.372641289788561 ], [ 127.034110064033683, 37.372652445750354 ], [ 127.034123999409573, 37.370399054662371 ], [ 127.031300594589567, 37.370387899604431 ] ] ] ] } },
{ "type": "Feature", "properties": { "gid": "다사64aa38bb", "lbl": null, "val": null }, "geometry": { "type": "MultiPolygon", "coordinates": [ [ [ [ 127.093001577533713, 37.447233156848171 ], [ 127.092989369457598, 37.449486536266129 ], [ 127.095815767598779, 37.449496236047068 ], [ 127.095827890904175, 37.447242855843818 ], [ 127.093001577533713, 37.447233156848171 ] ] ] ] } },
{ "type": "Feature", "properties": { "gid": "다사60ab29aa", "lbl": null, "val": null }, "geometry": { "type": "MultiPolygon", "coordinates": [ [ [ [ 127.051131581615422, 37.359197574739234 ], [ 127.05111816039566, 37.361450975459448 ], [ 127.053941238178254, 37.361461655281964 ], [ 127.053954574997007, 37.359208253696373 ], [ 127.051131581615422, 37.359197574739234 ] ] ] ] } },
{ "type": "Feature", "properties": { "gid": "다사65ba37aa", "lbl": null, "val": null }, "geometry": { "type": "MultiPolygon", "coordinates": [ [ [ [ 127.110041337496895, 37.431516624523056 ], [ 127.110029647162008, 37.433770014621231 ], [ 127.112855460057389, 37.433779303597184 ], [ 127.112867065686672, 37.431525912746856 ], [ 127.110041337496895, 37.431516624523056 ] ] ] ] } },
{ "type": "Feature", "properties": { "gid": "다사67ab26bb", "lbl": null, "val": null }, "geometry": { "type": "MultiPolygon", "coordinates": [ [ [ [ 127.130275392651939, 37.33919027474505 ], [ 127.130264345794544, 37.341443705401986 ], [ 127.133086702284814, 37.341452492279501 ], [ 127.133097664821278, 37.339199060910424 ], [ 127.130275392651939, 37.33919027474505 ] ] ] ] } },
{ "type": "Feature", "properties": { "gid": "다사67ba36aa", "lbl": null, "val": null }, "geometry": { "type": "MultiPolygon", "coordinates": [ [ [ [ 127.132691237147995, 37.422575446521947 ], [ 127.132680229365491, 37.424828845939793 ], [ 127.135505713563646, 37.424837591665138 ], [ 127.135516636677053, 37.422584191539059 ], [ 127.132691237147995, 37.422575446521947 ] ] ] ] } },
{ "type": "Feature", "properties": { "gid": "다사68ab31bb", "lbl": null, "val": null }, "geometry": { "type": "MultiPolygon", "coordinates": [ [ [ [ 127.141350070492749, 37.384293520914362 ], [ 127.141339337050795, 37.386546937121771 ], [ 127.144163386768525, 37.386555468499452 ], [ 127.144174035701056, 37.384302051600919 ], [ 127.141350070492749, 37.384293520914362 ] ] ] ] } },
{ "type": "Feature", "properties": { "gid": "다사70aa35bb", "lbl": null, "val": null }, "geometry": { "type": "MultiPolygon", "coordinates": [ [ [ [ 127.160955445982736, 37.420406450929562 ], [ 127.160945286028635, 37.422659858047012 ], [ 127.163770697293771, 37.422667927807844 ], [ 127.163780772586847, 37.420414520036886 ], [ 127.160955445982736, 37.420406450929562 ] ] ] ] } },
{ "type": "Feature", "properties": { "gid": "다사58ab31aa", "lbl": null, "val": null }, "geometry": { "type": "MultiPolygon", "coordinates": [ [ [ [ 127.028434873812003, 37.377136842379471 ], [ 127.028420764831921, 37.379390229058515 ], [ 127.031244505934012, 37.379401455149761 ], [ 127.031258530439345, 37.377148067561244 ], [ 127.028434873812003, 37.377136842379471 ] ] ] ] } },
{ "type": "Feature", "properties": { "gid": "다사70bb36bb", "lbl": null, "val": null }, "geometry": { "type": "MultiPolygon", "coordinates": [ [ [ [ 127.169391798650111, 37.429444086755495 ], [ 127.169381888267068, 37.431697492363497 ], [ 127.172207641609248, 37.431705362094526 ], [ 127.172217467293137, 37.429451955849288 ], [ 127.169391798650111, 37.429444086755495 ] ] ] ] } },
{ "type": "Feature", "properties": { "gid": "다사62ab36ba", "lbl": null, "val": null }, "geometry": { "type": "MultiPolygon", "coordinates": [ [ [ [ 127.07333257161072, 37.42688296869909 ], [ 127.073319782964987, 37.429136350251454 ], [ 127.076145408806113, 37.429146515745821 ], [ 127.07615811276716, 37.426893133370314 ], [ 127.07333257161072, 37.42688296869909 ] ] ] ] } },
{ "type": "Feature", "properties": { "gid": "다사71aa33ba", "lbl": null, "val": null }, "geometry": { "type": "MultiPolygon", "coordinates": [ [ [ [ 127.172345101687924, 37.400157596100726 ], [ 127.172335290214392, 37.402411013568411 ], [ 127.175159944295174, 37.402418807541089 ], [ 127.175169671191924, 37.400165389442115 ], [ 127.172345101687924, 37.400157596100726 ] ] ] ] } },
{ "type": "Feature", "properties": { "gid": "다사71aa31ba", "lbl": null, "val": null }, "geometry": { "type": "MultiPolygon", "coordinates": [ [ [ [ 127.172423554167366, 37.382130225287739 ], [ 127.172413751427925, 37.38438364966003 ], [ 127.175237729158056, 37.384391438583442 ], [ 127.175247447395989, 37.38213801358016 ], [ 127.172423554167366, 37.382130225287739 ] ] ] ] } },
{ "type": "Feature", "properties": { "gid": "다사67ab29aa", "lbl": null, "val": null }, "geometry": { "type": "MultiPolygon", "coordinates": [ [ [ [ 127.130175926654942, 37.359471119578714 ], [ 127.130164868725302, 37.36172454246568 ], [ 127.132987984526537, 37.36173333575428 ], [ 127.132998958050734, 37.359479912154804 ], [ 127.130175926654942, 37.359471119578714 ] ] ] ] } },
{ "type": "Feature", "properties": { "gid": "다사60ab32aa", "lbl": null, "val": null }, "geometry": { "type": "MultiPolygon", "coordinates": [ [ [ [ 127.050970428333216, 37.386238326305687 ], [ 127.050956989173415, 37.388491716647941 ], [ 127.053781080501139, 37.388502406858855 ], [ 127.053794435147111, 37.386249015650627 ], [ 127.050970428333216, 37.386238326305687 ] ] ] ] } },
{ "type": "Feature", "properties": { "gid": "다사58bb32ab", "lbl": null, "val": null }, "geometry": { "type": "MultiPolygon", "coordinates": [ [ [ [ 127.034012472955425, 37.38842615914141 ], [ 127.033998525163923, 37.390679543307812 ], [ 127.036822691895821, 37.390690639057269 ], [ 127.036836555165181, 37.388437253992073 ], [ 127.034012472955425, 37.38842615914141 ] ] ] ] } },
{ "type": "Feature", "properties": { "gid": "다사65bb28bb", "lbl": null, "val": null }, "geometry": { "type": "MultiPolygon", "coordinates": [ [ [ [ 127.113249327528493, 37.357163529951052 ], [ 127.113237764456343, 37.359416949311971 ], [ 127.11606078832628, 37.359426146119091 ], [ 127.116072267003204, 37.357172726012941 ], [ 127.113249327528493, 37.357163529951052 ] ] ] ] } },
{ "type": "Feature", "properties": { "gid": "다사60bb31aa", "lbl": null, "val": null }, "geometry": { "type": "MultiPolygon", "coordinates": [ [ [ [ 127.056671509205714, 37.377246060637546 ], [ 127.056658244981278, 37.379499456165512 ], [ 127.059482001272855, 37.379510008075698 ], [ 127.059495181020736, 37.377256611692879 ], [ 127.056671509205714, 37.377246060637546 ] ] ] ] } },
{ "type": "Feature", "properties": { "gid": "다사61bb32aa", "lbl": null, "val": null }, "geometry": { "type": "MultiPolygon", "coordinates": [ [ [ [ 127.067914491326803, 37.386301450849821 ], [ 127.067901559252476, 37.388554846306022 ], [ 127.070725659359439, 37.388565131873214 ], [ 127.070738506918943, 37.38631173558381 ], [ 127.067914491326803, 37.386301450849821 ] ] ] ] } },
{ "type": "Feature", "properties": { "gid": "다사72ba37bb", "lbl": null, "val": null }, "geometry": { "type": "MultiPolygon", "coordinates": [ [ [ [ 127.189134225622155, 37.438511386647633 ], [ 127.189124903985345, 37.440764793148659 ], [ 127.191951003681893, 37.440772192436647 ], [ 127.191960240580968, 37.438518785336527 ], [ 127.189134225622155, 37.438511386647633 ] ] ] ] } },
{ "type": "Feature", "properties": { "gid": "다사68aa32ba", "lbl": null, "val": null }, "geometry": { "type": "MultiPolygon", "coordinates": [ [ [ [ 127.138493649012304, 37.391045166737278 ], [ 127.138482827447618, 37.393298579657561 ], [ 127.141307129554761, 37.393307180563191 ], [ 127.141317866581943, 37.391053766946214 ], [ 127.138493649012304, 37.391045166737278 ] ] ] ] } },
{ "type": "Feature", "properties": { "gid": "다사59bb33aa", "lbl": null, "val": null }, "geometry": { "type": "MultiPolygon", "coordinates": [ [ [ [ 127.045267977364801, 37.395230294496834 ], [ 127.045254363117024, 37.397483679630405 ], [ 127.048078789590988, 37.397494508229819 ], [ 127.048092319287633, 37.395241122219133 ], [ 127.045267977364801, 37.395230294496834 ] ] ] ] } },
{ "type": "Feature", "properties": { "gid": "다사69ab32ba", "lbl": null, "val": null }, "geometry": { "type": "MultiPolygon", "coordinates": [ [ [ [ 127.152614748718378, 37.391087493292154 ], [ 127.152604349842662, 37.393340909641331 ], [ 127.155428657832431, 37.393349173274324 ], [ 127.155438972169932, 37.391095756255773 ], [ 127.152614748718378, 37.391087493292154 ] ] ] ] } },
{ "type": "Feature", "properties": { "gid": "다사72bb36ba", "lbl": null, "val": null }, "geometry": { "type": "MultiPolygon", "coordinates": [ [ [ [ 127.192006409653345, 37.427251736888415 ], [ 127.191997177894876, 37.429505148304308 ], [ 127.194822855024881, 37.429512477053869 ], [ 127.194832002092681, 37.427259065044524 ], [ 127.192006409653345, 37.427251736888415 ] ] ] ] } },
{ "type": "Feature", "properties": { "gid": "다사68ba35ba", "lbl": null, "val": null }, "geometry": { "type": "MultiPolygon", "coordinates": [ [ [ [ 127.144014177170178, 37.418103214411673 ], [ 127.144003510440228, 37.420356618357019 ], [ 127.146828830116604, 37.420365092586351 ], [ 127.146839412195732, 37.418111687954749 ], [ 127.144014177170178, 37.418103214411673 ] ] ] ] } },
{ "type": "Feature", "properties": { "gid": "다사66ab36ba", "lbl": null, "val": null }, "geometry": { "type": "MultiPolygon", "coordinates": [ [ [ [ 127.118541394548629, 37.427037499286406 ], [ 127.11852996087724, 37.429290893352913 ], [ 127.121355608218181, 37.429299978201641 ], [ 127.121366957202341, 37.427046583399488 ], [ 127.118541394548629, 37.427037499286406 ] ] ] ] } },
{ "type": "Feature", "properties": { "gid": "다사68ba39bb", "lbl": null, "val": null }, "geometry": { "type": "MultiPolygon", "coordinates": [ [ [ [ 127.143832681151778, 37.456410964007702 ], [ 127.143821994213525, 37.458664353267778 ], [ 127.146648754396438, 37.458672839169829 ], [ 127.146659356523486, 37.456419449222793 ], [ 127.143832681151778, 37.456410964007702 ] ] ] ] } },
{ "type": "Feature", "properties": { "gid": "다사68bb29aa", "lbl": null, "val": null }, "geometry": { "type": "MultiPolygon", "coordinates": [ [ [ [ 127.147114133163299, 37.359522864451073 ], [ 127.147103581668489, 37.361776291531214 ], [ 127.14992670465827, 37.361784680552766 ], [ 127.149937171746785, 37.35953125279287 ], [ 127.147114133163299, 37.359522864451073 ] ] ] ] } },
{ "type": "Feature", "properties": { "gid": "다사63bb29aa", "lbl": null, "val": null }, "geometry": { "type": "MultiPolygon", "coordinates": [ [ [ [ 127.090653620625147, 37.359340949488868 ], [ 127.0906413810348, 37.361594361827464 ], [ 127.093464478747464, 37.361604098392867 ], [ 127.093476633934486, 37.359350685265333 ], [ 127.090653620625147, 37.359340949488868 ] ] ] ] } },
{ "type": "Feature", "properties": { "gid": "다사66ba27bb", "lbl": null, "val": null }, "geometry": { "type": "MultiPolygon", "coordinates": [ [ [ [ 127.121763376733625, 37.348177221082409 ], [ 127.121752071882057, 37.35043064611655 ], [ 127.12457476203106, 37.350439637893452 ], [ 127.12458598252455, 37.348186212130628 ], [ 127.121763376733625, 37.348177221082409 ] ] ] ] } },
{ "type": "Feature", "properties": { "gid": "다사65ab31ab", "lbl": null, "val": null }, "geometry": { "type": "MultiPolygon", "coordinates": [ [ [ [ 127.10748607504182, 37.379679075399167 ], [ 127.107474330113092, 37.381932484614914 ], [ 127.110298195864857, 37.381941823728809 ], [ 127.11030985630471, 37.379688413756469 ], [ 127.10748607504182, 37.379679075399167 ] ] ] ] } },
{ "type": "Feature", "properties": { "gid": "다사71ba38bb", "lbl": null, "val": null }, "geometry": { "type": "MultiPolygon", "coordinates": [ [ [ [ 127.177791527458481, 37.447494727261052 ], [ 127.17778186256858, 37.449748127857298 ], [ 127.180608297100235, 37.449755799911422 ], [ 127.180617877215141, 37.447502398694049 ], [ 127.177791527458481, 37.447494727261052 ] ] ] ] } },
{ "type": "Feature", "properties": { "gid": "다사64aa39ba", "lbl": null, "val": null }, "geometry": { "type": "MultiPolygon", "coordinates": [ [ [ [ 127.09296494922728, 37.45399329250786 ], [ 127.092952737072764, 37.456246669331605 ], [ 127.095779389582745, 37.45625637146869 ], [ 127.095791516938235, 37.454002993859511 ], [ 127.09296494922728, 37.45399329250786 ] ] ] ] } },
{ "type": "Feature", "properties": { "gid": "다사72bb39ba", "lbl": null, "val": null }, "geometry": { "type": "MultiPolygon", "coordinates": [ [ [ [ 127.19189556068531, 37.454292616909257 ], [ 127.191886316584402, 37.456546017966502 ], [ 127.194713010738738, 37.456553353840214 ], [ 127.194722170035732, 37.454299952189089 ], [ 127.19189556068531, 37.454292616909257 ] ] ] ] } },
{ "type": "Feature", "properties": { "gid": "다사70ba33ab", "lbl": null, "val": null }, "geometry": { "type": "MultiPolygon", "coordinates": [ [ [ [ 127.166705945481553, 37.397888389951063 ], [ 127.1666959659659, 37.400141807003003 ], [ 127.169520533276085, 37.400149735287663 ], [ 127.169530428224647, 37.397896317593542 ], [ 127.166705945481553, 37.397888389951063 ] ] ] ] } },
{ "type": "Feature", "properties": { "gid": "다사70aa40ba", "lbl": null, "val": null }, "geometry": { "type": "MultiPolygon", "coordinates": [ [ [ [ 127.160762213291648, 37.463221038489557 ], [ 127.160752031822142, 37.465474429197911 ], [ 127.163579053439236, 37.465482511382504 ], [ 127.163589150068418, 37.463229120019925 ], [ 127.160762213291648, 37.463221038489557 ] ] ] ] } },
{ "type": "Feature", "properties": { "gid": "다사65ab33ab", "lbl": null, "val": null }, "geometry": { "type": "MultiPolygon", "coordinates": [ [ [ [ 127.107392078993072, 37.397706324933935 ], [ 127.107380323599941, 37.399959727237679 ], [ 127.110204865601318, 37.399969072405867 ], [ 127.110216536430286, 37.397715669345175 ], [ 127.107392078993072, 37.397706324933935 ] ] ] ] } },
{ "type": "Feature", "properties": { "gid": "다사59bb33bb", "lbl": null, "val": null }, "geometry": { "type": "MultiPolygon", "coordinates": [ [ [ [ 127.045227130074352, 37.401990447302147 ], [ 127.045213511279059, 37.404243829840283 ], [ 127.048038191462766, 37.404254661071334 ], [ 127.048051725678704, 37.402001277655941 ], [ 127.045227130074352, 37.401990447302147 ] ] ] ] } },
{ "type": "Feature", "properties": { "gid": "다사63ab30ab", "lbl": null, "val": null }, "geometry": { "type": "MultiPolygon", "coordinates": [ [ [ [ 127.084945542305633, 37.370588320903977 ], [ 127.084933127000994, 37.37284172732744 ], [ 127.087756644135268, 37.37285160264512 ], [ 127.087768974989913, 37.37059819542155 ], [ 127.084945542305633, 37.370588320903977 ] ] ] ] } },
{ "type": "Feature", "properties": { "gid": "다사68ba28bb", "lbl": null, "val": null }, "geometry": { "type": "MultiPolygon", "coordinates": [ [ [ [ 127.144301730471412, 37.357260981478547 ], [ 127.144291095754284, 37.359514408736658 ], [ 127.147114133163299, 37.359522864451073 ], [ 127.147124683483682, 37.357269436507771 ], [ 127.144301730471412, 37.357260981478547 ] ] ] ] } },
{ "type": "Feature", "properties": { "gid": "다사67aa28aa", "lbl": null, "val": null }, "geometry": { "type": "MultiPolygon", "coordinates": [ [ [ [ 127.127397453429083, 37.350448562320295 ], [ 127.127386316054142, 37.352701987942964 ], [ 127.130209093059534, 37.352710845737462 ], [ 127.130220146066762, 37.350457419396996 ], [ 127.127397453429083, 37.350448562320295 ] ] ] ] } },
{ "type": "Feature", "properties": { "gid": "다사65bb28ba", "lbl": null, "val": null }, "geometry": { "type": "MultiPolygon", "coordinates": [ [ [ [ 127.113260889313537, 37.354910109726497 ], [ 127.113249327528493, 37.357163529951052 ], [ 127.116072267003204, 37.357172726012941 ], [ 127.116083744402502, 37.354919305043204 ], [ 127.113260889313537, 37.354910109726497 ] ] ] ] } },
{ "type": "Feature", "properties": { "gid": "다사63ab28aa", "lbl": null, "val": null }, "geometry": { "type": "MultiPolygon", "coordinates": [ [ [ [ 127.085057217879353, 37.350307624205513 ], [ 127.085044815006384, 37.352561038406222 ], [ 127.087867572428948, 37.352570906524747 ], [ 127.087879890936463, 37.350317491524365 ], [ 127.085057217879353, 37.350307624205513 ] ] ] ] } },
{ "type": "Feature", "properties": { "gid": "다사64ab39ba", "lbl": null, "val": null }, "geometry": { "type": "MultiPolygon", "coordinates": [ [ [ [ 127.095791516938235, 37.454002993859511 ], [ 127.095779389582745, 37.45625637146869 ], [ 127.098606043443056, 37.456266005999815 ], [ 127.098618085999362, 37.454012627610688 ], [ 127.095791516938235, 37.454002993859511 ] ] ] ] } },
{ "type": "Feature", "properties": { "gid": "다사70bb33ba", "lbl": null, "val": null }, "geometry": { "type": "MultiPolygon", "coordinates": [ [ [ [ 127.169520533276085, 37.400149735287663 ], [ 127.169510637225912, 37.402403152118595 ], [ 127.172335290214392, 37.402411013568411 ], [ 127.172345101687924, 37.400157596100726 ], [ 127.169520533276085, 37.400149735287663 ] ] ] ] } },
{ "type": "Feature", "properties": { "gid": "다사68ba36aa", "lbl": null, "val": null }, "geometry": { "type": "MultiPolygon", "coordinates": [ [ [ [ 127.143992842522692, 37.422610021438658 ], [ 127.143982173417399, 37.424863423656582 ], [ 127.146807662423669, 37.424871899258576 ], [ 127.146818246859297, 37.422618496354303 ], [ 127.143992842522692, 37.422610021438658 ] ] ] ] } },
{ "type": "Feature", "properties": { "gid": "다사59ab35ab", "lbl": null, "val": null }, "geometry": { "type": "MultiPolygon", "coordinates": [ [ [ [ 127.039495192673428, 37.415488855799786 ], [ 127.03948139550711, 37.41774223137498 ], [ 127.042306580320641, 37.417753202892747 ], [ 127.042320292851485, 37.415499826429034 ], [ 127.039495192673428, 37.415488855799786 ] ] ] ] } },
{ "type": "Feature", "properties": { "gid": "다사64bb26bb", "lbl": null, "val": null }, "geometry": { "type": "MultiPolygon", "coordinates": [ [ [ [ 127.102052740131128, 37.339098710344359 ], [ 127.102040850072427, 37.341352133579868 ], [ 127.104863193843613, 37.34136159373724 ], [ 127.10487499958289, 37.339108169735027 ], [ 127.102052740131128, 37.339098710344359 ] ] ] ] } },
{ "type": "Feature", "properties": { "gid": "다사63aa38ab", "lbl": null, "val": null }, "geometry": { "type": "MultiPolygon", "coordinates": [ [ [ [ 127.081721427862135, 37.442686929987978 ], [ 127.081708883498365, 37.444940307939831 ], [ 127.084535106614922, 37.444950276463643 ], [ 127.084547566227485, 37.442696897704721 ], [ 127.081721427862135, 37.442686929987978 ] ] ] ] } },
{ "type": "Feature", "properties": { "gid": "다사63bb35aa", "lbl": null, "val": null }, "geometry": { "type": "MultiPolygon", "coordinates": [ [ [ [ 127.090359494081312, 37.413422607101523 ], [ 127.090347221746669, 37.415675998697949 ], [ 127.093172347960447, 37.415685754211893 ], [ 127.093184535665969, 37.4134323618254 ], [ 127.090359494081312, 37.413422607101523 ] ] ] ] } },
{ "type": "Feature", "properties": { "gid": "다사72bb37aa", "lbl": null, "val": null }, "geometry": { "type": "MultiPolygon", "coordinates": [ [ [ [ 127.19198794510848, 37.431758558857098 ], [ 127.191978711294126, 37.434011968546727 ], [ 127.194804557833862, 37.4340192984833 ], [ 127.19481370693866, 37.43176588820014 ], [ 127.19198794510848, 37.431758558857098 ] ] ] ] } },
{ "type": "Feature", "properties": { "gid": "다사61ab35ba", "lbl": null, "val": null }, "geometry": { "type": "MultiPolygon", "coordinates": [ [ [ [ 127.062082916235113, 37.417828113204273 ], [ 127.062069794696924, 37.4200814948695 ], [ 127.064895076106481, 37.420091927141392 ], [ 127.064908112998339, 37.417838544631337 ], [ 127.062082916235113, 37.417828113204273 ] ] ] ] } },
{ "type": "Feature", "properties": { "gid": "다사63aa36ab", "lbl": null, "val": null }, "geometry": { "type": "MultiPolygon", "coordinates": [ [ [ [ 127.081821732509212, 37.424659875240131 ], [ 127.081809199313469, 37.426913260110283 ], [ 127.084634744684479, 37.426923222178807 ], [ 127.084647193204461, 37.424669836501984 ], [ 127.081821732509212, 37.424659875240131 ] ] ] ] } },
{ "type": "Feature", "properties": { "gid": "다사60bb30bb", "lbl": null, "val": null }, "geometry": { "type": "MultiPolygon", "coordinates": [ [ [ [ 127.05668477195367, 37.374992664244829 ], [ 127.056671509205714, 37.377246060637546 ], [ 127.059495181020736, 37.377256611692879 ], [ 127.05950835930156, 37.375003214445364 ], [ 127.05668477195367, 37.374992664244829 ] ] ] ] } },
{ "type": "Feature", "properties": { "gid": "다사63ba28aa", "lbl": null, "val": null }, "geometry": { "type": "MultiPolygon", "coordinates": [ [ [ [ 127.087879890936463, 37.350317491524365 ], [ 127.087867572428948, 37.352570906524747 ], [ 127.090690331222746, 37.352580707289015 ], [ 127.09070256536468, 37.35032729149443 ], [ 127.087879890936463, 37.350317491524365 ] ] ] ] } },
{ "type": "Feature", "properties": { "gid": "다사66bb28aa", "lbl": null, "val": null }, "geometry": { "type": "MultiPolygon", "coordinates": [ [ [ [ 127.12457476203106, 37.350439637893452 ], [ 127.12456354028852, 37.352693062792866 ], [ 127.127386316054142, 37.352701987942964 ], [ 127.127397453429083, 37.350448562320295 ], [ 127.12457476203106, 37.350439637893452 ] ] ] ] } },
{ "type": "Feature", "properties": { "gid": "다사65bb39bb", "lbl": null, "val": null }, "geometry": { "type": "MultiPolygon", "coordinates": [ [ [ [ 127.112739332669548, 37.456313164562509 ], [ 127.1127277128179, 37.458566545904851 ], [ 127.115554459391646, 37.458575775545299 ], [ 127.115565994433709, 37.456322393455785 ], [ 127.112739332669548, 37.456313164562509 ] ] ] ] } },
{ "type": "Feature", "properties": { "gid": "다사69bb41aa", "lbl": null, "val": null }, "geometry": { "type": "MultiPolygon", "coordinates": [ [ [ [ 127.157914743885911, 37.46771966856813 ], [ 127.15790447528974, 37.469973056889039 ], [ 127.160731665481819, 37.469981208023128 ], [ 127.160741849218923, 37.467727819042437 ], [ 127.157914743885911, 37.46771966856813 ] ] ] ] } },
{ "type": "Feature", "properties": { "gid": "다사62aa29aa", "lbl": null, "val": null }, "geometry": { "type": "MultiPolygon", "coordinates": [ [ [ [ 127.07089256613169, 37.359270912679023 ], [ 127.070879735722528, 37.36152431934218 ], [ 127.073702823700344, 37.361534527538723 ], [ 127.073715569707304, 37.359281120048415 ], [ 127.07089256613169, 37.359270912679023 ] ] ] ] } },
{ "type": "Feature", "properties": { "gid": "다사61aa33ab", "lbl": null, "val": null }, "geometry": { "type": "MultiPolygon", "coordinates": [ [ [ [ 127.059376510455138, 37.397537148006556 ], [ 127.059363317496036, 37.39979053660619 ], [ 127.062187835968501, 37.399801028744442 ], [ 127.062200944366225, 37.397547639294956 ], [ 127.059376510455138, 37.397537148006556 ] ] ] ] } },
{ "type": "Feature", "properties": { "gid": "다사72aa39ba", "lbl": null, "val": null }, "geometry": { "type": "MultiPolygon", "coordinates": [ [ [ [ 127.183415738847103, 37.454270205449163 ], [ 127.183406240335088, 37.456523604691959 ], [ 127.186232931373141, 37.456531143392311 ], [ 127.186242345081553, 37.454277743539215 ], [ 127.183415738847103, 37.454270205449163 ] ] ] ] } },
{ "type": "Feature", "properties": { "gid": "다사61bb29aa", "lbl": null, "val": null }, "geometry": { "type": "MultiPolygon", "coordinates": [ [ [ [ 127.068069563984182, 37.359260637939627 ], [ 127.068056649173002, 37.361514043770171 ], [ 127.070879735722528, 37.36152431934218 ], [ 127.07089256613169, 37.359270912679023 ], [ 127.068069563984182, 37.359260637939627 ] ] ] ] } },
{ "type": "Feature", "properties": { "gid": "다사64ba27aa", "lbl": null, "val": null }, "geometry": { "type": "MultiPolygon", "coordinates": [ [ [ [ 127.099218507624769, 37.34134260609504 ], [ 127.09920653191385, 37.343596027694652 ], [ 127.102028958690184, 37.34360555595169 ], [ 127.102040850072427, 37.341352133579868 ], [ 127.099218507624769, 37.34134260609504 ] ] ] ] } },
{ "type": "Feature", "properties": { "gid": "다사61ab30ab", "lbl": null, "val": null }, "geometry": { "type": "MultiPolygon", "coordinates": [ [ [ [ 127.062358131371127, 37.3705068984505 ], [ 127.062345040472394, 37.372760298276617 ], [ 127.065168546286586, 37.372770712817633 ], [ 127.065181552736632, 37.370517312147733 ], [ 127.062358131371127, 37.3705068984505 ] ] ] ] } },
{ "type": "Feature", "properties": { "gid": "다사62aa38aa", "lbl": null, "val": null }, "geometry": { "type": "MultiPolygon", "coordinates": [ [ [ [ 127.070429770393474, 37.440393007861971 ], [ 127.070416888460855, 37.442646383395832 ], [ 127.073243021183288, 37.442656621402442 ], [ 127.07325581837479, 37.440403245039661 ], [ 127.070429770393474, 37.440393007861971 ] ] ] ] } },
{ "type": "Feature", "properties": { "gid": "다사71bb35ab", "lbl": null, "val": null }, "geometry": { "type": "MultiPolygon", "coordinates": [ [ [ [ 127.18075188688907, 37.415954691001055 ], [ 127.180742321694993, 37.418208104304519 ], [ 127.183567571300117, 37.41821570015054 ], [ 127.183577051851074, 37.415962286231931 ], [ 127.18075188688907, 37.415954691001055 ] ] ] ] } },
{ "type": "Feature", "properties": { "gid": "다사71aa34aa", "lbl": null, "val": null }, "geometry": { "type": "MultiPolygon", "coordinates": [ [ [ [ 127.172325477648513, 37.404664430172943 ], [ 127.172315663990204, 37.406917845914315 ], [ 127.175140487252804, 37.40692564114967 ], [ 127.175150216315515, 37.404672224776952 ], [ 127.172325477648513, 37.404664430172943 ] ] ] ] } },
{ "type": "Feature", "properties": { "gid": "다사69bb41ab", "lbl": null, "val": null }, "geometry": { "type": "MultiPolygon", "coordinates": [ [ [ [ 127.15790447528974, 37.469973056889039 ], [ 127.157894205550136, 37.472226444346056 ], [ 127.160721480610746, 37.47223459613997 ], [ 127.160731665481819, 37.469981208023128 ], [ 127.15790447528974, 37.469973056889039 ] ] ] ] } },
{ "type": "Feature", "properties": { "gid": "다사70aa34ab", "lbl": null, "val": null }, "geometry": { "type": "MultiPolygon", "coordinates": [ [ [ [ 127.161016381959854, 37.406885990092931 ], [ 127.161006228790114, 37.409139402390842 ], [ 127.163831132230357, 37.409147468231275 ], [ 127.163841200795588, 37.406894055280098 ], [ 127.161016381959854, 37.406885990092931 ] ] ] ] } },
{ "type": "Feature", "properties": { "gid": "다사67ba27bb", "lbl": null, "val": null }, "geometry": { "type": "MultiPolygon", "coordinates": [ [ [ [ 127.133053807353136, 37.348212781207366 ], [ 127.133042839934674, 37.350466209123461 ], [ 127.135865535023427, 37.350474931499605 ], [ 127.135876418083285, 37.348221502876662 ], [ 127.133053807353136, 37.348212781207366 ] ] ] ] } },
{ "type": "Feature", "properties": { "gid": "다사61bb33ab", "lbl": null, "val": null }, "geometry": { "type": "MultiPolygon", "coordinates": [ [ [ [ 127.067849816556574, 37.397568419484088 ], [ 127.067836877282119, 37.399821810616835 ], [ 127.070661400104413, 37.399832100350778 ], [ 127.070674254817007, 37.397578708384579 ], [ 127.067849816556574, 37.397568419484088 ] ] ] ] } },
{ "type": "Feature", "properties": { "gid": "다사63aa30ba", "lbl": null, "val": null }, "geometry": { "type": "MultiPolygon", "coordinates": [ [ [ [ 127.082109611248853, 37.372831784606483 ], [ 127.08209711010285, 37.375085189360099 ], [ 127.084920710314236, 37.375095132886649 ], [ 127.084933127000994, 37.37284172732744 ], [ 127.082109611248853, 37.372831784606483 ] ] ] ] } },
{ "type": "Feature", "properties": { "gid": "다사69ab35ba", "lbl": null, "val": null }, "geometry": { "type": "MultiPolygon", "coordinates": [ [ [ [ 127.152489885771601, 37.418128432496871 ], [ 127.1524794729945, 37.420381838484602 ], [ 127.155304796177148, 37.420390110153321 ], [ 127.15531512430303, 37.418136703495733 ], [ 127.152489885771601, 37.418128432496871 ] ] ] ] } },
{ "type": "Feature", "properties": { "gid": "다사72ab36aa", "lbl": null, "val": null }, "geometry": { "type": "MultiPolygon", "coordinates": [ [ [ [ 127.186374027006821, 37.422730054948083 ], [ 127.186364627960373, 37.424983466886999 ], [ 127.18919013365371, 37.424990929514344 ], [ 127.189199448028575, 37.422737516971111 ], [ 127.186374027006821, 37.422730054948083 ] ] ] ] } },
{ "type": "Feature", "properties": { "gid": "다사60bb35aa", "lbl": null, "val": null }, "geometry": { "type": "MultiPolygon", "coordinates": [ [ [ [ 127.056459104322272, 37.413300285301503 ], [ 127.056445816450974, 37.415553666990824 ], [ 127.059270925646771, 37.415564232585524 ], [ 127.059284128890937, 37.413310850040531 ], [ 127.056459104322272, 37.413300285301503 ] ] ] ] } },
{ "type": "Feature", "properties": { "gid": "다사63ab34bb", "lbl": null, "val": null }, "geometry": { "type": "MultiPolygon", "coordinates": [ [ [ [ 127.084721855227386, 37.411149504283891 ], [ 127.084709415020001, 37.413402895148373 ], [ 127.087534453862872, 37.413412784875824 ], [ 127.087546809450856, 37.41115939321039 ], [ 127.084721855227386, 37.411149504283891 ] ] ] ] } },
{ "type": "Feature", "properties": { "gid": "다사73aa38aa", "lbl": null, "val": null }, "geometry": { "type": "MultiPolygon", "coordinates": [ [ [ [ 127.19477710440691, 37.440779524153982 ], [ 127.19476795122668, 37.443032930984543 ], [ 127.19759413771817, 37.443040195719341 ], [ 127.197603206151001, 37.440786788300592 ], [ 127.19477710440691, 37.440779524153982 ] ] ] ] } },
{ "type": "Feature", "properties": { "gid": "다사69ab30ab", "lbl": null, "val": null }, "geometry": { "type": "MultiPolygon", "coordinates": [ [ [ [ 127.152708286525439, 37.370806707301767 ], [ 127.152697898062954, 37.373060131420296 ], [ 127.155521445547521, 37.373068389030223 ], [ 127.155531749556459, 37.370814964242669 ], [ 127.152708286525439, 37.370806707301767 ] ] ] ] } },
{ "type": "Feature", "properties": { "gid": "다사67bb28bb", "lbl": null, "val": null }, "geometry": { "type": "MultiPolygon", "coordinates": [ [ [ [ 127.135832878574533, 37.357235212188883 ], [ 127.135821990667978, 37.359488637358737 ], [ 127.138645024497237, 37.359497295190408 ], [ 127.138655828007472, 37.357243869319021 ], [ 127.135832878574533, 37.357235212188883 ] ] ] ] } },
{ "type": "Feature", "properties": { "gid": "다사61aa34bb", "lbl": null, "val": null }, "geometry": { "type": "MultiPolygon", "coordinates": [ [ [ [ 127.059297330665302, 37.411057466630538 ], [ 127.059284128890937, 37.413310850040531 ], [ 127.062109154929431, 37.413321347278888 ], [ 127.062122272085929, 37.411067963018759 ], [ 127.059297330665302, 37.411057466630538 ] ] ] ] } },
{ "type": "Feature", "properties": { "gid": "다사59bb35ab", "lbl": null, "val": null }, "geometry": { "type": "MultiPolygon", "coordinates": [ [ [ [ 127.04514539455603, 37.4155107295528 ], [ 127.045131766660873, 37.417764106899554 ], [ 127.047956954518369, 37.417774943395315 ], [ 127.047970497777698, 37.415521565170977 ], [ 127.04514539455603, 37.4155107295528 ] ] ] ] } },
{ "type": "Feature", "properties": { "gid": "다사64aa34ab", "lbl": null, "val": null }, "geometry": { "type": "MultiPolygon", "coordinates": [ [ [ [ 127.093221090642572, 37.406672179479465 ], [ 127.093208907006868, 37.408925574459168 ], [ 127.096033780717974, 37.408935260112059 ], [ 127.096045879752637, 37.406681864347895 ], [ 127.093221090642572, 37.406672179479465 ] ] ] ] } },
{ "type": "Feature", "properties": { "gid": "다사70ba33bb", "lbl": null, "val": null }, "geometry": { "type": "MultiPolygon", "coordinates": [ [ [ [ 127.1666859853392, 37.402395223191718 ], [ 127.166676003601324, 37.404648638517209 ], [ 127.169500740073985, 37.404656568086338 ], [ 127.169510637225912, 37.402403152118595 ], [ 127.1666859853392, 37.402395223191718 ] ] ] ] } },
{ "type": "Feature", "properties": { "gid": "다사70ba33ba", "lbl": null, "val": null }, "geometry": { "type": "MultiPolygon", "coordinates": [ [ [ [ 127.1666959659659, 37.400141807003003 ], [ 127.1666859853392, 37.402395223191718 ], [ 127.169510637225912, 37.402403152118595 ], [ 127.169520533276085, 37.400149735287663 ], [ 127.1666959659659, 37.400141807003003 ] ] ] ] } },
{ "type": "Feature", "properties": { "gid": "다사59ba31ba", "lbl": null, "val": null }, "geometry": { "type": "MultiPolygon", "coordinates": [ [ [ [ 127.04252579773285, 37.381699075644399 ], [ 127.042512108080913, 37.383952465086075 ], [ 127.045336025874818, 37.383963355852686 ], [ 127.045349631032295, 37.381709965528728 ], [ 127.04252579773285, 37.381699075644399 ] ] ] ] } },
{ "type": "Feature", "properties": { "gid": "다사66ab40ab", "lbl": null, "val": null }, "geometry": { "type": "MultiPolygon", "coordinates": [ [ [ [ 127.118369755742478, 37.460838319540422 ], [ 127.118358302960047, 37.463091700642828 ], [ 127.121185221741257, 37.463100796531485 ], [ 127.121196589694918, 37.460847414692786 ], [ 127.118369755742478, 37.460838319540422 ] ] ] ] } },
{ "type": "Feature", "properties": { "gid": "다사69ab32bb", "lbl": null, "val": null }, "geometry": { "type": "MultiPolygon", "coordinates": [ [ [ [ 127.152604349842662, 37.393340909641331 ], [ 127.152593949809244, 37.395594325127142 ], [ 127.155418342346636, 37.395602589429579 ], [ 127.155428657832431, 37.393349173274324 ], [ 127.152604349842662, 37.393340909641331 ] ] ] ] } },
{ "type": "Feature", "properties": { "gid": "다사70bb35ab", "lbl": null, "val": null }, "geometry": { "type": "MultiPolygon", "coordinates": [ [ [ [ 127.169451237783534, 37.415923634976515 ], [ 127.169441334018373, 37.418177045764715 ], [ 127.172266579307106, 37.41818491167286 ], [ 127.172276398429688, 37.415931500247638 ], [ 127.169451237783534, 37.415923634976515 ] ] ] ] } },
{ "type": "Feature", "properties": { "gid": "다사60ab34ba", "lbl": null, "val": null }, "geometry": { "type": "MultiPolygon", "coordinates": [ [ [ [ 127.050835969388089, 37.40877219080317 ], [ 127.050822515259028, 37.41102557249507 ], [ 127.053647452242444, 37.411036271368594 ], [ 127.053660821763586, 37.408782888810208 ], [ 127.050835969388089, 37.40877219080317 ] ] ] ] } },
{ "type": "Feature", "properties": { "gid": "다사63ab33ba", "lbl": null, "val": null }, "geometry": { "type": "MultiPolygon", "coordinates": [ [ [ [ 127.08478403549455, 37.39988253699368 ], [ 127.084771602209884, 37.402135932180698 ], [ 127.087596218049995, 37.402145817903893 ], [ 127.087608566762398, 37.399892421916171 ], [ 127.08478403549455, 37.39988253699368 ] ] ] ] } },
{ "type": "Feature", "properties": { "gid": "다사60ba36bb", "lbl": null, "val": null }, "geometry": { "type": "MultiPolygon", "coordinates": [ [ [ [ 127.053540442473562, 37.429063300691112 ], [ 127.053527059549864, 37.431316675463066 ], [ 127.056352759918795, 37.431327314593105 ], [ 127.056366058149564, 37.429073938959661 ], [ 127.053540442473562, 37.429063300691112 ] ] ] ] } },
{ "type": "Feature", "properties": { "gid": "다사70bb41ab", "lbl": null, "val": null }, "geometry": { "type": "MultiPolygon", "coordinates": [ [ [ [ 127.169213242824171, 37.470005255579551 ], [ 127.169203312559475, 37.472258645642995 ], [ 127.172030592099858, 37.472266526850824 ], [ 127.172040437495482, 37.470013136149454 ], [ 127.169213242824171, 37.470005255579551 ] ] ] ] } },
{ "type": "Feature", "properties": { "gid": "다사70bb36ab", "lbl": null, "val": null }, "geometry": { "type": "MultiPolygon", "coordinates": [ [ [ [ 127.16941161610643, 37.4249372729493 ], [ 127.169401707929879, 37.427190680284106 ], [ 127.172227291883175, 37.427198548740684 ], [ 127.172237115379446, 37.424945140768713 ], [ 127.16941161610643, 37.4249372729493 ] ] ] ] } },
{ "type": "Feature", "properties": { "gid": "다사62aa35aa", "lbl": null, "val": null }, "geometry": { "type": "MultiPolygon", "coordinates": [ [ [ [ 127.070584241769538, 37.413352433988791 ], [ 127.070571377035577, 37.415605819901742 ], [ 127.073396493487053, 37.415616047964626 ], [ 127.073409273593043, 37.413362661223346 ], [ 127.070584241769538, 37.413352433988791 ] ] ] ] } },
{ "type": "Feature", "properties": { "gid": "다사71ab34bb", "lbl": null, "val": null }, "geometry": { "type": "MultiPolygon", "coordinates": [ [ [ [ 127.175121025877729, 37.411432471305638 ], [ 127.175111293565109, 37.413685885088846 ], [ 127.177936371754612, 37.413693614713964 ], [ 127.17794601944324, 37.411440200304753 ], [ 127.175121025877729, 37.411432471305638 ] ] ] ] } },
{ "type": "Feature", "properties": { "gid": "다사64ab37bb", "lbl": null, "val": null }, "geometry": { "type": "MultiPolygon", "coordinates": [ [ [ [ 127.095876370630094, 37.43822932638453 ], [ 127.095864252722635, 37.440482710046275 ], [ 127.098690313186765, 37.440492339118684 ], [ 127.098702346361065, 37.438238954677317 ], [ 127.095876370630094, 37.43822932638453 ] ] ] ] } },
{ "type": "Feature", "properties": { "gid": "다사68ab32bb", "lbl": null, "val": null }, "geometry": { "type": "MultiPolygon", "coordinates": [ [ [ [ 127.141307129554761, 37.393307180563191 ], [ 127.141296391332261, 37.395560593316659 ], [ 127.14412077918179, 37.395569127459225 ], [ 127.144131432857236, 37.393315714014477 ], [ 127.141307129554761, 37.393307180563191 ] ] ] ] } },
{ "type": "Feature", "properties": { "gid": "다사66ba38ab", "lbl": null, "val": null }, "geometry": { "type": "MultiPolygon", "coordinates": [ [ [ [ 127.12128748777252, 37.442820328867789 ], [ 127.121276129940071, 37.445073717620851 ], [ 127.124102371620197, 37.44508274004086 ], [ 127.124113644699264, 37.442829350557318 ], [ 127.12128748777252, 37.442820328867789 ] ] ] ] } },
{ "type": "Feature", "properties": { "gid": "다사64bb37bb", "lbl": null, "val": null }, "geometry": { "type": "MultiPolygon", "coordinates": [ [ [ [ 127.101528323431722, 37.438248515407821 ], [ 127.101516374990695, 37.440501900623353 ], [ 127.104342438125016, 37.440511394560154 ], [ 127.104354301832572, 37.43825800857595 ], [ 127.101528323431722, 37.438248515407821 ] ] ] ] } },
{ "type": "Feature", "properties": { "gid": "다사61ab33aa", "lbl": null, "val": null }, "geometry": { "type": "MultiPolygon", "coordinates": [ [ [ [ 127.062214051304807, 37.395294248980676 ], [ 127.062200944366225, 37.397547639294956 ], [ 127.065025379736525, 37.397558063120847 ], [ 127.065038402122923, 37.395304671962229 ], [ 127.062214051304807, 37.395294248980676 ] ] ] ] } },
{ "type": "Feature", "properties": { "gid": "다사70aa36bb", "lbl": null, "val": null }, "geometry": { "type": "MultiPolygon", "coordinates": [ [ [ [ 127.16091479937856, 37.429420074218442 ], [ 127.160904634898884, 37.431673477881894 ], [ 127.163730384902451, 37.431681550257096 ], [ 127.1637404646834, 37.429428145939994 ], [ 127.16091479937856, 37.429420074218442 ] ] ] ] } },
{ "type": "Feature", "properties": { "gid": "다사61bb33ba", "lbl": null, "val": null }, "geometry": { "type": "MultiPolygon", "coordinates": [ [ [ [ 127.067836877282119, 37.399821810616835 ], [ 127.067823936567095, 37.402075200884838 ], [ 127.070648543960729, 37.402085491452297 ], [ 127.070661400104413, 37.399832100350778 ], [ 127.067836877282119, 37.399821810616835 ] ] ] ] } },
{ "type": "Feature", "properties": { "gid": "다사65aa34aa", "lbl": null, "val": null }, "geometry": { "type": "MultiPolygon", "coordinates": [ [ [ [ 127.104532099038494, 37.404457115090132 ], [ 127.104520255126459, 37.406710514039027 ], [ 127.107345049567513, 37.406719928964343 ], [ 127.107356808887332, 37.4044665292529 ], [ 127.104532099038494, 37.404457115090132 ] ] ] ] } },
{ "type": "Feature", "properties": { "gid": "다사65ba35bb", "lbl": null, "val": null }, "geometry": { "type": "MultiPolygon", "coordinates": [ [ [ [ 127.110099769652464, 37.420249661068112 ], [ 127.110088085823378, 37.422503055487589 ], [ 127.112913475284913, 37.422512340703257 ], [ 127.112925074455561, 37.420258945531863 ], [ 127.110099769652464, 37.420249661068112 ] ] ] ] } },
{ "type": "Feature", "properties": { "gid": "다사71ba41bb", "lbl": null, "val": null }, "geometry": { "type": "MultiPolygon", "coordinates": [ [ [ [ 127.177675477725572, 37.474535477423359 ], [ 127.177665799913456, 37.476788867656836 ], [ 127.180493252481654, 37.476796547167339 ], [ 127.180502845405428, 37.474543156312293 ], [ 127.177675477725572, 37.474535477423359 ] ] ] ] } },
{ "type": "Feature", "properties": { "gid": "다사61bb31ab", "lbl": null, "val": null }, "geometry": { "type": "MultiPolygon", "coordinates": [ [ [ [ 127.067953278913336, 37.379541259293539 ], [ 127.067940351157063, 37.381794657343569 ], [ 127.070764197747735, 37.381804940411307 ], [ 127.070777041017379, 37.379551541528237 ], [ 127.067953278913336, 37.379541259293539 ] ] ] ] } },
{ "type": "Feature", "properties": { "gid": "다사70aa30bb", "lbl": null, "val": null }, "geometry": { "type": "MultiPolygon", "coordinates": [ [ [ [ 127.161158407718816, 37.375338127279313 ], [ 127.161148270360727, 37.377591551662384 ], [ 127.16397199019444, 37.377599608360619 ], [ 127.16398204307977, 37.375346183324822 ], [ 127.161158407718816, 37.375338127279313 ] ] ] ] } },
{ "type": "Feature", "properties": { "gid": "다사60ba29bb", "lbl": null, "val": null }, "geometry": { "type": "MultiPolygon", "coordinates": [ [ [ [ 127.053914560086611, 37.36596845585909 ], [ 127.053901218813394, 37.368221854850596 ], [ 127.056724551340537, 37.368232469878322 ], [ 127.056737808184394, 37.365979070026761 ], [ 127.053914560086611, 37.36596845585909 ] ] ] ] } },
{ "type": "Feature", "properties": { "gid": "다사68ab28bb", "lbl": null, "val": null }, "geometry": { "type": "MultiPolygon", "coordinates": [ [ [ [ 127.141478778642892, 37.357252459082268 ], [ 127.141468059529146, 37.359505885649753 ], [ 127.144291095754284, 37.359514408736658 ], [ 127.144301730471412, 37.357260981478547 ], [ 127.141478778642892, 37.357252459082268 ] ] ] ] } },
{ "type": "Feature", "properties": { "gid": "다사65ba40ab", "lbl": null, "val": null }, "geometry": { "type": "MultiPolygon", "coordinates": [ [ [ [ 127.109889261573656, 37.460810628377594 ], [ 127.109877554305854, 37.463064007238252 ], [ 127.112704469232924, 37.463073305996112 ], [ 127.112716091672425, 37.460819926382733 ], [ 127.109889261573656, 37.460810628377594 ] ] ] ] } },
{ "type": "Feature", "properties": { "gid": "다사68aa35bb", "lbl": null, "val": null }, "geometry": { "type": "MultiPolygon", "coordinates": [ [ [ [ 127.138352874659745, 37.420339467338316 ], [ 127.138342037422134, 37.42259286903095 ], [ 127.141167439373817, 37.4226014789975 ], [ 127.141178191951468, 37.420348076607645 ], [ 127.138352874659745, 37.420339467338316 ] ] ] ] } },
{ "type": "Feature", "properties": { "gid": "다사63ba27ba", "lbl": null, "val": null }, "geometry": { "type": "MultiPolygon", "coordinates": [ [ [ [ 127.087904523838361, 37.345810658931661 ], [ 127.087892208072901, 37.348064075660005 ], [ 127.090714798144887, 37.348073874835904 ], [ 127.090727029563539, 37.345820457313437 ], [ 127.087904523838361, 37.345810658931661 ] ] ] ] } },
{ "type": "Feature", "properties": { "gid": "다사70bb31ba", "lbl": null, "val": null }, "geometry": { "type": "MultiPolygon", "coordinates": [ [ [ [ 127.169599662029938, 37.382122369567348 ], [ 127.169589774789131, 37.384375793303185 ], [ 127.172413751427925, 37.38438364966003 ], [ 127.172423554167366, 37.382130225287739 ], [ 127.169599662029938, 37.382122369567348 ] ] ] ] } },
{ "type": "Feature", "properties": { "gid": "다사61ba33bb", "lbl": null, "val": null }, "geometry": { "type": "MultiPolygon", "coordinates": [ [ [ [ 127.064999330614185, 37.402064842843735 ], [ 127.06498630387793, 37.40431823140797 ], [ 127.067810994411388, 37.404328590288088 ], [ 127.067823936567095, 37.402075200884838 ], [ 127.064999330614185, 37.402064842843735 ] ] ] ] } },
{ "type": "Feature", "properties": { "gid": "다사63aa29ab", "lbl": null, "val": null }, "geometry": { "type": "MultiPolygon", "coordinates": [ [ [ [ 127.08217209610946, 37.361564747874539 ], [ 127.082159601919358, 37.363818156949378 ], [ 127.084982779928552, 37.363828096448401 ], [ 127.084995189706405, 37.361574686568197 ], [ 127.08217209610946, 37.361564747874539 ] ] ] ] } },
{ "type": "Feature", "properties": { "gid": "다사59bb34aa", "lbl": null, "val": null }, "geometry": { "type": "MultiPolygon", "coordinates": [ [ [ [ 127.045213511279059, 37.404243829840283 ], [ 127.045199890967567, 37.406497211513226 ], [ 127.048024655740036, 37.406508043621606 ], [ 127.048038191462766, 37.404254661071334 ], [ 127.045213511279059, 37.404243829840283 ] ] ] ] } },
{ "type": "Feature", "properties": { "gid": "다사61ba35bb", "lbl": null, "val": null }, "geometry": { "type": "MultiPolygon", "coordinates": [ [ [ [ 127.064895076106481, 37.420091927141392 ], [ 127.064882037763127, 37.42234530878649 ], [ 127.067707405280089, 37.422355674380491 ], [ 127.067720358967506, 37.420102291895994 ], [ 127.064895076106481, 37.420091927141392 ] ] ] ] } },
{ "type": "Feature", "properties": { "gid": "다사66bb26ab", "lbl": null, "val": null }, "geometry": { "type": "MultiPolygon", "coordinates": [ [ [ [ 127.12465327926418, 37.334665639422973 ], [ 127.124642066261785, 37.336919070365909 ], [ 127.127464251651418, 37.336927990454093 ], [ 127.127475380351925, 37.334674558788201 ], [ 127.12465327926418, 37.334665639422973 ] ] ] ] } },
{ "type": "Feature", "properties": { "gid": "다사65ba32bb", "lbl": null, "val": null }, "geometry": { "type": "MultiPolygon", "coordinates": [ [ [ [ 127.110239874190881, 37.393208860631759 ], [ 127.110228205960098, 37.395462265420463 ], [ 127.113052580141613, 37.395471541616011 ], [ 127.11306416382692, 37.393218136075902 ], [ 127.110239874190881, 37.393208860631759 ] ] ] ] } },
{ "type": "Feature", "properties": { "gid": "다사60bb32aa", "lbl": null, "val": null }, "geometry": { "type": "MultiPolygon", "coordinates": [ [ [ [ 127.056618443447562, 37.386259637560663 ], [ 127.056605173315575, 37.388513029629422 ], [ 127.059429267607328, 37.388523584959515 ], [ 127.059442453225159, 37.386270192035717 ], [ 127.056618443447562, 37.386259637560663 ] ] ] ] } },
{ "type": "Feature", "properties": { "gid": "다사67ba29aa", "lbl": null, "val": null }, "geometry": { "type": "MultiPolygon", "coordinates": [ [ [ [ 127.132998958050734, 37.359479912154804 ], [ 127.132987984526537, 37.36173333575428 ], [ 127.135811101549365, 37.361742061665261 ], [ 127.135821990667978, 37.359488637358737 ], [ 127.132998958050734, 37.359479912154804 ] ] ] ] } },
{ "type": "Feature", "properties": { "gid": "다사65aa26bb", "lbl": null, "val": null }, "geometry": { "type": "MultiPolygon", "coordinates": [ [ [ [ 127.10487499958289, 37.339108169735027 ], [ 127.104863193843613, 37.34136159373724 ], [ 127.107685538928948, 37.34137098656705 ], [ 127.107697260348587, 37.339117561803604 ], [ 127.10487499958289, 37.339108169735027 ] ] ] ] } },
{ "type": "Feature", "properties": { "gid": "다사63bb34bb", "lbl": null, "val": null }, "geometry": { "type": "MultiPolygon", "coordinates": [ [ [ [ 127.090371765049781, 37.411169214640623 ], [ 127.090359494081312, 37.413422607101523 ], [ 127.093184535665969, 37.4134323618254 ], [ 127.09319672201471, 37.411178968574482 ], [ 127.090371765049781, 37.411169214640623 ] ] ] ] } },
{ "type": "Feature", "properties": { "gid": "다사68bb32ab", "lbl": null, "val": null }, "geometry": { "type": "MultiPolygon", "coordinates": [ [ [ [ 127.146976872072713, 37.388817349159886 ], [ 127.146966305297369, 37.391070765017311 ], [ 127.149790526424383, 37.391079162879315 ], [ 127.14980100867119, 37.388825746341617 ], [ 127.146976872072713, 37.388817349159886 ] ] ] ] } },
{ "type": "Feature", "properties": { "gid": "다사64bb32bb", "lbl": null, "val": null }, "geometry": { "type": "MultiPolygon", "coordinates": [ [ [ [ 127.10176701311363, 37.393180629579668 ], [ 127.101755091247341, 37.395434032081425 ], [ 127.104579461503576, 37.395443510653074 ], [ 127.104591298824829, 37.393190107383546 ], [ 127.10176701311363, 37.393180629579668 ] ] ] ] } },
{ "type": "Feature", "properties": { "gid": "다사65aa34bb", "lbl": null, "val": null }, "geometry": { "type": "MultiPolygon", "coordinates": [ [ [ [ 127.104496563346359, 37.411217309344259 ], [ 127.104484715478023, 37.413470705700554 ], [ 127.107309763752269, 37.413480122913754 ], [ 127.107321527000153, 37.411226725794791 ], [ 127.104496563346359, 37.411217309344259 ] ] ] ] } },
{ "type": "Feature", "properties": { "gid": "다사59ba30ba", "lbl": null, "val": null }, "geometry": { "type": "MultiPolygon", "coordinates": [ [ [ [ 127.042580541104186, 37.372685509227317 ], [ 127.042566857546475, 37.374938902129081 ], [ 127.045390437418945, 37.374949789366944 ], [ 127.045404036519798, 37.372696395583098 ], [ 127.042580541104186, 37.372685509227317 ] ] ] ] } },
{ "type": "Feature", "properties": { "gid": "다사63bb34ab", "lbl": null, "val": null }, "geometry": { "type": "MultiPolygon", "coordinates": [ [ [ [ 127.090396302888777, 37.406662427125468 ], [ 127.090384034652189, 37.408915821315261 ], [ 127.093208907006868, 37.408925574459168 ], [ 127.093221090642572, 37.406672179479465 ], [ 127.090396302888777, 37.406662427125468 ] ] ] ] } },
{ "type": "Feature", "properties": { "gid": "다사72aa39ab", "lbl": null, "val": null }, "geometry": { "type": "MultiPolygon", "coordinates": [ [ [ [ 127.183425236301559, 37.452016805342943 ], [ 127.183415738847103, 37.454270205449163 ], [ 127.186242345081553, 37.454277743539215 ], [ 127.1862517577419, 37.452024342822746 ], [ 127.183425236301559, 37.452016805342943 ] ] ] ] } },
{ "type": "Feature", "properties": { "gid": "다사60aa34ba", "lbl": null, "val": null }, "geometry": { "type": "MultiPolygon", "coordinates": [ [ [ [ 127.048011118510331, 37.408761425306729 ], [ 127.047997579773494, 37.411014806126673 ], [ 127.050822515259028, 37.41102557249507 ], [ 127.050835969388089, 37.40877219080317 ], [ 127.048011118510331, 37.408761425306729 ] ] ] ] } },
{ "type": "Feature", "properties": { "gid": "다사64aa29aa", "lbl": null, "val": null }, "geometry": { "type": "MultiPolygon", "coordinates": [ [ [ [ 127.093476633934486, 37.359350685265333 ], [ 127.093464478747464, 37.361604098392867 ], [ 127.096287577813229, 37.361613767582 ], [ 127.096299648596755, 37.359360353670979 ], [ 127.093476633934486, 37.359350685265333 ] ] ] ] } },
{ "type": "Feature", "properties": { "gid": "다사60aa33aa", "lbl": null, "val": null }, "geometry": { "type": "MultiPolygon", "coordinates": [ [ [ [ 127.048092319287633, 37.395241122219133 ], [ 127.048078789590988, 37.397494508229819 ], [ 127.050903217571175, 37.397505269367244 ], [ 127.050916662716546, 37.395251882484914 ], [ 127.048092319287633, 37.395241122219133 ] ] ] ] } },
{ "type": "Feature", "properties": { "gid": "다사63bb38aa", "lbl": null, "val": null }, "geometry": { "type": "MultiPolygon", "coordinates": [ [ [ [ 127.090212135851544, 37.440463249198551 ], [ 127.090199847110156, 37.442716630419916 ], [ 127.093025989608634, 37.442726395418177 ], [ 127.093038193607754, 37.440473013406191 ], [ 127.090212135851544, 37.440463249198551 ] ] ] ] } },
{ "type": "Feature", "properties": { "gid": "다사71ba35aa", "lbl": null, "val": null }, "geometry": { "type": "MultiPolygon", "coordinates": [ [ [ [ 127.177936371754612, 37.413693614713964 ], [ 127.177926722991856, 37.41594702826 ], [ 127.18075188688907, 37.415954691001055 ], [ 127.180761451018256, 37.413701276834445 ], [ 127.177936371754612, 37.413693614713964 ] ] ] ] } },
{ "type": "Feature", "properties": { "gid": "다사60aa35ab", "lbl": null, "val": null }, "geometry": { "type": "MultiPolygon", "coordinates": [ [ [ [ 127.047970497777698, 37.415521565170977 ], [ 127.047956954518369, 37.417774943395315 ], [ 127.050782143883708, 37.417785712379896 ], [ 127.050795602506994, 37.415532333283444 ], [ 127.047970497777698, 37.415521565170977 ] ] ] ] } },
{ "type": "Feature", "properties": { "gid": "다사65ba36bb", "lbl": null, "val": null }, "geometry": { "type": "MultiPolygon", "coordinates": [ [ [ [ 127.110053026530323, 37.429263233560576 ], [ 127.110041337496895, 37.431516624523056 ], [ 127.112867065686672, 37.431525912746856 ], [ 127.112878670023903, 37.429272521032281 ], [ 127.110053026530323, 37.429263233560576 ] ] ] ] } },
{ "type": "Feature", "properties": { "gid": "다사66bb28ab", "lbl": null, "val": null }, "geometry": { "type": "MultiPolygon", "coordinates": [ [ [ [ 127.12456354028852, 37.352693062792866 ], [ 127.124552317296775, 37.354946486828844 ], [ 127.12737517743939, 37.354955412702246 ], [ 127.127386316054142, 37.352701987942964 ], [ 127.12456354028852, 37.352693062792866 ] ] ] ] } },
{ "type": "Feature", "properties": { "gid": "다사67ba28ba", "lbl": null, "val": null }, "geometry": { "type": "MultiPolygon", "coordinates": [ [ [ [ 127.133020901435003, 37.354973062365787 ], [ 127.133009930353509, 37.35722648769196 ], [ 127.135832878574533, 37.357235212188883 ], [ 127.135843765269215, 37.354981786155747 ], [ 127.133020901435003, 37.354973062365787 ] ] ] ] } },
{ "type": "Feature", "properties": { "gid": "다사60ab31ab", "lbl": null, "val": null }, "geometry": { "type": "MultiPolygon", "coordinates": [ [ [ [ 127.051010736837455, 37.379478150089412 ], [ 127.050997302165044, 37.381731543026412 ], [ 127.053821139979547, 37.381742230639531 ], [ 127.053834490166352, 37.379488836836714 ], [ 127.051010736837455, 37.379478150089412 ] ] ] ] } },
{ "type": "Feature", "properties": { "gid": "다사64bb33ab", "lbl": null, "val": null }, "geometry": { "type": "MultiPolygon", "coordinates": [ [ [ [ 127.101743168053815, 37.397687433719049 ], [ 127.101731243532868, 37.399940834492511 ], [ 127.104555782907326, 37.39995031459987 ], [ 127.104567622864465, 37.397696913058525 ], [ 127.101743168053815, 37.397687433719049 ] ] ] ] } },
{ "type": "Feature", "properties": { "gid": "다사63bb28aa", "lbl": null, "val": null }, "geometry": { "type": "MultiPolygon", "coordinates": [ [ [ [ 127.09070256536468, 37.35032729149443 ], [ 127.090690331222746, 37.352580707289015 ], [ 127.093513091378441, 37.352590440698947 ], [ 127.093525241154595, 37.350337024115603 ], [ 127.09070256536468, 37.35032729149443 ] ] ] ] } },
{ "type": "Feature", "properties": { "gid": "다사72bb36ab", "lbl": null, "val": null }, "geometry": { "type": "MultiPolygon", "coordinates": [ [ [ [ 127.192015640384099, 37.424998324609405 ], [ 127.192006409653345, 37.427251736888415 ], [ 127.194832002092681, 37.427259065044524 ], [ 127.194841148142132, 37.425005652172089 ], [ 127.192015640384099, 37.424998324609405 ] ] ] ] } },
{ "type": "Feature", "properties": { "gid": "다사69bb32aa", "lbl": null, "val": null }, "geometry": { "type": "MultiPolygon", "coordinates": [ [ [ [ 127.158283652951823, 37.386597113815348 ], [ 127.158273425430053, 37.388850533224321 ], [ 127.161097566639441, 37.388858660630788 ], [ 127.16110770964157, 37.386605240563426 ], [ 127.158283652951823, 37.386597113815348 ] ] ] ] } },
{ "type": "Feature", "properties": { "gid": "다사67ba27aa", "lbl": null, "val": null }, "geometry": { "type": "MultiPolygon", "coordinates": [ [ [ [ 127.133086702284814, 37.341452492279501 ], [ 127.133075738528078, 37.343705922785375 ], [ 127.135898180569114, 37.34371464304111 ], [ 127.135909059995399, 37.341461211828523 ], [ 127.133086702284814, 37.341452492279501 ] ] ] ] } },
{ "type": "Feature", "properties": { "gid": "다사71bb35ba", "lbl": null, "val": null }, "geometry": { "type": "MultiPolygon", "coordinates": [ [ [ [ 127.180742321694993, 37.418208104304519 ], [ 127.180732755435983, 37.420461516744794 ], [ 127.183558089693634, 37.420469113206011 ], [ 127.183567571300117, 37.41821570015054 ], [ 127.180742321694993, 37.418208104304519 ] ] ] ] } },
{ "type": "Feature", "properties": { "gid": "다사59ab36aa", "lbl": null, "val": null }, "geometry": { "type": "MultiPolygon", "coordinates": [ [ [ [ 127.039453796565937, 37.422248979929144 ], [ 127.03943999479074, 37.424502352908078 ], [ 127.042265433567295, 37.424513327091695 ], [ 127.042279150678738, 37.422259953224092 ], [ 127.039453796565937, 37.422248979929144 ] ] ] ] } },
{ "type": "Feature", "properties": { "gid": "다사59aa30ba", "lbl": null, "val": null }, "geometry": { "type": "MultiPolygon", "coordinates": [ [ [ [ 127.036933554851728, 37.372663534310817 ], [ 127.036919702380843, 37.374916925432096 ], [ 127.039743279197324, 37.374927947484096 ], [ 127.039757047211708, 37.372674555469843 ], [ 127.036933554851728, 37.372663534310817 ] ] ] ] } },
{ "type": "Feature", "properties": { "gid": "다사59ba35ba", "lbl": null, "val": null }, "geometry": { "type": "MultiPolygon", "coordinates": [ [ [ [ 127.042306580320641, 37.417753202892747 ], [ 127.042292866263111, 37.420006578491098 ], [ 127.045118137248465, 37.420017483381017 ], [ 127.045131766660873, 37.417764106899554 ], [ 127.042306580320641, 37.417753202892747 ] ] ] ] } },
{ "type": "Feature", "properties": { "gid": "다사59aa33aa", "lbl": null, "val": null }, "geometry": { "type": "MultiPolygon", "coordinates": [ [ [ [ 127.036794960726851, 37.395197406591961 ], [ 127.036781092826857, 37.397450789061402 ], [ 127.039605514725579, 37.397461820046082 ], [ 127.039619298074982, 37.395208436683134 ], [ 127.036794960726851, 37.395197406591961 ] ] ] ] } },
{ "type": "Feature", "properties": { "gid": "다사63ba38aa", "lbl": null, "val": null }, "geometry": { "type": "MultiPolygon", "coordinates": [ [ [ [ 127.087386079463442, 37.440453417423448 ], [ 127.087373705979971, 37.442706797848736 ], [ 127.090199847110156, 37.442716630419916 ], [ 127.090212135851544, 37.440463249198551 ], [ 127.087386079463442, 37.440453417423448 ] ] ] ] } },
{ "type": "Feature", "properties": { "gid": "다사60bb35ba", "lbl": null, "val": null }, "geometry": { "type": "MultiPolygon", "coordinates": [ [ [ [ 127.05643252710027, 37.417807047815089 ], [ 127.056419236269974, 37.42006042777426 ], [ 127.059244514748301, 37.42007099508043 ], [ 127.059257720932607, 37.417817614265495 ], [ 127.05643252710027, 37.417807047815089 ] ] ] ] } },
{ "type": "Feature", "properties": { "gid": "다사69aa33aa", "lbl": null, "val": null }, "geometry": { "type": "MultiPolygon", "coordinates": [ [ [ [ 127.149769558429711, 37.395585993364556 ], [ 127.149759072681576, 37.39783940731207 ], [ 127.152583548618011, 37.397847739749594 ], [ 127.152593949809244, 37.395594325127142 ], [ 127.149769558429711, 37.395585993364556 ] ] ] ] } },
{ "type": "Feature", "properties": { "gid": "다사70aa33aa", "lbl": null, "val": null }, "geometry": { "type": "MultiPolygon", "coordinates": [ [ [ [ 127.161067130857276, 37.395618915653586 ], [ 127.161056983337517, 37.397872332268044 ], [ 127.163881463849378, 37.397880394842538 ], [ 127.16389152681171, 37.395626977575013 ], [ 127.161067130857276, 37.395618915653586 ] ] ] ] } },
{ "type": "Feature", "properties": { "gid": "다사60bb31ab", "lbl": null, "val": null }, "geometry": { "type": "MultiPolygon", "coordinates": [ [ [ [ 127.056658244981278, 37.379499456165512 ], [ 127.056644979280236, 37.381752850828697 ], [ 127.059468820057745, 37.381763403593794 ], [ 127.059482001272855, 37.379510008075698 ], [ 127.056658244981278, 37.379499456165512 ] ] ] ] } },
{ "type": "Feature", "properties": { "gid": "다사59ab30bb", "lbl": null, "val": null }, "geometry": { "type": "MultiPolygon", "coordinates": [ [ [ [ 127.039743279197324, 37.374927947484096 ], [ 127.039729509650229, 37.377181338633306 ], [ 127.042553172465475, 37.377192294165866 ], [ 127.042566857546475, 37.374938902129081 ], [ 127.039743279197324, 37.374927947484096 ] ] ] ] } },
{ "type": "Feature", "properties": { "gid": "다사63bb35ba", "lbl": null, "val": null }, "geometry": { "type": "MultiPolygon", "coordinates": [ [ [ [ 127.090334948045694, 37.417929389429915 ], [ 127.090322672978203, 37.420182779297356 ], [ 127.093147968478505, 37.420192536391532 ], [ 127.09316015889803, 37.417939145733946 ], [ 127.090334948045694, 37.417929389429915 ] ] ] ] } },
{ "type": "Feature", "properties": { "gid": "다사58aa31aa", "lbl": null, "val": null }, "geometry": { "type": "MultiPolygon", "coordinates": [ [ [ [ 127.025611218755145, 37.377125549785667 ], [ 127.025597025300499, 37.379378935549795 ], [ 127.028420764831921, 37.379390229058515 ], [ 127.028434873812003, 37.377136842379471 ], [ 127.025611218755145, 37.377125549785667 ] ] ] ] } },
{ "type": "Feature", "properties": { "gid": "다사65ba28bb", "lbl": null, "val": null }, "geometry": { "type": "MultiPolygon", "coordinates": [ [ [ [ 127.110426389340773, 37.357154266523111 ], [ 127.110414741873626, 37.359407685133355 ], [ 127.113237764456343, 37.359416949311971 ], [ 127.113249327528493, 37.357163529951052 ], [ 127.110426389340773, 37.357154266523111 ] ] ] ] } },
{ "type": "Feature", "properties": { "gid": "다사68ba32aa", "lbl": null, "val": null }, "geometry": { "type": "MultiPolygon", "coordinates": [ [ [ [ 127.144163386768525, 37.386555468499452 ], [ 127.144152736650469, 37.388808884534569 ], [ 127.146976872072713, 37.388817349159886 ], [ 127.146987437671783, 37.386563932439074 ], [ 127.144163386768525, 37.386555468499452 ] ] ] ] } },
{ "type": "Feature", "properties": { "gid": "다사63ab34ba", "lbl": null, "val": null }, "geometry": { "type": "MultiPolygon", "coordinates": [ [ [ [ 127.084734294049895, 37.408896112554871 ], [ 127.084721855227386, 37.411149504283891 ], [ 127.087546809450856, 37.41115939321039 ], [ 127.0875591636634, 37.408906000680467 ], [ 127.084734294049895, 37.408896112554871 ] ] ] ] } },
{ "type": "Feature", "properties": { "gid": "다사64ba29ba", "lbl": null, "val": null }, "geometry": { "type": "MultiPolygon", "coordinates": [ [ [ [ 127.099098690508498, 37.363876783219872 ], [ 127.099086701459839, 37.366130196181075 ], [ 127.101909972039437, 37.366139732162594 ], [ 127.101921876665514, 37.363886318428733 ], [ 127.099098690508498, 37.363876783219872 ] ] ] ] } },
{ "type": "Feature", "properties": { "gid": "다사72ab39aa", "lbl": null, "val": null }, "geometry": { "type": "MultiPolygon", "coordinates": [ [ [ [ 127.186261169354282, 37.449770941242889 ], [ 127.1862517577419, 37.452024342822746 ], [ 127.18907828023022, 37.452031812704682 ], [ 127.1890876070578, 37.449778410520082 ], [ 127.186261169354282, 37.449770941242889 ] ] ] ] } },
{ "type": "Feature", "properties": { "gid": "다사71ab34ba", "lbl": null, "val": null }, "geometry": { "type": "MultiPolygon", "coordinates": [ [ [ [ 127.175130757106899, 37.409179056659241 ], [ 127.175121025877729, 37.411432471305638 ], [ 127.17794601944324, 37.411440200304753 ], [ 127.177955666057855, 37.409186785032382 ], [ 127.175130757106899, 37.409179056659241 ] ] ] ] } },
{ "type": "Feature", "properties": { "gid": "다사62ba30aa", "lbl": null, "val": null }, "geometry": { "type": "MultiPolygon", "coordinates": [ [ [ [ 127.076487919825666, 37.368304888109947 ], [ 127.076475252582142, 37.370558292964709 ], [ 127.079298681092354, 37.370568369675446 ], [ 127.079311263895775, 37.368314964004249 ], [ 127.076487919825666, 37.368304888109947 ] ] ] ] } },
{ "type": "Feature", "properties": { "gid": "다사65bb38aa", "lbl": null, "val": null }, "geometry": { "type": "MultiPolygon", "coordinates": [ [ [ [ 127.112820635415858, 37.440539470962449 ], [ 127.112809024616951, 37.442792858355567 ], [ 127.115635177721941, 37.442802082766818 ], [ 127.115646703777358, 37.440548694626848 ], [ 127.112820635415858, 37.440539470962449 ] ] ] ] } },
{ "type": "Feature", "properties": { "gid": "다사67ba40aa", "lbl": null, "val": null }, "geometry": { "type": "MultiPolygon", "coordinates": [ [ [ [ 127.132514965476204, 37.458629733530159 ], [ 127.132503938066947, 37.460883119123501 ], [ 127.135330778253291, 37.460891876186047 ], [ 127.135341720842518, 37.458638489883796 ], [ 127.132514965476204, 37.458629733530159 ] ] ] ] } },
{ "type": "Feature", "properties": { "gid": "다사63aa30bb", "lbl": null, "val": null }, "geometry": { "type": "MultiPolygon", "coordinates": [ [ [ [ 127.08209711010285, 37.375085189360099 ], [ 127.082084607565179, 37.377338593249426 ], [ 127.084908292245217, 37.377348537581639 ], [ 127.084920710314236, 37.375095132886649 ], [ 127.08209711010285, 37.375085189360099 ] ] ] ] } },
{ "type": "Feature", "properties": { "gid": "다사64bb33aa", "lbl": null, "val": null }, "geometry": { "type": "MultiPolygon", "coordinates": [ [ [ [ 127.101755091247341, 37.395434032081425 ], [ 127.101743168053815, 37.397687433719049 ], [ 127.104567622864465, 37.397696913058525 ], [ 127.104579461503576, 37.395443510653074 ], [ 127.101755091247341, 37.395434032081425 ] ] ] ] } },
{ "type": "Feature", "properties": { "gid": "다사60ab35bb", "lbl": null, "val": null }, "geometry": { "type": "MultiPolygon", "coordinates": [ [ [ [ 127.05076868376203, 37.420039090611141 ], [ 127.050755222141717, 37.422292467977179 ], [ 127.053580582306154, 37.42230317118392 ], [ 127.053593959271424, 37.420049792951126 ], [ 127.05076868376203, 37.420039090611141 ] ] ] ] } },
{ "type": "Feature", "properties": { "gid": "다사61bb33aa", "lbl": null, "val": null }, "geometry": { "type": "MultiPolygon", "coordinates": [ [ [ [ 127.067862754390674, 37.39531502748661 ], [ 127.067849816556574, 37.397568419484088 ], [ 127.070674254817007, 37.397578708384579 ], [ 127.070687108098639, 37.395325315553698 ], [ 127.067862754390674, 37.39531502748661 ] ] ] ] } },
{ "type": "Feature", "properties": { "gid": "다사61ba31bb", "lbl": null, "val": null }, "geometry": { "type": "MultiPolygon", "coordinates": [ [ [ [ 127.06510349231425, 37.384037703198203 ], [ 127.065090477174195, 37.38629109868041 ], [ 127.067914491326803, 37.386301450849821 ], [ 127.067927421961599, 37.384048054529003 ], [ 127.06510349231425, 37.384037703198203 ] ] ] ] } },
{ "type": "Feature", "properties": { "gid": "다사65aa32ab", "lbl": null, "val": null }, "geometry": { "type": "MultiPolygon", "coordinates": [ [ [ [ 127.104614969514444, 37.388683298252261 ], [ 127.104603134828409, 37.39093670324992 ], [ 127.107427337321553, 37.390946112838378 ], [ 127.107439087481239, 37.388692707078484 ], [ 127.104614969514444, 37.388683298252261 ] ] ] ] } },
{ "type": "Feature", "properties": { "gid": "다사61ba33ab", "lbl": null, "val": null }, "geometry": { "type": "MultiPolygon", "coordinates": [ [ [ [ 127.065025379736525, 37.397558063120847 ], [ 127.065012355900336, 37.399811453414685 ], [ 127.067836877282119, 37.399821810616835 ], [ 127.067849816556574, 37.397568419484088 ], [ 127.065025379736525, 37.397558063120847 ] ] ] ] } },
{ "type": "Feature", "properties": { "gid": "다사68ba32bb", "lbl": null, "val": null }, "geometry": { "type": "MultiPolygon", "coordinates": [ [ [ [ 127.144131432857236, 37.393315714014477 ], [ 127.14412077918179, 37.395569127459225 ], [ 127.146945168217442, 37.395577594141884 ], [ 127.14695573734565, 37.393324180011312 ], [ 127.144131432857236, 37.393315714014477 ] ] ] ] } },
{ "type": "Feature", "properties": { "gid": "다사71bb40bb", "lbl": null, "val": null }, "geometry": { "type": "MultiPolygon", "coordinates": [ [ [ [ 127.180541206420799, 37.465529584256025 ], [ 127.180531617768665, 37.467782978565474 ], [ 127.183358731907944, 37.467790587953907 ], [ 127.183368235709423, 37.465537193028524 ], [ 127.180541206420799, 37.465529584256025 ] ] ] ] } },
{ "type": "Feature", "properties": { "gid": "다사66aa36ab", "lbl": null, "val": null }, "geometry": { "type": "MultiPolygon", "coordinates": [ [ [ [ 127.11572735024393, 37.42477495344815 ], [ 127.115715833167783, 37.427028347637709 ], [ 127.118541394548629, 37.427037499286406 ], [ 127.118552826947123, 37.424784104355787 ], [ 127.11572735024393, 37.42477495344815 ] ] ] ] } },
{ "type": "Feature", "properties": { "gid": "다사63aa34aa", "lbl": null, "val": null }, "geometry": { "type": "MultiPolygon", "coordinates": [ [ [ [ 127.081934468503519, 37.404379372499534 ], [ 127.081921947859286, 37.406632765151322 ], [ 127.084746731487698, 37.406642719961305 ], [ 127.08475916754098, 37.404389326503249 ], [ 127.081934468503519, 37.404379372499534 ] ] ] ] } },
{ "type": "Feature", "properties": { "gid": "다사73aa36bb", "lbl": null, "val": null }, "geometry": { "type": "MultiPolygon", "coordinates": [ [ [ [ 127.194822855024881, 37.429512477053869 ], [ 127.19481370693866, 37.43176588820014 ], [ 127.197639469787376, 37.431773149994335 ], [ 127.197648533173336, 37.429519738260055 ], [ 127.194822855024881, 37.429512477053869 ] ] ] ] } },
{ "type": "Feature", "properties": { "gid": "다사67bb26bb", "lbl": null, "val": null }, "geometry": { "type": "MultiPolygon", "coordinates": [ [ [ [ 127.135919938210762, 37.339207779752776 ], [ 127.135909059995399, 37.341461211828523 ], [ 127.138731418916862, 37.341469864048953 ], [ 127.13874221281101, 37.339216431271993 ], [ 127.135919938210762, 37.339207779752776 ] ] ] ] } },
{ "type": "Feature", "properties": { "gid": "다사69bb36aa", "lbl": null, "val": null }, "geometry": { "type": "MultiPolygon", "coordinates": [ [ [ [ 127.158119875894684, 37.422651720760165 ], [ 127.158109630139009, 37.424905126355128 ], [ 127.160935124943322, 37.424913264300976 ], [ 127.160945286028635, 37.422659858047012 ], [ 127.158119875894684, 37.422651720760165 ] ] ] ] } },
{ "type": "Feature", "properties": { "gid": "다사72aa35ab", "lbl": null, "val": null }, "geometry": { "type": "MultiPolygon", "coordinates": [ [ [ [ 127.183577051851074, 37.415962286231931 ], [ 127.183567571300117, 37.41821570015054 ], [ 127.18639282196078, 37.418223228480834 ], [ 127.186402217868533, 37.415969813952557 ], [ 127.183577051851074, 37.415962286231931 ] ] ] ] } },
{ "type": "Feature", "properties": { "gid": "다사69ba30ba", "lbl": null, "val": null }, "geometry": { "type": "MultiPolygon", "coordinates": [ [ [ [ 127.155521445547521, 37.373068389030223 ], [ 127.155511140391525, 37.375321812954631 ], [ 127.158334773486246, 37.375330003822555 ], [ 127.158344994179174, 37.373076579234542 ], [ 127.155521445547521, 37.373068389030223 ] ] ] ] } },
{ "type": "Feature", "properties": { "gid": "다사70bb34bb", "lbl": null, "val": null }, "geometry": { "type": "MultiPolygon", "coordinates": [ [ [ [ 127.169471042006393, 37.411416810810231 ], [ 127.16946114044616, 37.413670223325028 ], [ 127.172286216459142, 37.413678087959156 ], [ 127.172296033395625, 37.411424674807442 ], [ 127.169471042006393, 37.411416810810231 ] ] ] ] } },
{ "type": "Feature", "properties": { "gid": "다사71ab39bb", "lbl": null, "val": null }, "geometry": { "type": "MultiPolygon", "coordinates": [ [ [ [ 127.174926173604618, 37.456500582938894 ], [ 127.174916419596684, 37.458753979454421 ], [ 127.177743192246112, 37.458761721607459 ], [ 127.177752861441391, 37.456508324465169 ], [ 127.174926173604618, 37.456500582938894 ] ] ] ] } },
{ "type": "Feature", "properties": { "gid": "다사66aa36ba", "lbl": null, "val": null }, "geometry": { "type": "MultiPolygon", "coordinates": [ [ [ [ 127.115715833167783, 37.427028347637709 ], [ 127.115704314809335, 37.429281740963098 ], [ 127.11852996087724, 37.429290893352913 ], [ 127.118541394548629, 37.427037499286406 ], [ 127.115715833167783, 37.427028347637709 ] ] ] ] } },
{ "type": "Feature", "properties": { "gid": "다사63bb27ab", "lbl": null, "val": null }, "geometry": { "type": "MultiPolygon", "coordinates": [ [ [ [ 127.090739259620818, 37.343567038927056 ], [ 127.090727029563539, 37.345820457313437 ], [ 127.093549536650102, 37.34583018835724 ], [ 127.093561682369781, 37.343576769182249 ], [ 127.090739259620818, 37.343567038927056 ] ] ] ] } },
{ "type": "Feature", "properties": { "gid": "다사59ba35ab", "lbl": null, "val": null }, "geometry": { "type": "MultiPolygon", "coordinates": [ [ [ [ 127.042320292851485, 37.415499826429034 ], [ 127.042306580320641, 37.417753202892747 ], [ 127.045131766660873, 37.417764106899554 ], [ 127.04514539455603, 37.4155107295528 ], [ 127.042320292851485, 37.415499826429034 ] ] ] ] } },
{ "type": "Feature", "properties": { "gid": "다사70ba36ba", "lbl": null, "val": null }, "geometry": { "type": "MultiPolygon", "coordinates": [ [ [ [ 127.166576125079715, 37.42718274429032 ], [ 127.166566131110386, 37.429436150119038 ], [ 127.169391798650111, 37.429444086755495 ], [ 127.169401707929879, 37.427190680284106 ], [ 127.166576125079715, 37.42718274429032 ] ] ] ] } },
{ "type": "Feature", "properties": { "gid": "다사62ba37ba", "lbl": null, "val": null }, "geometry": { "type": "MultiPolygon", "coordinates": [ [ [ [ 127.076107288435608, 37.435906657683283 ], [ 127.07609457881577, 37.438160036599356 ], [ 127.078920544905088, 37.438170137825338 ], [ 127.07893316980234, 37.435916758091402 ], [ 127.076107288435608, 37.435906657683283 ] ] ] ] } },
{ "type": "Feature", "properties": { "gid": "다사66aa35bb", "lbl": null, "val": null }, "geometry": { "type": "MultiPolygon", "coordinates": [ [ [ [ 127.115750380549898, 37.420268162476589 ], [ 127.115738866037915, 37.422521558394443 ], [ 127.118564258072908, 37.422530708561034 ], [ 127.118575687926111, 37.420277311902204 ], [ 127.115750380549898, 37.420268162476589 ] ] ] ] } },
{ "type": "Feature", "properties": { "gid": "다사64bb30bb", "lbl": null, "val": null }, "geometry": { "type": "MultiPolygon", "coordinates": [ [ [ [ 127.101862340281201, 37.375153378458869 ], [ 127.101850429027408, 37.37740678787307 ], [ 127.104674123186996, 37.377416260303725 ], [ 127.104685949971056, 37.375162850122123 ], [ 127.101862340281201, 37.375153378458869 ] ] ] ] } },
{ "type": "Feature", "properties": { "gid": "다사59bb36bb", "lbl": null, "val": null }, "geometry": { "type": "MultiPolygon", "coordinates": [ [ [ [ 127.045063604422509, 37.429030980653501 ], [ 127.045049967421079, 37.431284352808184 ], [ 127.047875663291578, 37.431295194570509 ], [ 127.047889215600605, 37.429041821537908 ], [ 127.045063604422509, 37.429030980653501 ] ] ] ] } },
{ "type": "Feature", "properties": { "gid": "다사59aa33bb", "lbl": null, "val": null }, "geometry": { "type": "MultiPolygon", "coordinates": [ [ [ [ 127.036753352395024, 37.401957551404436 ], [ 127.036739479862788, 37.404210931277973 ], [ 127.039564155469648, 37.404221964943474 ], [ 127.039577943423069, 37.401968584176281 ], [ 127.036753352395024, 37.401957551404436 ] ] ] ] } },
{ "type": "Feature", "properties": { "gid": "다사67ba28bb", "lbl": null, "val": null }, "geometry": { "type": "MultiPolygon", "coordinates": [ [ [ [ 127.133009930353509, 37.35722648769196 ], [ 127.132998958050734, 37.359479912154804 ], [ 127.135821990667978, 37.359488637358737 ], [ 127.135832878574533, 37.357235212188883 ], [ 127.133009930353509, 37.35722648769196 ] ] ] ] } },
{ "type": "Feature", "properties": { "gid": "다사63bb38ba", "lbl": null, "val": null }, "geometry": { "type": "MultiPolygon", "coordinates": [ [ [ [ 127.090187557000519, 37.444970010776593 ], [ 127.090175265522433, 37.447223390268533 ], [ 127.093001577533713, 37.447233156848171 ], [ 127.093013784250672, 37.444979776565511 ], [ 127.090187557000519, 37.444970010776593 ] ] ] ] } },
{ "type": "Feature", "properties": { "gid": "다사63bb37bb", "lbl": null, "val": null }, "geometry": { "type": "MultiPolygon", "coordinates": [ [ [ [ 127.090224423224811, 37.438209867112477 ], [ 127.090212135851544, 37.440463249198551 ], [ 127.093038193607754, 37.440473013406191 ], [ 127.093050396248188, 37.438219630529552 ], [ 127.090224423224811, 37.438209867112477 ] ] ] ] } },
{ "type": "Feature", "properties": { "gid": "다사61ab30bb", "lbl": null, "val": null }, "geometry": { "type": "MultiPolygon", "coordinates": [ [ [ [ 127.062331948116338, 37.375013697238117 ], [ 127.062318854302831, 37.377267095334965 ], [ 127.065142529042561, 37.37727751156369 ], [ 127.065155538388609, 37.375024112622953 ], [ 127.062331948116338, 37.375013697238117 ] ] ] ] } },
{ "type": "Feature", "properties": { "gid": "다사62ab35ab", "lbl": null, "val": null }, "geometry": { "type": "MultiPolygon", "coordinates": [ [ [ [ 127.073396493487053, 37.415616047964626 ], [ 127.073383711958215, 37.417869433841133 ], [ 127.076208914470158, 37.417879595220249 ], [ 127.076221611361433, 37.415626208520834 ], [ 127.073396493487053, 37.415616047964626 ] ] ] ] } },
{ "type": "Feature", "properties": { "gid": "다사63bb31aa", "lbl": null, "val": null }, "geometry": { "type": "MultiPolygon", "coordinates": [ [ [ [ 127.090555665743182, 37.377368224003341 ], [ 127.090543415248305, 37.37962162942906 ], [ 127.093367188525974, 37.379631372307671 ], [ 127.093379354542321, 37.377377966092631 ], [ 127.090555665743182, 37.377368224003341 ] ] ] ] } },
{ "type": "Feature", "properties": { "gid": "다사69ba31bb", "lbl": null, "val": null }, "geometry": { "type": "MultiPolygon", "coordinates": [ [ [ [ 127.155469908294009, 37.384335500020399 ], [ 127.155459597400565, 37.386588919628792 ], [ 127.158283652951823, 37.386597113815348 ], [ 127.158293879335147, 37.384343693543158 ], [ 127.155469908294009, 37.384335500020399 ] ] ] ] } },
{ "type": "Feature", "properties": { "gid": "다사66ba37ab", "lbl": null, "val": null }, "geometry": { "type": "MultiPolygon", "coordinates": [ [ [ [ 127.121332906458932, 37.433806765213625 ], [ 127.121321553683515, 37.43606015742342 ], [ 127.124147456406718, 37.436069176921769 ], [ 127.124158724466454, 37.433815783981657 ], [ 127.121332906458932, 37.433806765213625 ] ] ] ] } },
{ "type": "Feature", "properties": { "gid": "다사59bb31bb", "lbl": null, "val": null }, "geometry": { "type": "MultiPolygon", "coordinates": [ [ [ [ 127.045336025874818, 37.383963355852686 ], [ 127.045322419202719, 37.386216745311621 ], [ 127.048146423015282, 37.386227569525992 ], [ 127.048159945183329, 37.383974179190197 ], [ 127.045336025874818, 37.383963355852686 ] ] ] ] } },
{ "type": "Feature", "properties": { "gid": "다사61ab34ab", "lbl": null, "val": null }, "geometry": { "type": "MultiPolygon", "coordinates": [ [ [ [ 127.062148502018402, 37.406561191903684 ], [ 127.062135387782192, 37.408814577893672 ], [ 127.064960246054383, 37.408825005941942 ], [ 127.064973275691372, 37.406571619107375 ], [ 127.062148502018402, 37.406561191903684 ] ] ] ] } },
{ "type": "Feature", "properties": { "gid": "다사63ba35ba", "lbl": null, "val": null }, "geometry": { "type": "MultiPolygon", "coordinates": [ [ [ [ 127.087509738559888, 37.417919565613097 ], [ 127.087497378844574, 37.420172954684929 ], [ 127.090322672978203, 37.420182779297356 ], [ 127.090334948045694, 37.417929389429915 ], [ 127.087509738559888, 37.417919565613097 ] ] ] ] } },
{ "type": "Feature", "properties": { "gid": "다사67bb36ab", "lbl": null, "val": null }, "geometry": { "type": "MultiPolygon", "coordinates": [ [ [ [ 127.135505713563646, 37.424837591665138 ], [ 127.135494789234059, 37.427090990927368 ], [ 127.138320359327039, 37.427099669824798 ], [ 127.138331198977966, 37.424846269859778 ], [ 127.135505713563646, 37.424837591665138 ] ] ] ] } },
{ "type": "Feature", "properties": { "gid": "다사63ab29ba", "lbl": null, "val": null }, "geometry": { "type": "MultiPolygon", "coordinates": [ [ [ [ 127.084982779928552, 37.363828096448401 ], [ 127.084970368769277, 37.366081505464429 ], [ 127.087793632581722, 37.366091378381967 ], [ 127.087805959319212, 37.363837968565981 ], [ 127.084982779928552, 37.363828096448401 ] ] ] ] } },
{ "type": "Feature", "properties": { "gid": "다사62ab34ba", "lbl": null, "val": null }, "geometry": { "type": "MultiPolygon", "coordinates": [ [ [ [ 127.073434829537035, 37.408855885146522 ], [ 127.073422052276314, 37.411109273617306 ], [ 127.07624700090382, 37.411119432527833 ], [ 127.076259693555244, 37.408866043234291 ], [ 127.073434829537035, 37.408855885146522 ] ] ] ] } },
{ "type": "Feature", "properties": { "gid": "다사70aa36ba", "lbl": null, "val": null }, "geometry": { "type": "MultiPolygon", "coordinates": [ [ [ [ 127.160924962726668, 37.427166669691474 ], [ 127.16091479937856, 37.429420074218442 ], [ 127.1637404646834, 37.429428145939994 ], [ 127.163750543342175, 37.427174740759405 ], [ 127.160924962726668, 37.427166669691474 ] ] ] ] } },
{ "type": "Feature", "properties": { "gid": "다사71bb39ab", "lbl": null, "val": null }, "geometry": { "type": "MultiPolygon", "coordinates": [ [ [ [ 127.180598715918606, 37.452009200265373 ], [ 127.180589133670125, 37.454262599755864 ], [ 127.183415738847103, 37.454270205449163 ], [ 127.183425236301559, 37.452016805342943 ], [ 127.180598715918606, 37.452009200265373 ] ] ] ] } },
{ "type": "Feature", "properties": { "gid": "다사62ba28bb", "lbl": null, "val": null }, "geometry": { "type": "MultiPolygon", "coordinates": [ [ [ [ 127.076551234896925, 37.357037850871421 ], [ 127.07653857470163, 37.359291260047698 ], [ 127.079361581105275, 37.359301332676765 ], [ 127.07937415690742, 37.357047922684309 ], [ 127.076551234896925, 37.357037850871421 ] ] ] ] } },
{ "type": "Feature", "properties": { "gid": "다사62bb37bb", "lbl": null, "val": null }, "geometry": { "type": "MultiPolygon", "coordinates": [ [ [ [ 127.078920544905088, 37.438170137825338 ], [ 127.078907918602141, 37.440423516694423 ], [ 127.081733970829319, 37.440433551171274 ], [ 127.081746512400073, 37.438180171489748 ], [ 127.078920544905088, 37.438170137825338 ] ] ] ] } },
{ "type": "Feature", "properties": { "gid": "다사66ab39bb", "lbl": null, "val": null }, "geometry": { "type": "MultiPolygon", "coordinates": [ [ [ [ 127.118392657482133, 37.45633155474242 ], [ 127.118381207249797, 37.458584937573612 ], [ 127.121207956382918, 37.458594031989726 ], [ 127.121219321805384, 37.456340648422312 ], [ 127.118392657482133, 37.45633155474242 ] ] ] ] } },
{ "type": "Feature", "properties": { "gid": "다사67ba29ba", "lbl": null, "val": null }, "geometry": { "type": "MultiPolygon", "coordinates": [ [ [ [ 127.13297700978076, 37.363986758490384 ], [ 127.132966033813247, 37.366240180363071 ], [ 127.135789319675453, 37.366248907688288 ], [ 127.135800211218566, 37.363995485108454 ], [ 127.13297700978076, 37.363986758490384 ] ] ] ] } },
{ "type": "Feature", "properties": { "gid": "다사70aa31ab", "lbl": null, "val": null }, "geometry": { "type": "MultiPolygon", "coordinates": [ [ [ [ 127.161138131874068, 37.379844975182351 ], [ 127.16112799225877, 37.382098397839201 ], [ 127.163951881066211, 37.382106455842994 ], [ 127.163961936189949, 37.379853032533347 ], [ 127.161138131874068, 37.379844975182351 ] ] ] ] } },
{ "type": "Feature", "properties": { "gid": "다사63aa29aa", "lbl": null, "val": null }, "geometry": { "type": "MultiPolygon", "coordinates": [ [ [ [ 127.082184588908845, 37.359311337935523 ], [ 127.08217209610946, 37.361564747874539 ], [ 127.084995189706405, 37.361574686568197 ], [ 127.085007598102933, 37.359321275823866 ], [ 127.082184588908845, 37.359311337935523 ] ] ] ] } },
{ "type": "Feature", "properties": { "gid": "다사67ba27ba", "lbl": null, "val": null }, "geometry": { "type": "MultiPolygon", "coordinates": [ [ [ [ 127.133064773550885, 37.345959352427997 ], [ 127.133053807353136, 37.348212781207366 ], [ 127.135876418083285, 37.348221502876662 ], [ 127.135887299931809, 37.345968073390488 ], [ 127.133064773550885, 37.345959352427997 ] ] ] ] } },
{ "type": "Feature", "properties": { "gid": "다사65ba31ab", "lbl": null, "val": null }, "geometry": { "type": "MultiPolygon", "coordinates": [ [ [ [ 127.11030985630471, 37.379688413756469 ], [ 127.110298195864857, 37.381941823728809 ], [ 127.113122062914684, 37.381951095416667 ], [ 127.113133638865534, 37.37969768469322 ], [ 127.11030985630471, 37.379688413756469 ] ] ] ] } },
{ "type": "Feature", "properties": { "gid": "다사66ba40ab", "lbl": null, "val": null }, "geometry": { "type": "MultiPolygon", "coordinates": [ [ [ [ 127.121196589694918, 37.460847414692786 ], [ 127.121185221741257, 37.463100796531485 ], [ 127.124012141788256, 37.463109824796902 ], [ 127.124023424913034, 37.46085644222736 ], [ 127.121196589694918, 37.460847414692786 ] ] ] ] } },
{ "type": "Feature", "properties": { "gid": "다사63ab35ab", "lbl": null, "val": null }, "geometry": { "type": "MultiPolygon", "coordinates": [ [ [ [ 127.084696973427597, 37.415656285148295 ], [ 127.084684530450019, 37.417909674283628 ], [ 127.087509738559888, 37.417919565613097 ], [ 127.087522096899249, 37.415666175676726 ], [ 127.084696973427597, 37.415656285148295 ] ] ] ] } },
{ "type": "Feature", "properties": { "gid": "다사67bb29ba", "lbl": null, "val": null }, "geometry": { "type": "MultiPolygon", "coordinates": [ [ [ [ 127.135800211218566, 37.363995485108454 ], [ 127.135789319675453, 37.366248907688288 ], [ 127.138612606750129, 37.366257567624857 ], [ 127.138623413868714, 37.364004144343362 ], [ 127.135800211218566, 37.363995485108454 ] ] ] ] } },
{ "type": "Feature", "properties": { "gid": "다사67bb29aa", "lbl": null, "val": null }, "geometry": { "type": "MultiPolygon", "coordinates": [ [ [ [ 127.135821990667978, 37.359488637358737 ], [ 127.135811101549365, 37.361742061665261 ], [ 127.138634219784365, 37.361750720198536 ], [ 127.138645024497237, 37.359497295190408 ], [ 127.135821990667978, 37.359488637358737 ] ] ] ] } },
{ "type": "Feature", "properties": { "gid": "다사67ba26bb", "lbl": null, "val": null }, "geometry": { "type": "MultiPolygon", "coordinates": [ [ [ [ 127.133097664821278, 37.339199060910424 ], [ 127.133086702284814, 37.341452492279501 ], [ 127.135909059995399, 37.341461211828523 ], [ 127.135919938210762, 37.339207779752776 ], [ 127.133097664821278, 37.339199060910424 ] ] ] ] } },
{ "type": "Feature", "properties": { "gid": "다사71aa32aa", "lbl": null, "val": null }, "geometry": { "type": "MultiPolygon", "coordinates": [ [ [ [ 127.172403947597175, 37.38663707316929 ], [ 127.172394142674975, 37.388890495815559 ], [ 127.175218289436302, 37.388898286001051 ], [ 127.175228009838207, 37.386644862723742 ], [ 127.172403947597175, 37.38663707316929 ] ] ] ] } },
{ "type": "Feature", "properties": { "gid": "다사66aa39bb", "lbl": null, "val": null }, "geometry": { "type": "MultiPolygon", "coordinates": [ [ [ [ 127.115565994433709, 37.456322393455785 ], [ 127.115554459391646, 37.458575775545299 ], [ 127.118381207249797, 37.458584937573612 ], [ 127.118392657482133, 37.45633155474242 ], [ 127.115565994433709, 37.456322393455785 ] ] ] ] } },
{ "type": "Feature", "properties": { "gid": "다사62ba37aa", "lbl": null, "val": null }, "geometry": { "type": "MultiPolygon", "coordinates": [ [ [ [ 127.076132703430616, 37.431399897256505 ], [ 127.0761199966405, 37.43365327790233 ], [ 127.078945793294082, 37.433663377492614 ], [ 127.078958415380484, 37.431409996029011 ], [ 127.076132703430616, 37.431399897256505 ] ] ] ] } },
{ "type": "Feature", "properties": { "gid": "다사66ba39aa", "lbl": null, "val": null }, "geometry": { "type": "MultiPolygon", "coordinates": [ [ [ [ 127.121253410481145, 37.449580492534253 ], [ 127.121242048854342, 37.451833878694572 ], [ 127.124068544851269, 37.451842903306286 ], [ 127.124079821696355, 37.449589516415358 ], [ 127.121253410481145, 37.449580492534253 ] ] ] ] } },
{ "type": "Feature", "properties": { "gid": "다사62bb28aa", "lbl": null, "val": null }, "geometry": { "type": "MultiPolygon", "coordinates": [ [ [ [ 127.079411875916009, 37.350287687521849 ], [ 127.079399304312616, 37.352541100106833 ], [ 127.082222058964504, 37.352551102933546 ], [ 127.082234546202727, 37.350297689537982 ], [ 127.079411875916009, 37.350287687521849 ] ] ] ] } },
{ "type": "Feature", "properties": { "gid": "다사59ba36bb", "lbl": null, "val": null }, "geometry": { "type": "MultiPolygon", "coordinates": [ [ [ [ 127.042237994762573, 37.429020072230671 ], [ 127.042224273068911, 37.431273443502008 ], [ 127.045049967421079, 37.431284352808184 ], [ 127.045063604422509, 37.429030980653501 ], [ 127.042237994762573, 37.429020072230671 ] ] ] ] } },
{ "type": "Feature", "properties": { "gid": "다사66aa34ba", "lbl": null, "val": null }, "geometry": { "type": "MultiPolygon", "coordinates": [ [ [ [ 127.115807933885094, 37.409001169925979 ], [ 127.115796425780857, 37.411254570164218 ], [ 127.118621394616156, 37.411263716626323 ], [ 127.118632818108736, 37.409010315647308 ], [ 127.115807933885094, 37.409001169925979 ] ] ] ] } },
{ "type": "Feature", "properties": { "gid": "다사65aa39aa", "lbl": null, "val": null }, "geometry": { "type": "MultiPolygon", "coordinates": [ [ [ [ 127.104294970083799, 37.449524929852238 ], [ 127.104283099769972, 37.451778311513976 ], [ 127.107109588034817, 37.451787741699583 ], [ 127.10712137356785, 37.449534359274416 ], [ 127.104294970083799, 37.449524929852238 ] ] ] ] } },
{ "type": "Feature", "properties": { "gid": "다사62ab28aa", "lbl": null, "val": null }, "geometry": { "type": "MultiPolygon", "coordinates": [ [ [ [ 127.073766539549695, 37.350267481444256 ], [ 127.07375379921659, 37.352520892391695 ], [ 127.076576551060185, 37.35253102992619 ], [ 127.076589207028519, 37.350277618157243 ], [ 127.073766539549695, 37.350267481444256 ] ] ] ] } },
{ "type": "Feature", "properties": { "gid": "다사60ab31aa", "lbl": null, "val": null }, "geometry": { "type": "MultiPolygon", "coordinates": [ [ [ [ 127.051024170014429, 37.377224756287539 ], [ 127.051010736837455, 37.379478150089412 ], [ 127.053834490166352, 37.379488836836714 ], [ 127.053847838867128, 37.377235442169059 ], [ 127.051024170014429, 37.377224756287539 ] ] ] ] } },
{ "type": "Feature", "properties": { "gid": "다사59ab32aa", "lbl": null, "val": null }, "geometry": { "type": "MultiPolygon", "coordinates": [ [ [ [ 127.039674416131348, 37.38619489457934 ], [ 127.039660638918079, 37.388448281403051 ], [ 127.042484724204783, 37.388459241374235 ], [ 127.042498416904934, 37.386205853662702 ], [ 127.039674416131348, 37.38619489457934 ] ] ] ] } },
{ "type": "Feature", "properties": { "gid": "다사71bb35bb", "lbl": null, "val": null }, "geometry": { "type": "MultiPolygon", "coordinates": [ [ [ [ 127.180732755435983, 37.420461516744794 ], [ 127.180723188111884, 37.422714928321895 ], [ 127.183548607031469, 37.422722525398321 ], [ 127.183558089693634, 37.420469113206011 ], [ 127.180732755435983, 37.420461516744794 ] ] ] ] } },
{ "type": "Feature", "properties": { "gid": "다사72bb38ab", "lbl": null, "val": null }, "geometry": { "type": "MultiPolygon", "coordinates": [ [ [ [ 127.191941765754351, 37.443025598673543 ], [ 127.191932526798226, 37.445279004047222 ], [ 127.194758797027291, 37.445286336951916 ], [ 127.19476795122668, 37.443032930984543 ], [ 127.191941765754351, 37.443025598673543 ] ] ] ] } },
{ "type": "Feature", "properties": { "gid": "다사61ab30ba", "lbl": null, "val": null }, "geometry": { "type": "MultiPolygon", "coordinates": [ [ [ [ 127.062345040472394, 37.372760298276617 ], [ 127.062331948116338, 37.375013697238117 ], [ 127.065155538388609, 37.375024112622953 ], [ 127.065168546286586, 37.372770712817633 ], [ 127.062345040472394, 37.372760298276617 ] ] ] ] } },
{ "type": "Feature", "properties": { "gid": "다사60ba33bb", "lbl": null, "val": null }, "geometry": { "type": "MultiPolygon", "coordinates": [ [ [ [ 127.053700921397876, 37.402022735944691 ], [ 127.053687556341103, 37.404276121098221 ], [ 127.056512241016918, 37.404286749893828 ], [ 127.056525521493811, 37.402033363879418 ], [ 127.053700921397876, 37.402022735944691 ] ] ] ] } },
{ "type": "Feature", "properties": { "gid": "다사70ba33aa", "lbl": null, "val": null }, "geometry": { "type": "MultiPolygon", "coordinates": [ [ [ [ 127.166715923886315, 37.395634972035936 ], [ 127.166705945481553, 37.397888389951063 ], [ 127.169530428224647, 37.397896317593542 ], [ 127.169540322071711, 37.395642899036261 ], [ 127.166715923886315, 37.395634972035936 ] ] ] ] } },
{ "type": "Feature", "properties": { "gid": "다사65bb39ab", "lbl": null, "val": null }, "geometry": { "type": "MultiPolygon", "coordinates": [ [ [ [ 127.112762568491874, 37.451806399284493 ], [ 127.112750951227483, 37.454059782355714 ], [ 127.115577528191508, 37.454069010501883 ], [ 127.115589060665201, 37.451815626683583 ], [ 127.112762568491874, 37.451806399284493 ] ] ] ] } },
{ "type": "Feature", "properties": { "gid": "다사63bb28ba", "lbl": null, "val": null }, "geometry": { "type": "MultiPolygon", "coordinates": [ [ [ [ 127.090678095718957, 37.354834122219629 ], [ 127.090665858853157, 37.357087536286251 ], [ 127.09348878776855, 37.357097271273823 ], [ 127.093500940249797, 37.354843856418356 ], [ 127.090678095718957, 37.354834122219629 ] ] ] ] } },
{ "type": "Feature", "properties": { "gid": "다사66ab35bb", "lbl": null, "val": null }, "geometry": { "type": "MultiPolygon", "coordinates": [ [ [ [ 127.118575687926111, 37.420277311902204 ], [ 127.118564258072908, 37.422530708561034 ], [ 127.121389651380483, 37.422539791202951 ], [ 127.121400996574749, 37.420286393808595 ], [ 127.118575687926111, 37.420277311902204 ] ] ] ] } },
{ "type": "Feature", "properties": { "gid": "다사68aa32bb", "lbl": null, "val": null }, "geometry": { "type": "MultiPolygon", "coordinates": [ [ [ [ 127.138482827447618, 37.393298579657561 ], [ 127.138472004678178, 37.395551991714271 ], [ 127.141296391332261, 37.395560593316659 ], [ 127.141307129554761, 37.393307180563191 ], [ 127.138482827447618, 37.393298579657561 ] ] ] ] } },
{ "type": "Feature", "properties": { "gid": "다사71ab40aa", "lbl": null, "val": null }, "geometry": { "type": "MultiPolygon", "coordinates": [ [ [ [ 127.174916419596684, 37.458753979454421 ], [ 127.174906664502672, 37.461007375106384 ], [ 127.177733521974162, 37.461015117886205 ], [ 127.177743192246112, 37.458761721607459 ], [ 127.174916419596684, 37.458753979454421 ] ] ] ] } },
{ "type": "Feature", "properties": { "gid": "다사70ab36ab", "lbl": null, "val": null }, "geometry": { "type": "MultiPolygon", "coordinates": [ [ [ [ 127.163760620878918, 37.42492133471535 ], [ 127.163750543342175, 37.427174740759405 ], [ 127.166576125079715, 37.42718274429032 ], [ 127.166586117936433, 37.424929337598144 ], [ 127.163760620878918, 37.42492133471535 ] ] ] ] } },
{ "type": "Feature", "properties": { "gid": "다사65ab34ab", "lbl": null, "val": null }, "geometry": { "type": "MultiPolygon", "coordinates": [ [ [ [ 127.107345049567513, 37.406719928964343 ], [ 127.107333288938506, 37.408973327811637 ], [ 127.110158169290585, 37.408982676008044 ], [ 127.110169845317785, 37.406729276403617 ], [ 127.107345049567513, 37.406719928964343 ] ] ] ] } },
{ "type": "Feature", "properties": { "gid": "다사69bb31ab", "lbl": null, "val": null }, "geometry": { "type": "MultiPolygon", "coordinates": [ [ [ [ 127.15831432868687, 37.379836850409184 ], [ 127.158304104580111, 37.382090272407758 ], [ 127.16112799225877, 37.382098397839201 ], [ 127.161138131874068, 37.379844975182351 ], [ 127.15831432868687, 37.379836850409184 ] ] ] ] } },
{ "type": "Feature", "properties": { "gid": "다사60ab30ba", "lbl": null, "val": null }, "geometry": { "type": "MultiPolygon", "coordinates": [ [ [ [ 127.051051031882736, 37.372717966089247 ], [ 127.051037601696123, 37.374971361620815 ], [ 127.053861186082045, 37.37498204663661 ], [ 127.053874531811303, 37.37272865023936 ], [ 127.051051031882736, 37.372717966089247 ] ] ] ] } },
{ "type": "Feature", "properties": { "gid": "다사63ba33ab", "lbl": null, "val": null }, "geometry": { "type": "MultiPolygon", "coordinates": [ [ [ [ 127.087620914100128, 37.397639025064038 ], [ 127.087608566762398, 37.399892421916171 ], [ 127.090433099404862, 37.399902239369723 ], [ 127.090445362179565, 37.397648841722393 ], [ 127.087620914100128, 37.397639025064038 ] ] ] ] } },
{ "type": "Feature", "properties": { "gid": "다사64bb38aa", "lbl": null, "val": null }, "geometry": { "type": "MultiPolygon", "coordinates": [ [ [ [ 127.101516374990695, 37.440501900623353 ], [ 127.101504425219304, 37.442755284974368 ], [ 127.104330573096519, 37.442764779679905 ], [ 127.104342438125016, 37.440511394560154 ], [ 127.101516374990695, 37.440501900623353 ] ] ] ] } },
{ "type": "Feature", "properties": { "gid": "다사59aa31bb", "lbl": null, "val": null }, "geometry": { "type": "MultiPolygon", "coordinates": [ [ [ [ 127.036864277074514, 37.38393048126607 ], [ 127.036850416891326, 37.386183868061664 ], [ 127.039674416131348, 37.38619489457934 ], [ 127.03968819181101, 37.383941506890508 ], [ 127.036864277074514, 37.38393048126607 ] ] ] ] } },
{ "type": "Feature", "properties": { "gid": "다사63ba37ba", "lbl": null, "val": null }, "geometry": { "type": "MultiPolygon", "coordinates": [ [ [ [ 127.087410822297912, 37.435946653978682 ], [ 127.087398451569371, 37.438200036133424 ], [ 127.090224423224811, 37.438209867112477 ], [ 127.090236709230126, 37.435956484161743 ], [ 127.087410822297912, 37.435946653978682 ] ] ] ] } },
{ "type": "Feature", "properties": { "gid": "다사69aa29aa", "lbl": null, "val": null }, "geometry": { "type": "MultiPolygon", "coordinates": [ [ [ [ 127.149937171746785, 37.35953125279287 ], [ 127.14992670465827, 37.361784680552766 ], [ 127.152749828813228, 37.361793002196173 ], [ 127.152760211495305, 37.359539573761978 ], [ 127.149937171746785, 37.35953125279287 ] ] ] ] } },
{ "type": "Feature", "properties": { "gid": "다사63bb34aa", "lbl": null, "val": null }, "geometry": { "type": "MultiPolygon", "coordinates": [ [ [ [ 127.090408569759617, 37.404409032071278 ], [ 127.090396302888777, 37.406662427125468 ], [ 127.093221090642572, 37.406672179479465 ], [ 127.093233272921964, 37.404418783635393 ], [ 127.090408569759617, 37.404409032071278 ] ] ] ] } },
{ "type": "Feature", "properties": { "gid": "다사60aa33ba", "lbl": null, "val": null }, "geometry": { "type": "MultiPolygon", "coordinates": [ [ [ [ 127.04806525838805, 37.399747893375427 ], [ 127.048051725678704, 37.402001277655941 ], [ 127.050876322789705, 37.402012040536825 ], [ 127.050889770928933, 37.399758655384566 ], [ 127.04806525838805, 37.399747893375427 ] ] ] ] } },
{ "type": "Feature", "properties": { "gid": "다사68aa29aa", "lbl": null, "val": null }, "geometry": { "type": "MultiPolygon", "coordinates": [ [ [ [ 127.138645024497237, 37.359497295190408 ], [ 127.138634219784365, 37.361750720198536 ], [ 127.141457339222157, 37.361759311354007 ], [ 127.141468059529146, 37.359505885649753 ], [ 127.138645024497237, 37.359497295190408 ] ] ] ] } },
{ "type": "Feature", "properties": { "gid": "다사70aa41aa", "lbl": null, "val": null }, "geometry": { "type": "MultiPolygon", "coordinates": [ [ [ [ 127.160741849218923, 37.467727819042437 ], [ 127.160731665481819, 37.469981208023128 ], [ 127.163558856807867, 37.469989291516313 ], [ 127.163568955685761, 37.467735901881305 ], [ 127.160741849218923, 37.467727819042437 ] ] ] ] } },
{ "type": "Feature", "properties": { "gid": "다사58ba31ba", "lbl": null, "val": null }, "geometry": { "type": "MultiPolygon", "coordinates": [ [ [ [ 127.031230479867418, 37.381654841873036 ], [ 127.031216452239391, 37.383908227731048 ], [ 127.034040363880862, 37.383919388212874 ], [ 127.03405430701514, 37.381666001450746 ], [ 127.031230479867418, 37.381654841873036 ] ] ] ] } },
{ "type": "Feature", "properties": { "gid": "다사69ba29bb", "lbl": null, "val": null }, "geometry": { "type": "MultiPolygon", "coordinates": [ [ [ [ 127.15555235413359, 37.366308112078187 ], [ 127.155542052418426, 37.36856153859199 ], [ 127.158365432152095, 37.368569727469193 ], [ 127.158375649432358, 37.366316300291906 ], [ 127.15555235413359, 37.366308112078187 ] ] ] ] } },
{ "type": "Feature", "properties": { "gid": "다사65aa38ba", "lbl": null, "val": null }, "geometry": { "type": "MultiPolygon", "coordinates": [ [ [ [ 127.104318706746909, 37.445018163935188 ], [ 127.10430683907606, 37.447271547325968 ], [ 127.107133157788738, 37.447280975984746 ], [ 127.10714494069768, 37.445027591830609 ], [ 127.104318706746909, 37.445018163935188 ] ] ] ] } },
{ "type": "Feature", "properties": { "gid": "다사68ba31ab", "lbl": null, "val": null }, "geometry": { "type": "MultiPolygon", "coordinates": [ [ [ [ 127.144195330010106, 37.379795215213662 ], [ 127.144184683448216, 37.382048633838977 ], [ 127.147008565341721, 37.38205709640733 ], [ 127.147019127412861, 37.379803677096426 ], [ 127.144195330010106, 37.379795215213662 ] ] ] ] } },
{ "type": "Feature", "properties": { "gid": "다사68ba33ab", "lbl": null, "val": null }, "geometry": { "type": "MultiPolygon", "coordinates": [ [ [ [ 127.144110124320278, 37.397822540040487 ], [ 127.144099468272529, 37.40007595175824 ], [ 127.146924026430824, 37.400084419812657 ], [ 127.146934597912519, 37.39783100740901 ], [ 127.144110124320278, 37.397822540040487 ] ] ] ] } },
{ "type": "Feature", "properties": { "gid": "다사69bb36ab", "lbl": null, "val": null }, "geometry": { "type": "MultiPolygon", "coordinates": [ [ [ [ 127.158109630139009, 37.424905126355128 ], [ 127.158099383242615, 37.427158531086583 ], [ 127.160924962726668, 37.427166669691474 ], [ 127.160935124943322, 37.424913264300976 ], [ 127.158109630139009, 37.424905126355128 ] ] ] ] } },
{ "type": "Feature", "properties": { "gid": "다사62bb29aa", "lbl": null, "val": null }, "geometry": { "type": "MultiPolygon", "coordinates": [ [ [ [ 127.079361581105275, 37.359301332676765 ], [ 127.079349003903204, 37.361554741805016 ], [ 127.08217209610946, 37.361564747874539 ], [ 127.082184588908845, 37.359311337935523 ], [ 127.079361581105275, 37.359301332676765 ] ] ] ] } },
{ "type": "Feature", "properties": { "gid": "다사64ba27bb", "lbl": null, "val": null }, "geometry": { "type": "MultiPolygon", "coordinates": [ [ [ [ 127.099182576492609, 37.348102868302583 ], [ 127.099170596782017, 37.350356287310873 ], [ 127.101993276600709, 37.350365817884772 ], [ 127.102005171954474, 37.348112398104149 ], [ 127.099182576492609, 37.348102868302583 ] ] ] ] } },
{ "type": "Feature", "properties": { "gid": "다사66ab27aa", "lbl": null, "val": null }, "geometry": { "type": "MultiPolygon", "coordinates": [ [ [ [ 127.118974932224006, 37.341407884608792 ], [ 127.118963546817071, 37.343661311499218 ], [ 127.121785982662075, 37.343670368423801 ], [ 127.121797283739284, 37.341416940799377 ], [ 127.118974932224006, 37.341407884608792 ] ] ] ] } },
{ "type": "Feature", "properties": { "gid": "다사66aa37ba", "lbl": null, "val": null }, "geometry": { "type": "MultiPolygon", "coordinates": [ [ [ [ 127.115669752038698, 37.436041915754053 ], [ 127.115658228549563, 37.438295305622589 ], [ 127.118484213460022, 37.438304460977314 ], [ 127.118495652224368, 37.43605107036749 ], [ 127.115669752038698, 37.436041915754053 ] ] ] ] } },
{ "type": "Feature", "properties": { "gid": "다사70bb37ba", "lbl": null, "val": null }, "geometry": { "type": "MultiPolygon", "coordinates": [ [ [ [ 127.169362064190565, 37.436204300989168 ], [ 127.169352150496806, 37.438457704006815 ], [ 127.172178157993002, 37.438465575649801 ], [ 127.172187986959301, 37.436212171994789 ], [ 127.169362064190565, 37.436204300989168 ] ] ] ] } },
{ "type": "Feature", "properties": { "gid": "다사58aa30ab", "lbl": null, "val": null }, "geometry": { "type": "MultiPolygon", "coordinates": [ [ [ [ 127.025653789640529, 37.370365387301398 ], [ 127.02563960092499, 37.372618775661465 ], [ 127.028463087060899, 37.372630066425565 ], [ 127.028477191330083, 37.37037667715073 ], [ 127.025653789640529, 37.370365387301398 ] ] ] ] } },
{ "type": "Feature", "properties": { "gid": "다사62bb35bb", "lbl": null, "val": null }, "geometry": { "type": "MultiPolygon", "coordinates": [ [ [ [ 127.079021504737952, 37.420143075739261 ], [ 127.079008889675848, 37.422396461526709 ], [ 127.081834264309677, 37.422406489505306 ], [ 127.081846794715048, 37.420153102905793 ], [ 127.079021504737952, 37.420143075739261 ] ] ] ] } },
{ "type": "Feature", "properties": { "gid": "다사63ab38aa", "lbl": null, "val": null }, "geometry": { "type": "MultiPolygon", "coordinates": [ [ [ [ 127.084560024452898, 37.44044351808099 ], [ 127.084547566227485, 37.442696897704721 ], [ 127.087373705979971, 37.442706797848736 ], [ 127.087386079463442, 37.440453417423448 ], [ 127.084560024452898, 37.44044351808099 ] ] ] ] } },
{ "type": "Feature", "properties": { "gid": "다사60ba33ba", "lbl": null, "val": null }, "geometry": { "type": "MultiPolygon", "coordinates": [ [ [ [ 127.053714284966844, 37.399769349926146 ], [ 127.053700921397876, 37.402022735944691 ], [ 127.056525521493811, 37.402033363879418 ], [ 127.056538800492348, 37.399779977000044 ], [ 127.053714284966844, 37.399769349926146 ] ] ] ] } },
{ "type": "Feature", "properties": { "gid": "다사60aa35ba", "lbl": null, "val": null }, "geometry": { "type": "MultiPolygon", "coordinates": [ [ [ [ 127.047956954518369, 37.417774943395315 ], [ 127.047943409751241, 37.42002832075439 ], [ 127.05076868376203, 37.420039090611141 ], [ 127.050782143883708, 37.417785712379896 ], [ 127.047956954518369, 37.417774943395315 ] ] ] ] } },
{ "type": "Feature", "properties": { "gid": "다사70ab34ab", "lbl": null, "val": null }, "geometry": { "type": "MultiPolygon", "coordinates": [ [ [ [ 127.163841200795588, 37.406894055280098 ], [ 127.163831132230357, 37.409147468231275 ], [ 127.166656036791579, 37.409155466578412 ], [ 127.166666020752146, 37.406902052979447 ], [ 127.163841200795588, 37.406894055280098 ] ] ] ] } },
{ "type": "Feature", "properties": { "gid": "다사62ab35aa", "lbl": null, "val": null }, "geometry": { "type": "MultiPolygon", "coordinates": [ [ [ [ 127.073409273593043, 37.413362661223346 ], [ 127.073396493487053, 37.415616047964626 ], [ 127.076221611361433, 37.415626208520834 ], [ 127.076234306839282, 37.413372820956681 ], [ 127.073409273593043, 37.413362661223346 ] ] ] ] } },
{ "type": "Feature", "properties": { "gid": "다사61ab36aa", "lbl": null, "val": null }, "geometry": { "type": "MultiPolygon", "coordinates": [ [ [ [ 127.06205667169786, 37.422334875669726 ], [ 127.062043547237707, 37.424588255604895 ], [ 127.064868997968162, 37.424598689566587 ], [ 127.064882037763127, 37.42234530878649 ], [ 127.06205667169786, 37.422334875669726 ] ] ] ] } },
{ "type": "Feature", "properties": { "gid": "다사60bb34aa", "lbl": null, "val": null }, "geometry": { "type": "MultiPolygon", "coordinates": [ [ [ [ 127.056512241016918, 37.404286749893828 ], [ 127.056498959061514, 37.406540135043272 ], [ 127.0593237298053, 37.406550697215614 ], [ 127.059336927171287, 37.404297311210719 ], [ 127.056512241016918, 37.404286749893828 ] ] ] ] } },
{ "type": "Feature", "properties": { "gid": "다사62aa34bb", "lbl": null, "val": null }, "geometry": { "type": "MultiPolygon", "coordinates": [ [ [ [ 127.070597105071357, 37.411099047211025 ], [ 127.070584241769538, 37.413352433988791 ], [ 127.073409273593043, 37.413362661223346 ], [ 127.073422052276314, 37.411109273617306 ], [ 127.070597105071357, 37.411099047211025 ] ] ] ] } },
{ "type": "Feature", "properties": { "gid": "다사72ab35bb", "lbl": null, "val": null }, "geometry": { "type": "MultiPolygon", "coordinates": [ [ [ [ 127.186383425006937, 37.420476642146021 ], [ 127.186374027006821, 37.422730054948083 ], [ 127.189199448028575, 37.422737516971111 ], [ 127.189208761366473, 37.420484103564768 ], [ 127.186383425006937, 37.420476642146021 ] ] ] ] } },
{ "type": "Feature", "properties": { "gid": "다사69ab37bb", "lbl": null, "val": null }, "geometry": { "type": "MultiPolygon", "coordinates": [ [ [ [ 127.152396129030123, 37.438409055296255 ], [ 127.152385705814112, 37.44066245351118 ], [ 127.155211791281928, 37.440670731210432 ], [ 127.155222129761896, 37.438417332325301 ], [ 127.152396129030123, 37.438409055296255 ] ] ] ] } },
{ "type": "Feature", "properties": { "gid": "다사60aa34aa", "lbl": null, "val": null }, "geometry": { "type": "MultiPolygon", "coordinates": [ [ [ [ 127.048038191462766, 37.404254661071334 ], [ 127.048024655740036, 37.406508043621606 ], [ 127.050849422019439, 37.406518808246148 ], [ 127.050862873153264, 37.404265424824018 ], [ 127.048038191462766, 37.404254661071334 ] ] ] ] } },
{ "type": "Feature", "properties": { "gid": "다사59ab33bb", "lbl": null, "val": null }, "geometry": { "type": "MultiPolygon", "coordinates": [ [ [ [ 127.039577943423069, 37.401968584176281 ], [ 127.039564155469648, 37.404221964943474 ], [ 127.04238883261155, 37.404232931130956 ], [ 127.042402535986, 37.401979549475563 ], [ 127.039577943423069, 37.401968584176281 ] ] ] ] } },
{ "type": "Feature", "properties": { "gid": "다사61ab30aa", "lbl": null, "val": null }, "geometry": { "type": "MultiPolygon", "coordinates": [ [ [ [ 127.062371220812707, 37.368253497759774 ], [ 127.062358131371127, 37.3705068984505 ], [ 127.065181552736632, 37.370517312147733 ], [ 127.065194557738948, 37.36826391061328 ], [ 127.062371220812707, 37.368253497759774 ] ] ] ] } },
{ "type": "Feature", "properties": { "gid": "다사62ba27bb", "lbl": null, "val": null }, "geometry": { "type": "MultiPolygon", "coordinates": [ [ [ [ 127.076601861588202, 37.348024205524112 ], [ 127.076589207028519, 37.350277618157243 ], [ 127.079411875916009, 37.350287687521849 ], [ 127.079424446120086, 37.348034274072724 ], [ 127.076601861588202, 37.348024205524112 ] ] ] ] } },
{ "type": "Feature", "properties": { "gid": "다사69aa35ba", "lbl": null, "val": null }, "geometry": { "type": "MultiPolygon", "coordinates": [ [ [ [ 127.149664648399352, 37.418120093983177 ], [ 127.149654150971173, 37.420373499295579 ], [ 127.1524794729945, 37.420381838484602 ], [ 127.152489885771601, 37.418128432496871 ], [ 127.149664648399352, 37.418120093983177 ] ] ] ] } },
{ "type": "Feature", "properties": { "gid": "다사70aa36aa", "lbl": null, "val": null }, "geometry": { "type": "MultiPolygon", "coordinates": [ [ [ [ 127.160945286028635, 37.422659858047012 ], [ 127.160935124943322, 37.424913264300976 ], [ 127.163760620878918, 37.42492133471535 ], [ 127.163770697293771, 37.422667927807844 ], [ 127.160945286028635, 37.422659858047012 ] ] ] ] } },
{ "type": "Feature", "properties": { "gid": "다사69bb31ba", "lbl": null, "val": null }, "geometry": { "type": "MultiPolygon", "coordinates": [ [ [ [ 127.158304104580111, 37.382090272407758 ], [ 127.158293879335147, 37.384343693543158 ], [ 127.161117851514632, 37.384351819632897 ], [ 127.16112799225877, 37.382098397839201 ], [ 127.158304104580111, 37.382090272407758 ] ] ] ] } },
{ "type": "Feature", "properties": { "gid": "다사66ba35ba", "lbl": null, "val": null }, "geometry": { "type": "MultiPolygon", "coordinates": [ [ [ [ 127.121412340505998, 37.41803299555022 ], [ 127.121400996574749, 37.420286393808595 ], [ 127.124226306486392, 37.420295408195685 ], [ 127.12423756576797, 37.418042009207305 ], [ 127.121412340505998, 37.41803299555022 ] ] ] ] } },
{ "type": "Feature", "properties": { "gid": "다사59aa32bb", "lbl": null, "val": null }, "geometry": { "type": "MultiPolygon", "coordinates": [ [ [ [ 127.036808827083107, 37.392944023257243 ], [ 127.036794960726851, 37.395197406591961 ], [ 127.039619298074982, 37.395208436683134 ], [ 127.039633079890095, 37.392955052454965 ], [ 127.036808827083107, 37.392944023257243 ] ] ] ] } },
{ "type": "Feature", "properties": { "gid": "다사63ba32bb", "lbl": null, "val": null }, "geometry": { "type": "MultiPolygon", "coordinates": [ [ [ [ 127.087645604652366, 37.393132228766632 ], [ 127.087633260063413, 37.395385627347508 ], [ 127.090457623589202, 37.395395443210717 ], [ 127.090469883633943, 37.393142043834729 ], [ 127.087645604652366, 37.393132228766632 ] ] ] ] } },
{ "type": "Feature", "properties": { "gid": "다사62bb33ba", "lbl": null, "val": null }, "geometry": { "type": "MultiPolygon", "coordinates": [ [ [ [ 127.079134977120432, 37.399862564742307 ], [ 127.07912237469165, 37.402115958311512 ], [ 127.081946987753952, 37.402125978983214 ], [ 127.081959505610754, 37.399872584602363 ], [ 127.079134977120432, 37.399862564742307 ] ] ] ] } },
{ "type": "Feature", "properties": { "gid": "다사65ab37ba", "lbl": null, "val": null }, "geometry": { "type": "MultiPolygon", "coordinates": [ [ [ [ 127.107192059216842, 37.436014046569746 ], [ 127.107180281554221, 37.438267434181576 ], [ 127.110006262587234, 37.438276792224627 ], [ 127.110017955525493, 37.436023403855089 ], [ 127.107192059216842, 37.436014046569746 ] ] ] ] } },
{ "type": "Feature", "properties": { "gid": "다사71bb40ab", "lbl": null, "val": null }, "geometry": { "type": "MultiPolygon", "coordinates": [ [ [ [ 127.180560380522437, 37.461022793046503 ], [ 127.180550794005342, 37.463276189083032 ], [ 127.183377738452734, 37.463283797239605 ], [ 127.183387240138046, 37.461030400587212 ], [ 127.180560380522437, 37.461022793046503 ] ] ] ] } },
{ "type": "Feature", "properties": { "gid": "다사70ab35aa", "lbl": null, "val": null }, "geometry": { "type": "MultiPolygon", "coordinates": [ [ [ [ 127.163810991736796, 37.413654291543622 ], [ 127.163800919808239, 37.415907701904764 ], [ 127.166626078239915, 37.415915702195527 ], [ 127.16663606553557, 37.413662291186483 ], [ 127.163810991736796, 37.413654291543622 ] ] ] ] } },
{ "type": "Feature", "properties": { "gid": "다사71ab34aa", "lbl": null, "val": null }, "geometry": { "type": "MultiPolygon", "coordinates": [ [ [ [ 127.175150216315515, 37.404672224776952 ], [ 127.175140487252804, 37.40692564114967 ], [ 127.177965311598584, 37.40693336889688 ], [ 127.177974956065555, 37.404679951898267 ], [ 127.175150216315515, 37.404672224776952 ] ] ] ] } },
{ "type": "Feature", "properties": { "gid": "다사61ab33ab", "lbl": null, "val": null }, "geometry": { "type": "MultiPolygon", "coordinates": [ [ [ [ 127.062200944366225, 37.397547639294956 ], [ 127.062187835968501, 37.399801028744442 ], [ 127.065012355900336, 37.399811453414685 ], [ 127.065025379736525, 37.397558063120847 ], [ 127.062200944366225, 37.397547639294956 ] ] ] ] } },
{ "type": "Feature", "properties": { "gid": "다사63bb30ba", "lbl": null, "val": null }, "geometry": { "type": "MultiPolygon", "coordinates": [ [ [ [ 127.090580162642226, 37.372861410559409 ], [ 127.090567914874455, 37.375114817713445 ], [ 127.093391519204445, 37.375124559013472 ], [ 127.093403682512516, 37.372871151070207 ], [ 127.090580162642226, 37.372861410559409 ] ] ] ] } },
{ "type": "Feature", "properties": { "gid": "다사72ab39ba", "lbl": null, "val": null }, "geometry": { "type": "MultiPolygon", "coordinates": [ [ [ [ 127.186242345081553, 37.454277743539215 ], [ 127.186232931373141, 37.456531143392311 ], [ 127.1890596234594, 37.456538614483847 ], [ 127.189068952364124, 37.454285214025937 ], [ 127.186242345081553, 37.454277743539215 ] ] ] ] } },
{ "type": "Feature", "properties": { "gid": "다사71aa40bb", "lbl": null, "val": null }, "geometry": { "type": "MultiPolygon", "coordinates": [ [ [ [ 127.172060124998325, 37.465506352155622 ], [ 127.172050281794924, 37.467759744584384 ], [ 127.174877392702712, 37.467767556880638 ], [ 127.174887151055799, 37.465514163819506 ], [ 127.172060124998325, 37.465506352155622 ] ] ] ] } },
{ "type": "Feature", "properties": { "gid": "다사60ba32ab", "lbl": null, "val": null }, "geometry": { "type": "MultiPolygon", "coordinates": [ [ [ [ 127.053781080501139, 37.388502406858855 ], [ 127.053767724368441, 37.390755797202189 ], [ 127.05659190170627, 37.390766420833323 ], [ 127.056605173315575, 37.388513029629422 ], [ 127.053781080501139, 37.388502406858855 ] ] ] ] } },
{ "type": "Feature", "properties": { "gid": "다사67ab33bb", "lbl": null, "val": null }, "geometry": { "type": "MultiPolygon", "coordinates": [ [ [ [ 127.129965615355502, 37.40228600676793 ], [ 127.129954534012697, 37.404539413246717 ], [ 127.132779255303959, 37.404548220080997 ], [ 127.13279025206262, 37.402294812888904 ], [ 127.129965615355502, 37.40228600676793 ] ] ] ] } },
{ "type": "Feature", "properties": { "gid": "다사65bb31ba", "lbl": null, "val": null }, "geometry": { "type": "MultiPolygon", "coordinates": [ [ [ [ 127.113122062914684, 37.381951095416667 ], [ 127.113110485675136, 37.384204505276294 ], [ 127.115934438512269, 37.384213710283753 ], [ 127.115945931253236, 37.381960299678418 ], [ 127.113122062914684, 37.381951095416667 ] ] ] ] } },
{ "type": "Feature", "properties": { "gid": "다사62aa35ab", "lbl": null, "val": null }, "geometry": { "type": "MultiPolygon", "coordinates": [ [ [ [ 127.070571377035577, 37.415605819901742 ], [ 127.070558510869319, 37.417859204949885 ], [ 127.073383711958215, 37.417869433841133 ], [ 127.073396493487053, 37.415616047964626 ], [ 127.070571377035577, 37.415605819901742 ] ] ] ] } },
{ "type": "Feature", "properties": { "gid": "다사71bb38bb", "lbl": null, "val": null }, "geometry": { "type": "MultiPolygon", "coordinates": [ [ [ [ 127.180617877215141, 37.447502398694049 ], [ 127.180608297100235, 37.449755799911422 ], [ 127.183434732698629, 37.449763404373307 ], [ 127.183444228038425, 37.447510002540277 ], [ 127.180617877215141, 37.447502398694049 ] ] ] ] } },
{ "type": "Feature", "properties": { "gid": "다사68ab31ba", "lbl": null, "val": null }, "geometry": { "type": "MultiPolygon", "coordinates": [ [ [ [ 127.141360802739925, 37.382040103843501 ], [ 127.141350070492749, 37.384293520914362 ], [ 127.144174035701056, 37.384302051600919 ], [ 127.144184683448216, 37.382048633838977 ], [ 127.141360802739925, 37.382040103843501 ] ] ] ] } },
{ "type": "Feature", "properties": { "gid": "다사68bb33bb", "lbl": null, "val": null }, "geometry": { "type": "MultiPolygon", "coordinates": [ [ [ [ 127.146913453772171, 37.402337831352817 ], [ 127.146902879936448, 37.404591242029475 ], [ 127.149727608432272, 37.404599643973967 ], [ 127.149738097682985, 37.402346232616793 ], [ 127.146913453772171, 37.402337831352817 ] ] ] ] } },
{ "type": "Feature", "properties": { "gid": "다사59ba36aa", "lbl": null, "val": null }, "geometry": { "type": "MultiPolygon", "coordinates": [ [ [ [ 127.042279150678738, 37.422259953224092 ], [ 127.042265433567295, 37.424513327091695 ], [ 127.045090873871104, 37.424524233747945 ], [ 127.045104506318566, 37.422270858997152 ], [ 127.042279150678738, 37.422259953224092 ] ] ] ] } },
{ "type": "Feature", "properties": { "gid": "다사61bb35aa", "lbl": null, "val": null }, "geometry": { "type": "MultiPolygon", "coordinates": [ [ [ [ 127.067759211378146, 37.413342139253118 ], [ 127.067746262016357, 37.415595524332289 ], [ 127.070571377035577, 37.415605819901742 ], [ 127.070584241769538, 37.413352433988791 ], [ 127.067759211378146, 37.413342139253118 ] ] ] ] } },
{ "type": "Feature", "properties": { "gid": "다사61bb35ab", "lbl": null, "val": null }, "geometry": { "type": "MultiPolygon", "coordinates": [ [ [ [ 127.067746262016357, 37.415595524332289 ], [ 127.067733311212876, 37.417848908546588 ], [ 127.070558510869319, 37.417859204949885 ], [ 127.070571377035577, 37.415605819901742 ], [ 127.067746262016357, 37.415595524332289 ] ] ] ] } },
{ "type": "Feature", "properties": { "gid": "다사60ab30ab", "lbl": null, "val": null }, "geometry": { "type": "MultiPolygon", "coordinates": [ [ [ [ 127.051064460574466, 37.370464569692849 ], [ 127.051051031882736, 37.372717966089247 ], [ 127.053874531811303, 37.37272865023936 ], [ 127.053887876055015, 37.370475252977357 ], [ 127.051064460574466, 37.370464569692849 ] ] ] ] } },
{ "type": "Feature", "properties": { "gid": "다사63ab30aa", "lbl": null, "val": null }, "geometry": { "type": "MultiPolygon", "coordinates": [ [ [ [ 127.084957956228337, 37.368334913616302 ], [ 127.084945542305633, 37.370588320903977 ], [ 127.087768974989913, 37.37059819542155 ], [ 127.087781304472017, 37.368344787333839 ], [ 127.084957956228337, 37.368334913616302 ] ] ] ] } },
{ "type": "Feature", "properties": { "gid": "다사70ba31ab", "lbl": null, "val": null }, "geometry": { "type": "MultiPolygon", "coordinates": [ [ [ [ 127.166785741625119, 37.37986102246208 ], [ 127.16677577099307, 37.382114446419081 ], [ 127.169599662029938, 37.382122369567348 ], [ 127.169609548170129, 37.379868944968479 ], [ 127.166785741625119, 37.37986102246208 ] ] ] ] } },
{ "type": "Feature", "properties": { "gid": "다사69aa31bb", "lbl": null, "val": null }, "geometry": { "type": "MultiPolygon", "coordinates": [ [ [ [ 127.149821969664387, 37.384318910676171 ], [ 127.149811489751144, 37.386572328940566 ], [ 127.152635542997217, 37.38658065800383 ], [ 127.152645938400624, 37.384327239064717 ], [ 127.149821969664387, 37.384318910676171 ] ] ] ] } },
{ "type": "Feature", "properties": { "gid": "다사68ab32aa", "lbl": null, "val": null }, "geometry": { "type": "MultiPolygon", "coordinates": [ [ [ [ 127.141339337050795, 37.386546937121771 ], [ 127.141328602413893, 37.388800352465736 ], [ 127.144152736650469, 37.388808884534569 ], [ 127.144163386768525, 37.386555468499452 ], [ 127.141339337050795, 37.386546937121771 ] ] ] ] } },
{ "type": "Feature", "properties": { "gid": "다사71aa38ba", "lbl": null, "val": null }, "geometry": { "type": "MultiPolygon", "coordinates": [ [ [ [ 127.172148664527256, 37.445225781434026 ], [ 127.172138831182636, 37.447479181635124 ], [ 127.174965178777825, 37.447486988241394 ], [ 127.174974927357155, 37.445233587408268 ], [ 127.172148664527256, 37.445225781434026 ] ] ] ] } },
{ "type": "Feature", "properties": { "gid": "다사60bb36ab", "lbl": null, "val": null }, "geometry": { "type": "MultiPolygon", "coordinates": [ [ [ [ 127.056392650169968, 37.42456718509726 ], [ 127.056379354899903, 37.426820562461039 ], [ 127.059204887372687, 37.42683113233479 ], [ 127.059218097968511, 37.424577754115091 ], [ 127.056392650169968, 37.42456718509726 ] ] ] ] } },
{ "type": "Feature", "properties": { "gid": "다사68ba32ab", "lbl": null, "val": null }, "geometry": { "type": "MultiPolygon", "coordinates": [ [ [ [ 127.144152736650469, 37.388808884534569 ], [ 127.144142085346743, 37.391062299706249 ], [ 127.146966305297369, 37.391070765017311 ], [ 127.146976872072713, 37.388817349159886 ], [ 127.144152736650469, 37.388808884534569 ] ] ] ] } },
{ "type": "Feature", "properties": { "gid": "다사69ba31aa", "lbl": null, "val": null }, "geometry": { "type": "MultiPolygon", "coordinates": [ [ [ [ 127.155500834088301, 37.377575236015865 ], [ 127.155490526637735, 37.379828658213917 ], [ 127.15831432868687, 37.379836850409184 ], [ 127.158324551655554, 37.377583427547442 ], [ 127.155500834088301, 37.377575236015865 ] ] ] ] } },
{ "type": "Feature", "properties": { "gid": "다사64bb32aa", "lbl": null, "val": null }, "geometry": { "type": "MultiPolygon", "coordinates": [ [ [ [ 127.101802770750467, 37.386420416889749 ], [ 127.101790852865008, 37.388673821983808 ], [ 127.104614969514444, 37.388683298252261 ], [ 127.104626802883089, 37.386429892390552 ], [ 127.101802770750467, 37.386420416889749 ] ] ] ] } },
{ "type": "Feature", "properties": { "gid": "다사69bb34ab", "lbl": null, "val": null }, "geometry": { "type": "MultiPolygon", "coordinates": [ [ [ [ 127.158191564254366, 37.406877857418017 ], [ 127.158181326480261, 37.409131269057191 ], [ 127.161006228790114, 37.409139402390842 ], [ 127.161016381959854, 37.406885990092931 ], [ 127.158191564254366, 37.406877857418017 ] ] ] ] } },
{ "type": "Feature", "properties": { "gid": "다사65ab29bb", "lbl": null, "val": null }, "geometry": { "type": "MultiPolygon", "coordinates": [ [ [ [ 127.107556517164966, 37.366158601963022 ], [ 127.107544780078101, 37.368412016362008 ], [ 127.110368139037675, 37.368421350937055 ], [ 127.110379791692097, 37.366167935781746 ], [ 127.107556517164966, 37.366158601963022 ] ] ] ] } },
{ "type": "Feature", "properties": { "gid": "다사60ba31ba", "lbl": null, "val": null }, "geometry": { "type": "MultiPolygon", "coordinates": [ [ [ [ 127.053821139979547, 37.381742230639531 ], [ 127.053807788306514, 37.383995623577505 ], [ 127.056631712102401, 37.384006244627095 ], [ 127.056644979280236, 37.381752850828697 ], [ 127.053821139979547, 37.381742230639531 ] ] ] ] } },
{ "type": "Feature", "properties": { "gid": "다사70bb33aa", "lbl": null, "val": null }, "geometry": { "type": "MultiPolygon", "coordinates": [ [ [ [ 127.169540322071711, 37.395642899036261 ], [ 127.169530428224647, 37.397896317593542 ], [ 127.17235491206921, 37.397904177769895 ], [ 127.172364721358463, 37.39565075857594 ], [ 127.169540322071711, 37.395642899036261 ] ] ] ] } },
{ "type": "Feature", "properties": { "gid": "다사65aa34ab", "lbl": null, "val": null }, "geometry": { "type": "MultiPolygon", "coordinates": [ [ [ [ 127.104520255126459, 37.406710514039027 ], [ 127.104508409895814, 37.408963912123752 ], [ 127.107333288938506, 37.408973327811637 ], [ 127.107345049567513, 37.406719928964343 ], [ 127.104520255126459, 37.406710514039027 ] ] ] ] } },
{ "type": "Feature", "properties": { "gid": "다사71bb36ab", "lbl": null, "val": null }, "geometry": { "type": "MultiPolygon", "coordinates": [ [ [ [ 127.180713619722553, 37.424968339035772 ], [ 127.18070405026792, 37.427221748886424 ], [ 127.183529638539639, 37.427229347193396 ], [ 127.183539123313523, 37.424975936727449 ], [ 127.180713619722553, 37.424968339035772 ] ] ] ] } },
{ "type": "Feature", "properties": { "gid": "다사63aa36ba", "lbl": null, "val": null }, "geometry": { "type": "MultiPolygon", "coordinates": [ [ [ [ 127.081809199313469, 37.426913260110283 ], [ 127.081796664722305, 37.429166644115675 ], [ 127.084622294778498, 37.429176606990964 ], [ 127.084634744684479, 37.426923222178807 ], [ 127.081809199313469, 37.426913260110283 ] ] ] ] } },
{ "type": "Feature", "properties": { "gid": "다사63ba35ab", "lbl": null, "val": null }, "geometry": { "type": "MultiPolygon", "coordinates": [ [ [ [ 127.087522096899249, 37.415666175676726 ], [ 127.087509738559888, 37.417919565613097 ], [ 127.090334948045694, 37.417929389429915 ], [ 127.090347221746669, 37.415675998697949 ], [ 127.087522096899249, 37.415666175676726 ] ] ] ] } },
{ "type": "Feature", "properties": { "gid": "다사62ba29ab", "lbl": null, "val": null }, "geometry": { "type": "MultiPolygon", "coordinates": [ [ [ [ 127.076525913097029, 37.361544668359699 ], [ 127.076513250082925, 37.363798075807431 ], [ 127.079336425301022, 37.363808150069019 ], [ 127.079349003903204, 37.361554741805016 ], [ 127.076525913097029, 37.361544668359699 ] ] ] ] } },
{ "type": "Feature", "properties": { "gid": "다사65aa33aa", "lbl": null, "val": null }, "geometry": { "type": "MultiPolygon", "coordinates": [ [ [ [ 127.104579461503576, 37.395443510653074 ], [ 127.104567622864465, 37.397696913058525 ], [ 127.107392078993072, 37.397706324933935 ], [ 127.107403833077612, 37.395452921766122 ], [ 127.104579461503576, 37.395443510653074 ] ] ] ] } },
{ "type": "Feature", "properties": { "gid": "다사70bb40bb", "lbl": null, "val": null }, "geometry": { "type": "MultiPolygon", "coordinates": [ [ [ [ 127.169233100036763, 37.465498472861448 ], [ 127.169223171983205, 37.467751864652357 ], [ 127.172050281794924, 37.467759744584384 ], [ 127.172060124998325, 37.465506352155622 ], [ 127.169233100036763, 37.465498472861448 ] ] ] ] } },
{ "type": "Feature", "properties": { "gid": "다사60aa31ba", "lbl": null, "val": null }, "geometry": { "type": "MultiPolygon", "coordinates": [ [ [ [ 127.048173465846162, 37.38172078798943 ], [ 127.048159945183329, 37.383974179190197 ], [ 127.050983865997026, 37.383984935098511 ], [ 127.050997302165044, 37.381731543026412 ], [ 127.048173465846162, 37.38172078798943 ] ] ] ] } },
{ "type": "Feature", "properties": { "gid": "다사64ab38ba", "lbl": null, "val": null }, "geometry": { "type": "MultiPolygon", "coordinates": [ [ [ [ 127.095840012859824, 37.444989474775937 ], [ 127.095827890904175, 37.447242855843818 ], [ 127.098654205624314, 37.447252487255412 ], [ 127.098666242818524, 37.444999105407753 ], [ 127.095840012859824, 37.444989474775937 ] ] ] ] } },
{ "type": "Feature", "properties": { "gid": "다사71ab39aa", "lbl": null, "val": null }, "geometry": { "type": "MultiPolygon", "coordinates": [ [ [ [ 127.174955429113041, 37.44974038821104 ], [ 127.174945678362661, 37.451993787317186 ], [ 127.177772196602504, 37.452001527590078 ], [ 127.17778186256858, 37.449748127857298 ], [ 127.174955429113041, 37.44974038821104 ] ] ] ] } },
{ "type": "Feature", "properties": { "gid": "다사60aa32ab", "lbl": null, "val": null }, "geometry": { "type": "MultiPolygon", "coordinates": [ [ [ [ 127.048132899341866, 37.388480958996794 ], [ 127.048119374162894, 37.390734347602603 ], [ 127.050943548517523, 37.390745106125237 ], [ 127.050956989173415, 37.388491716647941 ], [ 127.048132899341866, 37.388480958996794 ] ] ] ] } },
{ "type": "Feature", "properties": { "gid": "다사66aa38ba", "lbl": null, "val": null }, "geometry": { "type": "MultiPolygon", "coordinates": [ [ [ [ 127.115623650383156, 37.445055470042512 ], [ 127.115612121760876, 37.447308856453873 ], [ 127.118438445664836, 37.447318014774197 ], [ 127.118449889524584, 37.445064627621356 ], [ 127.115623650383156, 37.445055470042512 ] ] ] ] } },
{ "type": "Feature", "properties": { "gid": "다사71ab40ba", "lbl": null, "val": null }, "geometry": { "type": "MultiPolygon", "coordinates": [ [ [ [ 127.174896908322424, 37.463260769894745 ], [ 127.174887151055799, 37.465514163819506 ], [ 127.177714178199778, 37.465521907852995 ], [ 127.177723850625441, 37.463268513301379 ], [ 127.174896908322424, 37.463260769894745 ] ] ] ] } },
{ "type": "Feature", "properties": { "gid": "다사60aa32aa", "lbl": null, "val": null }, "geometry": { "type": "MultiPolygon", "coordinates": [ [ [ [ 127.048146423015282, 37.386227569525992 ], [ 127.048132899341866, 37.388480958996794 ], [ 127.050956989173415, 37.388491716647941 ], [ 127.050970428333216, 37.386238326305687 ], [ 127.048146423015282, 37.386227569525992 ] ] ] ] } },
{ "type": "Feature", "properties": { "gid": "다사68aa29ab", "lbl": null, "val": null }, "geometry": { "type": "MultiPolygon", "coordinates": [ [ [ [ 127.138634219784365, 37.361750720198536 ], [ 127.138623413868714, 37.364004144343362 ], [ 127.141446617721755, 37.364012736195008 ], [ 127.141457339222157, 37.361759311354007 ], [ 127.138634219784365, 37.361750720198536 ] ] ] ] } },
{ "type": "Feature", "properties": { "gid": "다사65aa37aa", "lbl": null, "val": null }, "geometry": { "type": "MultiPolygon", "coordinates": [ [ [ [ 127.104389885031182, 37.431497845436738 ], [ 127.104378025285499, 37.43375123401421 ], [ 127.107203835568242, 37.433760658093547 ], [ 127.107215610608606, 37.431507268752988 ], [ 127.104389885031182, 37.431497845436738 ] ] ] ] } },
{ "type": "Feature", "properties": { "gid": "다사59ba34ab", "lbl": null, "val": null }, "geometry": { "type": "MultiPolygon", "coordinates": [ [ [ [ 127.042375127711466, 37.406486311921114 ], [ 127.042361421285619, 37.408739691846023 ], [ 127.045186269139691, 37.40875059232097 ], [ 127.045199890967567, 37.406497211513226 ], [ 127.042375127711466, 37.406486311921114 ] ] ] ] } },
{ "type": "Feature", "properties": { "gid": "다사66ba27ab", "lbl": null, "val": null }, "geometry": { "type": "MultiPolygon", "coordinates": [ [ [ [ 127.121785982662075, 37.343670368423801 ], [ 127.121774680326922, 37.345923795184817 ], [ 127.124597201769191, 37.345932785504402 ], [ 127.124608419765082, 37.343679358014803 ], [ 127.121785982662075, 37.343670368423801 ] ] ] ] } },
{ "type": "Feature", "properties": { "gid": "다사69bb30ab", "lbl": null, "val": null }, "geometry": { "type": "MultiPolygon", "coordinates": [ [ [ [ 127.15835521373441, 37.370823153783412 ], [ 127.158344994179174, 37.373076579234542 ], [ 127.161168543948506, 37.373084702033147 ], [ 127.161178679049911, 37.370831275923905 ], [ 127.15835521373441, 37.370823153783412 ] ] ] ] } },
{ "type": "Feature", "properties": { "gid": "다사69ab31ba", "lbl": null, "val": null }, "geometry": { "type": "MultiPolygon", "coordinates": [ [ [ [ 127.152656332646856, 37.38207381926231 ], [ 127.152645938400624, 37.384327239064717 ], [ 127.155469908294009, 37.384335500020399 ], [ 127.155480218039685, 37.382082079548766 ], [ 127.152656332646856, 37.38207381926231 ] ] ] ] } },
{ "type": "Feature", "properties": { "gid": "다사61ab32aa", "lbl": null, "val": null }, "geometry": { "type": "MultiPolygon", "coordinates": [ [ [ [ 127.062266464470511, 37.386280679075661 ], [ 127.062253363367006, 37.388534072849069 ], [ 127.065077460585186, 37.388544493297935 ], [ 127.065090477174195, 37.38629109868041 ], [ 127.062266464470511, 37.386280679075661 ] ] ] ] } },
{ "type": "Feature", "properties": { "gid": "다사64bb38ba", "lbl": null, "val": null }, "geometry": { "type": "MultiPolygon", "coordinates": [ [ [ [ 127.101492474117379, 37.445008668460865 ], [ 127.101480521684763, 37.447262051082824 ], [ 127.10430683907606, 37.447271547325968 ], [ 127.104318706746909, 37.445018163935188 ], [ 127.101492474117379, 37.445008668460865 ] ] ] ] } },
{ "type": "Feature", "properties": { "gid": "다사71aa40ab", "lbl": null, "val": null }, "geometry": { "type": "MultiPolygon", "coordinates": [ [ [ [ 127.172079808117431, 37.460999564707137 ], [ 127.172069967105784, 37.463252958863201 ], [ 127.174896908322424, 37.463260769894745 ], [ 127.174906664502672, 37.461007375106384 ], [ 127.172079808117431, 37.460999564707137 ] ] ] ] } },
{ "type": "Feature", "properties": { "gid": "다사64ba33ba", "lbl": null, "val": null }, "geometry": { "type": "MultiPolygon", "coordinates": [ [ [ [ 127.098906705485987, 37.399931286915717 ], [ 127.098894695064388, 37.402184686051626 ], [ 127.10171931768437, 37.402194234401804 ], [ 127.101731243532868, 37.399940834492511 ], [ 127.098906705485987, 37.399931286915717 ] ] ] ] } },
{ "type": "Feature", "properties": { "gid": "다사62aa31aa", "lbl": null, "val": null }, "geometry": { "type": "MultiPolygon", "coordinates": [ [ [ [ 127.070789882857397, 37.377298141780614 ], [ 127.070777041017379, 37.379551541528237 ], [ 127.073600804551049, 37.379561756343762 ], [ 127.073613561913675, 37.377308355768612 ], [ 127.070789882857397, 37.377298141780614 ] ] ] ] } },
{ "type": "Feature", "properties": { "gid": "다사63bb27ba", "lbl": null, "val": null }, "geometry": { "type": "MultiPolygon", "coordinates": [ [ [ [ 127.090727029563539, 37.345820457313437 ], [ 127.090714798144887, 37.348073874835904 ], [ 127.093537389578429, 37.348083606668368 ], [ 127.093549536650102, 37.34583018835724 ], [ 127.090727029563539, 37.345820457313437 ] ] ] ] } },
{ "type": "Feature", "properties": { "gid": "다사63aa29bb", "lbl": null, "val": null }, "geometry": { "type": "MultiPolygon", "coordinates": [ [ [ [ 127.082147106338439, 37.366071565159999 ], [ 127.082134609366463, 37.368324972506407 ], [ 127.084957956228337, 37.368334913616302 ], [ 127.084970368769277, 37.366081505464429 ], [ 127.082147106338439, 37.366071565159999 ] ] ] ] } },
{ "type": "Feature", "properties": { "gid": "다사62bb31ba", "lbl": null, "val": null }, "geometry": { "type": "MultiPolygon", "coordinates": [ [ [ [ 127.079235746060817, 37.381835385066452 ], [ 127.079223154850482, 37.384088785551533 ], [ 127.082047091600543, 37.384098799731461 ], [ 127.082059598314203, 37.381845398435132 ], [ 127.079235746060817, 37.381835385066452 ] ] ] ] } },
{ "type": "Feature", "properties": { "gid": "다사69aa33ab", "lbl": null, "val": null }, "geometry": { "type": "MultiPolygon", "coordinates": [ [ [ [ 127.149759072681576, 37.39783940731207 ], [ 127.149748585766034, 37.400092820396161 ], [ 127.152573146268793, 37.400101153508643 ], [ 127.152583548618011, 37.397847739749594 ], [ 127.149759072681576, 37.39783940731207 ] ] ] ] } },
{ "type": "Feature", "properties": { "gid": "다사63ba28ab", "lbl": null, "val": null }, "geometry": { "type": "MultiPolygon", "coordinates": [ [ [ [ 127.087867572428948, 37.352570906524747 ], [ 127.087855252550156, 37.354824320661088 ], [ 127.090678095718957, 37.354834122219629 ], [ 127.090690331222746, 37.352580707289015 ], [ 127.087867572428948, 37.352570906524747 ] ] ] ] } },
{ "type": "Feature", "properties": { "gid": "다사71aa40aa", "lbl": null, "val": null }, "geometry": { "type": "MultiPolygon", "coordinates": [ [ [ [ 127.172089648033406, 37.458746169687437 ], [ 127.172079808117431, 37.460999564707137 ], [ 127.174906664502672, 37.461007375106384 ], [ 127.174916419596684, 37.458753979454421 ], [ 127.172089648033406, 37.458746169687437 ] ] ] ] } },
{ "type": "Feature", "properties": { "gid": "다사65bb37aa", "lbl": null, "val": null }, "geometry": { "type": "MultiPolygon", "coordinates": [ [ [ [ 127.112867065686672, 37.431525912746856 ], [ 127.112855460057389, 37.433779303597184 ], [ 127.115681274244963, 37.433788525021299 ], [ 127.115692795168457, 37.431535133424305 ], [ 127.112867065686672, 37.431525912746856 ] ] ] ] } },
{ "type": "Feature", "properties": { "gid": "다사64aa29bb", "lbl": null, "val": null }, "geometry": { "type": "MultiPolygon", "coordinates": [ [ [ [ 127.093440164313918, 37.366110922055917 ], [ 127.093428005067082, 37.368364332591412 ], [ 127.096251357399709, 37.368374004131255 ], [ 127.096263432214883, 37.366120592812152 ], [ 127.093440164313918, 37.366110922055917 ] ] ] ] } },
{ "type": "Feature", "properties": { "gid": "다사62ab35ba", "lbl": null, "val": null }, "geometry": { "type": "MultiPolygon", "coordinates": [ [ [ [ 127.073383711958215, 37.417869433841133 ], [ 127.073370929006316, 37.420122818852867 ], [ 127.076196216165258, 37.420132981054927 ], [ 127.076208914470158, 37.417879595220249 ], [ 127.073383711958215, 37.417869433841133 ] ] ] ] } },
{ "type": "Feature", "properties": { "gid": "다사58bb30bb", "lbl": null, "val": null }, "geometry": { "type": "MultiPolygon", "coordinates": [ [ [ [ 127.034096127106466, 37.374905835973195 ], [ 127.03408218862775, 37.377159225330885 ], [ 127.036905848367866, 37.377170315688282 ], [ 127.036919702380843, 37.374916925432096 ], [ 127.034096127106466, 37.374905835973195 ] ] ] ] } },
{ "type": "Feature", "properties": { "gid": "다사70ba35ba", "lbl": null, "val": null }, "geometry": { "type": "MultiPolygon", "coordinates": [ [ [ [ 127.166616089832274, 37.418169112341239 ], [ 127.166606100312606, 37.420422521623607 ], [ 127.169431429150549, 37.420430455689591 ], [ 127.169441334018373, 37.418177045764715 ], [ 127.166616089832274, 37.418169112341239 ] ] ] ] } },
{ "type": "Feature", "properties": { "gid": "다사66ba40ba", "lbl": null, "val": null }, "geometry": { "type": "MultiPolygon", "coordinates": [ [ [ [ 127.121185221741257, 37.463100796531485 ], [ 127.121173852521736, 37.465354177505823 ], [ 127.12400085740714, 37.465363206502104 ], [ 127.124012141788256, 37.463109824796902 ], [ 127.121185221741257, 37.463100796531485 ] ] ] ] } },
{ "type": "Feature", "properties": { "gid": "다사64ab35ba", "lbl": null, "val": null }, "geometry": { "type": "MultiPolygon", "coordinates": [ [ [ [ 127.095985371107403, 37.417948834525113 ], [ 127.095973265336028, 37.420202225967394 ], [ 127.098798563541379, 37.420211848024799 ], [ 127.098810584664477, 37.417958455803308 ], [ 127.095985371107403, 37.417948834525113 ] ] ] ] } },
{ "type": "Feature", "properties": { "gid": "다사70aa31bb", "lbl": null, "val": null }, "geometry": { "type": "MultiPolygon", "coordinates": [ [ [ [ 127.161117851514632, 37.384351819632897 ], [ 127.16110770964157, 37.386605240563426 ], [ 127.163931767460383, 37.386613299872948 ], [ 127.163941824823084, 37.384359878289537 ], [ 127.161117851514632, 37.384351819632897 ] ] ] ] } },
{ "type": "Feature", "properties": { "gid": "다사61bb36aa", "lbl": null, "val": null }, "geometry": { "type": "MultiPolygon", "coordinates": [ [ [ [ 127.067707405280089, 37.422355674380491 ], [ 127.067694450150412, 37.424609056000051 ], [ 127.070519903775093, 37.424619354905175 ], [ 127.07053277423924, 37.422365972451622 ], [ 127.067707405280089, 37.422355674380491 ] ] ] ] } },
{ "type": "Feature", "properties": { "gid": "다사62ab29aa", "lbl": null, "val": null }, "geometry": { "type": "MultiPolygon", "coordinates": [ [ [ [ 127.073715569707304, 37.359281120048415 ], [ 127.073702823700344, 37.361534527538723 ], [ 127.076525913097029, 37.361544668359699 ], [ 127.07653857470163, 37.359291260047698 ], [ 127.073715569707304, 37.359281120048415 ] ] ] ] } },
{ "type": "Feature", "properties": { "gid": "다사64ab28ba", "lbl": null, "val": null }, "geometry": { "type": "MultiPolygon", "coordinates": [ [ [ [ 127.096323786133269, 37.354853523257184 ], [ 127.096311718036702, 37.357106938896031 ], [ 127.099134649648292, 37.357116539152777 ], [ 127.099146633360007, 37.354863122735992 ], [ 127.096323786133269, 37.354853523257184 ] ] ] ] } },
{ "type": "Feature", "properties": { "gid": "다사66ab35aa", "lbl": null, "val": null }, "geometry": { "type": "MultiPolygon", "coordinates": [ [ [ [ 127.118609969851761, 37.413517116741339 ], [ 127.118598543815395, 37.415770515992335 ], [ 127.121423683174427, 37.415779596427818 ], [ 127.121435024580123, 37.413526196441445 ], [ 127.118609969851761, 37.413517116741339 ] ] ] ] } },
{ "type": "Feature", "properties": { "gid": "다사72ba38ab", "lbl": null, "val": null }, "geometry": { "type": "MultiPolygon", "coordinates": [ [ [ [ 127.189115581310631, 37.443018198786426 ], [ 127.189106257597857, 37.44527160356094 ], [ 127.191932526798226, 37.445279004047222 ], [ 127.191941765754351, 37.443025598673543 ], [ 127.189115581310631, 37.443018198786426 ] ] ] ] } },
{ "type": "Feature", "properties": { "gid": "다사61ab31ba", "lbl": null, "val": null }, "geometry": { "type": "MultiPolygon", "coordinates": [ [ [ [ 127.062292662302667, 37.38177388893471 ], [ 127.062279564115656, 37.384027284437543 ], [ 127.06510349231425, 37.384037703198203 ], [ 127.06511650600558, 37.381784306851337 ], [ 127.062292662302667, 37.38177388893471 ] ] ] ] } },
{ "type": "Feature", "properties": { "gid": "다사60ba34aa", "lbl": null, "val": null }, "geometry": { "type": "MultiPolygon", "coordinates": [ [ [ [ 127.053687556341103, 37.404276121098221 ], [ 127.053674189796396, 37.406529505386743 ], [ 127.056498959061514, 37.406540135043272 ], [ 127.056512241016918, 37.404286749893828 ], [ 127.053687556341103, 37.404276121098221 ] ] ] ] } },
{ "type": "Feature", "properties": { "gid": "다사66ba40bb", "lbl": null, "val": null }, "geometry": { "type": "MultiPolygon", "coordinates": [ [ [ [ 127.121173852521736, 37.465354177505823 ], [ 127.121162482036283, 37.467607557615764 ], [ 127.123989571769457, 37.467616587342945 ], [ 127.12400085740714, 37.465363206502104 ], [ 127.121173852521736, 37.465354177505823 ] ] ] ] } },
{ "type": "Feature", "properties": { "gid": "다사62ba33bb", "lbl": null, "val": null }, "geometry": { "type": "MultiPolygon", "coordinates": [ [ [ [ 127.076297763032414, 37.402105870165727 ], [ 127.076285074619378, 37.404359262053212 ], [ 127.079109770859844, 37.404369351016157 ], [ 127.07912237469165, 37.402115958311512 ], [ 127.076297763032414, 37.402105870165727 ] ] ] ] } },
{ "type": "Feature", "properties": { "gid": "다사60ab36ba", "lbl": null, "val": null }, "geometry": { "type": "MultiPolygon", "coordinates": [ [ [ [ 127.050728294404593, 37.426799220113537 ], [ 127.05071482828744, 37.429052594883814 ], [ 127.053540442473562, 37.429063300691112 ], [ 127.053553823907407, 37.426809925053917 ], [ 127.050728294404593, 37.426799220113537 ] ] ] ] } },
{ "type": "Feature", "properties": { "gid": "다사61bb28bb", "lbl": null, "val": null }, "geometry": { "type": "MultiPolygon", "coordinates": [ [ [ [ 127.068082477357862, 37.35700723124468 ], [ 127.068069563984182, 37.359260637939627 ], [ 127.07089256613169, 37.359270912679023 ], [ 127.070905395112746, 37.357017505151511 ], [ 127.068082477357862, 37.35700723124468 ] ] ] ] } },
{ "type": "Feature", "properties": { "gid": "다사67ba41aa", "lbl": null, "val": null }, "geometry": { "type": "MultiPolygon", "coordinates": [ [ [ [ 127.1324708484712, 37.467643270718376 ], [ 127.132459816149506, 37.469896652854871 ], [ 127.135286995710501, 37.469905412753391 ], [ 127.135297943174393, 37.467652029907832 ], [ 127.1324708484712, 37.467643270718376 ] ] ] ] } },
{ "type": "Feature", "properties": { "gid": "다사62bb37ab", "lbl": null, "val": null }, "geometry": { "type": "MultiPolygon", "coordinates": [ [ [ [ 127.078945793294082, 37.433663377492614 ], [ 127.07893316980234, 37.435916758091402 ], [ 127.081759052574583, 37.435926790943405 ], [ 127.081771591353046, 37.433673409532261 ], [ 127.078945793294082, 37.433663377492614 ] ] ] ] } },
{ "type": "Feature", "properties": { "gid": "다사62bb30aa", "lbl": null, "val": null }, "geometry": { "type": "MultiPolygon", "coordinates": [ [ [ [ 127.079311263895775, 37.368314964004249 ], [ 127.079298681092354, 37.370568369675446 ], [ 127.082122111003315, 37.370578378988576 ], [ 127.082134609366463, 37.368324972506407 ], [ 127.079311263895775, 37.368314964004249 ] ] ] ] } },
{ "type": "Feature", "properties": { "gid": "다사71aa37ba", "lbl": null, "val": null }, "geometry": { "type": "MultiPolygon", "coordinates": [ [ [ [ 127.172187986959301, 37.436212171994789 ], [ 127.172178157993002, 37.438465575649801 ], [ 127.175004166583577, 37.438473379728144 ], [ 127.175013910822315, 37.436219975441254 ], [ 127.172187986959301, 37.436212171994789 ] ] ] ] } },
{ "type": "Feature", "properties": { "gid": "다사64aa27ba", "lbl": null, "val": null }, "geometry": { "type": "MultiPolygon", "coordinates": [ [ [ [ 127.093549536650102, 37.34583018835724 ], [ 127.093537389578429, 37.348083606668368 ], [ 127.096359982364149, 37.348093271157296 ], [ 127.096372045088671, 37.345839852062959 ], [ 127.093549536650102, 37.34583018835724 ] ] ] ] } },
{ "type": "Feature", "properties": { "gid": "다사68ab36bb", "lbl": null, "val": null }, "geometry": { "type": "MultiPolygon", "coordinates": [ [ [ [ 127.141135174457332, 37.42936168098452 ], [ 127.141124417090154, 37.431615079919276 ], [ 127.143950158973638, 37.431623625127919 ], [ 127.143960831643, 37.429370225501231 ], [ 127.141135174457332, 37.42936168098452 ] ] ] ] } },
{ "type": "Feature", "properties": { "gid": "다사66ab38aa", "lbl": null, "val": null }, "geometry": { "type": "MultiPolygon", "coordinates": [ [ [ [ 127.118472773422013, 37.440557850722904 ], [ 127.118461332110272, 37.442811239604261 ], [ 127.12128748777252, 37.442820328867789 ], [ 127.121298844340473, 37.440566939250523 ], [ 127.118472773422013, 37.440557850722904 ] ] ] ] } },
{ "type": "Feature", "properties": { "gid": "다사66bb27ba", "lbl": null, "val": null }, "geometry": { "type": "MultiPolygon", "coordinates": [ [ [ [ 127.124597201769191, 37.345932785504402 ], [ 127.12458598252455, 37.348186212130628 ], [ 127.127408589564396, 37.34819513583426 ], [ 127.127419724460211, 37.345941708484865 ], [ 127.124597201769191, 37.345932785504402 ] ] ] ] } },
{ "type": "Feature", "properties": { "gid": "다사72bb36aa", "lbl": null, "val": null }, "geometry": { "type": "MultiPolygon", "coordinates": [ [ [ [ 127.192024870087238, 37.422744911467319 ], [ 127.192015640384099, 37.424998324609405 ], [ 127.194841148142132, 37.425005652172089 ], [ 127.194850293173403, 37.422752238436637 ], [ 127.192024870087238, 37.422744911467319 ] ] ] ] } },
{ "type": "Feature", "properties": { "gid": "다사71aa34ba", "lbl": null, "val": null }, "geometry": { "type": "MultiPolygon", "coordinates": [ [ [ [ 127.172305849239279, 37.409171260792476 ], [ 127.172296033395625, 37.411424674807442 ], [ 127.175121025877729, 37.411432471305638 ], [ 127.175130757106899, 37.409179056659241 ], [ 127.172305849239279, 37.409171260792476 ] ] ] ] } },
{ "type": "Feature", "properties": { "gid": "다사63aa33bb", "lbl": null, "val": null }, "geometry": { "type": "MultiPolygon", "coordinates": [ [ [ [ 127.081946987753952, 37.402125978983214 ], [ 127.081934468503519, 37.404379372499534 ], [ 127.08475916754098, 37.404389326503249 ], [ 127.084771602209884, 37.402135932180698 ], [ 127.081946987753952, 37.402125978983214 ] ] ] ] } },
{ "type": "Feature", "properties": { "gid": "다사62ba34aa", "lbl": null, "val": null }, "geometry": { "type": "MultiPolygon", "coordinates": [ [ [ [ 127.076285074619378, 37.404359262053212 ], [ 127.076272384793711, 37.406612653076074 ], [ 127.079097165624788, 37.406622742856214 ], [ 127.079109770859844, 37.404369351016157 ], [ 127.076285074619378, 37.404359262053212 ] ] ] ] } },
{ "type": "Feature", "properties": { "gid": "다사67ab32aa", "lbl": null, "val": null }, "geometry": { "type": "MultiPolygon", "coordinates": [ [ [ [ 127.130043150223187, 37.386512137232351 ], [ 127.130032077512368, 37.388765549757018 ], [ 127.132856206912209, 37.388774351599032 ], [ 127.13286719510478, 37.386520938361336 ], [ 127.130043150223187, 37.386512137232351 ] ] ] ] } },
{ "type": "Feature", "properties": { "gid": "다사61ab35aa", "lbl": null, "val": null }, "geometry": { "type": "MultiPolygon", "coordinates": [ [ [ [ 127.062109154929431, 37.413321347278888 ], [ 127.062096036312553, 37.415574730674066 ], [ 127.064921148438884, 37.415585161256359 ], [ 127.064934182428303, 37.41333177701646 ], [ 127.062109154929431, 37.413321347278888 ] ] ] ] } },
{ "type": "Feature", "properties": { "gid": "다사73aa39aa", "lbl": null, "val": null }, "geometry": { "type": "MultiPolygon", "coordinates": [ [ [ [ 127.194740485570549, 37.449793146297012 ], [ 127.194731328312969, 37.452046549674677 ], [ 127.197557853888512, 37.452053816762586 ], [ 127.197566926360921, 37.449800412796584 ], [ 127.194740485570549, 37.449793146297012 ] ] ] ] } },
{ "type": "Feature", "properties": { "gid": "다사63bb35ab", "lbl": null, "val": null }, "geometry": { "type": "MultiPolygon", "coordinates": [ [ [ [ 127.090347221746669, 37.415675998697949 ], [ 127.090334948045694, 37.417929389429915 ], [ 127.09316015889803, 37.417939145733946 ], [ 127.093172347960447, 37.415685754211893 ], [ 127.090347221746669, 37.415675998697949 ] ] ] ] } },
{ "type": "Feature", "properties": { "gid": "다사63aa36aa", "lbl": null, "val": null }, "geometry": { "type": "MultiPolygon", "coordinates": [ [ [ [ 127.081834264309677, 37.422406489505306 ], [ 127.081821732509212, 37.424659875240131 ], [ 127.084647193204461, 37.424669836501984 ], [ 127.084659640338586, 37.422416449960494 ], [ 127.081834264309677, 37.422406489505306 ] ] ] ] } },
{ "type": "Feature", "properties": { "gid": "다사67ba39bb", "lbl": null, "val": null }, "geometry": { "type": "MultiPolygon", "coordinates": [ [ [ [ 127.132525991657701, 37.456376347072627 ], [ 127.132514965476204, 37.458629733530159 ], [ 127.135341720842518, 37.458638489883796 ], [ 127.135352662213421, 37.456385102717419 ], [ 127.132525991657701, 37.456376347072627 ] ] ] ] } },
{ "type": "Feature", "properties": { "gid": "다사72ba39ab", "lbl": null, "val": null }, "geometry": { "type": "MultiPolygon", "coordinates": [ [ [ [ 127.18907828023022, 37.452031812704682 ], [ 127.189068952364124, 37.454285214025937 ], [ 127.19189556068531, 37.454292616909257 ], [ 127.191904803757055, 37.452039214988694 ], [ 127.18907828023022, 37.452031812704682 ] ] ] ] } },
{ "type": "Feature", "properties": { "gid": "다사58bb31ab", "lbl": null, "val": null }, "geometry": { "type": "MultiPolygon", "coordinates": [ [ [ [ 127.034068248597379, 37.379412613823419 ], [ 127.03405430701514, 37.381666001450746 ], [ 127.036878135714858, 37.38167709360529 ], [ 127.036891992812599, 37.379423705079354 ], [ 127.034068248597379, 37.379412613823419 ] ] ] ] } },
{ "type": "Feature", "properties": { "gid": "다사65bb33ab", "lbl": null, "val": null }, "geometry": { "type": "MultiPolygon", "coordinates": [ [ [ [ 127.113040995166671, 37.397724946292151 ], [ 127.11302940890198, 37.399978350104327 ], [ 127.115853953492575, 37.399987560332953 ], [ 127.115865455192832, 37.397734155774756 ], [ 127.113040995166671, 37.397724946292151 ] ] ] ] } },
{ "type": "Feature", "properties": { "gid": "다사70ab40ba", "lbl": null, "val": null }, "geometry": { "type": "MultiPolygon", "coordinates": [ [ [ [ 127.163589150068418, 37.463229120019925 ], [ 127.163579053439236, 37.465482511382504 ], [ 127.166406076180579, 37.465490525937042 ], [ 127.166416087969338, 37.463237133925702 ], [ 127.163589150068418, 37.463229120019925 ] ] ] ] } },
{ "type": "Feature", "properties": { "gid": "다사62bb30ab", "lbl": null, "val": null }, "geometry": { "type": "MultiPolygon", "coordinates": [ [ [ [ 127.079298681092354, 37.370568369675446 ], [ 127.079286096888197, 37.37282177448234 ], [ 127.082109611248853, 37.372831784606483 ], [ 127.082122111003315, 37.370578378988576 ], [ 127.079298681092354, 37.370568369675446 ] ] ] ] } },
{ "type": "Feature", "properties": { "gid": "다사64ba33ab", "lbl": null, "val": null }, "geometry": { "type": "MultiPolygon", "coordinates": [ [ [ [ 127.098918714570587, 37.397677886915595 ], [ 127.098906705485987, 37.399931286915717 ], [ 127.101731243532868, 37.399940834492511 ], [ 127.101743168053815, 37.397687433719049 ], [ 127.098918714570587, 37.397677886915595 ] ] ] ] } },
{ "type": "Feature", "properties": { "gid": "다사69aa29bb", "lbl": null, "val": null }, "geometry": { "type": "MultiPolygon", "coordinates": [ [ [ [ 127.149905766985484, 37.366291533483121 ], [ 127.149895296400928, 37.368544958653551 ], [ 127.152718673831572, 37.368553282320079 ], [ 127.152729059981482, 37.366299856475237 ], [ 127.149905766985484, 37.366291533483121 ] ] ] ] } },
{ "type": "Feature", "properties": { "gid": "다사71aa41ab", "lbl": null, "val": null }, "geometry": { "type": "MultiPolygon", "coordinates": [ [ [ [ 127.172040437495482, 37.470013136149454 ], [ 127.172030592099858, 37.472266526850824 ], [ 127.174857872736538, 37.472274340411929 ], [ 127.174867633263005, 37.470020949078112 ], [ 127.172040437495482, 37.470013136149454 ] ] ] ] } },
{ "type": "Feature", "properties": { "gid": "다사64ab28aa", "lbl": null, "val": null }, "geometry": { "type": "MultiPolygon", "coordinates": [ [ [ [ 127.096347918296843, 37.350346689387784 ], [ 127.096335852886597, 37.352600106754416 ], [ 127.099158615737835, 37.352609705455343 ], [ 127.099170596782017, 37.350356287310873 ], [ 127.096347918296843, 37.350346689387784 ] ] ] ] } },
{ "type": "Feature", "properties": { "gid": "다사60aa30ba", "lbl": null, "val": null }, "geometry": { "type": "MultiPolygon", "coordinates": [ [ [ [ 127.048227533449122, 37.372707214537122 ], [ 127.048214018805297, 37.374960609197551 ], [ 127.051037601696123, 37.374971361620815 ], [ 127.051051031882736, 37.372717966089247 ], [ 127.048227533449122, 37.372707214537122 ] ] ] ] } },
{ "type": "Feature", "properties": { "gid": "다사71bb37bb", "lbl": null, "val": null }, "geometry": { "type": "MultiPolygon", "coordinates": [ [ [ [ 127.180656187010172, 37.438488785190636 ], [ 127.180646611160867, 37.440742189861531 ], [ 127.183472707715396, 37.44074979186103 ], [ 127.183482198827321, 37.438496386574606 ], [ 127.180656187010172, 37.438488785190636 ] ] ] ] } },
{ "type": "Feature", "properties": { "gid": "다사70ab40bb", "lbl": null, "val": null }, "geometry": { "type": "MultiPolygon", "coordinates": [ [ [ [ 127.163579053439236, 37.465482511382504 ], [ 127.163568955685761, 37.467735901881305 ], [ 127.166396063277006, 37.46774391708464 ], [ 127.166406076180579, 37.465490525937042 ], [ 127.163579053439236, 37.465482511382504 ] ] ] ] } },
{ "type": "Feature", "properties": { "gid": "다사70ab35ba", "lbl": null, "val": null }, "geometry": { "type": "MultiPolygon", "coordinates": [ [ [ [ 127.163790846758289, 37.418161111402526 ], [ 127.163780772586847, 37.420414520036886 ], [ 127.166606100312606, 37.420422521623607 ], [ 127.166616089832274, 37.418169112341239 ], [ 127.163790846758289, 37.418161111402526 ] ] ] ] } },
{ "type": "Feature", "properties": { "gid": "다사68ab33aa", "lbl": null, "val": null }, "geometry": { "type": "MultiPolygon", "coordinates": [ [ [ [ 127.141296391332261, 37.395560593316659 ], [ 127.141285651914245, 37.397814005206591 ], [ 127.144110124320278, 37.397822540040487 ], [ 127.14412077918179, 37.395569127459225 ], [ 127.141296391332261, 37.395560593316659 ] ] ] ] } },
{ "type": "Feature", "properties": { "gid": "다사61bb34bb", "lbl": null, "val": null }, "geometry": { "type": "MultiPolygon", "coordinates": [ [ [ [ 127.067772159298372, 37.411088753309095 ], [ 127.067759211378146, 37.413342139253118 ], [ 127.070584241769538, 37.413352433988791 ], [ 127.070597105071357, 37.411099047211025 ], [ 127.067772159298372, 37.411088753309095 ] ] ] ] } },
{ "type": "Feature", "properties": { "gid": "다사70bb33ab", "lbl": null, "val": null }, "geometry": { "type": "MultiPolygon", "coordinates": [ [ [ [ 127.169530428224647, 37.397896317593542 ], [ 127.169520533276085, 37.400149735287663 ], [ 127.172345101687924, 37.400157596100726 ], [ 127.17235491206921, 37.397904177769895 ], [ 127.169530428224647, 37.397896317593542 ] ] ] ] } },
{ "type": "Feature", "properties": { "gid": "다사62bb34ba", "lbl": null, "val": null }, "geometry": { "type": "MultiPolygon", "coordinates": [ [ [ [ 127.079084558986381, 37.408876133831676 ], [ 127.079071950944453, 37.411129523942513 ], [ 127.081896902388749, 37.411139547861225 ], [ 127.081909425821081, 37.408886156938564 ], [ 127.079084558986381, 37.408876133831676 ] ] ] ] } },
{ "type": "Feature", "properties": { "gid": "다사62aa33ab", "lbl": null, "val": null }, "geometry": { "type": "MultiPolygon", "coordinates": [ [ [ [ 127.070674254817007, 37.397578708384579 ], [ 127.070661400104413, 37.399832100350778 ], [ 127.073485924357868, 37.399842322616401 ], [ 127.073498694508388, 37.39758892982222 ], [ 127.070674254817007, 37.397578708384579 ] ] ] ] } },
{ "type": "Feature", "properties": { "gid": "다사63ba39aa", "lbl": null, "val": null }, "geometry": { "type": "MultiPolygon", "coordinates": [ [ [ [ 127.087336577262661, 37.449466933936002 ], [ 127.087324198267396, 37.451720310902161 ], [ 127.090150678460347, 37.451730146658178 ], [ 127.09016297267577, 37.449476768895735 ], [ 127.087336577262661, 37.449466933936002 ] ] ] ] } },
{ "type": "Feature", "properties": { "gid": "다사70ba31ba", "lbl": null, "val": null }, "geometry": { "type": "MultiPolygon", "coordinates": [ [ [ [ 127.16677577099307, 37.382114446419081 ], [ 127.166765799251039, 37.384367869513 ], [ 127.169589774789131, 37.384375793303185 ], [ 127.169599662029938, 37.382122369567348 ], [ 127.16677577099307, 37.382114446419081 ] ] ] ] } },
{ "type": "Feature", "properties": { "gid": "다사59ab32ab", "lbl": null, "val": null }, "geometry": { "type": "MultiPolygon", "coordinates": [ [ [ [ 127.039660638918079, 37.388448281403051 ], [ 127.039646860171075, 37.390701667361597 ], [ 127.042471029980277, 37.390712628220669 ], [ 127.042484724204783, 37.388459241374235 ], [ 127.039660638918079, 37.388448281403051 ] ] ] ] } },
{ "type": "Feature", "properties": { "gid": "다사61aa29bb", "lbl": null, "val": null }, "geometry": { "type": "MultiPolygon", "coordinates": [ [ [ [ 127.059561057757762, 37.365989616808598 ], [ 127.05954788534342, 37.36824301751475 ], [ 127.062371220812707, 37.368253497759774 ], [ 127.062384308797334, 37.36600009620448 ], [ 127.059561057757762, 37.365989616808598 ] ] ] ] } },
{ "type": "Feature", "properties": { "gid": "다사67ba28ab", "lbl": null, "val": null }, "geometry": { "type": "MultiPolygon", "coordinates": [ [ [ [ 127.13303187129533, 37.352719636176282 ], [ 127.133020901435003, 37.354973062365787 ], [ 127.135843765269215, 37.354981786155747 ], [ 127.135854650752151, 37.352728359259295 ], [ 127.13303187129533, 37.352719636176282 ] ] ] ] } },
{ "type": "Feature", "properties": { "gid": "다사63ab35aa", "lbl": null, "val": null }, "geometry": { "type": "MultiPolygon", "coordinates": [ [ [ [ 127.084709415020001, 37.413402895148373 ], [ 127.084696973427597, 37.415656285148295 ], [ 127.087522096899249, 37.415666175676726 ], [ 127.087534453862872, 37.413412784875824 ], [ 127.084709415020001, 37.413402895148373 ] ] ] ] } },
{ "type": "Feature", "properties": { "gid": "다사66ab28bb", "lbl": null, "val": null }, "geometry": { "type": "MultiPolygon", "coordinates": [ [ [ [ 127.1188952077556, 37.357181854708685 ], [ 127.118883813474, 37.359435275554588 ], [ 127.121706839890095, 37.359444337618399 ], [ 127.121718149776243, 37.357190916038192 ], [ 127.1188952077556, 37.357181854708685 ] ] ] ] } },
{ "type": "Feature", "properties": { "gid": "다사69bb33bb", "lbl": null, "val": null }, "geometry": { "type": "MultiPolygon", "coordinates": [ [ [ [ 127.158212036383716, 37.402371031549535 ], [ 127.158201800888818, 37.404624444915449 ], [ 127.161026533999348, 37.404632576931668 ], [ 127.161036684908694, 37.40237916290711 ], [ 127.158212036383716, 37.402371031549535 ] ] ] ] } },
{ "type": "Feature", "properties": { "gid": "다사66bb30ba", "lbl": null, "val": null }, "geometry": { "type": "MultiPolygon", "coordinates": [ [ [ [ 127.124462488375102, 37.372973848030846 ], [ 127.1244512541342, 37.375227264295091 ], [ 127.127274874092421, 37.37523619668012 ], [ 127.127286023871775, 37.372982779692194 ], [ 127.124462488375102, 37.372973848030846 ] ] ] ] } },
{ "type": "Feature", "properties": { "gid": "다사68bb29ba", "lbl": null, "val": null }, "geometry": { "type": "MultiPolygon", "coordinates": [ [ [ [ 127.14709302899908, 37.364029717748181 ], [ 127.147082475154917, 37.366283143101938 ], [ 127.149905766985484, 37.366291533483121 ], [ 127.149916236404522, 37.364038107449524 ], [ 127.14709302899908, 37.364029717748181 ] ] ] ] } },
{ "type": "Feature", "properties": { "gid": "다사59bb35bb", "lbl": null, "val": null }, "geometry": { "type": "MultiPolygon", "coordinates": [ [ [ [ 127.045118137248465, 37.420017483381017 ], [ 127.045104506318566, 37.422270858997152 ], [ 127.047929863476057, 37.422281697248216 ], [ 127.047943409751241, 37.42002832075439 ], [ 127.045118137248465, 37.420017483381017 ] ] ] ] } },
{ "type": "Feature", "properties": { "gid": "다사64bb27ba", "lbl": null, "val": null }, "geometry": { "type": "MultiPolygon", "coordinates": [ [ [ [ 127.102017065984242, 37.345858977459791 ], [ 127.102005171954474, 37.348112398104149 ], [ 127.104827768740336, 37.348121860561882 ], [ 127.104839578422499, 37.345868439150685 ], [ 127.102017065984242, 37.345858977459791 ] ] ] ] } },
{ "type": "Feature", "properties": { "gid": "다사65ab38ab", "lbl": null, "val": null }, "geometry": { "type": "MultiPolygon", "coordinates": [ [ [ [ 127.107156722294818, 37.442774206812018 ], [ 127.10714494069768, 37.445027591830609 ], [ 127.109971175960283, 37.445036952147035 ], [ 127.109982872804778, 37.442783566370615 ], [ 127.107156722294818, 37.442774206812018 ] ] ] ] } },
{ "type": "Feature", "properties": { "gid": "다사67ab27ba", "lbl": null, "val": null }, "geometry": { "type": "MultiPolygon", "coordinates": [ [ [ [ 127.130242248390573, 37.345950564126085 ], [ 127.130231197843713, 37.348203992193191 ], [ 127.133053807353136, 37.348212781207366 ], [ 127.133064773550885, 37.345959352427997 ], [ 127.130242248390573, 37.345950564126085 ] ] ] ] } },
{ "type": "Feature", "properties": { "gid": "다사68ba33ba", "lbl": null, "val": null }, "geometry": { "type": "MultiPolygon", "coordinates": [ [ [ [ 127.144099468272529, 37.40007595175824 ], [ 127.144088811038458, 37.402329362612448 ], [ 127.146913453772171, 37.402337831352817 ], [ 127.146924026430824, 37.400084419812657 ], [ 127.144099468272529, 37.40007595175824 ] ] ] ] } },
{ "type": "Feature", "properties": { "gid": "다사58bb30ba", "lbl": null, "val": null }, "geometry": { "type": "MultiPolygon", "coordinates": [ [ [ [ 127.034110064033683, 37.372652445750354 ], [ 127.034096127106466, 37.374905835973195 ], [ 127.036919702380843, 37.374916925432096 ], [ 127.036933554851728, 37.372663534310817 ], [ 127.034110064033683, 37.372652445750354 ] ] ] ] } },
{ "type": "Feature", "properties": { "gid": "다사59ab31ba", "lbl": null, "val": null }, "geometry": { "type": "MultiPolygon", "coordinates": [ [ [ [ 127.039701965957249, 37.381688118336527 ], [ 127.03968819181101, 37.383941506890508 ], [ 127.042512108080913, 37.383952465086075 ], [ 127.04252579773285, 37.381699075644399 ], [ 127.039701965957249, 37.381688118336527 ] ] ] ] } },
{ "type": "Feature", "properties": { "gid": "다사66ba28ab", "lbl": null, "val": null }, "geometry": { "type": "MultiPolygon", "coordinates": [ [ [ [ 127.12174076577206, 37.352684070287253 ], [ 127.121729458403522, 37.35493749359447 ], [ 127.124552317296775, 37.354946486828844 ], [ 127.12456354028852, 37.352693062792866 ], [ 127.12174076577206, 37.352684070287253 ] ] ] ] } },
{ "type": "Feature", "properties": { "gid": "다사64bb26ba", "lbl": null, "val": null }, "geometry": { "type": "MultiPolygon", "coordinates": [ [ [ [ 127.102064628866472, 37.336845286245193 ], [ 127.102052740131128, 37.339098710344359 ], [ 127.10487499958289, 37.339108169735027 ], [ 127.10488680400816, 37.336854744869214 ], [ 127.102064628866472, 37.336845286245193 ] ] ] ] } },
{ "type": "Feature", "properties": { "gid": "다사65ba33bb", "lbl": null, "val": null }, "geometry": { "type": "MultiPolygon", "coordinates": [ [ [ [ 127.110193193472995, 37.40222247460251 ], [ 127.110181520045202, 37.404475875935098 ], [ 127.113006232502698, 37.404485155136648 ], [ 127.113017821347384, 37.402231753052483 ], [ 127.110193193472995, 37.40222247460251 ] ] ] ] } },
{ "type": "Feature", "properties": { "gid": "다사59ba32ba", "lbl": null, "val": null }, "geometry": { "type": "MultiPolygon", "coordinates": [ [ [ [ 127.042471029980277, 37.390712628220669 ], [ 127.042457334231216, 37.392966014201967 ], [ 127.045281590097062, 37.392976908498149 ], [ 127.045295201314033, 37.390723521634385 ], [ 127.042471029980277, 37.390712628220669 ] ] ] ] } },
{ "type": "Feature", "properties": { "gid": "다사63aa31ab", "lbl": null, "val": null }, "geometry": { "type": "MultiPolygon", "coordinates": [ [ [ [ 127.082072103635682, 37.379591996274435 ], [ 127.082059598314203, 37.381845398435132 ], [ 127.084883451959726, 37.381855344378771 ], [ 127.084895872793766, 37.379601941412353 ], [ 127.082072103635682, 37.379591996274435 ] ] ] ] } },
{ "type": "Feature", "properties": { "gid": "다사68ab29aa", "lbl": null, "val": null }, "geometry": { "type": "MultiPolygon", "coordinates": [ [ [ [ 127.141468059529146, 37.359505885649753 ], [ 127.141457339222157, 37.361759311354007 ], [ 127.144280459853334, 37.361767835131602 ], [ 127.144291095754284, 37.359514408736658 ], [ 127.141468059529146, 37.359505885649753 ] ] ] ] } },
{ "type": "Feature", "properties": { "gid": "다사63ba36ab", "lbl": null, "val": null }, "geometry": { "type": "MultiPolygon", "coordinates": [ [ [ [ 127.087472655285552, 37.42467973023485 ], [ 127.087460291441488, 37.426933116712902 ], [ 127.090285839575074, 37.426942943712454 ], [ 127.090298118743078, 37.424689556438651 ], [ 127.087472655285552, 37.42467973023485 ] ] ] ] } },
{ "type": "Feature", "properties": { "gid": "다사61ab34ba", "lbl": null, "val": null }, "geometry": { "type": "MultiPolygon", "coordinates": [ [ [ [ 127.062135387782192, 37.408814577893672 ], [ 127.062122272085929, 37.411067963018759 ], [ 127.064947214966722, 37.411078391911637 ], [ 127.064960246054383, 37.408825005941942 ], [ 127.062135387782192, 37.408814577893672 ] ] ] ] } },
{ "type": "Feature", "properties": { "gid": "다사68bb33ba", "lbl": null, "val": null }, "geometry": { "type": "MultiPolygon", "coordinates": [ [ [ [ 127.146924026430824, 37.400084419812657 ], [ 127.146913453772171, 37.402337831352817 ], [ 127.149738097682985, 37.402346232616793 ], [ 127.149748585766034, 37.400092820396161 ], [ 127.146924026430824, 37.400084419812657 ] ] ] ] } },
{ "type": "Feature", "properties": { "gid": "다사72aa37bb", "lbl": null, "val": null }, "geometry": { "type": "MultiPolygon", "coordinates": [ [ [ [ 127.183482198827321, 37.438496386574606 ], [ 127.183472707715396, 37.44074979186103 ], [ 127.1862988053267, 37.440757326290083 ], [ 127.186308211701117, 37.438503920393629 ], [ 127.183482198827321, 37.438496386574606 ] ] ] ] } },
{ "type": "Feature", "properties": { "gid": "다사66ab39aa", "lbl": null, "val": null }, "geometry": { "type": "MultiPolygon", "coordinates": [ [ [ [ 127.118427000530872, 37.449571401062741 ], [ 127.118415554122521, 37.451824786486981 ], [ 127.121242048854342, 37.451833878694572 ], [ 127.121253410481145, 37.449580492534253 ], [ 127.118427000530872, 37.449571401062741 ] ] ] ] } },
{ "type": "Feature", "properties": { "gid": "다사60ab34ab", "lbl": null, "val": null }, "geometry": { "type": "MultiPolygon", "coordinates": [ [ [ [ 127.050849422019439, 37.406518808246148 ], [ 127.050835969388089, 37.40877219080317 ], [ 127.053660821763586, 37.408782888810208 ], [ 127.053674189796396, 37.406529505386743 ], [ 127.050849422019439, 37.406518808246148 ] ] ] ] } },
{ "type": "Feature", "properties": { "gid": "다사59ab35aa", "lbl": null, "val": null }, "geometry": { "type": "MultiPolygon", "coordinates": [ [ [ [ 127.039508988303808, 37.413235479359223 ], [ 127.039495192673428, 37.415488855799786 ], [ 127.042320292851485, 37.415499826429034 ], [ 127.0423340038558, 37.413246449100015 ], [ 127.039508988303808, 37.413235479359223 ] ] ] ] } },
{ "type": "Feature", "properties": { "gid": "다사68bb35ba", "lbl": null, "val": null }, "geometry": { "type": "MultiPolygon", "coordinates": [ [ [ [ 127.146839412195732, 37.418111687954749 ], [ 127.146828830116604, 37.420365092586351 ], [ 127.149654150971173, 37.420373499295579 ], [ 127.149664648399352, 37.418120093983177 ], [ 127.146839412195732, 37.418111687954749 ] ] ] ] } },
{ "type": "Feature", "properties": { "gid": "다사62ba33ab", "lbl": null, "val": null }, "geometry": { "type": "MultiPolygon", "coordinates": [ [ [ [ 127.076323135621294, 37.397599083796912 ], [ 127.07631045003302, 37.399852477413624 ], [ 127.079134977120432, 37.399862564742307 ], [ 127.079147578146333, 37.397609170308542 ], [ 127.076323135621294, 37.397599083796912 ] ] ] ] } },
{ "type": "Feature", "properties": { "gid": "다사61bb31aa", "lbl": null, "val": null }, "geometry": { "type": "MultiPolygon", "coordinates": [ [ [ [ 127.067966205230562, 37.377287860378942 ], [ 127.067953278913336, 37.379541259293539 ], [ 127.070777041017379, 37.379551541528237 ], [ 127.070789882857397, 37.377298141780614 ], [ 127.067966205230562, 37.377287860378942 ] ] ] ] } },
{ "type": "Feature", "properties": { "gid": "다사65bb40ab", "lbl": null, "val": null }, "geometry": { "type": "MultiPolygon", "coordinates": [ [ [ [ 127.112716091672425, 37.460819926382733 ], [ 127.112704469232924, 37.463073305996112 ], [ 127.115531385454133, 37.463082537130994 ], [ 127.115542923065178, 37.460829156770373 ], [ 127.112716091672425, 37.460819926382733 ] ] ] ] } },
{ "type": "Feature", "properties": { "gid": "다사71ab35aa", "lbl": null, "val": null }, "geometry": { "type": "MultiPolygon", "coordinates": [ [ [ [ 127.175111293565109, 37.413685885088846 ], [ 127.175101560168926, 37.41593929800883 ], [ 127.177926722991856, 37.41594702826 ], [ 127.177936371754612, 37.413693614713964 ], [ 127.175111293565109, 37.413685885088846 ] ] ] ] } },
{ "type": "Feature", "properties": { "gid": "다사63bb29bb", "lbl": null, "val": null }, "geometry": { "type": "MultiPolygon", "coordinates": [ [ [ [ 127.090616897766424, 37.366101183912505 ], [ 127.090604654088068, 37.368354593658907 ], [ 127.093428005067082, 37.368364332591412 ], [ 127.093440164313918, 37.366110922055917 ], [ 127.090616897766424, 37.366101183912505 ] ] ] ] } },
{ "type": "Feature", "properties": { "gid": "다사59ab33ba", "lbl": null, "val": null }, "geometry": { "type": "MultiPolygon", "coordinates": [ [ [ [ 127.039591729841646, 37.399715202543817 ], [ 127.039577943423069, 37.401968584176281 ], [ 127.042402535986, 37.401979549475563 ], [ 127.042416237834999, 37.399726166954942 ], [ 127.039591729841646, 37.399715202543817 ] ] ] ] } },
{ "type": "Feature", "properties": { "gid": "다사67bb27aa", "lbl": null, "val": null }, "geometry": { "type": "MultiPolygon", "coordinates": [ [ [ [ 127.135909059995399, 37.341461211828523 ], [ 127.135898180569114, 37.34371464304111 ], [ 127.1387206238212, 37.34372329596281 ], [ 127.138731418916862, 37.341469864048953 ], [ 127.135909059995399, 37.341461211828523 ] ] ] ] } },
{ "type": "Feature", "properties": { "gid": "다사67ba40ba", "lbl": null, "val": null }, "geometry": { "type": "MultiPolygon", "coordinates": [ [ [ [ 127.1324929094298, 37.463136503852674 ], [ 127.132481879564608, 37.465389887717642 ], [ 127.135308889419392, 37.465398646198075 ], [ 127.135319834445639, 37.463145261624135 ], [ 127.1324929094298, 37.463136503852674 ] ] ] ] } },
{ "type": "Feature", "properties": { "gid": "다사69aa31aa", "lbl": null, "val": null }, "geometry": { "type": "MultiPolygon", "coordinates": [ [ [ [ 127.149853402405284, 37.377558650703165 ], [ 127.149842925991337, 37.37981207155746 ], [ 127.152666725736097, 37.379820398596642 ], [ 127.152677117668418, 37.377566977067744 ], [ 127.149853402405284, 37.377558650703165 ] ] ] ] } },
{ "type": "Feature", "properties": { "gid": "다사70bb35aa", "lbl": null, "val": null }, "geometry": { "type": "MultiPolygon", "coordinates": [ [ [ [ 127.16946114044616, 37.413670223325028 ], [ 127.169451237783534, 37.415923634976515 ], [ 127.172276398429688, 37.415931500247638 ], [ 127.172286216459142, 37.413678087959156 ], [ 127.16946114044616, 37.413670223325028 ] ] ] ] } },
{ "type": "Feature", "properties": { "gid": "다사63aa34ab", "lbl": null, "val": null }, "geometry": { "type": "MultiPolygon", "coordinates": [ [ [ [ 127.081921947859286, 37.406632765151322 ], [ 127.081909425821081, 37.408886156938564 ], [ 127.084734294049895, 37.408896112554871 ], [ 127.084746731487698, 37.406642719961305 ], [ 127.081921947859286, 37.406632765151322 ] ] ] ] } },
{ "type": "Feature", "properties": { "gid": "다사59ab32bb", "lbl": null, "val": null }, "geometry": { "type": "MultiPolygon", "coordinates": [ [ [ [ 127.039633079890095, 37.392955052454965 ], [ 127.039619298074982, 37.395208436683134 ], [ 127.042443636957444, 37.39521939931813 ], [ 127.042457334231216, 37.392966014201967 ], [ 127.039633079890095, 37.392955052454965 ] ] ] ] } },
{ "type": "Feature", "properties": { "gid": "다사61ab29bb", "lbl": null, "val": null }, "geometry": { "type": "MultiPolygon", "coordinates": [ [ [ [ 127.062384308797334, 37.36600009620448 ], [ 127.062371220812707, 37.368253497759774 ], [ 127.065194557738948, 37.36826391061328 ], [ 127.06520756129369, 37.366010508214288 ], [ 127.062384308797334, 37.36600009620448 ] ] ] ] } },
{ "type": "Feature", "properties": { "gid": "다사63ba30aa", "lbl": null, "val": null }, "geometry": { "type": "MultiPolygon", "coordinates": [ [ [ [ 127.087781304472017, 37.368344787333839 ], [ 127.087768974989913, 37.37059819542155 ], [ 127.090592409046721, 37.370608002541225 ], [ 127.090604654088068, 37.368354593658907 ], [ 127.087781304472017, 37.368344787333839 ] ] ] ] } },
{ "type": "Feature", "properties": { "gid": "다사66ba37aa", "lbl": null, "val": null }, "geometry": { "type": "MultiPolygon", "coordinates": [ [ [ [ 127.121344257970421, 37.431553372139696 ], [ 127.121332906458932, 37.433806765213625 ], [ 127.124158724466454, 37.433815783981657 ], [ 127.124169991271728, 37.431562390177461 ], [ 127.121344257970421, 37.431553372139696 ] ] ] ] } },
{ "type": "Feature", "properties": { "gid": "다사69ab32ab", "lbl": null, "val": null }, "geometry": { "type": "MultiPolygon", "coordinates": [ [ [ [ 127.152625146436506, 37.388834076079647 ], [ 127.152614748718378, 37.391087493292154 ], [ 127.155438972169932, 37.391095756255773 ], [ 127.155449285359268, 37.388842338373912 ], [ 127.152625146436506, 37.388834076079647 ] ] ] ] } },
{ "type": "Feature", "properties": { "gid": "다사65ab40ab", "lbl": null, "val": null }, "geometry": { "type": "MultiPolygon", "coordinates": [ [ [ [ 127.107062432778378, 37.460801262755062 ], [ 127.107050640682402, 37.463054640857514 ], [ 127.109877554305854, 37.463064007238252 ], [ 127.109889261573656, 37.460810628377594 ], [ 127.107062432778378, 37.460801262755062 ] ] ] ] } },
{ "type": "Feature", "properties": { "gid": "다사70ba41aa", "lbl": null, "val": null }, "geometry": { "type": "MultiPolygon", "coordinates": [ [ [ [ 127.166396063277006, 37.46774391708464 ], [ 127.166386049258492, 37.469997307368473 ], [ 127.169213242824171, 37.470005255579551 ], [ 127.169223171983205, 37.467751864652357 ], [ 127.166396063277006, 37.46774391708464 ] ] ] ] } },
{ "type": "Feature", "properties": { "gid": "다사62ba32aa", "lbl": null, "val": null }, "geometry": { "type": "MultiPolygon", "coordinates": [ [ [ [ 127.076386542384157, 37.386332102745108 ], [ 127.076373863854855, 37.388585500684513 ], [ 127.079197968224449, 37.388595583928399 ], [ 127.079210562238416, 37.386342185172182 ], [ 127.076386542384157, 37.386332102745108 ] ] ] ] } },
{ "type": "Feature", "properties": { "gid": "다사63ba38bb", "lbl": null, "val": null }, "geometry": { "type": "MultiPolygon", "coordinates": [ [ [ [ 127.087348954879744, 37.447213556105034 ], [ 127.087336577262661, 37.449466933936002 ], [ 127.09016297267577, 37.449476768895735 ], [ 127.090175265522433, 37.447223390268533 ], [ 127.087348954879744, 37.447213556105034 ] ] ] ] } },
{ "type": "Feature", "properties": { "gid": "다사64ab34aa", "lbl": null, "val": null }, "geometry": { "type": "MultiPolygon", "coordinates": [ [ [ [ 127.096057977440452, 37.404428467719427 ], [ 127.096045879752637, 37.406681864347895 ], [ 127.098870670209607, 37.406691481730718 ], [ 127.098882683305646, 37.404438084323296 ], [ 127.096057977440452, 37.404428467719427 ] ] ] ] } },
{ "type": "Feature", "properties": { "gid": "다사59ab33ab", "lbl": null, "val": null }, "geometry": { "type": "MultiPolygon", "coordinates": [ [ [ [ 127.039605514725579, 37.397461820046082 ], [ 127.039591729841646, 37.399715202543817 ], [ 127.042416237834999, 37.399726166954942 ], [ 127.042429938158776, 37.397472783569121 ], [ 127.039605514725579, 37.397461820046082 ] ] ] ] } },
{ "type": "Feature", "properties": { "gid": "다사66ba30bb", "lbl": null, "val": null }, "geometry": { "type": "MultiPolygon", "coordinates": [ [ [ [ 127.121627635426606, 37.375218264499942 ], [ 127.121616315464237, 37.377471679171379 ], [ 127.124440018642659, 37.377480679695708 ], [ 127.1244512541342, 37.375227264295091 ], [ 127.121627635426606, 37.375218264499942 ] ] ] ] } },
{ "type": "Feature", "properties": { "gid": "다사72bb37ab", "lbl": null, "val": null }, "geometry": { "type": "MultiPolygon", "coordinates": [ [ [ [ 127.191978711294126, 37.434011968546727 ], [ 127.191969476451646, 37.436265377373218 ], [ 127.194795407710401, 37.436272707903342 ], [ 127.194804557833862, 37.4340192984833 ], [ 127.191978711294126, 37.434011968546727 ] ] ] ] } },
{ "type": "Feature", "properties": { "gid": "다사67ba33bb", "lbl": null, "val": null }, "geometry": { "type": "MultiPolygon", "coordinates": [ [ [ [ 127.13279025206262, 37.402294812888904 ], [ 127.132779255303959, 37.404548220080997 ], [ 127.135603977819528, 37.404556959433855 ], [ 127.135614889993874, 37.402303551533926 ], [ 127.13279025206262, 37.402294812888904 ] ] ] ] } },
{ "type": "Feature", "properties": { "gid": "다사63ab31aa", "lbl": null, "val": null }, "geometry": { "type": "MultiPolygon", "coordinates": [ [ [ [ 127.084908292245217, 37.377348537581639 ], [ 127.084895872793766, 37.379601941412353 ], [ 127.087719643334452, 37.379611819130588 ], [ 127.087731978307701, 37.377358414499646 ], [ 127.084908292245217, 37.377348537581639 ] ] ] ] } },
{ "type": "Feature", "properties": { "gid": "다사67ab40aa", "lbl": null, "val": null }, "geometry": { "type": "MultiPolygon", "coordinates": [ [ [ [ 127.129688211337651, 37.458620909563834 ], [ 127.129677099108477, 37.460874294442817 ], [ 127.132503938066947, 37.460883119123501 ], [ 127.132514965476204, 37.458629733530159 ], [ 127.129688211337651, 37.458620909563834 ] ] ] ] } },
{ "type": "Feature", "properties": { "gid": "다사71ab37aa", "lbl": null, "val": null }, "geometry": { "type": "MultiPolygon", "coordinates": [ [ [ [ 127.175033396045421, 37.431713164277333 ], [ 127.175023653976226, 37.433966570290984 ], [ 127.177849494205802, 37.433974305551828 ], [ 127.177859151566182, 37.431720898911841 ], [ 127.175033396045421, 37.431713164277333 ] ] ] ] } },
{ "type": "Feature", "properties": { "gid": "다사59bb36ab", "lbl": null, "val": null }, "geometry": { "type": "MultiPolygon", "coordinates": [ [ [ [ 127.045090873871104, 37.424524233747945 ], [ 127.045077239905794, 37.426777607633412 ], [ 127.047902766400924, 37.426788447639993 ], [ 127.04791631569266, 37.424535072876751 ], [ 127.045090873871104, 37.424524233747945 ] ] ] ] } },
{ "type": "Feature", "properties": { "gid": "다사65ab27aa", "lbl": null, "val": null }, "geometry": { "type": "MultiPolygon", "coordinates": [ [ [ [ 127.107685538928948, 37.34137098656705 ], [ 127.107673816204525, 37.343624410466894 ], [ 127.110496246923773, 37.343633736724883 ], [ 127.110507885319024, 37.341380312069212 ], [ 127.107685538928948, 37.34137098656705 ] ] ] ] } },
{ "type": "Feature", "properties": { "gid": "다사65aa27aa", "lbl": null, "val": null }, "geometry": { "type": "MultiPolygon", "coordinates": [ [ [ [ 127.104863193843613, 37.34136159373724 ], [ 127.104851386790216, 37.343615016875802 ], [ 127.107673816204525, 37.343624410466894 ], [ 127.107685538928948, 37.34137098656705 ], [ 127.104863193843613, 37.34136159373724 ] ] ] ] } },
{ "type": "Feature", "properties": { "gid": "다사65ba38aa", "lbl": null, "val": null }, "geometry": { "type": "MultiPolygon", "coordinates": [ [ [ [ 127.109994568347034, 37.440530179729798 ], [ 127.109982872804778, 37.442783566370615 ], [ 127.112809024616951, 37.442792858355567 ], [ 127.112820635415858, 37.440539470962449 ], [ 127.109994568347034, 37.440530179729798 ] ] ] ] } },
{ "type": "Feature", "properties": { "gid": "다사68bb39bb", "lbl": null, "val": null }, "geometry": { "type": "MultiPolygon", "coordinates": [ [ [ [ 127.146659356523486, 37.456419449222793 ], [ 127.146648754396438, 37.458672839169829 ], [ 127.14947551575986, 37.45868125745875 ], [ 127.149486033075618, 37.456427866830232 ], [ 127.146659356523486, 37.456419449222793 ] ] ] ] } },
{ "type": "Feature", "properties": { "gid": "다사70ba32bb", "lbl": null, "val": null }, "geometry": { "type": "MultiPolygon", "coordinates": [ [ [ [ 127.1667259011803, 37.393381553257626 ], [ 127.166715923886315, 37.395634972035936 ], [ 127.169540322071711, 37.395642899036261 ], [ 127.16955021481742, 37.393389479615863 ], [ 127.1667259011803, 37.393381553257626 ] ] ] ] } },
{ "type": "Feature", "properties": { "gid": "다사64ba37ba", "lbl": null, "val": null }, "geometry": { "type": "MultiPolygon", "coordinates": [ [ [ [ 127.098714378195751, 37.435985569371425 ], [ 127.098702346361065, 37.438238954677317 ], [ 127.101528323431722, 37.438248515407821 ], [ 127.101540270542529, 37.435995129327814 ], [ 127.098714378195751, 37.435985569371425 ] ] ] ] } },
{ "type": "Feature", "properties": { "gid": "다사67aa28ba", "lbl": null, "val": null }, "geometry": { "type": "MultiPolygon", "coordinates": [ [ [ [ 127.12737517743939, 37.354955412702246 ], [ 127.127364037584726, 37.357208836598105 ], [ 127.130186983353767, 37.357217695828339 ], [ 127.130198038821931, 37.354964271214598 ], [ 127.12737517743939, 37.354955412702246 ] ] ] ] } },
{ "type": "Feature", "properties": { "gid": "다사70ba32ab", "lbl": null, "val": null }, "geometry": { "type": "MultiPolygon", "coordinates": [ [ [ [ 127.166745852436449, 37.388874713111555 ], [ 127.166735877363607, 37.391128133616164 ], [ 127.169560106461859, 37.391136059332325 ], [ 127.169569997005226, 37.388882638185692 ], [ 127.166745852436449, 37.388874713111555 ] ] ] ] } },
{ "type": "Feature", "properties": { "gid": "다사59bb35aa", "lbl": null, "val": null }, "geometry": { "type": "MultiPolygon", "coordinates": [ [ [ [ 127.045159020934108, 37.413257351340782 ], [ 127.04514539455603, 37.4155107295528 ], [ 127.047970497777698, 37.415521565170977 ], [ 127.047984039529339, 37.413268186081439 ], [ 127.045159020934108, 37.413257351340782 ] ] ] ] } },
{ "type": "Feature", "properties": { "gid": "다사58bb31aa", "lbl": null, "val": null }, "geometry": { "type": "MultiPolygon", "coordinates": [ [ [ [ 127.03408218862775, 37.377159225330885 ], [ 127.034068248597379, 37.379412613823419 ], [ 127.036891992812599, 37.379423705079354 ], [ 127.036905848367866, 37.377170315688282 ], [ 127.03408218862775, 37.377159225330885 ] ] ] ] } },
{ "type": "Feature", "properties": { "gid": "다사64aa35ba", "lbl": null, "val": null }, "geometry": { "type": "MultiPolygon", "coordinates": [ [ [ [ 127.09316015889803, 37.417939145733946 ], [ 127.093147968478505, 37.420192536391532 ], [ 127.095973265336028, 37.420202225967394 ], [ 127.095985371107403, 37.417948834525113 ], [ 127.09316015889803, 37.417939145733946 ] ] ] ] } },
{ "type": "Feature", "properties": { "gid": "다사67ba27ab", "lbl": null, "val": null }, "geometry": { "type": "MultiPolygon", "coordinates": [ [ [ [ 127.133075738528078, 37.343705922785375 ], [ 127.133064773550885, 37.345959352427997 ], [ 127.135887299931809, 37.345968073390488 ], [ 127.135898180569114, 37.34371464304111 ], [ 127.133075738528078, 37.343705922785375 ] ] ] ] } },
{ "type": "Feature", "properties": { "gid": "다사65bb36bb", "lbl": null, "val": null }, "geometry": { "type": "MultiPolygon", "coordinates": [ [ [ [ 127.112878670023903, 37.429272521032281 ], [ 127.112867065686672, 37.431525912746856 ], [ 127.115692795168457, 37.431535133424305 ], [ 127.115704314809335, 37.429281740963098 ], [ 127.112878670023903, 37.429272521032281 ] ] ] ] } },
{ "type": "Feature", "properties": { "gid": "다사69ab33ab", "lbl": null, "val": null }, "geometry": { "type": "MultiPolygon", "coordinates": [ [ [ [ 127.152583548618011, 37.397847739749594 ], [ 127.152573146268793, 37.400101153508643 ], [ 127.155397707929637, 37.400109419150048 ], [ 127.155408025712433, 37.397856004721483 ], [ 127.152583548618011, 37.397847739749594 ] ] ] ] } },
{ "type": "Feature", "properties": { "gid": "다사65aa40ab", "lbl": null, "val": null }, "geometry": { "type": "MultiPolygon", "coordinates": [ [ [ [ 127.104235605295955, 37.460791829515216 ], [ 127.104223728371991, 37.463045206854012 ], [ 127.107050640682402, 37.463054640857514 ], [ 127.107062432778378, 37.460801262755062 ], [ 127.104235605295955, 37.460791829515216 ] ] ] ] } },
{ "type": "Feature", "properties": { "gid": "다사62ba36aa", "lbl": null, "val": null }, "geometry": { "type": "MultiPolygon", "coordinates": [ [ [ [ 127.076183516446562, 37.422386366024845 ], [ 127.07617081531393, 37.424639750129977 ], [ 127.078996273209228, 37.424649846449434 ], [ 127.079008889675848, 37.422396461526709 ], [ 127.076183516446562, 37.422386366024845 ] ] ] ] } },
{ "type": "Feature", "properties": { "gid": "다사63ab33bb", "lbl": null, "val": null }, "geometry": { "type": "MultiPolygon", "coordinates": [ [ [ [ 127.084771602209884, 37.402135932180698 ], [ 127.08475916754098, 37.404389326503249 ], [ 127.087583867962806, 37.404399213027197 ], [ 127.087596218049995, 37.402145817903893 ], [ 127.084771602209884, 37.402135932180698 ] ] ] ] } },
{ "type": "Feature", "properties": { "gid": "다사61aa31ab", "lbl": null, "val": null }, "geometry": { "type": "MultiPolygon", "coordinates": [ [ [ [ 127.059482001272855, 37.379510008075698 ], [ 127.059468820057745, 37.381763403593794 ], [ 127.062292662302667, 37.38177388893471 ], [ 127.062305759031659, 37.379520492567174 ], [ 127.059482001272855, 37.379510008075698 ] ] ] ] } },
{ "type": "Feature", "properties": { "gid": "다사71aa38ab", "lbl": null, "val": null }, "geometry": { "type": "MultiPolygon", "coordinates": [ [ [ [ 127.172158496777101, 37.442972380369433 ], [ 127.172148664527256, 37.445225781434026 ], [ 127.174974927357155, 37.445233587408268 ], [ 127.174984674851132, 37.442980185711662 ], [ 127.172158496777101, 37.442972380369433 ] ] ] ] } },
{ "type": "Feature", "properties": { "gid": "다사61aa34aa", "lbl": null, "val": null }, "geometry": { "type": "MultiPolygon", "coordinates": [ [ [ [ 127.059336927171287, 37.404297311210719 ], [ 127.0593237298053, 37.406550697215614 ], [ 127.062148502018402, 37.406561191903684 ], [ 127.062161614794761, 37.404307805048802 ], [ 127.059336927171287, 37.404297311210719 ] ] ] ] } },
{ "type": "Feature", "properties": { "gid": "다사73aa38bb", "lbl": null, "val": null }, "geometry": { "type": "MultiPolygon", "coordinates": [ [ [ [ 127.194749641808613, 37.44753974205608 ], [ 127.194740485570549, 37.449793146297012 ], [ 127.197566926360921, 37.449800412796584 ], [ 127.197575997823265, 37.447547007967358 ], [ 127.194749641808613, 37.44753974205608 ] ] ] ] } },
{ "type": "Feature", "properties": { "gid": "다사69aa32bb", "lbl": null, "val": null }, "geometry": { "type": "MultiPolygon", "coordinates": [ [ [ [ 127.149780043010608, 37.393332578553633 ], [ 127.149769558429711, 37.395585993364556 ], [ 127.152593949809244, 37.395594325127142 ], [ 127.152604349842662, 37.393340909641331 ], [ 127.149780043010608, 37.393332578553633 ] ] ] ] } },
{ "type": "Feature", "properties": { "gid": "다사70ba36bb", "lbl": null, "val": null }, "geometry": { "type": "MultiPolygon", "coordinates": [ [ [ [ 127.166566131110386, 37.429436150119038 ], [ 127.166556136028333, 37.431689555084326 ], [ 127.169381888267068, 37.431697492363497 ], [ 127.169391798650111, 37.429444086755495 ], [ 127.166566131110386, 37.429436150119038 ] ] ] ] } },
{ "type": "Feature", "properties": { "gid": "다사64aa28ab", "lbl": null, "val": null }, "geometry": { "type": "MultiPolygon", "coordinates": [ [ [ [ 127.093513091378441, 37.352590440698947 ], [ 127.093500940249797, 37.354843856418356 ], [ 127.096323786133269, 37.354853523257184 ], [ 127.096335852886597, 37.352600106754416 ], [ 127.093513091378441, 37.352590440698947 ] ] ] ] } },
{ "type": "Feature", "properties": { "gid": "다사70bb33bb", "lbl": null, "val": null }, "geometry": { "type": "MultiPolygon", "coordinates": [ [ [ [ 127.169510637225912, 37.402403152118595 ], [ 127.169500740073985, 37.404656568086338 ], [ 127.172325477648513, 37.404664430172943 ], [ 127.172335290214392, 37.402411013568411 ], [ 127.169510637225912, 37.402403152118595 ] ] ] ] } },
{ "type": "Feature", "properties": { "gid": "다사67ba29ab", "lbl": null, "val": null }, "geometry": { "type": "MultiPolygon", "coordinates": [ [ [ [ 127.132987984526537, 37.36173333575428 ], [ 127.13297700978076, 37.363986758490384 ], [ 127.135800211218566, 37.363995485108454 ], [ 127.135811101549365, 37.361742061665261 ], [ 127.132987984526537, 37.36173333575428 ] ] ] ] } },
{ "type": "Feature", "properties": { "gid": "다사64bb33bb", "lbl": null, "val": null }, "geometry": { "type": "MultiPolygon", "coordinates": [ [ [ [ 127.10171931768437, 37.402194234401804 ], [ 127.101707390508139, 37.4044476334469 ], [ 127.104532099038494, 37.404457115090132 ], [ 127.104543941632073, 37.402203715277075 ], [ 127.10171931768437, 37.402194234401804 ] ] ] ] } },
{ "type": "Feature", "properties": { "gid": "다사68bb40aa", "lbl": null, "val": null }, "geometry": { "type": "MultiPolygon", "coordinates": [ [ [ [ 127.146648754396438, 37.458672839169829 ], [ 127.146638151088837, 37.460926228252887 ], [ 127.149464997273014, 37.460934647223333 ], [ 127.14947551575986, 37.45868125745875 ], [ 127.146648754396438, 37.458672839169829 ] ] ] ] } },
{ "type": "Feature", "properties": { "gid": "다사67bb40ab", "lbl": null, "val": null }, "geometry": { "type": "MultiPolygon", "coordinates": [ [ [ [ 127.135330778253291, 37.460891876186047 ], [ 127.135319834445639, 37.463145261624135 ], [ 127.138146760680087, 37.463153951771886 ], [ 127.138157619658131, 37.46090056563034 ], [ 127.135330778253291, 37.460891876186047 ] ] ] ] } },
{ "type": "Feature", "properties": { "gid": "다사63bb38bb", "lbl": null, "val": null }, "geometry": { "type": "MultiPolygon", "coordinates": [ [ [ [ 127.090175265522433, 37.447223390268533 ], [ 127.09016297267577, 37.449476768895735 ], [ 127.092989369457598, 37.449486536266129 ], [ 127.093001577533713, 37.447233156848171 ], [ 127.090175265522433, 37.447223390268533 ] ] ] ] } },
{ "type": "Feature", "properties": { "gid": "다사63ba31aa", "lbl": null, "val": null }, "geometry": { "type": "MultiPolygon", "coordinates": [ [ [ [ 127.087731978307701, 37.377358414499646 ], [ 127.087719643334452, 37.379611819130588 ], [ 127.090543415248305, 37.37962162942906 ], [ 127.090555665743182, 37.377368224003341 ], [ 127.087731978307701, 37.377358414499646 ] ] ] ] } },
{ "type": "Feature", "properties": { "gid": "다사59ba36ba", "lbl": null, "val": null }, "geometry": { "type": "MultiPolygon", "coordinates": [ [ [ [ 127.042251714928653, 37.426766700093893 ], [ 127.042237994762573, 37.429020072230671 ], [ 127.045063604422509, 37.429030980653501 ], [ 127.045077239905794, 37.426777607633412 ], [ 127.042251714928653, 37.426766700093893 ] ] ] ] } },
{ "type": "Feature", "properties": { "gid": "다사60bb33ab", "lbl": null, "val": null }, "geometry": { "type": "MultiPolygon", "coordinates": [ [ [ [ 127.056552078012686, 37.39752658925574 ], [ 127.056538800492348, 37.399779977000044 ], [ 127.059363317496036, 37.39979053660619 ], [ 127.059376510455138, 37.397537148006556 ], [ 127.056552078012686, 37.39752658925574 ] ] ] ] } },
{ "type": "Feature", "properties": { "gid": "다사68ab32ba", "lbl": null, "val": null }, "geometry": { "type": "MultiPolygon", "coordinates": [ [ [ [ 127.141317866581943, 37.391053766946214 ], [ 127.141307129554761, 37.393307180563191 ], [ 127.144131432857236, 37.393315714014477 ], [ 127.144142085346743, 37.391062299706249 ], [ 127.141317866581943, 37.391053766946214 ] ] ] ] } },
{ "type": "Feature", "properties": { "gid": "다사60aa34bb", "lbl": null, "val": null }, "geometry": { "type": "MultiPolygon", "coordinates": [ [ [ [ 127.047997579773494, 37.411014806126673 ], [ 127.047984039529339, 37.413268186081439 ], [ 127.050809059632044, 37.41327895332185 ], [ 127.050822515259028, 37.41102557249507 ], [ 127.047997579773494, 37.411014806126673 ] ] ] ] } },
{ "type": "Feature", "properties": { "gid": "다사63ab29aa", "lbl": null, "val": null }, "geometry": { "type": "MultiPolygon", "coordinates": [ [ [ [ 127.085007598102933, 37.359321275823866 ], [ 127.084995189706405, 37.361574686568197 ], [ 127.08781828468463, 37.36158455788587 ], [ 127.087830608678175, 37.359331146341674 ], [ 127.085007598102933, 37.359321275823866 ] ] ] ] } },
{ "type": "Feature", "properties": { "gid": "다사66ba40aa", "lbl": null, "val": null }, "geometry": { "type": "MultiPolygon", "coordinates": [ [ [ [ 127.121207956382918, 37.458594031989726 ], [ 127.121196589694918, 37.460847414692786 ], [ 127.124023424913034, 37.46085644222736 ], [ 127.124034706781572, 37.458603058793521 ], [ 127.121207956382918, 37.458594031989726 ] ] ] ] } },
{ "type": "Feature", "properties": { "gid": "다사69aa40ab", "lbl": null, "val": null }, "geometry": { "type": "MultiPolygon", "coordinates": [ [ [ [ 127.149464997273014, 37.460934647223333 ], [ 127.149454477614924, 37.463188036123967 ], [ 127.152281409800665, 37.463196388151815 ], [ 127.152291844628408, 37.460942998575092 ], [ 127.149464997273014, 37.460934647223333 ] ] ] ] } },
{ "type": "Feature", "properties": { "gid": "다사61aa36aa", "lbl": null, "val": null }, "geometry": { "type": "MultiPolygon", "coordinates": [ [ [ [ 127.05923130709364, 37.4223243750303 ], [ 127.059218097968511, 37.424577754115091 ], [ 127.062043547237707, 37.424588255604895 ], [ 127.06205667169786, 37.422334875669726 ], [ 127.05923130709364, 37.4223243750303 ] ] ] ] } },
{ "type": "Feature", "properties": { "gid": "다사60ab29ab", "lbl": null, "val": null }, "geometry": { "type": "MultiPolygon", "coordinates": [ [ [ [ 127.05111816039566, 37.361450975459448 ], [ 127.051104737681854, 37.363704375314946 ], [ 127.053927899874836, 37.363715056002881 ], [ 127.053941238178254, 37.361461655281964 ], [ 127.05111816039566, 37.361450975459448 ] ] ] ] } },
{ "type": "Feature", "properties": { "gid": "다사59ba32aa", "lbl": null, "val": null }, "geometry": { "type": "MultiPolygon", "coordinates": [ [ [ [ 127.042498416904934, 37.386205853662702 ], [ 127.042484724204783, 37.388459241374235 ], [ 127.045308811015857, 37.388470133905528 ], [ 127.045322419202719, 37.386216745311621 ], [ 127.042498416904934, 37.386205853662702 ] ] ] ] } },
{ "type": "Feature", "properties": { "gid": "다사69ab36ab", "lbl": null, "val": null }, "geometry": { "type": "MultiPolygon", "coordinates": [ [ [ [ 127.15245864396212, 37.424888647869317 ], [ 127.152448227706614, 37.427142051266273 ], [ 127.155273804899451, 37.427150324944812 ], [ 127.155284136475473, 37.424896920877885 ], [ 127.15245864396212, 37.424888647869317 ] ] ] ] } },
{ "type": "Feature", "properties": { "gid": "다사61ab34bb", "lbl": null, "val": null }, "geometry": { "type": "MultiPolygon", "coordinates": [ [ [ [ 127.062122272085929, 37.411067963018759 ], [ 127.062109154929431, 37.413321347278888 ], [ 127.064934182428303, 37.41333177701646 ], [ 127.064947214966722, 37.411078391911637 ], [ 127.062122272085929, 37.411067963018759 ] ] ] ] } },
{ "type": "Feature", "properties": { "gid": "다사60ba30bb", "lbl": null, "val": null }, "geometry": { "type": "MultiPolygon", "coordinates": [ [ [ [ 127.053861186082045, 37.37498204663661 ], [ 127.053847838867128, 37.377235442169059 ], [ 127.056671509205714, 37.377246060637546 ], [ 127.05668477195367, 37.374992664244829 ], [ 127.053861186082045, 37.37498204663661 ] ] ] ] } },
{ "type": "Feature", "properties": { "gid": "다사71ba40aa", "lbl": null, "val": null }, "geometry": { "type": "MultiPolygon", "coordinates": [ [ [ [ 127.177743192246112, 37.458761721607459 ], [ 127.177733521974162, 37.461015117886205 ], [ 127.180560380522437, 37.461022793046503 ], [ 127.180569965972182, 37.458769396146451 ], [ 127.177743192246112, 37.458761721607459 ] ] ] ] } },
{ "type": "Feature", "properties": { "gid": "다사70aa32ba", "lbl": null, "val": null }, "geometry": { "type": "MultiPolygon", "coordinates": [ [ [ [ 127.161087422508089, 37.391112079834954 ], [ 127.161077277247415, 37.393365498175882 ], [ 127.163901588653843, 37.393373559444278 ], [ 127.163911649375905, 37.39112014045034 ], [ 127.161087422508089, 37.391112079834954 ] ] ] ] } },
{ "type": "Feature", "properties": { "gid": "다사72bb39ab", "lbl": null, "val": null }, "geometry": { "type": "MultiPolygon", "coordinates": [ [ [ [ 127.191904803757055, 37.452039214988694 ], [ 127.19189556068531, 37.454292616909257 ], [ 127.194722170035732, 37.454299952189089 ], [ 127.194731328312969, 37.452046549674677 ], [ 127.191904803757055, 37.452039214988694 ] ] ] ] } },
{ "type": "Feature", "properties": { "gid": "다사60aa33bb", "lbl": null, "val": null }, "geometry": { "type": "MultiPolygon", "coordinates": [ [ [ [ 127.048051725678704, 37.402001277655941 ], [ 127.048038191462766, 37.404254661071334 ], [ 127.050862873153264, 37.404265424824018 ], [ 127.050876322789705, 37.402012040536825 ], [ 127.048051725678704, 37.402001277655941 ] ] ] ] } },
{ "type": "Feature", "properties": { "gid": "다사59ab34ab", "lbl": null, "val": null }, "geometry": { "type": "MultiPolygon", "coordinates": [ [ [ [ 127.039550365981171, 37.40647534484539 ], [ 127.039536574957509, 37.408728723882 ], [ 127.042361421285619, 37.408739691846023 ], [ 127.042375127711466, 37.406486311921114 ], [ 127.039550365981171, 37.40647534484539 ] ] ] ] } },
{ "type": "Feature", "properties": { "gid": "다사70ab32bb", "lbl": null, "val": null }, "geometry": { "type": "MultiPolygon", "coordinates": [ [ [ [ 127.163901588653843, 37.393373559444278 ], [ 127.16389152681171, 37.395626977575013 ], [ 127.166715923886315, 37.395634972035936 ], [ 127.1667259011803, 37.393381553257626 ], [ 127.163901588653843, 37.393373559444278 ] ] ] ] } },
{ "type": "Feature", "properties": { "gid": "다사61aa30aa", "lbl": null, "val": null }, "geometry": { "type": "MultiPolygon", "coordinates": [ [ [ [ 127.05954788534342, 37.36824301751475 ], [ 127.05953471146276, 37.370496417356293 ], [ 127.062358131371127, 37.3705068984505 ], [ 127.062371220812707, 37.368253497759774 ], [ 127.05954788534342, 37.36824301751475 ] ] ] ] } },
{ "type": "Feature", "properties": { "gid": "다사64ba34aa", "lbl": null, "val": null }, "geometry": { "type": "MultiPolygon", "coordinates": [ [ [ [ 127.098882683305646, 37.404438084323296 ], [ 127.098870670209607, 37.406691481730718 ], [ 127.101695462004002, 37.40670103162779 ], [ 127.101707390508139, 37.4044476334469 ], [ 127.098882683305646, 37.404438084323296 ] ] ] ] } },
{ "type": "Feature", "properties": { "gid": "다사64ba31ba", "lbl": null, "val": null }, "geometry": { "type": "MultiPolygon", "coordinates": [ [ [ [ 127.099002740740573, 37.381904062718093 ], [ 127.098990741010468, 37.384157468767249 ], [ 127.101814687309243, 37.384167010931634 ], [ 127.101826602541578, 37.381913604109471 ], [ 127.099002740740573, 37.381904062718093 ] ] ] ] } },
{ "type": "Feature", "properties": { "gid": "다사68aa39ba", "lbl": null, "val": null }, "geometry": { "type": "MultiPolygon", "coordinates": [ [ [ [ 127.138190189338729, 37.454140402021125 ], [ 127.13817933398731, 37.456393790754923 ], [ 127.141006006969903, 37.45640241118506 ], [ 127.14101677751988, 37.454149021753388 ], [ 127.138190189338729, 37.454140402021125 ] ] ] ] } },
{ "type": "Feature", "properties": { "gid": "다사71aa35ab", "lbl": null, "val": null }, "geometry": { "type": "MultiPolygon", "coordinates": [ [ [ [ 127.172276398429688, 37.415931500247638 ], [ 127.172266579307106, 37.41818491167286 ], [ 127.17509182568908, 37.418192710065597 ], [ 127.175101560168926, 37.41593929800883 ], [ 127.172276398429688, 37.415931500247638 ] ] ] ] } },
{ "type": "Feature", "properties": { "gid": "다사61ba36aa", "lbl": null, "val": null }, "geometry": { "type": "MultiPolygon", "coordinates": [ [ [ [ 127.064882037763127, 37.42234530878649 ], [ 127.064868997968162, 37.424598689566587 ], [ 127.067694450150412, 37.424609056000051 ], [ 127.067707405280089, 37.422355674380491 ], [ 127.064882037763127, 37.42234530878649 ] ] ] ] } },
{ "type": "Feature", "properties": { "gid": "다사69ab30aa", "lbl": null, "val": null }, "geometry": { "type": "MultiPolygon", "coordinates": [ [ [ [ 127.152718673831572, 37.368553282320079 ], [ 127.152708286525439, 37.370806707301767 ], [ 127.155531749556459, 37.370814964242669 ], [ 127.155542052418426, 37.36856153859199 ], [ 127.152718673831572, 37.368553282320079 ] ] ] ] } },
{ "type": "Feature", "properties": { "gid": "다사63bb33aa", "lbl": null, "val": null }, "geometry": { "type": "MultiPolygon", "coordinates": [ [ [ [ 127.090457623589202, 37.395395443210717 ], [ 127.090445362179565, 37.397648841722393 ], [ 127.093269811624054, 37.397658590917167 ], [ 127.093281988479916, 37.395405191615808 ], [ 127.090457623589202, 37.395395443210717 ] ] ] ] } },
{ "type": "Feature", "properties": { "gid": "다사65ab37bb", "lbl": null, "val": null }, "geometry": { "type": "MultiPolygon", "coordinates": [ [ [ [ 127.107180281554221, 37.438267434181576 ], [ 127.107168502580265, 37.440520820929009 ], [ 127.109994568347034, 37.440530179729798 ], [ 127.110006262587234, 37.438276792224627 ], [ 127.107180281554221, 37.438267434181576 ] ] ] ] } },
{ "type": "Feature", "properties": { "gid": "다사68aa36ab", "lbl": null, "val": null }, "geometry": { "type": "MultiPolygon", "coordinates": [ [ [ [ 127.138331198977966, 37.424846269859778 ], [ 127.138320359327039, 37.427099669824798 ], [ 127.141145930626891, 37.42710828118598 ], [ 127.141156685599015, 37.424854880523611 ], [ 127.138331198977966, 37.424846269859778 ] ] ] ] } },
{ "type": "Feature", "properties": { "gid": "다사66aa38bb", "lbl": null, "val": null }, "geometry": { "type": "MultiPolygon", "coordinates": [ [ [ [ 127.115612121760876, 37.447308856453873 ], [ 127.115600591854957, 37.449562242000901 ], [ 127.118427000530872, 37.449571401062741 ], [ 127.118438445664836, 37.447318014774197 ], [ 127.115612121760876, 37.447308856453873 ] ] ] ] } },
{ "type": "Feature", "properties": { "gid": "다사72aa36ab", "lbl": null, "val": null }, "geometry": { "type": "MultiPolygon", "coordinates": [ [ [ [ 127.183539123313523, 37.424975936727449 ], [ 127.183529638539639, 37.427229347193396 ], [ 127.186355227867423, 37.427236877962784 ], [ 127.186364627960373, 37.424983466886999 ], [ 127.183539123313523, 37.424975936727449 ] ] ] ] } },
{ "type": "Feature", "properties": { "gid": "다사60aa36ab", "lbl": null, "val": null }, "geometry": { "type": "MultiPolygon", "coordinates": [ [ [ [ 127.04791631569266, 37.424535072876751 ], [ 127.047902766400924, 37.426788447639993 ], [ 127.050728294404593, 37.426799220113537 ], [ 127.050741759022628, 37.424545844477976 ], [ 127.04791631569266, 37.424535072876751 ] ] ] ] } },
{ "type": "Feature", "properties": { "gid": "다사68bb33ab", "lbl": null, "val": null }, "geometry": { "type": "MultiPolygon", "coordinates": [ [ [ [ 127.146934597912519, 37.39783100740901 ], [ 127.146924026430824, 37.400084419812657 ], [ 127.149748585766034, 37.400092820396161 ], [ 127.149759072681576, 37.39783940731207 ], [ 127.146934597912519, 37.39783100740901 ] ] ] ] } },
{ "type": "Feature", "properties": { "gid": "다사69ab30ba", "lbl": null, "val": null }, "geometry": { "type": "MultiPolygon", "coordinates": [ [ [ [ 127.152697898062954, 37.373060131420296 ], [ 127.152687508444004, 37.375313554675628 ], [ 127.155511140391525, 37.375321812954631 ], [ 127.155521445547521, 37.373068389030223 ], [ 127.152697898062954, 37.373060131420296 ] ] ] ] } },
{ "type": "Feature", "properties": { "gid": "다사71ba40ab", "lbl": null, "val": null }, "geometry": { "type": "MultiPolygon", "coordinates": [ [ [ [ 127.177733521974162, 37.461015117886205 ], [ 127.177723850625441, 37.463268513301379 ], [ 127.180550794005342, 37.463276189083032 ], [ 127.180560380522437, 37.461022793046503 ], [ 127.177733521974162, 37.461015117886205 ] ] ] ] } },
{ "type": "Feature", "properties": { "gid": "다사60ab30bb", "lbl": null, "val": null }, "geometry": { "type": "MultiPolygon", "coordinates": [ [ [ [ 127.051037601696123, 37.374971361620815 ], [ 127.051024170014429, 37.377224756287539 ], [ 127.053847838867128, 37.377235442169059 ], [ 127.053861186082045, 37.37498204663661 ], [ 127.051037601696123, 37.374971361620815 ] ] ] ] } },
{ "type": "Feature", "properties": { "gid": "다사68bb31ab", "lbl": null, "val": null }, "geometry": { "type": "MultiPolygon", "coordinates": [ [ [ [ 127.147019127412861, 37.379803677096426 ], [ 127.147008565341721, 37.38205709640733 ], [ 127.14983244841109, 37.382065491548467 ], [ 127.149842925991337, 37.37981207155746 ], [ 127.147019127412861, 37.379803677096426 ] ] ] ] } },
{ "type": "Feature", "properties": { "gid": "다사65ba36aa", "lbl": null, "val": null }, "geometry": { "type": "MultiPolygon", "coordinates": [ [ [ [ 127.110088085823378, 37.422503055487589 ], [ 127.110076400693401, 37.424756449042832 ], [ 127.112901874822867, 37.424765735010467 ], [ 127.112913475284913, 37.422512340703257 ], [ 127.110088085823378, 37.422503055487589 ] ] ] ] } },
{ "type": "Feature", "properties": { "gid": "다사61ab35ab", "lbl": null, "val": null }, "geometry": { "type": "MultiPolygon", "coordinates": [ [ [ [ 127.062096036312553, 37.415574730674066 ], [ 127.062082916235113, 37.417828113204273 ], [ 127.064908112998339, 37.417838544631337 ], [ 127.064921148438884, 37.415585161256359 ], [ 127.062096036312553, 37.415574730674066 ] ] ] ] } },
{ "type": "Feature", "properties": { "gid": "다사71ba40ba", "lbl": null, "val": null }, "geometry": { "type": "MultiPolygon", "coordinates": [ [ [ [ 127.177723850625441, 37.463268513301379 ], [ 127.177714178199778, 37.465521907852995 ], [ 127.180541206420799, 37.465529584256025 ], [ 127.180550794005342, 37.463276189083032 ], [ 127.177723850625441, 37.463268513301379 ] ] ] ] } },
{ "type": "Feature", "properties": { "gid": "다사62bb36aa", "lbl": null, "val": null }, "geometry": { "type": "MultiPolygon", "coordinates": [ [ [ [ 127.079008889675848, 37.422396461526709 ], [ 127.078996273209228, 37.424649846449434 ], [ 127.081821732509212, 37.424659875240131 ], [ 127.081834264309677, 37.422406489505306 ], [ 127.079008889675848, 37.422396461526709 ] ] ] ] } },
{ "type": "Feature", "properties": { "gid": "다사71ab38ba", "lbl": null, "val": null }, "geometry": { "type": "MultiPolygon", "coordinates": [ [ [ [ 127.174974927357155, 37.445233587408268 ], [ 127.174965178777825, 37.447486988241394 ], [ 127.177791527458481, 37.447494727261052 ], [ 127.177801191272366, 37.445241325801362 ], [ 127.174974927357155, 37.445233587408268 ] ] ] ] } },
{ "type": "Feature", "properties": { "gid": "다사67ab36ab", "lbl": null, "val": null }, "geometry": { "type": "MultiPolygon", "coordinates": [ [ [ [ 127.129854746392922, 37.424820032683854 ], [ 127.129843652706455, 37.427073430524089 ], [ 127.132669220357371, 37.427082244493775 ], [ 127.132680229365491, 37.424828845939793 ], [ 127.129854746392922, 37.424820032683854 ] ] ] ] } },
{ "type": "Feature", "properties": { "gid": "다사69ba33ab", "lbl": null, "val": null }, "geometry": { "type": "MultiPolygon", "coordinates": [ [ [ [ 127.155408025712433, 37.397856004721483 ], [ 127.155397707929637, 37.400109419150048 ], [ 127.158222270739188, 37.400117617320262 ], [ 127.158232503955389, 37.397864202227659 ], [ 127.155408025712433, 37.397856004721483 ] ] ] ] } },
{ "type": "Feature", "properties": { "gid": "다사64aa31aa", "lbl": null, "val": null }, "geometry": { "type": "MultiPolygon", "coordinates": [ [ [ [ 127.093379354542321, 37.377377966092631 ], [ 127.093367188525974, 37.379631372307671 ], [ 127.096190963157994, 37.379641047766306 ], [ 127.096203044695656, 37.377387640767424 ], [ 127.093379354542321, 37.377377966092631 ] ] ] ] } },
{ "type": "Feature", "properties": { "gid": "다사71ab31ba", "lbl": null, "val": null }, "geometry": { "type": "MultiPolygon", "coordinates": [ [ [ [ 127.175247447395989, 37.38213801358016 ], [ 127.175237729158056, 37.384391438583442 ], [ 127.178061707970073, 37.384399160073343 ], [ 127.178071341706413, 37.382145734444535 ], [ 127.175247447395989, 37.38213801358016 ] ] ] ] } },
{ "type": "Feature", "properties": { "gid": "다사65ab38bb", "lbl": null, "val": null }, "geometry": { "type": "MultiPolygon", "coordinates": [ [ [ [ 127.107133157788738, 37.447280975984746 ], [ 127.10712137356785, 37.449534359274416 ], [ 127.109947778363988, 37.449543721106643 ], [ 127.109959477813405, 37.447290337059052 ], [ 127.107133157788738, 37.447280975984746 ] ] ] ] } },
{ "type": "Feature", "properties": { "gid": "다사68bb30ba", "lbl": null, "val": null }, "geometry": { "type": "MultiPolygon", "coordinates": [ [ [ [ 127.147050806572679, 37.373043413983901 ], [ 127.147040248028205, 37.375296835884697 ], [ 127.14986387765309, 37.375305228985617 ], [ 127.14987435173488, 37.373051806404817 ], [ 127.147050806572679, 37.373043413983901 ] ] ] ] } },
{ "type": "Feature", "properties": { "gid": "다사69aa29ba", "lbl": null, "val": null }, "geometry": { "type": "MultiPolygon", "coordinates": [ [ [ [ 127.149916236404522, 37.364038107449524 ], [ 127.149905766985484, 37.366291533483121 ], [ 127.152729059981482, 37.366299856475237 ], [ 127.152739444975325, 37.364046429767264 ], [ 127.149916236404522, 37.364038107449524 ] ] ] ] } },
{ "type": "Feature", "properties": { "gid": "다사62ba35aa", "lbl": null, "val": null }, "geometry": { "type": "MultiPolygon", "coordinates": [ [ [ [ 127.076234306839282, 37.413372820956681 ], [ 127.076221611361433, 37.415626208520834 ], [ 127.079046730649267, 37.415636301570245 ], [ 127.079059341498777, 37.413382913188705 ], [ 127.076234306839282, 37.413372820956681 ] ] ] ] } },
{ "type": "Feature", "properties": { "gid": "다사65bb39aa", "lbl": null, "val": null }, "geometry": { "type": "MultiPolygon", "coordinates": [ [ [ [ 127.112774184462864, 37.44955301534884 ], [ 127.112762568491874, 37.451806399284493 ], [ 127.115589060665201, 37.451815626683583 ], [ 127.115600591854957, 37.449562242000901 ], [ 127.112774184462864, 37.44955301534884 ] ] ] ] } },
{ "type": "Feature", "properties": { "gid": "다사72ab38ba", "lbl": null, "val": null }, "geometry": { "type": "MultiPolygon", "coordinates": [ [ [ [ 127.186279989435675, 37.445264135493126 ], [ 127.18627057991884, 37.447517538799666 ], [ 127.189096932846951, 37.447525007472159 ], [ 127.189106257597857, 37.44527160356094 ], [ 127.186279989435675, 37.445264135493126 ] ] ] ] } },
{ "type": "Feature", "properties": { "gid": "다사66ba38aa", "lbl": null, "val": null }, "geometry": { "type": "MultiPolygon", "coordinates": [ [ [ [ 127.121298844340473, 37.440566939250523 ], [ 127.12128748777252, 37.442820328867789 ], [ 127.124113644699264, 37.442829350557318 ], [ 127.124124916523272, 37.440575960209621 ], [ 127.121298844340473, 37.440566939250523 ] ] ] ] } },
{ "type": "Feature", "properties": { "gid": "다사62ab33ba", "lbl": null, "val": null }, "geometry": { "type": "MultiPolygon", "coordinates": [ [ [ [ 127.073485924357868, 37.399842322616401 ], [ 127.073473152785624, 37.402095714545943 ], [ 127.076297763032414, 37.402105870165727 ], [ 127.07631045003302, 37.399852477413624 ], [ 127.073485924357868, 37.399842322616401 ] ] ] ] } },
{ "type": "Feature", "properties": { "gid": "다사60ab34aa", "lbl": null, "val": null }, "geometry": { "type": "MultiPolygon", "coordinates": [ [ [ [ 127.050862873153264, 37.404265424824018 ], [ 127.050849422019439, 37.406518808246148 ], [ 127.053674189796396, 37.406529505386743 ], [ 127.053687556341103, 37.404276121098221 ], [ 127.050862873153264, 37.404265424824018 ] ] ] ] } },
{ "type": "Feature", "properties": { "gid": "다사62ab34bb", "lbl": null, "val": null }, "geometry": { "type": "MultiPolygon", "coordinates": [ [ [ [ 127.073422052276314, 37.411109273617306 ], [ 127.073409273593043, 37.413362661223346 ], [ 127.076234306839282, 37.413372820956681 ], [ 127.07624700090382, 37.411119432527833 ], [ 127.073422052276314, 37.411109273617306 ] ] ] ] } },
{ "type": "Feature", "properties": { "gid": "다사64bb31ba", "lbl": null, "val": null }, "geometry": { "type": "MultiPolygon", "coordinates": [ [ [ [ 127.101826602541578, 37.381913604109471 ], [ 127.101814687309243, 37.384167010931634 ], [ 127.104638634934517, 37.384176485664838 ], [ 127.104650465668882, 37.381923078075097 ], [ 127.101826602541578, 37.381913604109471 ] ] ] ] } },
{ "type": "Feature", "properties": { "gid": "다사70aa31ba", "lbl": null, "val": null }, "geometry": { "type": "MultiPolygon", "coordinates": [ [ [ [ 127.16112799225877, 37.382098397839201 ], [ 127.161117851514632, 37.384351819632897 ], [ 127.163941824823084, 37.384359878289537 ], [ 127.163951881066211, 37.382106455842994 ], [ 127.16112799225877, 37.382098397839201 ] ] ] ] } },
{ "type": "Feature", "properties": { "gid": "다사67ab29bb", "lbl": null, "val": null }, "geometry": { "type": "MultiPolygon", "coordinates": [ [ [ [ 127.130142749172919, 37.366231385649321 ], [ 127.130131687549905, 37.368484805945975 ], [ 127.132955056623885, 37.368493601372357 ], [ 127.132966033813247, 37.366240180363071 ], [ 127.130142749172919, 37.366231385649321 ] ] ] ] } },
{ "type": "Feature", "properties": { "gid": "다사64aa34aa", "lbl": null, "val": null }, "geometry": { "type": "MultiPolygon", "coordinates": [ [ [ [ 127.093233272921964, 37.404418783635393 ], [ 127.093221090642572, 37.406672179479465 ], [ 127.096045879752637, 37.406681864347895 ], [ 127.096057977440452, 37.404428467719427 ], [ 127.093233272921964, 37.404418783635393 ] ] ] ] } },
{ "type": "Feature", "properties": { "gid": "다사69ab30bb", "lbl": null, "val": null }, "geometry": { "type": "MultiPolygon", "coordinates": [ [ [ [ 127.152687508444004, 37.375313554675628 ], [ 127.152677117668418, 37.377566977067744 ], [ 127.155500834088301, 37.377575236015865 ], [ 127.155511140391525, 37.375321812954631 ], [ 127.152687508444004, 37.375313554675628 ] ] ] ] } },
{ "type": "Feature", "properties": { "gid": "다사62bb31bb", "lbl": null, "val": null }, "geometry": { "type": "MultiPolygon", "coordinates": [ [ [ [ 127.079223154850482, 37.384088785551533 ], [ 127.079210562238416, 37.386342185172182 ], [ 127.082034583494575, 37.386352200163415 ], [ 127.082047091600543, 37.384098799731461 ], [ 127.079223154850482, 37.384088785551533 ] ] ] ] } },
{ "type": "Feature", "properties": { "gid": "다사65aa31ab", "lbl": null, "val": null }, "geometry": { "type": "MultiPolygon", "coordinates": [ [ [ [ 127.104662295086314, 37.3796696696214 ], [ 127.104650465668882, 37.381923078075097 ], [ 127.107474330113092, 37.381932484614914 ], [ 127.10748607504182, 37.379679075399167 ], [ 127.104662295086314, 37.3796696696214 ] ] ] ] } },
{ "type": "Feature", "properties": { "gid": "다사69aa39bb", "lbl": null, "val": null }, "geometry": { "type": "MultiPolygon", "coordinates": [ [ [ [ 127.149486033075618, 37.456427866830232 ], [ 127.14947551575986, 37.45868125745875 ], [ 127.152302278294385, 37.458689608134456 ], [ 127.152312710798697, 37.456436216829943 ], [ 127.149486033075618, 37.456427866830232 ] ] ] ] } },
{ "type": "Feature", "properties": { "gid": "다사71ba41aa", "lbl": null, "val": null }, "geometry": { "type": "MultiPolygon", "coordinates": [ [ [ [ 127.177704504697118, 37.467775301541018 ], [ 127.177694830117261, 37.470028694365432 ], [ 127.180522028048813, 37.470036372011343 ], [ 127.180531617768665, 37.467782978565474 ], [ 127.177704504697118, 37.467775301541018 ] ] ] ] } },
{ "type": "Feature", "properties": { "gid": "다사60ab31bb", "lbl": null, "val": null }, "geometry": { "type": "MultiPolygon", "coordinates": [ [ [ [ 127.050983865997026, 37.383984935098511 ], [ 127.050970428333216, 37.386238326305687 ], [ 127.053794435147111, 37.386249015650627 ], [ 127.053807788306514, 37.383995623577505 ], [ 127.050983865997026, 37.383984935098511 ] ] ] ] } },
{ "type": "Feature", "properties": { "gid": "다사62ba29ba", "lbl": null, "val": null }, "geometry": { "type": "MultiPolygon", "coordinates": [ [ [ [ 127.076513250082925, 37.363798075807431 ], [ 127.076500585659204, 37.366051482390844 ], [ 127.079323845298617, 37.366061557468768 ], [ 127.079336425301022, 37.363808150069019 ], [ 127.076513250082925, 37.363798075807431 ] ] ] ] } },
{ "type": "Feature", "properties": { "gid": "다사66ba28aa", "lbl": null, "val": null }, "geometry": { "type": "MultiPolygon", "coordinates": [ [ [ [ 127.121752071882057, 37.35043064611655 ], [ 127.12174076577206, 37.352684070287253 ], [ 127.12456354028852, 37.352693062792866 ], [ 127.12457476203106, 37.350439637893452 ], [ 127.121752071882057, 37.35043064611655 ] ] ] ] } },
{ "type": "Feature", "properties": { "gid": "다사69bb34ba", "lbl": null, "val": null }, "geometry": { "type": "MultiPolygon", "coordinates": [ [ [ [ 127.158181326480261, 37.409131269057191 ], [ 127.158171087566316, 37.411384679832977 ], [ 127.160996074489958, 37.411392813825387 ], [ 127.161006228790114, 37.409139402390842 ], [ 127.158181326480261, 37.409131269057191 ] ] ] ] } },
{ "type": "Feature", "properties": { "gid": "다사60aa30bb", "lbl": null, "val": null }, "geometry": { "type": "MultiPolygon", "coordinates": [ [ [ [ 127.048214018805297, 37.374960609197551 ], [ 127.048200502656968, 37.377214002993092 ], [ 127.051024170014429, 37.377224756287539 ], [ 127.051037601696123, 37.374971361620815 ], [ 127.048214018805297, 37.374960609197551 ] ] ] ] } },
{ "type": "Feature", "properties": { "gid": "다사63ab38ab", "lbl": null, "val": null }, "geometry": { "type": "MultiPolygon", "coordinates": [ [ [ [ 127.084547566227485, 37.442696897704721 ], [ 127.084535106614922, 37.444950276463643 ], [ 127.087361331118771, 37.444960177409271 ], [ 127.087373705979971, 37.442706797848736 ], [ 127.084547566227485, 37.442696897704721 ] ] ] ] } },
{ "type": "Feature", "properties": { "gid": "다사61ba31ab", "lbl": null, "val": null }, "geometry": { "type": "MultiPolygon", "coordinates": [ [ [ [ 127.06512951824827, 37.379530909639833 ], [ 127.06511650600558, 37.381784306851337 ], [ 127.067940351157063, 37.381794657343569 ], [ 127.067953278913336, 37.379541259293539 ], [ 127.06512951824827, 37.379530909639833 ] ] ] ] } },
{ "type": "Feature", "properties": { "gid": "다사72aa37ba", "lbl": null, "val": null }, "geometry": { "type": "MultiPolygon", "coordinates": [ [ [ [ 127.183491688882611, 37.4362429804249 ], [ 127.183482198827321, 37.438496386574606 ], [ 127.186308211701117, 37.438503920393629 ], [ 127.186317617028337, 37.436250513633915 ], [ 127.183491688882611, 37.4362429804249 ] ] ] ] } },
{ "type": "Feature", "properties": { "gid": "다사67ab41ab", "lbl": null, "val": null }, "geometry": { "type": "MultiPolygon", "coordinates": [ [ [ [ 127.129632637816968, 37.469887825316313 ], [ 127.129621519399649, 37.472141205873982 ], [ 127.132448782599312, 37.472150034127118 ], [ 127.132459816149506, 37.469896652854871 ], [ 127.129632637816968, 37.469887825316313 ] ] ] ] } },
{ "type": "Feature", "properties": { "gid": "다사60aa33ab", "lbl": null, "val": null }, "geometry": { "type": "MultiPolygon", "coordinates": [ [ [ [ 127.048078789590988, 37.397494508229819 ], [ 127.04806525838805, 37.399747893375427 ], [ 127.050889770928933, 37.399758655384566 ], [ 127.050903217571175, 37.397505269367244 ], [ 127.048078789590988, 37.397494508229819 ] ] ] ] } },
{ "type": "Feature", "properties": { "gid": "다사69bb32bb", "lbl": null, "val": null }, "geometry": { "type": "MultiPolygon", "coordinates": [ [ [ [ 127.158252966970494, 37.393357369452545 ], [ 127.158242736032463, 37.395610786271746 ], [ 127.161067130857276, 37.395618915653586 ], [ 127.161077277247415, 37.393365498175882 ], [ 127.158252966970494, 37.393357369452545 ] ] ] ] } },
{ "type": "Feature", "properties": { "gid": "다사67ab39bb", "lbl": null, "val": null }, "geometry": { "type": "MultiPolygon", "coordinates": [ [ [ [ 127.129699322329614, 37.456367523820624 ], [ 127.129688211337651, 37.458620909563834 ], [ 127.132514965476204, 37.458629733530159 ], [ 127.132525991657701, 37.456376347072627 ], [ 127.129699322329614, 37.456367523820624 ] ] ] ] } },
{ "type": "Feature", "properties": { "gid": "다사69aa30aa", "lbl": null, "val": null }, "geometry": { "type": "MultiPolygon", "coordinates": [ [ [ [ 127.149895296400928, 37.368544958653551 ], [ 127.149884824650783, 37.370798382960793 ], [ 127.152708286525439, 37.370806707301767 ], [ 127.152718673831572, 37.368553282320079 ], [ 127.149895296400928, 37.368544958653551 ] ] ] ] } },
{ "type": "Feature", "properties": { "gid": "다사63aa37aa", "lbl": null, "val": null }, "geometry": { "type": "MultiPolygon", "coordinates": [ [ [ [ 127.081784128735535, 37.431420027256351 ], [ 127.081771591353046, 37.433673409532261 ], [ 127.0845973908079, 37.433683374021172 ], [ 127.084609843486376, 37.431429990938426 ], [ 127.081784128735535, 37.431420027256351 ] ] ] ] } },
{ "type": "Feature", "properties": { "gid": "다사60ba31aa", "lbl": null, "val": null }, "geometry": { "type": "MultiPolygon", "coordinates": [ [ [ [ 127.053847838867128, 37.377235442169059 ], [ 127.053834490166352, 37.379488836836714 ], [ 127.056658244981278, 37.379499456165512 ], [ 127.056671509205714, 37.377246060637546 ], [ 127.053847838867128, 37.377235442169059 ] ] ] ] } },
{ "type": "Feature", "properties": { "gid": "다사67ba40ab", "lbl": null, "val": null }, "geometry": { "type": "MultiPolygon", "coordinates": [ [ [ [ 127.132503938066947, 37.460883119123501 ], [ 127.1324929094298, 37.463136503852674 ], [ 127.135319834445639, 37.463145261624135 ], [ 127.135330778253291, 37.460891876186047 ], [ 127.132503938066947, 37.460883119123501 ] ] ] ] } },
{ "type": "Feature", "properties": { "gid": "다사66aa38ab", "lbl": null, "val": null }, "geometry": { "type": "MultiPolygon", "coordinates": [ [ [ [ 127.115635177721941, 37.442802082766818 ], [ 127.115623650383156, 37.445055470042512 ], [ 127.118449889524584, 37.445064627621356 ], [ 127.118461332110272, 37.442811239604261 ], [ 127.115635177721941, 37.442802082766818 ] ] ] ] } },
{ "type": "Feature", "properties": { "gid": "다사59bb30ab", "lbl": null, "val": null }, "geometry": { "type": "MultiPolygon", "coordinates": [ [ [ [ 127.04541763410694, 37.370443000934337 ], [ 127.045404036519798, 37.372696395583098 ], [ 127.048227533449122, 37.372707214537122 ], [ 127.048241046588643, 37.370453819011814 ], [ 127.04541763410694, 37.370443000934337 ] ] ] ] } },
{ "type": "Feature", "properties": { "gid": "다사65ba39ba", "lbl": null, "val": null }, "geometry": { "type": "MultiPolygon", "coordinates": [ [ [ [ 127.109924375556986, 37.45405048660848 ], [ 127.109912672199073, 37.456303868062683 ], [ 127.112739332669548, 37.456313164562509 ], [ 127.112750951227483, 37.454059782355714 ], [ 127.109924375556986, 37.45405048660848 ] ] ] ] } },
{ "type": "Feature", "properties": { "gid": "다사62aa33ba", "lbl": null, "val": null }, "geometry": { "type": "MultiPolygon", "coordinates": [ [ [ [ 127.070661400104413, 37.399832100350778 ], [ 127.070648543960729, 37.402085491452297 ], [ 127.073473152785624, 37.402095714545943 ], [ 127.073485924357868, 37.399842322616401 ], [ 127.070661400104413, 37.399832100350778 ] ] ] ] } },
{ "type": "Feature", "properties": { "gid": "다사64bb34ba", "lbl": null, "val": null }, "geometry": { "type": "MultiPolygon", "coordinates": [ [ [ [ 127.101683532171862, 37.408954428944455 ], [ 127.101671601011532, 37.411207825396865 ], [ 127.104496563346359, 37.411217309344259 ], [ 127.104508409895814, 37.408963912123752 ], [ 127.101683532171862, 37.408954428944455 ] ] ] ] } },
{ "type": "Feature", "properties": { "gid": "다사60ba30ba", "lbl": null, "val": null }, "geometry": { "type": "MultiPolygon", "coordinates": [ [ [ [ 127.053874531811303, 37.37272865023936 ], [ 127.053861186082045, 37.37498204663661 ], [ 127.05668477195367, 37.374992664244829 ], [ 127.056698033225359, 37.372739266987374 ], [ 127.053874531811303, 37.37272865023936 ] ] ] ] } },
{ "type": "Feature", "properties": { "gid": "다사62ab37ab", "lbl": null, "val": null }, "geometry": { "type": "MultiPolygon", "coordinates": [ [ [ [ 127.073294201401708, 37.433643110761516 ], [ 127.073281408483837, 37.43589648971917 ], [ 127.076107288435608, 37.435906657683283 ], [ 127.0761199966405, 37.43365327790233 ], [ 127.073294201401708, 37.433643110761516 ] ] ] ] } },
{ "type": "Feature", "properties": { "gid": "다사59ba33ba", "lbl": null, "val": null }, "geometry": { "type": "MultiPolygon", "coordinates": [ [ [ [ 127.042416237834999, 37.399726166954942 ], [ 127.042402535986, 37.401979549475563 ], [ 127.045227130074352, 37.401990447302147 ], [ 127.045240747353603, 37.399737063898847 ], [ 127.042416237834999, 37.399726166954942 ] ] ] ] } },
{ "type": "Feature", "properties": { "gid": "다사72bb35bb", "lbl": null, "val": null }, "geometry": { "type": "MultiPolygon", "coordinates": [ [ [ [ 127.192034098762846, 37.420491497462166 ], [ 127.192024870087238, 37.422744911467319 ], [ 127.194850293173403, 37.422752238436637 ], [ 127.194859437186579, 37.420498823838123 ], [ 127.192034098762846, 37.420491497462166 ] ] ] ] } },
{ "type": "Feature", "properties": { "gid": "다사72aa37ab", "lbl": null, "val": null }, "geometry": { "type": "MultiPolygon", "coordinates": [ [ [ [ 127.183501177881354, 37.433989573411893 ], [ 127.183491688882611, 37.4362429804249 ], [ 127.186317617028337, 37.436250513633915 ], [ 127.186327021308458, 37.433997106010956 ], [ 127.183501177881354, 37.433989573411893 ] ] ] ] } },
{ "type": "Feature", "properties": { "gid": "다사64bb31aa", "lbl": null, "val": null }, "geometry": { "type": "MultiPolygon", "coordinates": [ [ [ [ 127.101850429027408, 37.37740678787307 ], [ 127.101838516447572, 37.379660196423266 ], [ 127.104662295086314, 37.3796696696214 ], [ 127.104674123186996, 37.377416260303725 ], [ 127.101850429027408, 37.37740678787307 ] ] ] ] } },
{ "type": "Feature", "properties": { "gid": "다사71aa34bb", "lbl": null, "val": null }, "geometry": { "type": "MultiPolygon", "coordinates": [ [ [ [ 127.172296033395625, 37.411424674807442 ], [ 127.172286216459142, 37.413678087959156 ], [ 127.175111293565109, 37.413685885088846 ], [ 127.175121025877729, 37.411432471305638 ], [ 127.172296033395625, 37.411424674807442 ] ] ] ] } },
{ "type": "Feature", "properties": { "gid": "다사59aa31aa", "lbl": null, "val": null }, "geometry": { "type": "MultiPolygon", "coordinates": [ [ [ [ 127.036905848367866, 37.377170315688282 ], [ 127.036891992812599, 37.379423705079354 ], [ 127.039715738570266, 37.37943472891746 ], [ 127.039729509650229, 37.377181338633306 ], [ 127.036905848367866, 37.377170315688282 ] ] ] ] } },
{ "type": "Feature", "properties": { "gid": "다사63ab37ba", "lbl": null, "val": null }, "geometry": { "type": "MultiPolygon", "coordinates": [ [ [ [ 127.084584936742942, 37.435936756239201 ], [ 127.084572481291332, 37.438190137592478 ], [ 127.087398451569371, 37.438200036133424 ], [ 127.087410822297912, 37.435946653978682 ], [ 127.084584936742942, 37.435936756239201 ] ] ] ] } },
{ "type": "Feature", "properties": { "gid": "다사71ab40bb", "lbl": null, "val": null }, "geometry": { "type": "MultiPolygon", "coordinates": [ [ [ [ 127.174887151055799, 37.465514163819506 ], [ 127.174877392702712, 37.467767556880638 ], [ 127.177704504697118, 37.467775301541018 ], [ 127.177714178199778, 37.465521907852995 ], [ 127.174887151055799, 37.465514163819506 ] ] ] ] } },
{ "type": "Feature", "properties": { "gid": "다사71aa34ab", "lbl": null, "val": null }, "geometry": { "type": "MultiPolygon", "coordinates": [ [ [ [ 127.172315663990204, 37.406917845914315 ], [ 127.172305849239279, 37.409171260792476 ], [ 127.175130757106899, 37.409179056659241 ], [ 127.175140487252804, 37.40692564114967 ], [ 127.172315663990204, 37.406917845914315 ] ] ] ] } },
{ "type": "Feature", "properties": { "gid": "다사61ba34ba", "lbl": null, "val": null }, "geometry": { "type": "MultiPolygon", "coordinates": [ [ [ [ 127.064960246054383, 37.408825005941942 ], [ 127.064947214966722, 37.411078391911637 ], [ 127.067772159298372, 37.411088753309095 ], [ 127.06778510577719, 37.408835366500234 ], [ 127.064960246054383, 37.408825005941942 ] ] ] ] } },
{ "type": "Feature", "properties": { "gid": "다사66ab39ba", "lbl": null, "val": null }, "geometry": { "type": "MultiPolygon", "coordinates": [ [ [ [ 127.118404106439655, 37.454078171046866 ], [ 127.118392657482133, 37.45633155474242 ], [ 127.121219321805384, 37.456340648422312 ], [ 127.121230685962473, 37.454087263990601 ], [ 127.118404106439655, 37.454078171046866 ] ] ] ] } },
{ "type": "Feature", "properties": { "gid": "다사70aa40bb", "lbl": null, "val": null }, "geometry": { "type": "MultiPolygon", "coordinates": [ [ [ [ 127.160752031822142, 37.465474429197911 ], [ 127.160741849218923, 37.467727819042437 ], [ 127.163568955685761, 37.467735901881305 ], [ 127.163579053439236, 37.465482511382504 ], [ 127.160752031822142, 37.465474429197911 ] ] ] ] } },
{ "type": "Feature", "properties": { "gid": "다사63ba37bb", "lbl": null, "val": null }, "geometry": { "type": "MultiPolygon", "coordinates": [ [ [ [ 127.087398451569371, 37.438200036133424 ], [ 127.087386079463442, 37.440453417423448 ], [ 127.090212135851544, 37.440463249198551 ], [ 127.090224423224811, 37.438209867112477 ], [ 127.087398451569371, 37.438200036133424 ] ] ] ] } },
{ "type": "Feature", "properties": { "gid": "다사64aa27ab", "lbl": null, "val": null }, "geometry": { "type": "MultiPolygon", "coordinates": [ [ [ [ 127.093561682369781, 37.343576769182249 ], [ 127.093549536650102, 37.34583018835724 ], [ 127.096372045088671, 37.345839852062959 ], [ 127.09638410647058, 37.343586432104807 ], [ 127.093561682369781, 37.343576769182249 ] ] ] ] } },
{ "type": "Feature", "properties": { "gid": "다사61ba32aa", "lbl": null, "val": null }, "geometry": { "type": "MultiPolygon", "coordinates": [ [ [ [ 127.065090477174195, 37.38629109868041 ], [ 127.065077460585186, 37.388544493297935 ], [ 127.067901559252476, 37.388554846306022 ], [ 127.067914491326803, 37.386301450849821 ], [ 127.065090477174195, 37.38629109868041 ] ] ] ] } },
{ "type": "Feature", "properties": { "gid": "다사60ab35ba", "lbl": null, "val": null }, "geometry": { "type": "MultiPolygon", "coordinates": [ [ [ [ 127.050782143883708, 37.417785712379896 ], [ 127.05076868376203, 37.420039090611141 ], [ 127.053593959271424, 37.420049792951126 ], [ 127.053607334747497, 37.417796413853196 ], [ 127.050782143883708, 37.417785712379896 ] ] ] ] } },
{ "type": "Feature", "properties": { "gid": "다사66ab32aa", "lbl": null, "val": null }, "geometry": { "type": "MultiPolygon", "coordinates": [ [ [ [ 127.118746983116566, 37.386476258341304 ], [ 127.118735572334089, 37.388729667959304 ], [ 127.121559696746672, 37.388738739573014 ], [ 127.121571023011455, 37.38648532922015 ], [ 127.118746983116566, 37.386476258341304 ] ] ] ] } },
{ "type": "Feature", "properties": { "gid": "다사59aa33ab", "lbl": null, "val": null }, "geometry": { "type": "MultiPolygon", "coordinates": [ [ [ [ 127.036781092826857, 37.397450789061402 ], [ 127.036767223382981, 37.399704170665579 ], [ 127.039591729841646, 37.399715202543817 ], [ 127.039605514725579, 37.397461820046082 ], [ 127.036781092826857, 37.397450789061402 ] ] ] ] } },
{ "type": "Feature", "properties": { "gid": "다사61bb31ba", "lbl": null, "val": null }, "geometry": { "type": "MultiPolygon", "coordinates": [ [ [ [ 127.067940351157063, 37.381794657343569 ], [ 127.067927421961599, 37.384048054529003 ], [ 127.070751353048308, 37.384058338429845 ], [ 127.070764197747735, 37.381804940411307 ], [ 127.067940351157063, 37.381794657343569 ] ] ] ] } },
{ "type": "Feature", "properties": { "gid": "다사63ab37bb", "lbl": null, "val": null }, "geometry": { "type": "MultiPolygon", "coordinates": [ [ [ [ 127.084572481291332, 37.438190137592478 ], [ 127.084560024452898, 37.44044351808099 ], [ 127.087386079463442, 37.440453417423448 ], [ 127.087398451569371, 37.438200036133424 ], [ 127.084572481291332, 37.438190137592478 ] ] ] ] } },
{ "type": "Feature", "properties": { "gid": "다사63ab35ba", "lbl": null, "val": null }, "geometry": { "type": "MultiPolygon", "coordinates": [ [ [ [ 127.084684530450019, 37.417909674283628 ], [ 127.084672086087068, 37.420163062554373 ], [ 127.087497378844574, 37.420172954684929 ], [ 127.087509738559888, 37.417919565613097 ], [ 127.084684530450019, 37.417909674283628 ] ] ] ] } },
{ "type": "Feature", "properties": { "gid": "다사67bb33bb", "lbl": null, "val": null }, "geometry": { "type": "MultiPolygon", "coordinates": [ [ [ [ 127.135614889993874, 37.402303551533926 ], [ 127.135603977819528, 37.404556959433855 ], [ 127.138428701549984, 37.404565631305239 ], [ 127.138439529139859, 37.402312222702918 ], [ 127.135614889993874, 37.402303551533926 ] ] ] ] } },
{ "type": "Feature", "properties": { "gid": "다사62aa35ba", "lbl": null, "val": null }, "geometry": { "type": "MultiPolygon", "coordinates": [ [ [ [ 127.070558510869319, 37.417859204949885 ], [ 127.070545643270592, 37.420112589133183 ], [ 127.073370929006316, 37.420122818852867 ], [ 127.073383711958215, 37.417869433841133 ], [ 127.070558510869319, 37.417859204949885 ] ] ] ] } },
{ "type": "Feature", "properties": { "gid": "다사66aa38aa", "lbl": null, "val": null }, "geometry": { "type": "MultiPolygon", "coordinates": [ [ [ [ 127.115646703777358, 37.440548694626848 ], [ 127.115635177721941, 37.442802082766818 ], [ 127.118461332110272, 37.442811239604261 ], [ 127.118472773422013, 37.440557850722904 ], [ 127.115646703777358, 37.440548694626848 ] ] ] ] } },
{ "type": "Feature", "properties": { "gid": "다사70bb37ab", "lbl": null, "val": null }, "geometry": { "type": "MultiPolygon", "coordinates": [ [ [ [ 127.169371976780596, 37.433950897108048 ], [ 127.169362064190565, 37.436204300989168 ], [ 127.172187986959301, 37.436212171994789 ], [ 127.17219781483135, 37.433958767476355 ], [ 127.169371976780596, 37.433950897108048 ] ] ] ] } },
{ "type": "Feature", "properties": { "gid": "다사69ab29ba", "lbl": null, "val": null }, "geometry": { "type": "MultiPolygon", "coordinates": [ [ [ [ 127.152739444975325, 37.364046429767264 ], [ 127.152729059981482, 37.366299856475237 ], [ 127.15555235413359, 37.366308112078187 ], [ 127.155562654702052, 37.364054684701301 ], [ 127.152739444975325, 37.364046429767264 ] ] ] ] } },
{ "type": "Feature", "properties": { "gid": "다사70bb35ba", "lbl": null, "val": null }, "geometry": { "type": "MultiPolygon", "coordinates": [ [ [ [ 127.169441334018373, 37.418177045764715 ], [ 127.169431429150549, 37.420430455689591 ], [ 127.172256759091297, 37.420438322234787 ], [ 127.172266579307106, 37.41818491167286 ], [ 127.169441334018373, 37.418177045764715 ] ] ] ] } },
{ "type": "Feature", "properties": { "gid": "다사60aa31aa", "lbl": null, "val": null }, "geometry": { "type": "MultiPolygon", "coordinates": [ [ [ [ 127.048200502656968, 37.377214002993092 ], [ 127.04818698500398, 37.379467395923733 ], [ 127.051010736837455, 37.379478150089412 ], [ 127.051024170014429, 37.377224756287539 ], [ 127.048200502656968, 37.377214002993092 ] ] ] ] } },
{ "type": "Feature", "properties": { "gid": "다사68ab35ba", "lbl": null, "val": null }, "geometry": { "type": "MultiPolygon", "coordinates": [ [ [ [ 127.141188943332082, 37.418094673354034 ], [ 127.141178191951468, 37.420348076607645 ], [ 127.144003510440228, 37.420356618357019 ], [ 127.144014177170178, 37.418103214411673 ], [ 127.141188943332082, 37.418094673354034 ] ] ] ] } },
{ "type": "Feature", "properties": { "gid": "다사67bb40aa", "lbl": null, "val": null }, "geometry": { "type": "MultiPolygon", "coordinates": [ [ [ [ 127.135341720842518, 37.458638489883796 ], [ 127.135330778253291, 37.460891876186047 ], [ 127.138157619658131, 37.46090056563034 ], [ 127.138168477427143, 37.45864717862468 ], [ 127.135341720842518, 37.458638489883796 ] ] ] ] } },
{ "type": "Feature", "properties": { "gid": "다사60bb29bb", "lbl": null, "val": null }, "geometry": { "type": "MultiPolygon", "coordinates": [ [ [ [ 127.056737808184394, 37.365979070026761 ], [ 127.056724551340537, 37.368232469878322 ], [ 127.05954788534342, 37.36824301751475 ], [ 127.059561057757762, 37.365989616808598 ], [ 127.056737808184394, 37.365979070026761 ] ] ] ] } },
{ "type": "Feature", "properties": { "gid": "다사69bb40bb", "lbl": null, "val": null }, "geometry": { "type": "MultiPolygon", "coordinates": [ [ [ [ 127.157925011338776, 37.46546627938335 ], [ 127.157914743885911, 37.46771966856813 ], [ 127.160741849218923, 37.467727819042437 ], [ 127.160752031822142, 37.465474429197911 ], [ 127.157925011338776, 37.46546627938335 ] ] ] ] } },
{ "type": "Feature", "properties": { "gid": "다사61aa36bb", "lbl": null, "val": null }, "geometry": { "type": "MultiPolygon", "coordinates": [ [ [ [ 127.059191675306025, 37.429084509689375 ], [ 127.05917846176834, 37.431337886178831 ], [ 127.062004165089078, 37.431348390220123 ], [ 127.062017293933479, 37.429095012880126 ], [ 127.059191675306025, 37.429084509689375 ] ] ] ] } },
{ "type": "Feature", "properties": { "gid": "다사71aa35ba", "lbl": null, "val": null }, "geometry": { "type": "MultiPolygon", "coordinates": [ [ [ [ 127.172266579307106, 37.41818491167286 ], [ 127.172256759091297, 37.420438322234787 ], [ 127.175082090125386, 37.420446121259104 ], [ 127.17509182568908, 37.418192710065597 ], [ 127.172266579307106, 37.41818491167286 ] ] ] ] } },
{ "type": "Feature", "properties": { "gid": "다사62ba28ba", "lbl": null, "val": null }, "geometry": { "type": "MultiPolygon", "coordinates": [ [ [ [ 127.076563893683044, 37.354784440830926 ], [ 127.076551234896925, 37.357037850871421 ], [ 127.07937415690742, 37.357047922684309 ], [ 127.079386731309825, 37.35479451182767 ], [ 127.076563893683044, 37.354784440830926 ] ] ] ] } },
{ "type": "Feature", "properties": { "gid": "다사63ab27bb", "lbl": null, "val": null }, "geometry": { "type": "MultiPolygon", "coordinates": [ [ [ [ 127.085069619371836, 37.348054209140777 ], [ 127.085057217879353, 37.350307624205513 ], [ 127.087879890936463, 37.350317491524365 ], [ 127.087892208072901, 37.348064075660005 ], [ 127.085069619371836, 37.348054209140777 ] ] ] ] } },
{ "type": "Feature", "properties": { "gid": "다사69bb36ba", "lbl": null, "val": null }, "geometry": { "type": "MultiPolygon", "coordinates": [ [ [ [ 127.158099383242615, 37.427158531086583 ], [ 127.15808913520533, 37.429411934954473 ], [ 127.16091479937856, 37.429420074218442 ], [ 127.160924962726668, 37.427166669691474 ], [ 127.158099383242615, 37.427158531086583 ] ] ] ] } },
{ "type": "Feature", "properties": { "gid": "다사61ab29ba", "lbl": null, "val": null }, "geometry": { "type": "MultiPolygon", "coordinates": [ [ [ [ 127.062397395325135, 37.363746693784613 ], [ 127.062384308797334, 37.36600009620448 ], [ 127.06520756129369, 37.366010508214288 ], [ 127.065220563401027, 37.363757104950807 ], [ 127.062397395325135, 37.363746693784613 ] ] ] ] } },
{ "type": "Feature", "properties": { "gid": "다사70aa32aa", "lbl": null, "val": null }, "geometry": { "type": "MultiPolygon", "coordinates": [ [ [ [ 127.16110770964157, 37.386605240563426 ], [ 127.161097566639441, 37.388858660630788 ], [ 127.163921708978037, 37.388866720593228 ], [ 127.163931767460383, 37.386613299872948 ], [ 127.16110770964157, 37.386605240563426 ] ] ] ] } },
{ "type": "Feature", "properties": { "gid": "다사66ab35ba", "lbl": null, "val": null }, "geometry": { "type": "MultiPolygon", "coordinates": [ [ [ [ 127.118587116506887, 37.418023914379297 ], [ 127.118575687926111, 37.420277311902204 ], [ 127.121400996574749, 37.420286393808595 ], [ 127.121412340505998, 37.41803299555022 ], [ 127.118587116506887, 37.418023914379297 ] ] ] ] } },
{ "type": "Feature", "properties": { "gid": "다사61ba31aa", "lbl": null, "val": null }, "geometry": { "type": "MultiPolygon", "coordinates": [ [ [ [ 127.065142529042561, 37.37727751156369 ], [ 127.06512951824827, 37.379530909639833 ], [ 127.067953278913336, 37.379541259293539 ], [ 127.067966205230562, 37.377287860378942 ], [ 127.065142529042561, 37.37727751156369 ] ] ] ] } },
{ "type": "Feature", "properties": { "gid": "다사65ab31aa", "lbl": null, "val": null }, "geometry": { "type": "MultiPolygon", "coordinates": [ [ [ [ 127.107497818663205, 37.377425665319493 ], [ 127.10748607504182, 37.379679075399167 ], [ 127.11030985630471, 37.379688413756469 ], [ 127.1103215154466, 37.377435002920251 ], [ 127.107497818663205, 37.377425665319493 ] ] ] ] } },
{ "type": "Feature", "properties": { "gid": "다사72aa40ab", "lbl": null, "val": null }, "geometry": { "type": "MultiPolygon", "coordinates": [ [ [ [ 127.183387240138046, 37.461030400587212 ], [ 127.183377738452734, 37.463283797239605 ], [ 127.186204683958138, 37.463291337771039 ], [ 127.186214100811569, 37.461037940508234 ], [ 127.183387240138046, 37.461030400587212 ] ] ] ] } },
{ "type": "Feature", "properties": { "gid": "다사65ab39ab", "lbl": null, "val": null }, "geometry": { "type": "MultiPolygon", "coordinates": [ [ [ [ 127.107109588034817, 37.451787741699583 ], [ 127.107097801189482, 37.454041123260254 ], [ 127.109924375556986, 37.45405048660848 ], [ 127.109936077611934, 37.451797104289788 ], [ 127.107109588034817, 37.451787741699583 ] ] ] ] } },
{ "type": "Feature", "properties": { "gid": "다사71ba39aa", "lbl": null, "val": null }, "geometry": { "type": "MultiPolygon", "coordinates": [ [ [ [ 127.17778186256858, 37.449748127857298 ], [ 127.177772196602504, 37.452001527590078 ], [ 127.180598715918606, 37.452009200265373 ], [ 127.180608297100235, 37.449755799911422 ], [ 127.17778186256858, 37.449748127857298 ] ] ] ] } },
{ "type": "Feature", "properties": { "gid": "다사72ab36ab", "lbl": null, "val": null }, "geometry": { "type": "MultiPolygon", "coordinates": [ [ [ [ 127.186364627960373, 37.424983466886999 ], [ 127.186355227867423, 37.427236877962784 ], [ 127.189180818241809, 37.427244341194474 ], [ 127.18919013365371, 37.424990929514344 ], [ 127.186364627960373, 37.424983466886999 ] ] ] ] } },
{ "type": "Feature", "properties": { "gid": "다사59bb36aa", "lbl": null, "val": null }, "geometry": { "type": "MultiPolygon", "coordinates": [ [ [ [ 127.045104506318566, 37.422270858997152 ], [ 127.045090873871104, 37.424524233747945 ], [ 127.04791631569266, 37.424535072876751 ], [ 127.047929863476057, 37.422281697248216 ], [ 127.045104506318566, 37.422270858997152 ] ] ] ] } },
{ "type": "Feature", "properties": { "gid": "다사65bb38bb", "lbl": null, "val": null }, "geometry": { "type": "MultiPolygon", "coordinates": [ [ [ [ 127.112785799140596, 37.447299630548791 ], [ 127.112774184462864, 37.44955301534884 ], [ 127.115600591854957, 37.449562242000901 ], [ 127.115612121760876, 37.447308856453873 ], [ 127.112785799140596, 37.447299630548791 ] ] ] ] } },
{ "type": "Feature", "properties": { "gid": "다사59ab32ba", "lbl": null, "val": null }, "geometry": { "type": "MultiPolygon", "coordinates": [ [ [ [ 127.039646860171075, 37.390701667361597 ], [ 127.039633079890095, 37.392955052454965 ], [ 127.042457334231216, 37.392966014201967 ], [ 127.042471029980277, 37.390712628220669 ], [ 127.039646860171075, 37.390701667361597 ] ] ] ] } },
{ "type": "Feature", "properties": { "gid": "다사67aa28ab", "lbl": null, "val": null }, "geometry": { "type": "MultiPolygon", "coordinates": [ [ [ [ 127.127386316054142, 37.352701987942964 ], [ 127.12737517743939, 37.354955412702246 ], [ 127.130198038821931, 37.354964271214598 ], [ 127.130209093059534, 37.352710845737462 ], [ 127.127386316054142, 37.352701987942964 ] ] ] ] } },
{ "type": "Feature", "properties": { "gid": "다사67ba33ba", "lbl": null, "val": null }, "geometry": { "type": "MultiPolygon", "coordinates": [ [ [ [ 127.132801247597087, 37.400041404833097 ], [ 127.13279025206262, 37.402294812888904 ], [ 127.135614889993874, 37.402303551533926 ], [ 127.135625800953477, 37.400050142770326 ], [ 127.132801247597087, 37.400041404833097 ] ] ] ] } },
{ "type": "Feature", "properties": { "gid": "다사65aa31aa", "lbl": null, "val": null }, "geometry": { "type": "MultiPolygon", "coordinates": [ [ [ [ 127.104674123186996, 37.377416260303725 ], [ 127.104662295086314, 37.3796696696214 ], [ 127.10748607504182, 37.379679075399167 ], [ 127.107497818663205, 37.377425665319493 ], [ 127.104674123186996, 37.377416260303725 ] ] ] ] } },
{ "type": "Feature", "properties": { "gid": "다사72ab37ab", "lbl": null, "val": null }, "geometry": { "type": "MultiPolygon", "coordinates": [ [ [ [ 127.186327021308458, 37.433997106010956 ], [ 127.186317617028337, 37.436250513633915 ], [ 127.18914354622116, 37.43625797928339 ], [ 127.189152865782518, 37.434004571055922 ], [ 127.186327021308458, 37.433997106010956 ] ] ] ] } },
{ "type": "Feature", "properties": { "gid": "다사72bb38bb", "lbl": null, "val": null }, "geometry": { "type": "MultiPolygon", "coordinates": [ [ [ [ 127.191923286813392, 37.447532408557656 ], [ 127.191914045799692, 37.449785812204816 ], [ 127.194740485570549, 37.449793146297012 ], [ 127.194749641808613, 37.44753974205608 ], [ 127.191923286813392, 37.447532408557656 ] ] ] ] } },
{ "type": "Feature", "properties": { "gid": "다사63bb36bb", "lbl": null, "val": null }, "geometry": { "type": "MultiPolygon", "coordinates": [ [ [ [ 127.090273559039986, 37.429196330121691 ], [ 127.090261277137557, 37.431449715666332 ], [ 127.093086996019039, 37.431459476711971 ], [ 127.093099193226379, 37.429206090376951 ], [ 127.090273559039986, 37.429196330121691 ] ] ] ] } },
{ "type": "Feature", "properties": { "gid": "다사69ab34ab", "lbl": null, "val": null }, "geometry": { "type": "MultiPolygon", "coordinates": [ [ [ [ 127.152541932271902, 37.40686138960529 ], [ 127.152531525289433, 37.409114799910611 ], [ 127.155356425310217, 37.409123068230421 ], [ 127.155366747688589, 37.406869657255442 ], [ 127.152541932271902, 37.40686138960529 ] ] ] ] } },
{ "type": "Feature", "properties": { "gid": "다사63aa35ba", "lbl": null, "val": null }, "geometry": { "type": "MultiPolygon", "coordinates": [ [ [ [ 127.081859323725467, 37.417899715441607 ], [ 127.081846794715048, 37.420153102905793 ], [ 127.084672086087068, 37.420163062554373 ], [ 127.084684530450019, 37.417909674283628 ], [ 127.081859323725467, 37.417899715441607 ] ] ] ] } },
{ "type": "Feature", "properties": { "gid": "다사62aa37bb", "lbl": null, "val": null }, "geometry": { "type": "MultiPolygon", "coordinates": [ [ [ [ 127.070442650891948, 37.438139631463066 ], [ 127.070429770393474, 37.440393007861971 ], [ 127.07325581837479, 37.440403245039661 ], [ 127.073268614141583, 37.438149867811894 ], [ 127.070442650891948, 37.438139631463066 ] ] ] ] } },
{ "type": "Feature", "properties": { "gid": "다사69aa32ba", "lbl": null, "val": null }, "geometry": { "type": "MultiPolygon", "coordinates": [ [ [ [ 127.149790526424383, 37.391079162879315 ], [ 127.149780043010608, 37.393332578553633 ], [ 127.152604349842662, 37.393340909641331 ], [ 127.152614748718378, 37.391087493292154 ], [ 127.149790526424383, 37.391079162879315 ] ] ] ] } },
{ "type": "Feature", "properties": { "gid": "다사60bb35bb", "lbl": null, "val": null }, "geometry": { "type": "MultiPolygon", "coordinates": [ [ [ [ 127.056419236269974, 37.42006042777426 ], [ 127.056405943959916, 37.422313806868331 ], [ 127.05923130709364, 37.4223243750303 ], [ 127.059244514748301, 37.42007099508043 ], [ 127.056419236269974, 37.42006042777426 ] ] ] ] } },
{ "type": "Feature", "properties": { "gid": "다사71bb36ba", "lbl": null, "val": null }, "geometry": { "type": "MultiPolygon", "coordinates": [ [ [ [ 127.18070405026792, 37.427221748886424 ], [ 127.1806944797478, 37.429475157873824 ], [ 127.183520152709761, 37.429482756796126 ], [ 127.183529638539639, 37.427229347193396 ], [ 127.18070405026792, 37.427221748886424 ] ] ] ] } },
{ "type": "Feature", "properties": { "gid": "다사60ba33ab", "lbl": null, "val": null }, "geometry": { "type": "MultiPolygon", "coordinates": [ [ [ [ 127.05372764704822, 37.397515963042601 ], [ 127.053714284966844, 37.399769349926146 ], [ 127.056538800492348, 37.399779977000044 ], [ 127.056552078012686, 37.39752658925574 ], [ 127.05372764704822, 37.397515963042601 ] ] ] ] } },
{ "type": "Feature", "properties": { "gid": "다사62ab31ab", "lbl": null, "val": null }, "geometry": { "type": "MultiPolygon", "coordinates": [ [ [ [ 127.073600804551049, 37.379561756343762 ], [ 127.073588045768176, 37.381815156054436 ], [ 127.076411895209006, 37.381825304272851 ], [ 127.076424569504923, 37.379571903740043 ], [ 127.073600804551049, 37.379561756343762 ] ] ] ] } },
{ "type": "Feature", "properties": { "gid": "다사67aa39aa", "lbl": null, "val": null }, "geometry": { "type": "MultiPolygon", "coordinates": [ [ [ [ 127.126906234167052, 37.449598472705944 ], [ 127.126895042103797, 37.451851860322009 ], [ 127.129721540602546, 37.45186074974167 ], [ 127.129732647883785, 37.449607361405938 ], [ 127.126906234167052, 37.449598472705944 ] ] ] ] } },
{ "type": "Feature", "properties": { "gid": "다사63ba29bb", "lbl": null, "val": null }, "geometry": { "type": "MultiPolygon", "coordinates": [ [ [ [ 127.087793632581722, 37.366091378381967 ], [ 127.087781304472017, 37.368344787333839 ], [ 127.090604654088068, 37.368354593658907 ], [ 127.090616897766424, 37.366101183912505 ], [ 127.087793632581722, 37.366091378381967 ] ] ] ] } },
{ "type": "Feature", "properties": { "gid": "다사72aa38aa", "lbl": null, "val": null }, "geometry": { "type": "MultiPolygon", "coordinates": [ [ [ [ 127.183472707715396, 37.44074979186103 ], [ 127.183463215546681, 37.443003196284103 ], [ 127.186289397904901, 37.443010731323248 ], [ 127.1862988053267, 37.440757326290083 ], [ 127.183472707715396, 37.44074979186103 ] ] ] ] } },
{ "type": "Feature", "properties": { "gid": "다사69ba40bb", "lbl": null, "val": null }, "geometry": { "type": "MultiPolygon", "coordinates": [ [ [ [ 127.155097991998602, 37.46545806193889 ], [ 127.155087639696234, 37.467711450458452 ], [ 127.157914743885911, 37.46771966856813 ], [ 127.157925011338776, 37.46546627938335 ], [ 127.155097991998602, 37.46545806193889 ] ] ] ] } },
{ "type": "Feature", "properties": { "gid": "다사71bb40aa", "lbl": null, "val": null }, "geometry": { "type": "MultiPolygon", "coordinates": [ [ [ [ 127.180569965972182, 37.458769396146451 ], [ 127.180560380522437, 37.461022793046503 ], [ 127.183387240138046, 37.461030400587212 ], [ 127.18339674076546, 37.458777003071319 ], [ 127.180569965972182, 37.458769396146451 ] ] ] ] } },
{ "type": "Feature", "properties": { "gid": "다사65ba39ab", "lbl": null, "val": null }, "geometry": { "type": "MultiPolygon", "coordinates": [ [ [ [ 127.109936077611934, 37.451797104289788 ], [ 127.109924375556986, 37.45405048660848 ], [ 127.112750951227483, 37.454059782355714 ], [ 127.112762568491874, 37.451806399284493 ], [ 127.109936077611934, 37.451797104289788 ] ] ] ] } },
{ "type": "Feature", "properties": { "gid": "다사61ba36ba", "lbl": null, "val": null }, "geometry": { "type": "MultiPolygon", "coordinates": [ [ [ [ 127.06485595672136, 37.426852069481711 ], [ 127.064842914022535, 37.429105448531821 ], [ 127.067668535563755, 37.429115816644341 ], [ 127.067681493578377, 37.426862436754689 ], [ 127.06485595672136, 37.426852069481711 ] ] ] ] } },
{ "type": "Feature", "properties": { "gid": "다사69bb35bb", "lbl": null, "val": null }, "geometry": { "type": "MultiPolygon", "coordinates": [ [ [ [ 127.158130120509711, 37.420398314301671 ], [ 127.158119875894684, 37.422651720760165 ], [ 127.160945286028635, 37.422659858047012 ], [ 127.160955445982736, 37.420406450929562 ], [ 127.158130120509711, 37.420398314301671 ] ] ] ] } },
{ "type": "Feature", "properties": { "gid": "다사62aa28ba", "lbl": null, "val": null }, "geometry": { "type": "MultiPolygon", "coordinates": [ [ [ [ 127.070918222665853, 37.354764096759659 ], [ 127.070905395112746, 37.357017505151511 ], [ 127.073728314295565, 37.357027711693782 ], [ 127.073741057465256, 37.35477430247488 ], [ 127.070918222665853, 37.354764096759659 ] ] ] ] } },
{ "type": "Feature", "properties": { "gid": "다사66ba38bb", "lbl": null, "val": null }, "geometry": { "type": "MultiPolygon", "coordinates": [ [ [ [ 127.121264770842984, 37.447327105509679 ], [ 127.121253410481145, 37.449580492534253 ], [ 127.124079821696355, 37.449589516415358 ], [ 127.124091097285941, 37.447336128660211 ], [ 127.121264770842984, 37.447327105509679 ] ] ] ] } },
{ "type": "Feature", "properties": { "gid": "다사71ab38bb", "lbl": null, "val": null }, "geometry": { "type": "MultiPolygon", "coordinates": [ [ [ [ 127.174965178777825, 37.447486988241394 ], [ 127.174955429113041, 37.44974038821104 ], [ 127.17778186256858, 37.449748127857298 ], [ 127.177791527458481, 37.447494727261052 ], [ 127.174965178777825, 37.447486988241394 ] ] ] ] } },
{ "type": "Feature", "properties": { "gid": "다사59ab35ba", "lbl": null, "val": null }, "geometry": { "type": "MultiPolygon", "coordinates": [ [ [ [ 127.03948139550711, 37.41774223137498 ], [ 127.03946759680467, 37.419995606084775 ], [ 127.042292866263111, 37.420006578491098 ], [ 127.042306580320641, 37.417753202892747 ], [ 127.03948139550711, 37.41774223137498 ] ] ] ] } },
{ "type": "Feature", "properties": { "gid": "다사64bb32ab", "lbl": null, "val": null }, "geometry": { "type": "MultiPolygon", "coordinates": [ [ [ [ 127.101790852865008, 37.388673821983808 ], [ 127.101778933652781, 37.390927226213797 ], [ 127.104603134828409, 37.39093670324992 ], [ 127.104614969514444, 37.388683298252261 ], [ 127.101790852865008, 37.388673821983808 ] ] ] ] } },
{ "type": "Feature", "properties": { "gid": "다사60bb34ab", "lbl": null, "val": null }, "geometry": { "type": "MultiPolygon", "coordinates": [ [ [ [ 127.056498959061514, 37.406540135043272 ], [ 127.056485675627371, 37.408793519327695 ], [ 127.059310530970052, 37.408804082355566 ], [ 127.0593237298053, 37.406550697215614 ], [ 127.056498959061514, 37.406540135043272 ] ] ] ] } },
{ "type": "Feature", "properties": { "gid": "다사59ba31aa", "lbl": null, "val": null }, "geometry": { "type": "MultiPolygon", "coordinates": [ [ [ [ 127.042553172465475, 37.377192294165866 ], [ 127.042539485860999, 37.37944568533765 ], [ 127.045363234675364, 37.37945657433977 ], [ 127.045376836804181, 37.377203182285832 ], [ 127.042553172465475, 37.377192294165866 ] ] ] ] } },
{ "type": "Feature", "properties": { "gid": "다사63ba29ab", "lbl": null, "val": null }, "geometry": { "type": "MultiPolygon", "coordinates": [ [ [ [ 127.08781828468463, 37.36158455788587 ], [ 127.087805959319212, 37.363837968565981 ], [ 127.09062914008193, 37.363847773302012 ], [ 127.0906413810348, 37.361594361827464 ], [ 127.08781828468463, 37.36158455788587 ] ] ] ] } },
{ "type": "Feature", "properties": { "gid": "다사64aa30bb", "lbl": null, "val": null }, "geometry": { "type": "MultiPolygon", "coordinates": [ [ [ [ 127.093391519204445, 37.375124559013472 ], [ 127.093379354542321, 37.377377966092631 ], [ 127.096203044695656, 37.377387640767424 ], [ 127.096215124888502, 37.375134232904458 ], [ 127.093391519204445, 37.375124559013472 ] ] ] ] } },
{ "type": "Feature", "properties": { "gid": "다사66ab40aa", "lbl": null, "val": null }, "geometry": { "type": "MultiPolygon", "coordinates": [ [ [ [ 127.118381207249797, 37.458584937573612 ], [ 127.118369755742478, 37.460838319540422 ], [ 127.121196589694918, 37.460847414692786 ], [ 127.121207956382918, 37.458594031989726 ], [ 127.118381207249797, 37.458584937573612 ] ] ] ] } },
{ "type": "Feature", "properties": { "gid": "다사63aa28bb", "lbl": null, "val": null }, "geometry": { "type": "MultiPolygon", "coordinates": [ [ [ [ 127.082197080317698, 37.357057927132338 ], [ 127.082184588908845, 37.359311337935523 ], [ 127.085007598102933, 37.359321275823866 ], [ 127.085020005118338, 37.357067864215402 ], [ 127.082197080317698, 37.357057927132338 ] ] ] ] } },
{ "type": "Feature", "properties": { "gid": "다사61aa31ba", "lbl": null, "val": null }, "geometry": { "type": "MultiPolygon", "coordinates": [ [ [ [ 127.059468820057745, 37.381763403593794 ], [ 127.059455637375237, 37.384016798247139 ], [ 127.062279564115656, 37.384027284437543 ], [ 127.062292662302667, 37.38177388893471 ], [ 127.059468820057745, 37.381763403593794 ] ] ] ] } },
{ "type": "Feature", "properties": { "gid": "다사71aa41aa", "lbl": null, "val": null }, "geometry": { "type": "MultiPolygon", "coordinates": [ [ [ [ 127.172050281794924, 37.467759744584384 ], [ 127.172040437495482, 37.470013136149454 ], [ 127.174867633263005, 37.470020949078112 ], [ 127.174877392702712, 37.467767556880638 ], [ 127.172050281794924, 37.467759744584384 ] ] ] ] } },
{ "type": "Feature", "properties": { "gid": "다사60bb30aa", "lbl": null, "val": null }, "geometry": { "type": "MultiPolygon", "coordinates": [ [ [ [ 127.056724551340537, 37.368232469878322 ], [ 127.056711293020896, 37.370485868865202 ], [ 127.05953471146276, 37.370496417356293 ], [ 127.05954788534342, 37.36824301751475 ], [ 127.056724551340537, 37.368232469878322 ] ] ] ] } },
{ "type": "Feature", "properties": { "gid": "다사62ab37ba", "lbl": null, "val": null }, "geometry": { "type": "MultiPolygon", "coordinates": [ [ [ [ 127.073281408483837, 37.43589648971917 ], [ 127.073268614141583, 37.438149867811894 ], [ 127.07609457881577, 37.438160036599356 ], [ 127.076107288435608, 37.435906657683283 ], [ 127.073281408483837, 37.43589648971917 ] ] ] ] } },
{ "type": "Feature", "properties": { "gid": "다사65ab34bb", "lbl": null, "val": null }, "geometry": { "type": "MultiPolygon", "coordinates": [ [ [ [ 127.107321527000153, 37.411226725794791 ], [ 127.107309763752269, 37.413480122913754 ], [ 127.110134813336202, 37.413489472624541 ], [ 127.110146491963434, 37.411236074748352 ], [ 127.107321527000153, 37.411226725794791 ] ] ] ] } },
{ "type": "Feature", "properties": { "gid": "다사69aa33ba", "lbl": null, "val": null }, "geometry": { "type": "MultiPolygon", "coordinates": [ [ [ [ 127.149748585766034, 37.400092820396161 ], [ 127.149738097682985, 37.402346232616793 ], [ 127.152562742761461, 37.402354566404291 ], [ 127.152573146268793, 37.400101153508643 ], [ 127.149748585766034, 37.400092820396161 ] ] ] ] } },
{ "type": "Feature", "properties": { "gid": "다사68aa39ab", "lbl": null, "val": null }, "geometry": { "type": "MultiPolygon", "coordinates": [ [ [ [ 127.138201043481587, 37.451887012423263 ], [ 127.138190189338729, 37.454140402021125 ], [ 127.14101677751988, 37.454149021753388 ], [ 127.141027546870717, 37.451895631457717 ], [ 127.138201043481587, 37.451887012423263 ] ] ] ] } },
{ "type": "Feature", "properties": { "gid": "다사67ab41aa", "lbl": null, "val": null }, "geometry": { "type": "MultiPolygon", "coordinates": [ [ [ [ 127.12964375499638, 37.467634443894347 ], [ 127.129632637816968, 37.469887825316313 ], [ 127.132459816149506, 37.469896652854871 ], [ 127.1324708484712, 37.467643270718376 ], [ 127.12964375499638, 37.467634443894347 ] ] ] ] } },
{ "type": "Feature", "properties": { "gid": "다사71ab35ab", "lbl": null, "val": null }, "geometry": { "type": "MultiPolygon", "coordinates": [ [ [ [ 127.175101560168926, 37.41593929800883 ], [ 127.17509182568908, 37.418192710065597 ], [ 127.177917073154831, 37.418200440942833 ], [ 127.177926722991856, 37.41594702826 ], [ 127.175101560168926, 37.41593929800883 ] ] ] ] } },
{ "type": "Feature", "properties": { "gid": "다사63ba33ba", "lbl": null, "val": null }, "geometry": { "type": "MultiPolygon", "coordinates": [ [ [ [ 127.087608566762398, 37.399892421916171 ], [ 127.087596218049995, 37.402145817903893 ], [ 127.09042083526495, 37.402155636152685 ], [ 127.090433099404862, 37.399902239369723 ], [ 127.087608566762398, 37.399892421916171 ] ] ] ] } },
{ "type": "Feature", "properties": { "gid": "다사70ba40bb", "lbl": null, "val": null }, "geometry": { "type": "MultiPolygon", "coordinates": [ [ [ [ 127.166406076180579, 37.465490525937042 ], [ 127.166396063277006, 37.46774391708464 ], [ 127.169223171983205, 37.467751864652357 ], [ 127.169233100036763, 37.465498472861448 ], [ 127.166406076180579, 37.465490525937042 ] ] ] ] } },
{ "type": "Feature", "properties": { "gid": "다사72ab37aa", "lbl": null, "val": null }, "geometry": { "type": "MultiPolygon", "coordinates": [ [ [ [ 127.18633642454158, 37.431743697524773 ], [ 127.186327021308458, 37.433997106010956 ], [ 127.189152865782518, 37.434004571055922 ], [ 127.189162184306326, 37.431751161965281 ], [ 127.18633642454158, 37.431743697524773 ] ] ] ] } },
{ "type": "Feature", "properties": { "gid": "다사72ba36aa", "lbl": null, "val": null }, "geometry": { "type": "MultiPolygon", "coordinates": [ [ [ [ 127.189199448028575, 37.422737516971111 ], [ 127.18919013365371, 37.424990929514344 ], [ 127.192015640384099, 37.424998324609405 ], [ 127.192024870087238, 37.422744911467319 ], [ 127.189199448028575, 37.422737516971111 ] ] ] ] } },
{ "type": "Feature", "properties": { "gid": "다사72aa37aa", "lbl": null, "val": null }, "geometry": { "type": "MultiPolygon", "coordinates": [ [ [ [ 127.18351066582369, 37.431736165535639 ], [ 127.183501177881354, 37.433989573411893 ], [ 127.186327021308458, 37.433997106010956 ], [ 127.18633642454158, 37.431743697524773 ], [ 127.18351066582369, 37.431736165535639 ] ] ] ] } },
{ "type": "Feature", "properties": { "gid": "다사64bb29ba", "lbl": null, "val": null }, "geometry": { "type": "MultiPolygon", "coordinates": [ [ [ [ 127.101921876665514, 37.363886318428733 ], [ 127.101909972039437, 37.366139732162594 ], [ 127.104733243944295, 37.36614920075661 ], [ 127.104745064147608, 37.363895786255561 ], [ 127.101921876665514, 37.363886318428733 ] ] ] ] } },
{ "type": "Feature", "properties": { "gid": "다사66ba39ba", "lbl": null, "val": null }, "geometry": { "type": "MultiPolygon", "coordinates": [ [ [ [ 127.121230685962473, 37.454087263990601 ], [ 127.121219321805384, 37.456340648422312 ], [ 127.124045987394013, 37.456349674495371 ], [ 127.124057266750512, 37.454096289332959 ], [ 127.121230685962473, 37.454087263990601 ] ] ] ] } },
{ "type": "Feature", "properties": { "gid": "다사59aa30bb", "lbl": null, "val": null }, "geometry": { "type": "MultiPolygon", "coordinates": [ [ [ [ 127.036919702380843, 37.374916925432096 ], [ 127.036905848367866, 37.377170315688282 ], [ 127.039729509650229, 37.377181338633306 ], [ 127.039743279197324, 37.374927947484096 ], [ 127.036919702380843, 37.374916925432096 ] ] ] ] } },
{ "type": "Feature", "properties": { "gid": "다사61aa30bb", "lbl": null, "val": null }, "geometry": { "type": "MultiPolygon", "coordinates": [ [ [ [ 127.05950835930156, 37.375003214445364 ], [ 127.059495181020736, 37.377256611692879 ], [ 127.062318854302831, 37.377267095334965 ], [ 127.062331948116338, 37.375013697238117 ], [ 127.05950835930156, 37.375003214445364 ] ] ] ] } },
{ "type": "Feature", "properties": { "gid": "다사70ba36ab", "lbl": null, "val": null }, "geometry": { "type": "MultiPolygon", "coordinates": [ [ [ [ 127.166586117936433, 37.424929337598144 ], [ 127.166576125079715, 37.42718274429032 ], [ 127.169401707929879, 37.427190680284106 ], [ 127.16941161610643, 37.4249372729493 ], [ 127.166586117936433, 37.424929337598144 ] ] ] ] } },
{ "type": "Feature", "properties": { "gid": "다사71ab41ba", "lbl": null, "val": null }, "geometry": { "type": "MultiPolygon", "coordinates": [ [ [ [ 127.174857872736538, 37.472274340411929 ], [ 127.174848111123225, 37.474527730882059 ], [ 127.177675477725572, 37.474535477423359 ], [ 127.177685154460107, 37.472282086326224 ], [ 127.174857872736538, 37.472274340411929 ] ] ] ] } },
{ "type": "Feature", "properties": { "gid": "다사63aa31ba", "lbl": null, "val": null }, "geometry": { "type": "MultiPolygon", "coordinates": [ [ [ [ 127.082059598314203, 37.381845398435132 ], [ 127.082047091600543, 37.384098799731461 ], [ 127.084871029742928, 37.384108746480898 ], [ 127.084883451959726, 37.381855344378771 ], [ 127.082059598314203, 37.381845398435132 ] ] ] ] } },
{ "type": "Feature", "properties": { "gid": "다사68ab35bb", "lbl": null, "val": null }, "geometry": { "type": "MultiPolygon", "coordinates": [ [ [ [ 127.141178191951468, 37.420348076607645 ], [ 127.141167439373817, 37.4226014789975 ], [ 127.143992842522692, 37.422610021438658 ], [ 127.144003510440228, 37.420356618357019 ], [ 127.141178191951468, 37.420348076607645 ] ] ] ] } },
{ "type": "Feature", "properties": { "gid": "다사63bb36ab", "lbl": null, "val": null }, "geometry": { "type": "MultiPolygon", "coordinates": [ [ [ [ 127.090298118743078, 37.424689556438651 ], [ 127.090285839575074, 37.426942943712454 ], [ 127.09311138907583, 37.426952703177378 ], [ 127.093123583567547, 37.424699315113273 ], [ 127.090298118743078, 37.424689556438651 ] ] ] ] } },
{ "type": "Feature", "properties": { "gid": "다사67bb32ba", "lbl": null, "val": null }, "geometry": { "type": "MultiPolygon", "coordinates": [ [ [ [ 127.135669432647319, 37.391036499079561 ], [ 127.135658526545271, 37.393289911297657 ], [ 127.138482827447618, 37.393298579657561 ], [ 127.138493649012304, 37.391045166737278 ], [ 127.135669432647319, 37.391036499079561 ] ] ] ] } },
{ "type": "Feature", "properties": { "gid": "다사69aa40aa", "lbl": null, "val": null }, "geometry": { "type": "MultiPolygon", "coordinates": [ [ [ [ 127.14947551575986, 37.45868125745875 ], [ 127.149464997273014, 37.460934647223333 ], [ 127.152291844628408, 37.460942998575092 ], [ 127.152302278294385, 37.458689608134456 ], [ 127.14947551575986, 37.45868125745875 ] ] ] ] } },
{ "type": "Feature", "properties": { "gid": "다사69aa36aa", "lbl": null, "val": null }, "geometry": { "type": "MultiPolygon", "coordinates": [ [ [ [ 127.149643652374223, 37.422626903744366 ], [ 127.149633152608359, 37.424880307329509 ], [ 127.15245864396212, 37.424888647869317 ], [ 127.152469059058035, 37.422635243608752 ], [ 127.149643652374223, 37.422626903744366 ] ] ] ] } },
{ "type": "Feature", "properties": { "gid": "다사65bb38ab", "lbl": null, "val": null }, "geometry": { "type": "MultiPolygon", "coordinates": [ [ [ [ 127.112809024616951, 37.442792858355567 ], [ 127.112797412525239, 37.445046244884367 ], [ 127.115623650383156, 37.445055470042512 ], [ 127.115635177721941, 37.442802082766818 ], [ 127.112809024616951, 37.442792858355567 ] ] ] ] } },
{ "type": "Feature", "properties": { "gid": "다사70ba32aa", "lbl": null, "val": null }, "geometry": { "type": "MultiPolygon", "coordinates": [ [ [ [ 127.16675582639887, 37.386621291743829 ], [ 127.166745852436449, 37.388874713111555 ], [ 127.169569997005226, 37.388882638185692 ], [ 127.169579886447607, 37.386629216175976 ], [ 127.16675582639887, 37.386621291743829 ] ] ] ] } },
{ "type": "Feature", "properties": { "gid": "다사71bb40ba", "lbl": null, "val": null }, "geometry": { "type": "MultiPolygon", "coordinates": [ [ [ [ 127.180550794005342, 37.463276189083032 ], [ 127.180541206420799, 37.465529584256025 ], [ 127.183368235709423, 37.465537193028524 ], [ 127.183377738452734, 37.463283797239605 ], [ 127.180550794005342, 37.463276189083032 ] ] ] ] } },
{ "type": "Feature", "properties": { "gid": "다사60ba30ab", "lbl": null, "val": null }, "geometry": { "type": "MultiPolygon", "coordinates": [ [ [ [ 127.053887876055015, 37.370475252977357 ], [ 127.053874531811303, 37.37272865023936 ], [ 127.056698033225359, 37.372739266987374 ], [ 127.056711293020896, 37.370485868865202 ], [ 127.053887876055015, 37.370475252977357 ] ] ] ] } },
{ "type": "Feature", "properties": { "gid": "다사71aa39bb", "lbl": null, "val": null }, "geometry": { "type": "MultiPolygon", "coordinates": [ [ [ [ 127.172099486853824, 37.456492773804122 ], [ 127.172089648033406, 37.458746169687437 ], [ 127.174916419596684, 37.458753979454421 ], [ 127.174926173604618, 37.456500582938894 ], [ 127.172099486853824, 37.456492773804122 ] ] ] ] } },
{ "type": "Feature", "properties": { "gid": "다사64ba30ba", "lbl": null, "val": null }, "geometry": { "type": "MultiPolygon", "coordinates": [ [ [ [ 127.099050726305379, 37.372890429880968 ], [ 127.099038731917233, 37.37514383938629 ], [ 127.101862340281201, 37.375153378458869 ], [ 127.101874250209164, 37.372899968180718 ], [ 127.099050726305379, 37.372890429880968 ] ] ] ] } },
{ "type": "Feature", "properties": { "gid": "다사63ba29aa", "lbl": null, "val": null }, "geometry": { "type": "MultiPolygon", "coordinates": [ [ [ [ 127.087830608678175, 37.359331146341674 ], [ 127.08781828468463, 37.36158455788587 ], [ 127.0906413810348, 37.361594361827464 ], [ 127.090653620625147, 37.359340949488868 ], [ 127.087830608678175, 37.359331146341674 ] ] ] ] } },
{ "type": "Feature", "properties": { "gid": "다사64aa39ab", "lbl": null, "val": null }, "geometry": { "type": "MultiPolygon", "coordinates": [ [ [ [ 127.092977160022201, 37.451739914819363 ], [ 127.09296494922728, 37.45399329250786 ], [ 127.095791516938235, 37.454002993859511 ], [ 127.095803642943537, 37.451749615385637 ], [ 127.092977160022201, 37.451739914819363 ] ] ] ] } },
{ "type": "Feature", "properties": { "gid": "다사61ab31bb", "lbl": null, "val": null }, "geometry": { "type": "MultiPolygon", "coordinates": [ [ [ [ 127.062279564115656, 37.384027284437543 ], [ 127.062266464470511, 37.386280679075661 ], [ 127.065090477174195, 37.38629109868041 ], [ 127.06510349231425, 37.384037703198203 ], [ 127.062279564115656, 37.384027284437543 ] ] ] ] } },
{ "type": "Feature", "properties": { "gid": "다사62bb29ba", "lbl": null, "val": null }, "geometry": { "type": "MultiPolygon", "coordinates": [ [ [ [ 127.079336425301022, 37.363808150069019 ], [ 127.079323845298617, 37.366061557468768 ], [ 127.082147106338439, 37.366071565159999 ], [ 127.082159601919358, 37.363818156949378 ], [ 127.079336425301022, 37.363808150069019 ] ] ] ] } },
{ "type": "Feature", "properties": { "gid": "다사69bb30ba", "lbl": null, "val": null }, "geometry": { "type": "MultiPolygon", "coordinates": [ [ [ [ 127.158344994179174, 37.373076579234542 ], [ 127.158334773486246, 37.375330003822555 ], [ 127.161158407718816, 37.375338127279313 ], [ 127.161168543948506, 37.373084702033147 ], [ 127.158344994179174, 37.373076579234542 ] ] ] ] } },
{ "type": "Feature", "properties": { "gid": "다사69ba33ba", "lbl": null, "val": null }, "geometry": { "type": "MultiPolygon", "coordinates": [ [ [ [ 127.155397707929637, 37.400109419150048 ], [ 127.155387388998179, 37.402362832715241 ], [ 127.158212036383716, 37.402371031549535 ], [ 127.158222270739188, 37.400117617320262 ], [ 127.155397707929637, 37.400109419150048 ] ] ] ] } },
{ "type": "Feature", "properties": { "gid": "다사69ba31ab", "lbl": null, "val": null }, "geometry": { "type": "MultiPolygon", "coordinates": [ [ [ [ 127.155490526637735, 37.379828658213917 ], [ 127.155480218039685, 37.382082079548766 ], [ 127.158304104580111, 37.382090272407758 ], [ 127.15831432868687, 37.379836850409184 ], [ 127.155490526637735, 37.379828658213917 ] ] ] ] } },
{ "type": "Feature", "properties": { "gid": "다사65ab36bb", "lbl": null, "val": null }, "geometry": { "type": "MultiPolygon", "coordinates": [ [ [ [ 127.10722738433806, 37.429253878548082 ], [ 127.107215610608606, 37.431507268752988 ], [ 127.110041337496895, 37.431516624523056 ], [ 127.110053026530323, 37.429263233560576 ], [ 127.10722738433806, 37.429253878548082 ] ] ] ] } },
{ "type": "Feature", "properties": { "gid": "다사70aa40ab", "lbl": null, "val": null }, "geometry": { "type": "MultiPolygon", "coordinates": [ [ [ [ 127.160772393627582, 37.460967646917418 ], [ 127.160762213291648, 37.463221038489557 ], [ 127.163589150068418, 37.463229120019925 ], [ 127.163599245573494, 37.460975727793581 ], [ 127.160772393627582, 37.460967646917418 ] ] ] ] } },
{ "type": "Feature", "properties": { "gid": "다사71ba36ab", "lbl": null, "val": null }, "geometry": { "type": "MultiPolygon", "coordinates": [ [ [ [ 127.177888117196943, 37.424960673812031 ], [ 127.177878463061617, 37.427214083041932 ], [ 127.18070405026792, 37.427221748886424 ], [ 127.180713619722553, 37.424968339035772 ], [ 127.177888117196943, 37.424960673812031 ] ] ] ] } },
{ "type": "Feature", "properties": { "gid": "다사68ba35ab", "lbl": null, "val": null }, "geometry": { "type": "MultiPolygon", "coordinates": [ [ [ [ 127.144024842712653, 37.415849809602676 ], [ 127.144014177170178, 37.418103214411673 ], [ 127.146839412195732, 37.418111687954749 ], [ 127.146849993096836, 37.415858282459517 ], [ 127.144024842712653, 37.415849809602676 ] ] ] ] } },
{ "type": "Feature", "properties": { "gid": "다사65aa35aa", "lbl": null, "val": null }, "geometry": { "type": "MultiPolygon", "coordinates": [ [ [ [ 127.104484715478023, 37.413470705700554 ], [ 127.104472866290578, 37.415724101192602 ], [ 127.107297999194742, 37.415733519168526 ], [ 127.107309763752269, 37.413480122913754 ], [ 127.104484715478023, 37.413470705700554 ] ] ] ] } },
{ "type": "Feature", "properties": { "gid": "다사63ab29bb", "lbl": null, "val": null }, "geometry": { "type": "MultiPolygon", "coordinates": [ [ [ [ 127.084970368769277, 37.366081505464429 ], [ 127.084957956228337, 37.368334913616302 ], [ 127.087781304472017, 37.368344787333839 ], [ 127.087793632581722, 37.366091378381967 ], [ 127.084970368769277, 37.366081505464429 ] ] ] ] } },
{ "type": "Feature", "properties": { "gid": "다사61aa32ab", "lbl": null, "val": null }, "geometry": { "type": "MultiPolygon", "coordinates": [ [ [ [ 127.059429267607328, 37.388523584959515 ], [ 127.059416080521586, 37.390776977018525 ], [ 127.062240260805012, 37.390787465757711 ], [ 127.062253363367006, 37.388534072849069 ], [ 127.059429267607328, 37.388523584959515 ] ] ] ] } },
{ "type": "Feature", "properties": { "gid": "다사72aa36aa", "lbl": null, "val": null }, "geometry": { "type": "MultiPolygon", "coordinates": [ [ [ [ 127.183548607031469, 37.422722525398321 ], [ 127.183539123313523, 37.424975936727449 ], [ 127.186364627960373, 37.424983466886999 ], [ 127.186374027006821, 37.422730054948083 ], [ 127.183548607031469, 37.422722525398321 ] ] ] ] } },
{ "type": "Feature", "properties": { "gid": "다사62bb34aa", "lbl": null, "val": null }, "geometry": { "type": "MultiPolygon", "coordinates": [ [ [ [ 127.079109770859844, 37.404369351016157 ], [ 127.079097165624788, 37.406622742856214 ], [ 127.081921947859286, 37.406632765151322 ], [ 127.081934468503519, 37.404379372499534 ], [ 127.079109770859844, 37.404369351016157 ] ] ] ] } },
{ "type": "Feature", "properties": { "gid": "다사67bb39ba", "lbl": null, "val": null }, "geometry": { "type": "MultiPolygon", "coordinates": [ [ [ [ 127.135363602366155, 37.454131714686959 ], [ 127.135352662213421, 37.456385102717419 ], [ 127.13817933398731, 37.456393790754923 ], [ 127.138190189338729, 37.454140402021125 ], [ 127.135363602366155, 37.454131714686959 ] ] ] ] } },
{ "type": "Feature", "properties": { "gid": "다사66bb36aa", "lbl": null, "val": null }, "geometry": { "type": "MultiPolygon", "coordinates": [ [ [ [ 127.124215045951189, 37.422548806320087 ], [ 127.124203784162276, 37.424802203580484 ], [ 127.127029264655391, 37.42481115189738 ], [ 127.127040441775648, 37.422557753912365 ], [ 127.124215045951189, 37.422548806320087 ] ] ] ] } },
{ "type": "Feature", "properties": { "gid": "다사63ba38ba", "lbl": null, "val": null }, "geometry": { "type": "MultiPolygon", "coordinates": [ [ [ [ 127.087361331118771, 37.444960177409271 ], [ 127.087348954879744, 37.447213556105034 ], [ 127.090175265522433, 37.447223390268533 ], [ 127.090187557000519, 37.444970010776593 ], [ 127.087361331118771, 37.444960177409271 ] ] ] ] } },
{ "type": "Feature", "properties": { "gid": "다사68ba29ba", "lbl": null, "val": null }, "geometry": { "type": "MultiPolygon", "coordinates": [ [ [ [ 127.144269822768337, 37.364021260663314 ], [ 127.144259184499248, 37.366274685331781 ], [ 127.147082475154917, 37.366283143101938 ], [ 127.14709302899908, 37.364029717748181 ], [ 127.144269822768337, 37.364021260663314 ] ] ] ] } },
{ "type": "Feature", "properties": { "gid": "다사63ba31ab", "lbl": null, "val": null }, "geometry": { "type": "MultiPolygon", "coordinates": [ [ [ [ 127.087719643334452, 37.379611819130588 ], [ 127.087707306988008, 37.381865222897304 ], [ 127.090531163389642, 37.381875033990596 ], [ 127.090543415248305, 37.37962162942906 ], [ 127.087719643334452, 37.379611819130588 ] ] ] ] } },
{ "type": "Feature", "properties": { "gid": "다사71ab35ba", "lbl": null, "val": null }, "geometry": { "type": "MultiPolygon", "coordinates": [ [ [ [ 127.17509182568908, 37.418192710065597 ], [ 127.175082090125386, 37.420446121259104 ], [ 127.177907422243436, 37.420453852762471 ], [ 127.177917073154831, 37.418200440942833 ], [ 127.17509182568908, 37.418192710065597 ] ] ] ] } },
{ "type": "Feature", "properties": { "gid": "다사68bb32aa", "lbl": null, "val": null }, "geometry": { "type": "MultiPolygon", "coordinates": [ [ [ [ 127.146987437671783, 37.386563932439074 ], [ 127.146976872072713, 37.388817349159886 ], [ 127.14980100867119, 37.388825746341617 ], [ 127.149811489751144, 37.386572328940566 ], [ 127.146987437671783, 37.386563932439074 ] ] ] ] } },
{ "type": "Feature", "properties": { "gid": "다사60ba33aa", "lbl": null, "val": null }, "geometry": { "type": "MultiPolygon", "coordinates": [ [ [ [ 127.053741007642159, 37.395262575294062 ], [ 127.05372764704822, 37.397515963042601 ], [ 127.056552078012686, 37.39752658925574 ], [ 127.056565354054982, 37.395273200646493 ], [ 127.053741007642159, 37.395262575294062 ] ] ] ] } },
{ "type": "Feature", "properties": { "gid": "다사59aa30ab", "lbl": null, "val": null }, "geometry": { "type": "MultiPolygon", "coordinates": [ [ [ [ 127.036947405780708, 37.370410142324452 ], [ 127.036933554851728, 37.372663534310817 ], [ 127.039757047211708, 37.372674555469843 ], [ 127.039770813693579, 37.370421162590539 ], [ 127.036947405780708, 37.370410142324452 ] ] ] ] } },
{ "type": "Feature", "properties": { "gid": "다사61aa31bb", "lbl": null, "val": null }, "geometry": { "type": "MultiPolygon", "coordinates": [ [ [ [ 127.059455637375237, 37.384016798247139 ], [ 127.059442453225159, 37.386270192035717 ], [ 127.062266464470511, 37.386280679075661 ], [ 127.062279564115656, 37.384027284437543 ], [ 127.059455637375237, 37.384016798247139 ] ] ] ] } },
{ "type": "Feature", "properties": { "gid": "다사64ab31aa", "lbl": null, "val": null }, "geometry": { "type": "MultiPolygon", "coordinates": [ [ [ [ 127.096203044695656, 37.377387640767424 ], [ 127.096190963157994, 37.379641047766306 ], [ 127.099014739134986, 37.379650655804873 ], [ 127.099026736193835, 37.377397248027592 ], [ 127.096203044695656, 37.377387640767424 ] ] ] ] } },
{ "type": "Feature", "properties": { "gid": "다사60ba36ba", "lbl": null, "val": null }, "geometry": { "type": "MultiPolygon", "coordinates": [ [ [ [ 127.053553823907407, 37.426809925053917 ], [ 127.053540442473562, 37.429063300691112 ], [ 127.056366058149564, 37.429073938959661 ], [ 127.056379354899903, 37.426820562461039 ], [ 127.053553823907407, 37.426809925053917 ] ] ] ] } },
{ "type": "Feature", "properties": { "gid": "다사69ba31ba", "lbl": null, "val": null }, "geometry": { "type": "MultiPolygon", "coordinates": [ [ [ [ 127.155480218039685, 37.382082079548766 ], [ 127.155469908294009, 37.384335500020399 ], [ 127.158293879335147, 37.384343693543158 ], [ 127.158304104580111, 37.382090272407758 ], [ 127.155480218039685, 37.382082079548766 ] ] ] ] } },
{ "type": "Feature", "properties": { "gid": "다사69ab33aa", "lbl": null, "val": null }, "geometry": { "type": "MultiPolygon", "coordinates": [ [ [ [ 127.152593949809244, 37.395594325127142 ], [ 127.152583548618011, 37.397847739749594 ], [ 127.155408025712433, 37.397856004721483 ], [ 127.155418342346636, 37.395602589429579 ], [ 127.152593949809244, 37.395594325127142 ] ] ] ] } },
{ "type": "Feature", "properties": { "gid": "다사68bb37aa", "lbl": null, "val": null }, "geometry": { "type": "MultiPolygon", "coordinates": [ [ [ [ 127.146775902045434, 37.431632102789202 ], [ 127.146765312895113, 37.43388550223861 ], [ 127.149591141853293, 37.433893913033458 ], [ 127.149601646296091, 37.431640512903016 ], [ 127.146775902045434, 37.431632102789202 ] ] ] ] } },
{ "type": "Feature", "properties": { "gid": "다사63ab36bb", "lbl": null, "val": null }, "geometry": { "type": "MultiPolygon", "coordinates": [ [ [ [ 127.084622294778498, 37.429176606990964 ], [ 127.084609843486376, 37.431429990938426 ], [ 127.087435559623501, 37.431439887075115 ], [ 127.087447926220875, 37.429186502326331 ], [ 127.084622294778498, 37.429176606990964 ] ] ] ] } },
{ "type": "Feature", "properties": { "gid": "다사68aa36aa", "lbl": null, "val": null }, "geometry": { "type": "MultiPolygon", "coordinates": [ [ [ [ 127.138342037422134, 37.42259286903095 ], [ 127.138331198977966, 37.424846269859778 ], [ 127.141156685599015, 37.424854880523611 ], [ 127.141167439373817, 37.4226014789975 ], [ 127.138342037422134, 37.42259286903095 ] ] ] ] } },
{ "type": "Feature", "properties": { "gid": "다사71bb41ab", "lbl": null, "val": null }, "geometry": { "type": "MultiPolygon", "coordinates": [ [ [ [ 127.180522028048813, 37.470036372011343 ], [ 127.1805124372611, 37.472289764593626 ], [ 127.183339721130068, 37.472297375214062 ], [ 127.183349227048183, 37.47004398201576 ], [ 127.180522028048813, 37.470036372011343 ] ] ] ] } },
{ "type": "Feature", "properties": { "gid": "다사63bb31bb", "lbl": null, "val": null }, "geometry": { "type": "MultiPolygon", "coordinates": [ [ [ [ 127.090518910167035, 37.384128437687913 ], [ 127.090506655580299, 37.386381840521004 ], [ 127.093330682349958, 37.386391585767825 ], [ 127.093342852429942, 37.384138182145286 ], [ 127.090518910167035, 37.384128437687913 ] ] ] ] } },
{ "type": "Feature", "properties": { "gid": "다사61ab34aa", "lbl": null, "val": null }, "geometry": { "type": "MultiPolygon", "coordinates": [ [ [ [ 127.062161614794761, 37.404307805048802 ], [ 127.062148502018402, 37.406561191903684 ], [ 127.064973275691372, 37.406571619107375 ], [ 127.06498630387793, 37.40431823140797 ], [ 127.062161614794761, 37.404307805048802 ] ] ] ] } },
{ "type": "Feature", "properties": { "gid": "다사62ab33ab", "lbl": null, "val": null }, "geometry": { "type": "MultiPolygon", "coordinates": [ [ [ [ 127.073498694508388, 37.39758892982222 ], [ 127.073485924357868, 37.399842322616401 ], [ 127.07631045003302, 37.399852477413624 ], [ 127.076323135621294, 37.397599083796912 ], [ 127.073498694508388, 37.39758892982222 ] ] ] ] } },
{ "type": "Feature", "properties": { "gid": "다사72bb37bb", "lbl": null, "val": null }, "geometry": { "type": "MultiPolygon", "coordinates": [ [ [ [ 127.191960240580968, 37.438518785336527 ], [ 127.191951003681893, 37.440772192436647 ], [ 127.19477710440691, 37.440779524153982 ], [ 127.194786256568122, 37.438526116460245 ], [ 127.191960240580968, 37.438518785336527 ] ] ] ] } },
{ "type": "Feature", "properties": { "gid": "다사70ab36aa", "lbl": null, "val": null }, "geometry": { "type": "MultiPolygon", "coordinates": [ [ [ [ 127.163770697293771, 37.422667927807844 ], [ 127.163760620878918, 37.42492133471535 ], [ 127.166586117936433, 37.424929337598144 ], [ 127.166596109680697, 37.42267593004258 ], [ 127.163770697293771, 37.422667927807844 ] ] ] ] } },
{ "type": "Feature", "properties": { "gid": "다사65ba40aa", "lbl": null, "val": null }, "geometry": { "type": "MultiPolygon", "coordinates": [ [ [ [ 127.10990096753801, 37.458557248652404 ], [ 127.109889261573656, 37.460810628377594 ], [ 127.112716091672425, 37.460819926382733 ], [ 127.1127277128179, 37.458566545904851 ], [ 127.10990096753801, 37.458557248652404 ] ] ] ] } },
{ "type": "Feature", "properties": { "gid": "다사62ab30bb", "lbl": null, "val": null }, "geometry": { "type": "MultiPolygon", "coordinates": [ [ [ [ 127.073626317856281, 37.375054954329009 ], [ 127.073613561913675, 37.377308355768612 ], [ 127.076437242390014, 37.37731850234281 ], [ 127.076449913864465, 37.375065100081173 ], [ 127.073626317856281, 37.375054954329009 ] ] ] ] } },
{ "type": "Feature", "properties": { "gid": "다사63bb28ab", "lbl": null, "val": null }, "geometry": { "type": "MultiPolygon", "coordinates": [ [ [ [ 127.090690331222746, 37.352580707289015 ], [ 127.090678095718957, 37.354834122219629 ], [ 127.093500940249797, 37.354843856418356 ], [ 127.093513091378441, 37.352590440698947 ], [ 127.090690331222746, 37.352580707289015 ] ] ] ] } },
{ "type": "Feature", "properties": { "gid": "다사70ba37ab", "lbl": null, "val": null }, "geometry": { "type": "MultiPolygon", "coordinates": [ [ [ [ 127.1665461398334, 37.433942959186126 ], [ 127.166536142525487, 37.436196362424461 ], [ 127.169362064190565, 37.436204300989168 ], [ 127.169371976780596, 37.433950897108048 ], [ 127.1665461398334, 37.433942959186126 ] ] ] ] } },
{ "type": "Feature", "properties": { "gid": "다사60bb30ab", "lbl": null, "val": null }, "geometry": { "type": "MultiPolygon", "coordinates": [ [ [ [ 127.056711293020896, 37.370485868865202 ], [ 127.056698033225359, 37.372739266987374 ], [ 127.059521536115511, 37.372749816333162 ], [ 127.05953471146276, 37.370496417356293 ], [ 127.056711293020896, 37.370485868865202 ] ] ] ] } },
{ "type": "Feature", "properties": { "gid": "다사64aa28ba", "lbl": null, "val": null }, "geometry": { "type": "MultiPolygon", "coordinates": [ [ [ [ 127.093500940249797, 37.354843856418356 ], [ 127.09348878776855, 37.357097271273823 ], [ 127.096311718036702, 37.357106938896031 ], [ 127.096323786133269, 37.354853523257184 ], [ 127.093500940249797, 37.354843856418356 ] ] ] ] } },
{ "type": "Feature", "properties": { "gid": "다사59bb32ba", "lbl": null, "val": null }, "geometry": { "type": "MultiPolygon", "coordinates": [ [ [ [ 127.045295201314033, 37.390723521634385 ], [ 127.045281590097062, 37.392976908498149 ], [ 127.048105847478226, 37.392987735343382 ], [ 127.048119374162894, 37.390734347602603 ], [ 127.045295201314033, 37.390723521634385 ] ] ] ] } },
{ "type": "Feature", "properties": { "gid": "다사62ab34aa", "lbl": null, "val": null }, "geometry": { "type": "MultiPolygon", "coordinates": [ [ [ [ 127.073460379791541, 37.404349105610827 ], [ 127.073447605375378, 37.406602495811022 ], [ 127.076272384793711, 37.406612653076074 ], [ 127.076285074619378, 37.404359262053212 ], [ 127.073460379791541, 37.404349105610827 ] ] ] ] } },
{ "type": "Feature", "properties": { "gid": "다사62ba33ba", "lbl": null, "val": null }, "geometry": { "type": "MultiPolygon", "coordinates": [ [ [ [ 127.07631045003302, 37.399852477413624 ], [ 127.076297763032414, 37.402105870165727 ], [ 127.07912237469165, 37.402115958311512 ], [ 127.079134977120432, 37.399862564742307 ], [ 127.07631045003302, 37.399852477413624 ] ] ] ] } },
{ "type": "Feature", "properties": { "gid": "다사60aa34ab", "lbl": null, "val": null }, "geometry": { "type": "MultiPolygon", "coordinates": [ [ [ [ 127.048024655740036, 37.406508043621606 ], [ 127.048011118510331, 37.408761425306729 ], [ 127.050835969388089, 37.40877219080317 ], [ 127.050849422019439, 37.406518808246148 ], [ 127.048024655740036, 37.406508043621606 ] ] ] ] } },
{ "type": "Feature", "properties": { "gid": "다사67aa36ab", "lbl": null, "val": null }, "geometry": { "type": "MultiPolygon", "coordinates": [ [ [ [ 127.127029264655391, 37.42481115189738 ], [ 127.12701808629069, 37.427064549018432 ], [ 127.129843652706455, 37.427073430524089 ], [ 127.129854746392922, 37.424820032683854 ], [ 127.127029264655391, 37.42481115189738 ] ] ] ] } },
{ "type": "Feature", "properties": { "gid": "다사70aa35ba", "lbl": null, "val": null }, "geometry": { "type": "MultiPolygon", "coordinates": [ [ [ [ 127.16096560480581, 37.418153042948653 ], [ 127.160955445982736, 37.420406450929562 ], [ 127.163780772586847, 37.420414520036886 ], [ 127.163790846758289, 37.418161111402526 ], [ 127.16096560480581, 37.418153042948653 ] ] ] ] } },
{ "type": "Feature", "properties": { "gid": "다사67ab29ab", "lbl": null, "val": null }, "geometry": { "type": "MultiPolygon", "coordinates": [ [ [ [ 127.130164868725302, 37.36172454246568 ], [ 127.130153809564646, 37.36397796448923 ], [ 127.13297700978076, 37.363986758490384 ], [ 127.132987984526537, 37.36173333575428 ], [ 127.130164868725302, 37.36172454246568 ] ] ] ] } },
{ "type": "Feature", "properties": { "gid": "다사62bb29bb", "lbl": null, "val": null }, "geometry": { "type": "MultiPolygon", "coordinates": [ [ [ [ 127.079323845298617, 37.366061557468768 ], [ 127.079311263895775, 37.368314964004249 ], [ 127.082134609366463, 37.368324972506407 ], [ 127.082147106338439, 37.366071565159999 ], [ 127.079323845298617, 37.366061557468768 ] ] ] ] } },
{ "type": "Feature", "properties": { "gid": "다사66ab31ba", "lbl": null, "val": null }, "geometry": { "type": "MultiPolygon", "coordinates": [ [ [ [ 127.118769800871092, 37.38196943651397 ], [ 127.118758392628848, 37.38422284785954 ], [ 127.121582348015451, 37.384231918003543 ], [ 127.121593671758816, 37.381978505923207 ], [ 127.118769800871092, 37.38196943651397 ] ] ] ] } },
{ "type": "Feature", "properties": { "gid": "다사67ba40bb", "lbl": null, "val": null }, "geometry": { "type": "MultiPolygon", "coordinates": [ [ [ [ 127.132481879564608, 37.465389887717642 ], [ 127.1324708484712, 37.467643270718376 ], [ 127.135297943174393, 37.467652029907832 ], [ 127.135308889419392, 37.465398646198075 ], [ 127.132481879564608, 37.465389887717642 ] ] ] ] } },
{ "type": "Feature", "properties": { "gid": "다사64aa32ba", "lbl": null, "val": null }, "geometry": { "type": "MultiPolygon", "coordinates": [ [ [ [ 127.093306338125302, 37.390898390420297 ], [ 127.093294163980275, 37.39315179145018 ], [ 127.096118445681938, 37.393161471612892 ], [ 127.096130535291834, 37.390908069798876 ], [ 127.093306338125302, 37.390898390420297 ] ] ] ] } },
{ "type": "Feature", "properties": { "gid": "다사66aa31bb", "lbl": null, "val": null }, "geometry": { "type": "MultiPolygon", "coordinates": [ [ [ [ 127.115934438512269, 37.384213710283753 ], [ 127.115922944491857, 37.386467120025245 ], [ 127.118746983116566, 37.386476258341304 ], [ 127.118758392628848, 37.38422284785954 ], [ 127.115934438512269, 37.384213710283753 ] ] ] ] } },
{ "type": "Feature", "properties": { "gid": "다사69ab35bb", "lbl": null, "val": null }, "geometry": { "type": "MultiPolygon", "coordinates": [ [ [ [ 127.1524794729945, 37.420381838484602 ], [ 127.152469059058035, 37.422635243608752 ], [ 127.155294466901324, 37.422643515947385 ], [ 127.155304796177148, 37.420390110153321 ], [ 127.1524794729945, 37.420381838484602 ] ] ] ] } },
{ "type": "Feature", "properties": { "gid": "다사60bb36ba", "lbl": null, "val": null }, "geometry": { "type": "MultiPolygon", "coordinates": [ [ [ [ 127.056379354899903, 37.426820562461039 ], [ 127.056366058149564, 37.429073938959661 ], [ 127.059191675306025, 37.429084509689375 ], [ 127.059204887372687, 37.42683113233479 ], [ 127.056379354899903, 37.426820562461039 ] ] ] ] } },
{ "type": "Feature", "properties": { "gid": "다사68bb35ab", "lbl": null, "val": null }, "geometry": { "type": "MultiPolygon", "coordinates": [ [ [ [ 127.146849993096836, 37.415858282459517 ], [ 127.146839412195732, 37.418111687954749 ], [ 127.149664648399352, 37.418120093983177 ], [ 127.149675144658914, 37.415866687807188 ], [ 127.146849993096836, 37.415858282459517 ] ] ] ] } },
{ "type": "Feature", "properties": { "gid": "다사59ba34ba", "lbl": null, "val": null }, "geometry": { "type": "MultiPolygon", "coordinates": [ [ [ [ 127.042361421285619, 37.408739691846023 ], [ 127.042347713333797, 37.410993070905668 ], [ 127.045172645795276, 37.411003972263501 ], [ 127.045186269139691, 37.40875059232097 ], [ 127.042361421285619, 37.408739691846023 ] ] ] ] } },
{ "type": "Feature", "properties": { "gid": "다사70bb34ab", "lbl": null, "val": null }, "geometry": { "type": "MultiPolygon", "coordinates": [ [ [ [ 127.169490841820178, 37.406909983190864 ], [ 127.169480942464361, 37.409163397432181 ], [ 127.172305849239279, 37.409171260792476 ], [ 127.172315663990204, 37.406917845914315 ], [ 127.169490841820178, 37.406909983190864 ] ] ] ] } },
{ "type": "Feature", "properties": { "gid": "다사67aa26ba", "lbl": null, "val": null }, "geometry": { "type": "MultiPolygon", "coordinates": [ [ [ [ 127.127464251651418, 37.336927990454093 ], [ 127.127453121712122, 37.339181421256711 ], [ 127.130275392651939, 37.33919027474505 ], [ 127.130286438279811, 37.336936843224876 ], [ 127.127464251651418, 37.336927990454093 ] ] ] ] } },
{ "type": "Feature", "properties": { "gid": "다사63bb37aa", "lbl": null, "val": null }, "geometry": { "type": "MultiPolygon", "coordinates": [ [ [ [ 127.090261277137557, 37.431449715666332 ], [ 127.090248993867633, 37.433703100346349 ], [ 127.093074797453681, 37.433712862182418 ], [ 127.093086996019039, 37.431459476711971 ], [ 127.090261277137557, 37.431449715666332 ] ] ] ] } },
{ "type": "Feature", "properties": { "gid": "다사65aa38ab", "lbl": null, "val": null }, "geometry": { "type": "MultiPolygon", "coordinates": [ [ [ [ 127.104330573096519, 37.442764779679905 ], [ 127.104318706746909, 37.445018163935188 ], [ 127.10714494069768, 37.445027591830609 ], [ 127.107156722294818, 37.442774206812018 ], [ 127.104330573096519, 37.442764779679905 ] ] ] ] } },
{ "type": "Feature", "properties": { "gid": "다사65bb40aa", "lbl": null, "val": null }, "geometry": { "type": "MultiPolygon", "coordinates": [ [ [ [ 127.1127277128179, 37.458566545904851 ], [ 127.112716091672425, 37.460819926382733 ], [ 127.115542923065178, 37.460829156770373 ], [ 127.115554459391646, 37.458575775545299 ], [ 127.1127277128179, 37.458566545904851 ] ] ] ] } },
{ "type": "Feature", "properties": { "gid": "다사66ab28ab", "lbl": null, "val": null }, "geometry": { "type": "MultiPolygon", "coordinates": [ [ [ [ 127.118917992514199, 37.352675010426232 ], [ 127.118906600768952, 37.354928432999216 ], [ 127.121729458403522, 37.35493749359447 ], [ 127.12174076577206, 37.352684070287253 ], [ 127.118917992514199, 37.352675010426232 ] ] ] ] } },
{ "type": "Feature", "properties": { "gid": "다사70ab31ab", "lbl": null, "val": null }, "geometry": { "type": "MultiPolygon", "coordinates": [ [ [ [ 127.163961936189949, 37.379853032533347 ], [ 127.163951881066211, 37.382106455842994 ], [ 127.16677577099307, 37.382114446419081 ], [ 127.166785741625119, 37.37986102246208 ], [ 127.163961936189949, 37.379853032533347 ] ] ] ] } },
{ "type": "Feature", "properties": { "gid": "다사64aa30ba", "lbl": null, "val": null }, "geometry": { "type": "MultiPolygon", "coordinates": [ [ [ [ 127.093403682512516, 37.372871151070207 ], [ 127.093391519204445, 37.375124559013472 ], [ 127.096215124888502, 37.375134232904458 ], [ 127.096227203736689, 37.372880824177429 ], [ 127.093403682512516, 37.372871151070207 ] ] ] ] } },
{ "type": "Feature", "properties": { "gid": "다사63aa34ba", "lbl": null, "val": null }, "geometry": { "type": "MultiPolygon", "coordinates": [ [ [ [ 127.081909425821081, 37.408886156938564 ], [ 127.081896902388749, 37.411139547861225 ], [ 127.084721855227386, 37.411149504283891 ], [ 127.084734294049895, 37.408896112554871 ], [ 127.081909425821081, 37.408886156938564 ] ] ] ] } },
{ "type": "Feature", "properties": { "gid": "다사65bb26aa", "lbl": null, "val": null }, "geometry": { "type": "MultiPolygon", "coordinates": [ [ [ [ 127.113376436410007, 37.332375859984495 ], [ 127.113364887487094, 37.334629288844489 ], [ 127.116186983526504, 37.334638477456551 ], [ 127.116198448157519, 37.33238504785183 ], [ 127.113376436410007, 37.332375859984495 ] ] ] ] } },
{ "type": "Feature", "properties": { "gid": "다사67ab28ab", "lbl": null, "val": null }, "geometry": { "type": "MultiPolygon", "coordinates": [ [ [ [ 127.130209093059534, 37.352710845737462 ], [ 127.130198038821931, 37.354964271214598 ], [ 127.133020901435003, 37.354973062365787 ], [ 127.13303187129533, 37.352719636176282 ], [ 127.130209093059534, 37.352710845737462 ] ] ] ] } },
{ "type": "Feature", "properties": { "gid": "다사61aa35bb", "lbl": null, "val": null }, "geometry": { "type": "MultiPolygon", "coordinates": [ [ [ [ 127.059244514748301, 37.42007099508043 ], [ 127.05923130709364, 37.4223243750303 ], [ 127.06205667169786, 37.422334875669726 ], [ 127.062069794696924, 37.4200814948695 ], [ 127.059244514748301, 37.42007099508043 ] ] ] ] } },
{ "type": "Feature", "properties": { "gid": "다사59bb33ab", "lbl": null, "val": null }, "geometry": { "type": "MultiPolygon", "coordinates": [ [ [ [ 127.045254363117024, 37.397483679630405 ], [ 127.045240747353603, 37.399737063898847 ], [ 127.04806525838805, 37.399747893375427 ], [ 127.048078789590988, 37.397494508229819 ], [ 127.045254363117024, 37.397483679630405 ] ] ] ] } },
{ "type": "Feature", "properties": { "gid": "다사68bb33aa", "lbl": null, "val": null }, "geometry": { "type": "MultiPolygon", "coordinates": [ [ [ [ 127.146945168217442, 37.395577594141884 ], [ 127.146934597912519, 37.39783100740901 ], [ 127.149759072681576, 37.39783940731207 ], [ 127.149769558429711, 37.395585993364556 ], [ 127.146945168217442, 37.395577594141884 ] ] ] ] } },
{ "type": "Feature", "properties": { "gid": "다사62ba37bb", "lbl": null, "val": null }, "geometry": { "type": "MultiPolygon", "coordinates": [ [ [ [ 127.07609457881577, 37.438160036599356 ], [ 127.076081867780843, 37.440413414650514 ], [ 127.078907918602141, 37.440423516694423 ], [ 127.078920544905088, 37.438170137825338 ], [ 127.07609457881577, 37.438160036599356 ] ] ] ] } },
{ "type": "Feature", "properties": { "gid": "다사68ab36aa", "lbl": null, "val": null }, "geometry": { "type": "MultiPolygon", "coordinates": [ [ [ [ 127.141167439373817, 37.4226014789975 ], [ 127.141156685599015, 37.424854880523611 ], [ 127.143982173417399, 37.424863423656582 ], [ 127.143992842522692, 37.422610021438658 ], [ 127.141167439373817, 37.4226014789975 ] ] ] ] } },
{ "type": "Feature", "properties": { "gid": "다사72ba36ab", "lbl": null, "val": null }, "geometry": { "type": "MultiPolygon", "coordinates": [ [ [ [ 127.18919013365371, 37.424990929514344 ], [ 127.189180818241809, 37.427244341194474 ], [ 127.192006409653345, 37.427251736888415 ], [ 127.192015640384099, 37.424998324609405 ], [ 127.18919013365371, 37.424990929514344 ] ] ] ] } },
{ "type": "Feature", "properties": { "gid": "다사65ba34ba", "lbl": null, "val": null }, "geometry": { "type": "MultiPolygon", "coordinates": [ [ [ [ 127.110158169290585, 37.408982676008044 ], [ 127.110146491963434, 37.411236074748352 ], [ 127.112971458226809, 37.411245356204859 ], [ 127.112983050942589, 37.40899195671286 ], [ 127.110158169290585, 37.408982676008044 ] ] ] ] } },
{ "type": "Feature", "properties": { "gid": "다사72aa39aa", "lbl": null, "val": null }, "geometry": { "type": "MultiPolygon", "coordinates": [ [ [ [ 127.183434732698629, 37.449763404373307 ], [ 127.183425236301559, 37.452016805342943 ], [ 127.1862517577419, 37.452024342822746 ], [ 127.186261169354282, 37.449770941242889 ], [ 127.183434732698629, 37.449763404373307 ] ] ] ] } },
{ "type": "Feature", "properties": { "gid": "다사64bb29ab", "lbl": null, "val": null }, "geometry": { "type": "MultiPolygon", "coordinates": [ [ [ [ 127.101933779966529, 37.361632903830994 ], [ 127.101921876665514, 37.363886318428733 ], [ 127.104745064147608, 37.363895786255561 ], [ 127.104756883035236, 37.361642370890671 ], [ 127.101933779966529, 37.361632903830994 ] ] ] ] } },
{ "type": "Feature", "properties": { "gid": "다사62ba37ab", "lbl": null, "val": null }, "geometry": { "type": "MultiPolygon", "coordinates": [ [ [ [ 127.0761199966405, 37.43365327790233 ], [ 127.076107288435608, 37.435906657683283 ], [ 127.07893316980234, 37.435916758091402 ], [ 127.078945793294082, 37.433663377492614 ], [ 127.0761199966405, 37.43365327790233 ] ] ] ] } },
{ "type": "Feature", "properties": { "gid": "다사62ab36aa", "lbl": null, "val": null }, "geometry": { "type": "MultiPolygon", "coordinates": [ [ [ [ 127.073358144631229, 37.422376202999779 ], [ 127.073345358832725, 37.424629586281853 ], [ 127.07617081531393, 37.424639750129977 ], [ 127.076183516446562, 37.422386366024845 ], [ 127.073358144631229, 37.422376202999779 ] ] ] ] } },
{ "type": "Feature", "properties": { "gid": "다사69bb35ba", "lbl": null, "val": null }, "geometry": { "type": "MultiPolygon", "coordinates": [ [ [ [ 127.158140363984231, 37.418144906979684 ], [ 127.158130120509711, 37.420398314301671 ], [ 127.160955445982736, 37.420406450929562 ], [ 127.16096560480581, 37.418153042948653 ], [ 127.158140363984231, 37.418144906979684 ] ] ] ] } },
{ "type": "Feature", "properties": { "gid": "다사63aa31bb", "lbl": null, "val": null }, "geometry": { "type": "MultiPolygon", "coordinates": [ [ [ [ 127.082047091600543, 37.384098799731461 ], [ 127.082034583494575, 37.386352200163415 ], [ 127.0848586061432, 37.3863621477187 ], [ 127.084871029742928, 37.384108746480898 ], [ 127.082047091600543, 37.384098799731461 ] ] ] ] } },
{ "type": "Feature", "properties": { "gid": "다사69bb32ba", "lbl": null, "val": null }, "geometry": { "type": "MultiPolygon", "coordinates": [ [ [ [ 127.158263196769653, 37.391103951770063 ], [ 127.158252966970494, 37.393357369452545 ], [ 127.161077277247415, 37.393365498175882 ], [ 127.161087422508089, 37.391112079834954 ], [ 127.158263196769653, 37.391103951770063 ] ] ] ] } },
{ "type": "Feature", "properties": { "gid": "다사63bb30bb", "lbl": null, "val": null }, "geometry": { "type": "MultiPolygon", "coordinates": [ [ [ [ 127.090567914874455, 37.375114817713445 ], [ 127.090555665743182, 37.377368224003341 ], [ 127.093379354542321, 37.377377966092631 ], [ 127.093391519204445, 37.375124559013472 ], [ 127.090567914874455, 37.375114817713445 ] ] ] ] } },
{ "type": "Feature", "properties": { "gid": "다사68ab39bb", "lbl": null, "val": null }, "geometry": { "type": "MultiPolygon", "coordinates": [ [ [ [ 127.141006006969903, 37.45640241118506 ], [ 127.140995235220643, 37.458655799752698 ], [ 127.143821994213525, 37.458664353267778 ], [ 127.143832681151778, 37.456410964007702 ], [ 127.141006006969903, 37.45640241118506 ] ] ] ] } },
{ "type": "Feature", "properties": { "gid": "다사72ba38aa", "lbl": null, "val": null }, "geometry": { "type": "MultiPolygon", "coordinates": [ [ [ [ 127.189124903985345, 37.440764793148659 ], [ 127.189115581310631, 37.443018198786426 ], [ 127.191941765754351, 37.443025598673543 ], [ 127.191951003681893, 37.440772192436647 ], [ 127.189124903985345, 37.440764793148659 ] ] ] ] } },
{ "type": "Feature", "properties": { "gid": "다사69aa29ab", "lbl": null, "val": null }, "geometry": { "type": "MultiPolygon", "coordinates": [ [ [ [ 127.14992670465827, 37.361784680552766 ], [ 127.149916236404522, 37.364038107449524 ], [ 127.152739444975325, 37.364046429767264 ], [ 127.152749828813228, 37.361793002196173 ], [ 127.14992670465827, 37.361784680552766 ] ] ] ] } },
{ "type": "Feature", "properties": { "gid": "다사62aa34ba", "lbl": null, "val": null }, "geometry": { "type": "MultiPolygon", "coordinates": [ [ [ [ 127.07060996694122, 37.40884565956847 ], [ 127.070597105071357, 37.411099047211025 ], [ 127.073422052276314, 37.411109273617306 ], [ 127.073434829537035, 37.408855885146522 ], [ 127.07060996694122, 37.40884565956847 ] ] ] ] } },
{ "type": "Feature", "properties": { "gid": "다사66ba36aa", "lbl": null, "val": null }, "geometry": { "type": "MultiPolygon", "coordinates": [ [ [ [ 127.121389651380483, 37.422539791202951 ], [ 127.12137830492307, 37.42479318773325 ], [ 127.124203784162276, 37.424802203580484 ], [ 127.124215045951189, 37.422548806320087 ], [ 127.121389651380483, 37.422539791202951 ] ] ] ] } },
{ "type": "Feature", "properties": { "gid": "다사72bb38ba", "lbl": null, "val": null }, "geometry": { "type": "MultiPolygon", "coordinates": [ [ [ [ 127.191932526798226, 37.445279004047222 ], [ 127.191923286813392, 37.447532408557656 ], [ 127.194749641808613, 37.44753974205608 ], [ 127.194758797027291, 37.445286336951916 ], [ 127.191932526798226, 37.445279004047222 ] ] ] ] } },
{ "type": "Feature", "properties": { "gid": "다사64ab30bb", "lbl": null, "val": null }, "geometry": { "type": "MultiPolygon", "coordinates": [ [ [ [ 127.096215124888502, 37.375134232904458 ], [ 127.096203044695656, 37.377387640767424 ], [ 127.099026736193835, 37.377397248027592 ], [ 127.099038731917233, 37.37514383938629 ], [ 127.096215124888502, 37.375134232904458 ] ] ] ] } },
{ "type": "Feature", "properties": { "gid": "다사60bb31bb", "lbl": null, "val": null }, "geometry": { "type": "MultiPolygon", "coordinates": [ [ [ [ 127.056631712102401, 37.384006244627095 ], [ 127.056618443447562, 37.386259637560663 ], [ 127.059442453225159, 37.386270192035717 ], [ 127.059455637375237, 37.384016798247139 ], [ 127.056631712102401, 37.384006244627095 ] ] ] ] } },
{ "type": "Feature", "properties": { "gid": "다사68ab39ba", "lbl": null, "val": null }, "geometry": { "type": "MultiPolygon", "coordinates": [ [ [ [ 127.14101677751988, 37.454149021753388 ], [ 127.141006006969903, 37.45640241118506 ], [ 127.143832681151778, 37.456410964007702 ], [ 127.143843366900171, 37.454157573883656 ], [ 127.14101677751988, 37.454149021753388 ] ] ] ] } },
{ "type": "Feature", "properties": { "gid": "다사60ab31ba", "lbl": null, "val": null }, "geometry": { "type": "MultiPolygon", "coordinates": [ [ [ [ 127.050997302165044, 37.381731543026412 ], [ 127.050983865997026, 37.383984935098511 ], [ 127.053807788306514, 37.383995623577505 ], [ 127.053821139979547, 37.381742230639531 ], [ 127.050997302165044, 37.381731543026412 ] ] ] ] } },
{ "type": "Feature", "properties": { "gid": "다사60ba35ab", "lbl": null, "val": null }, "geometry": { "type": "MultiPolygon", "coordinates": [ [ [ [ 127.05362070873457, 37.415543033890103 ], [ 127.053607334747497, 37.417796413853196 ], [ 127.05643252710027, 37.417807047815089 ], [ 127.056445816450974, 37.415553666990824 ], [ 127.05362070873457, 37.415543033890103 ] ] ] ] } },
{ "type": "Feature", "properties": { "gid": "다사69ba34ab", "lbl": null, "val": null }, "geometry": { "type": "MultiPolygon", "coordinates": [ [ [ [ 127.155366747688589, 37.406869657255442 ], [ 127.155356425310217, 37.409123068230421 ], [ 127.158181326480261, 37.409131269057191 ], [ 127.158191564254366, 37.406877857418017 ], [ 127.155366747688589, 37.406869657255442 ] ] ] ] } },
{ "type": "Feature", "properties": { "gid": "다사59ba31bb", "lbl": null, "val": null }, "geometry": { "type": "MultiPolygon", "coordinates": [ [ [ [ 127.042512108080913, 37.383952465086075 ], [ 127.042498416904934, 37.386205853662702 ], [ 127.045322419202719, 37.386216745311621 ], [ 127.045336025874818, 37.383963355852686 ], [ 127.042512108080913, 37.383952465086075 ] ] ] ] } },
{ "type": "Feature", "properties": { "gid": "다사64aa38aa", "lbl": null, "val": null }, "geometry": { "type": "MultiPolygon", "coordinates": [ [ [ [ 127.093038193607754, 37.440473013406191 ], [ 127.093025989608634, 37.442726395418177 ], [ 127.095852133465939, 37.442736092843411 ], [ 127.095864252722635, 37.440482710046275 ], [ 127.093038193607754, 37.440473013406191 ] ] ] ] } },
{ "type": "Feature", "properties": { "gid": "다사66aa40aa", "lbl": null, "val": null }, "geometry": { "type": "MultiPolygon", "coordinates": [ [ [ [ 127.115554459391646, 37.458575775545299 ], [ 127.115542923065178, 37.460829156770373 ], [ 127.118369755742478, 37.460838319540422 ], [ 127.118381207249797, 37.458584937573612 ], [ 127.115554459391646, 37.458575775545299 ] ] ] ] } },
{ "type": "Feature", "properties": { "gid": "다사66ba34bb", "lbl": null, "val": null }, "geometry": { "type": "MultiPolygon", "coordinates": [ [ [ [ 127.121446364723283, 37.411272795591081 ], [ 127.121435024580123, 37.413526196441445 ], [ 127.124260080571062, 37.413535208638649 ], [ 127.124271336092804, 37.411281807058415 ], [ 127.121446364723283, 37.411272795591081 ] ] ] ] } },
{ "type": "Feature", "properties": { "gid": "다사64ab28ab", "lbl": null, "val": null }, "geometry": { "type": "MultiPolygon", "coordinates": [ [ [ [ 127.096335852886597, 37.352600106754416 ], [ 127.096323786133269, 37.354853523257184 ], [ 127.099146633360007, 37.354863122735992 ], [ 127.099158615737835, 37.352609705455343 ], [ 127.096335852886597, 37.352600106754416 ] ] ] ] } },
{ "type": "Feature", "properties": { "gid": "다사67ba39ba", "lbl": null, "val": null }, "geometry": { "type": "MultiPolygon", "coordinates": [ [ [ [ 127.132537016611622, 37.454122959750954 ], [ 127.132525991657701, 37.456376347072627 ], [ 127.135352662213421, 37.456385102717419 ], [ 127.135363602366155, 37.454131714686959 ], [ 127.132537016611622, 37.454122959750954 ] ] ] ] } },
{ "type": "Feature", "properties": { "gid": "다사65aa34ba", "lbl": null, "val": null }, "geometry": { "type": "MultiPolygon", "coordinates": [ [ [ [ 127.104508409895814, 37.408963912123752 ], [ 127.104496563346359, 37.411217309344259 ], [ 127.107321527000153, 37.411226725794791 ], [ 127.107333288938506, 37.408973327811637 ], [ 127.104508409895814, 37.408963912123752 ] ] ] ] } },
{ "type": "Feature", "properties": { "gid": "다사62bb35aa", "lbl": null, "val": null }, "geometry": { "type": "MultiPolygon", "coordinates": [ [ [ [ 127.079059341498777, 37.413382913188705 ], [ 127.079046730649267, 37.415636301570245 ], [ 127.081871851341134, 37.415646327112768 ], [ 127.081884377562176, 37.413392937919305 ], [ 127.079059341498777, 37.413382913188705 ] ] ] ] } },
{ "type": "Feature", "properties": { "gid": "다사65ab26aa", "lbl": null, "val": null }, "geometry": { "type": "MultiPolygon", "coordinates": [ [ [ [ 127.107732416780536, 37.332357282331841 ], [ 127.107720699274239, 37.334610709685982 ], [ 127.110542792733213, 37.334620032920924 ], [ 127.110554425947882, 37.332366604811128 ], [ 127.107732416780536, 37.332357282331841 ] ] ] ] } },
{ "type": "Feature", "properties": { "gid": "다사65bb39ba", "lbl": null, "val": null }, "geometry": { "type": "MultiPolygon", "coordinates": [ [ [ [ 127.112750951227483, 37.454059782355714 ], [ 127.112739332669548, 37.456313164562509 ], [ 127.115565994433709, 37.456322393455785 ], [ 127.115577528191508, 37.454069010501883 ], [ 127.112750951227483, 37.454059782355714 ] ] ] ] } },
{ "type": "Feature", "properties": { "gid": "다사61aa35ab", "lbl": null, "val": null }, "geometry": { "type": "MultiPolygon", "coordinates": [ [ [ [ 127.059270925646771, 37.415564232585524 ], [ 127.059257720932607, 37.417817614265495 ], [ 127.062082916235113, 37.417828113204273 ], [ 127.062096036312553, 37.415574730674066 ], [ 127.059270925646771, 37.415564232585524 ] ] ] ] } },
{ "type": "Feature", "properties": { "gid": "다사66aa31ba", "lbl": null, "val": null }, "geometry": { "type": "MultiPolygon", "coordinates": [ [ [ [ 127.115945931253236, 37.381960299678418 ], [ 127.115934438512269, 37.384213710283753 ], [ 127.118758392628848, 37.38422284785954 ], [ 127.118769800871092, 37.38196943651397 ], [ 127.115945931253236, 37.381960299678418 ] ] ] ] } },
{ "type": "Feature", "properties": { "gid": "다사68ab33bb", "lbl": null, "val": null }, "geometry": { "type": "MultiPolygon", "coordinates": [ [ [ [ 127.141264169491208, 37.402320826395787 ], [ 127.141253426485889, 37.404574235695023 ], [ 127.144078152617851, 37.404582772603128 ], [ 127.144088811038458, 37.402329362612448 ], [ 127.141264169491208, 37.402320826395787 ] ] ] ] } },
{ "type": "Feature", "properties": { "gid": "다사68ba31ba", "lbl": null, "val": null }, "geometry": { "type": "MultiPolygon", "coordinates": [ [ [ [ 127.144184683448216, 37.382048633838977 ], [ 127.144174035701056, 37.384302051600919 ], [ 127.146998002094733, 37.384310514854889 ], [ 127.147008565341721, 37.38205709640733 ], [ 127.144184683448216, 37.382048633838977 ] ] ] ] } },
{ "type": "Feature", "properties": { "gid": "다사71ba39bb", "lbl": null, "val": null }, "geometry": { "type": "MultiPolygon", "coordinates": [ [ [ [ 127.177752861441391, 37.456508324465169 ], [ 127.177743192246112, 37.458761721607459 ], [ 127.180569965972182, 37.458769396146451 ], [ 127.180579550354707, 37.456515998382883 ], [ 127.177752861441391, 37.456508324465169 ] ] ] ] } },
{ "type": "Feature", "properties": { "gid": "다사61ba34bb", "lbl": null, "val": null }, "geometry": { "type": "MultiPolygon", "coordinates": [ [ [ [ 127.064947214966722, 37.411078391911637 ], [ 127.064934182428303, 37.41333177701646 ], [ 127.067759211378146, 37.413342139253118 ], [ 127.067772159298372, 37.411088753309095 ], [ 127.064947214966722, 37.411078391911637 ] ] ] ] } },
{ "type": "Feature", "properties": { "gid": "다사65ba39bb", "lbl": null, "val": null }, "geometry": { "type": "MultiPolygon", "coordinates": [ [ [ [ 127.109912672199073, 37.456303868062683 ], [ 127.10990096753801, 37.458557248652404 ], [ 127.1127277128179, 37.458566545904851 ], [ 127.112739332669548, 37.456313164562509 ], [ 127.109912672199073, 37.456303868062683 ] ] ] ] } },
{ "type": "Feature", "properties": { "gid": "다사63ba36ba", "lbl": null, "val": null }, "geometry": { "type": "MultiPolygon", "coordinates": [ [ [ [ 127.087460291441488, 37.426933116712902 ], [ 127.087447926220875, 37.429186502326331 ], [ 127.090273559039986, 37.429196330121691 ], [ 127.090285839575074, 37.426942943712454 ], [ 127.087460291441488, 37.426933116712902 ] ] ] ] } },
{ "type": "Feature", "properties": { "gid": "다사64ab39ab", "lbl": null, "val": null }, "geometry": { "type": "MultiPolygon", "coordinates": [ [ [ [ 127.095803642943537, 37.451749615385637 ], [ 127.095791516938235, 37.454002993859511 ], [ 127.098618085999362, 37.454012627610688 ], [ 127.098630127214889, 37.451759248356908 ], [ 127.095803642943537, 37.451749615385637 ] ] ] ] } },
{ "type": "Feature", "properties": { "gid": "다사60bb34bb", "lbl": null, "val": null }, "geometry": { "type": "MultiPolygon", "coordinates": [ [ [ [ 127.056472390714347, 37.41104690274711 ], [ 127.056459104322272, 37.413300285301503 ], [ 127.059284128890937, 37.413310850040531 ], [ 127.059297330665302, 37.411057466630538 ], [ 127.056472390714347, 37.41104690274711 ] ] ] ] } },
{ "type": "Feature", "properties": { "gid": "다사69ba36aa", "lbl": null, "val": null }, "geometry": { "type": "MultiPolygon", "coordinates": [ [ [ [ 127.155294466901324, 37.422643515947385 ], [ 127.155284136475473, 37.424896920877885 ], [ 127.158109630139009, 37.424905126355128 ], [ 127.158119875894684, 37.422651720760165 ], [ 127.155294466901324, 37.422643515947385 ] ] ] ] } },
{ "type": "Feature", "properties": { "gid": "다사64aa35ab", "lbl": null, "val": null }, "geometry": { "type": "MultiPolygon", "coordinates": [ [ [ [ 127.093172347960447, 37.415685754211893 ], [ 127.09316015889803, 37.417939145733946 ], [ 127.095985371107403, 37.417948834525113 ], [ 127.095997475531149, 37.415695442218421 ], [ 127.093172347960447, 37.415685754211893 ] ] ] ] } },
{ "type": "Feature", "properties": { "gid": "다사60ba30aa", "lbl": null, "val": null }, "geometry": { "type": "MultiPolygon", "coordinates": [ [ [ [ 127.053901218813394, 37.368221854850596 ], [ 127.053887876055015, 37.370475252977357 ], [ 127.056711293020896, 37.370485868865202 ], [ 127.056724551340537, 37.368232469878322 ], [ 127.053901218813394, 37.368221854850596 ] ] ] ] } },
{ "type": "Feature", "properties": { "gid": "다사67ab28bb", "lbl": null, "val": null }, "geometry": { "type": "MultiPolygon", "coordinates": [ [ [ [ 127.130186983353767, 37.357217695828339 ], [ 127.130175926654942, 37.359471119578714 ], [ 127.132998958050734, 37.359479912154804 ], [ 127.133009930353509, 37.35722648769196 ], [ 127.130186983353767, 37.357217695828339 ] ] ] ] } },
{ "type": "Feature", "properties": { "gid": "다사61aa34ab", "lbl": null, "val": null }, "geometry": { "type": "MultiPolygon", "coordinates": [ [ [ [ 127.0593237298053, 37.406550697215614 ], [ 127.059310530970052, 37.408804082355566 ], [ 127.062135387782192, 37.408814577893672 ], [ 127.062148502018402, 37.406561191903684 ], [ 127.0593237298053, 37.406550697215614 ] ] ] ] } },
{ "type": "Feature", "properties": { "gid": "다사65ba39aa", "lbl": null, "val": null }, "geometry": { "type": "MultiPolygon", "coordinates": [ [ [ [ 127.109947778363988, 37.449543721106643 ], [ 127.109936077611934, 37.451797104289788 ], [ 127.112762568491874, 37.451806399284493 ], [ 127.112774184462864, 37.44955301534884 ], [ 127.109947778363988, 37.449543721106643 ] ] ] ] } },
{ "type": "Feature", "properties": { "gid": "다사63ba36bb", "lbl": null, "val": null }, "geometry": { "type": "MultiPolygon", "coordinates": [ [ [ [ 127.087447926220875, 37.429186502326331 ], [ 127.087435559623501, 37.431439887075115 ], [ 127.090261277137557, 37.431449715666332 ], [ 127.090273559039986, 37.429196330121691 ], [ 127.087447926220875, 37.429186502326331 ] ] ] ] } },
{ "type": "Feature", "properties": { "gid": "다사67aa27ba", "lbl": null, "val": null }, "geometry": { "type": "MultiPolygon", "coordinates": [ [ [ [ 127.127419724460211, 37.345941708484865 ], [ 127.127408589564396, 37.34819513583426 ], [ 127.130231197843713, 37.348203992193191 ], [ 127.130242248390573, 37.345950564126085 ], [ 127.127419724460211, 37.345941708484865 ] ] ] ] } },
{ "type": "Feature", "properties": { "gid": "다사62bb37aa", "lbl": null, "val": null }, "geometry": { "type": "MultiPolygon", "coordinates": [ [ [ [ 127.078958415380484, 37.431409996029011 ], [ 127.078945793294082, 37.433663377492614 ], [ 127.081771591353046, 37.433673409532261 ], [ 127.081784128735535, 37.431420027256351 ], [ 127.078958415380484, 37.431409996029011 ] ] ] ] } },
{ "type": "Feature", "properties": { "gid": "다사71ba39ba", "lbl": null, "val": null }, "geometry": { "type": "MultiPolygon", "coordinates": [ [ [ [ 127.177762529560155, 37.454254926459384 ], [ 127.177752861441391, 37.456508324465169 ], [ 127.180579550354707, 37.456515998382883 ], [ 127.180589133670125, 37.454262599755864 ], [ 127.177762529560155, 37.454254926459384 ] ] ] ] } },
{ "type": "Feature", "properties": { "gid": "다사59ba30ab", "lbl": null, "val": null }, "geometry": { "type": "MultiPolygon", "coordinates": [ [ [ [ 127.042594223138792, 37.370432115460538 ], [ 127.042580541104186, 37.372685509227317 ], [ 127.045404036519798, 37.372696395583098 ], [ 127.04541763410694, 37.370443000934337 ], [ 127.042594223138792, 37.370432115460538 ] ] ] ] } },
{ "type": "Feature", "properties": { "gid": "다사69ba32ab", "lbl": null, "val": null }, "geometry": { "type": "MultiPolygon", "coordinates": [ [ [ [ 127.155449285359268, 37.388842338373912 ], [ 127.155438972169932, 37.391095756255773 ], [ 127.158263196769653, 37.391103951770063 ], [ 127.158273425430053, 37.388850533224321 ], [ 127.155449285359268, 37.388842338373912 ] ] ] ] } },
{ "type": "Feature", "properties": { "gid": "다사60aa31ab", "lbl": null, "val": null }, "geometry": { "type": "MultiPolygon", "coordinates": [ [ [ [ 127.04818698500398, 37.379467395923733 ], [ 127.048173465846162, 37.38172078798943 ], [ 127.050997302165044, 37.381731543026412 ], [ 127.051010736837455, 37.379478150089412 ], [ 127.04818698500398, 37.379467395923733 ] ] ] ] } },
{ "type": "Feature", "properties": { "gid": "다사63ba35aa", "lbl": null, "val": null }, "geometry": { "type": "MultiPolygon", "coordinates": [ [ [ [ 127.087534453862872, 37.413412784875824 ], [ 127.087522096899249, 37.415666175676726 ], [ 127.090347221746669, 37.415675998697949 ], [ 127.090359494081312, 37.413422607101523 ], [ 127.087534453862872, 37.413412784875824 ] ] ] ] } },
{ "type": "Feature", "properties": { "gid": "다사67bb33ba", "lbl": null, "val": null }, "geometry": { "type": "MultiPolygon", "coordinates": [ [ [ [ 127.135625800953477, 37.400050142770326 ], [ 127.135614889993874, 37.402303551533926 ], [ 127.138439529139859, 37.402312222702918 ], [ 127.138450355524441, 37.400058813236981 ], [ 127.135625800953477, 37.400050142770326 ] ] ] ] } },
{ "type": "Feature", "properties": { "gid": "다사70aa33ab", "lbl": null, "val": null }, "geometry": { "type": "MultiPolygon", "coordinates": [ [ [ [ 127.161056983337517, 37.397872332268044 ], [ 127.161046834688051, 37.400125748019221 ], [ 127.163871399766734, 37.400133811246825 ], [ 127.163881463849378, 37.397880394842538 ], [ 127.161056983337517, 37.397872332268044 ] ] ] ] } },
{ "type": "Feature", "properties": { "gid": "다사71bb37aa", "lbl": null, "val": null }, "geometry": { "type": "MultiPolygon", "coordinates": [ [ [ [ 127.180684908162078, 37.431728565997972 ], [ 127.180675335510657, 37.433981973258831 ], [ 127.183501177881354, 37.433989573411893 ], [ 127.18351066582369, 37.431736165535639 ], [ 127.180684908162078, 37.431728565997972 ] ] ] ] } },
{ "type": "Feature", "properties": { "gid": "다사60aa32ba", "lbl": null, "val": null }, "geometry": { "type": "MultiPolygon", "coordinates": [ [ [ [ 127.048119374162894, 37.390734347602603 ], [ 127.048105847478226, 37.392987735343382 ], [ 127.050930106365271, 37.392998494737576 ], [ 127.050943548517523, 37.390745106125237 ], [ 127.048119374162894, 37.390734347602603 ] ] ] ] } },
{ "type": "Feature", "properties": { "gid": "다사60bb36aa", "lbl": null, "val": null }, "geometry": { "type": "MultiPolygon", "coordinates": [ [ [ [ 127.056405943959916, 37.422313806868331 ], [ 127.056392650169968, 37.42456718509726 ], [ 127.059218097968511, 37.424577754115091 ], [ 127.05923130709364, 37.4223243750303 ], [ 127.056405943959916, 37.422313806868331 ] ] ] ] } },
{ "type": "Feature", "properties": { "gid": "다사71ab38ab", "lbl": null, "val": null }, "geometry": { "type": "MultiPolygon", "coordinates": [ [ [ [ 127.174984674851132, 37.442980185711662 ], [ 127.174974927357155, 37.445233587408268 ], [ 127.177801191272366, 37.445241325801362 ], [ 127.177810854010346, 37.442987923478242 ], [ 127.174984674851132, 37.442980185711662 ] ] ] ] } },
{ "type": "Feature", "properties": { "gid": "다사63ab30ba", "lbl": null, "val": null }, "geometry": { "type": "MultiPolygon", "coordinates": [ [ [ [ 127.084933127000994, 37.37284172732744 ], [ 127.084920710314236, 37.375095132886649 ], [ 127.087744311907912, 37.375105009004479 ], [ 127.087756644135268, 37.37285160264512 ], [ 127.084933127000994, 37.37284172732744 ] ] ] ] } },
{ "type": "Feature", "properties": { "gid": "다사64ab34ab", "lbl": null, "val": null }, "geometry": { "type": "MultiPolygon", "coordinates": [ [ [ [ 127.096045879752637, 37.406681864347895 ], [ 127.096033780717974, 37.408935260112059 ], [ 127.098858655776127, 37.408944878273864 ], [ 127.098870670209607, 37.406691481730718 ], [ 127.096045879752637, 37.406681864347895 ] ] ] ] } },
{ "type": "Feature", "properties": { "gid": "다사63ba28ba", "lbl": null, "val": null }, "geometry": { "type": "MultiPolygon", "coordinates": [ [ [ [ 127.087855252550156, 37.354824320661088 ], [ 127.087842931299974, 37.357077733933409 ], [ 127.090665858853157, 37.357087536286251 ], [ 127.090678095718957, 37.354834122219629 ], [ 127.087855252550156, 37.354824320661088 ] ] ] ] } },
{ "type": "Feature", "properties": { "gid": "다사69bb35ab", "lbl": null, "val": null }, "geometry": { "type": "MultiPolygon", "coordinates": [ [ [ [ 127.158150606318443, 37.415891498794231 ], [ 127.158140363984231, 37.418144906979684 ], [ 127.16096560480581, 37.418153042948653 ], [ 127.160975762497955, 37.415899634104299 ], [ 127.158150606318443, 37.415891498794231 ] ] ] ] } },
{ "type": "Feature", "properties": { "gid": "다사61bb33bb", "lbl": null, "val": null }, "geometry": { "type": "MultiPolygon", "coordinates": [ [ [ [ 127.067823936567095, 37.402075200884838 ], [ 127.067810994411388, 37.404328590288088 ], [ 127.070635686385742, 37.404338881689078 ], [ 127.070648543960729, 37.402085491452297 ], [ 127.067823936567095, 37.402075200884838 ] ] ] ] } },
{ "type": "Feature", "properties": { "gid": "다사59ba33bb", "lbl": null, "val": null }, "geometry": { "type": "MultiPolygon", "coordinates": [ [ [ [ 127.042402535986, 37.401979549475563 ], [ 127.04238883261155, 37.404232931130956 ], [ 127.045213511279059, 37.404243829840283 ], [ 127.045227130074352, 37.401990447302147 ], [ 127.042402535986, 37.401979549475563 ] ] ] ] } },
{ "type": "Feature", "properties": { "gid": "다사62ab38aa", "lbl": null, "val": null }, "geometry": { "type": "MultiPolygon", "coordinates": [ [ [ [ 127.07325581837479, 37.440403245039661 ], [ 127.073243021183288, 37.442656621402442 ], [ 127.076069155330586, 37.442666791836743 ], [ 127.076081867780843, 37.440413414650514 ], [ 127.07325581837479, 37.440403245039661 ] ] ] ] } },
{ "type": "Feature", "properties": { "gid": "다사60aa36aa", "lbl": null, "val": null }, "geometry": { "type": "MultiPolygon", "coordinates": [ [ [ [ 127.047929863476057, 37.422281697248216 ], [ 127.04791631569266, 37.424535072876751 ], [ 127.050741759022628, 37.424545844477976 ], [ 127.050755222141717, 37.422292467977179 ], [ 127.047929863476057, 37.422281697248216 ] ] ] ] } },
{ "type": "Feature", "properties": { "gid": "다사69ba32aa", "lbl": null, "val": null }, "geometry": { "type": "MultiPolygon", "coordinates": [ [ [ [ 127.155459597400565, 37.386588919628792 ], [ 127.155449285359268, 37.388842338373912 ], [ 127.158273425430053, 37.388850533224321 ], [ 127.158283652951823, 37.386597113815348 ], [ 127.155459597400565, 37.386588919628792 ] ] ] ] } },
{ "type": "Feature", "properties": { "gid": "다사61bb34ba", "lbl": null, "val": null }, "geometry": { "type": "MultiPolygon", "coordinates": [ [ [ [ 127.06778510577719, 37.408835366500234 ], [ 127.067772159298372, 37.411088753309095 ], [ 127.070597105071357, 37.411099047211025 ], [ 127.07060996694122, 37.40884565956847 ], [ 127.06778510577719, 37.408835366500234 ] ] ] ] } },
{ "type": "Feature", "properties": { "gid": "다사70ba34ab", "lbl": null, "val": null }, "geometry": { "type": "MultiPolygon", "coordinates": [ [ [ [ 127.166666020752146, 37.406902052979447 ], [ 127.166656036791579, 37.409155466578412 ], [ 127.169480942464361, 37.409163397432181 ], [ 127.169490841820178, 37.406909983190864 ], [ 127.166666020752146, 37.406902052979447 ] ] ] ] } },
{ "type": "Feature", "properties": { "gid": "다사61aa32aa", "lbl": null, "val": null }, "geometry": { "type": "MultiPolygon", "coordinates": [ [ [ [ 127.059442453225159, 37.386270192035717 ], [ 127.059429267607328, 37.388523584959515 ], [ 127.062253363367006, 37.388534072849069 ], [ 127.062266464470511, 37.386280679075661 ], [ 127.059442453225159, 37.386270192035717 ] ] ] ] } },
{ "type": "Feature", "properties": { "gid": "다사65aa32aa", "lbl": null, "val": null }, "geometry": { "type": "MultiPolygon", "coordinates": [ [ [ [ 127.104626802883089, 37.386429892390552 ], [ 127.104614969514444, 37.388683298252261 ], [ 127.107439087481239, 37.388692707078484 ], [ 127.107450836332958, 37.386439300454597 ], [ 127.104626802883089, 37.386429892390552 ] ] ] ] } },
{ "type": "Feature", "properties": { "gid": "다사61ba36bb", "lbl": null, "val": null }, "geometry": { "type": "MultiPolygon", "coordinates": [ [ [ [ 127.064842914022535, 37.429105448531821 ], [ 127.064829869871573, 37.431358826716888 ], [ 127.067655576106418, 37.431369195669014 ], [ 127.067668535563755, 37.429115816644341 ], [ 127.064842914022535, 37.429105448531821 ] ] ] ] } },
{ "type": "Feature", "properties": { "gid": "다사63ba28bb", "lbl": null, "val": null }, "geometry": { "type": "MultiPolygon", "coordinates": [ [ [ [ 127.087842931299974, 37.357077733933409 ], [ 127.087830608678175, 37.359331146341674 ], [ 127.090653620625147, 37.359340949488868 ], [ 127.090665858853157, 37.357087536286251 ], [ 127.087842931299974, 37.357077733933409 ] ] ] ] } },
{ "type": "Feature", "properties": { "gid": "다사63ab28ab", "lbl": null, "val": null }, "geometry": { "type": "MultiPolygon", "coordinates": [ [ [ [ 127.085044815006384, 37.352561038406222 ], [ 127.085032410752774, 37.354814451742861 ], [ 127.087855252550156, 37.354824320661088 ], [ 127.087867572428948, 37.352570906524747 ], [ 127.085044815006384, 37.352561038406222 ] ] ] ] } },
{ "type": "Feature", "properties": { "gid": "다사63ab31ba", "lbl": null, "val": null }, "geometry": { "type": "MultiPolygon", "coordinates": [ [ [ [ 127.084883451959726, 37.381855344378771 ], [ 127.084871029742928, 37.384108746480898 ], [ 127.087694969268213, 37.384118625799758 ], [ 127.087707306988008, 37.381865222897304 ], [ 127.084883451959726, 37.381855344378771 ] ] ] ] } },
{ "type": "Feature", "properties": { "gid": "다사68bb29bb", "lbl": null, "val": null }, "geometry": { "type": "MultiPolygon", "coordinates": [ [ [ [ 127.147082475154917, 37.366283143101938 ], [ 127.1470719201359, 37.3685365675925 ], [ 127.149895296400928, 37.368544958653551 ], [ 127.149905766985484, 37.366291533483121 ], [ 127.147082475154917, 37.366283143101938 ] ] ] ] } },
{ "type": "Feature", "properties": { "gid": "다사70aa35aa", "lbl": null, "val": null }, "geometry": { "type": "MultiPolygon", "coordinates": [ [ [ [ 127.160985919059272, 37.413646224396544 ], [ 127.160975762497955, 37.415899634104299 ], [ 127.163800919808239, 37.415907701904764 ], [ 127.163810991736796, 37.413654291543622 ], [ 127.160985919059272, 37.413646224396544 ] ] ] ] } },
{ "type": "Feature", "properties": { "gid": "다사61ba28bb", "lbl": null, "val": null }, "geometry": { "type": "MultiPolygon", "coordinates": [ [ [ [ 127.065259561040321, 37.356996889973416 ], [ 127.065246563274158, 37.359250295830343 ], [ 127.068069563984182, 37.359260637939627 ], [ 127.068082477357862, 37.35700723124468 ], [ 127.065259561040321, 37.356996889973416 ] ] ] ] } },
{ "type": "Feature", "properties": { "gid": "다사69ab29ab", "lbl": null, "val": null }, "geometry": { "type": "MultiPolygon", "coordinates": [ [ [ [ 127.152749828813228, 37.361793002196173 ], [ 127.152739444975325, 37.364046429767264 ], [ 127.155562654702052, 37.364054684701301 ], [ 127.155572954123983, 37.361801256461334 ], [ 127.152749828813228, 37.361793002196173 ] ] ] ] } },
{ "type": "Feature", "properties": { "gid": "다사61ba35ba", "lbl": null, "val": null }, "geometry": { "type": "MultiPolygon", "coordinates": [ [ [ [ 127.064908112998339, 37.417838544631337 ], [ 127.064895076106481, 37.420091927141392 ], [ 127.067720358967506, 37.420102291895994 ], [ 127.067733311212876, 37.417848908546588 ], [ 127.064908112998339, 37.417838544631337 ] ] ] ] } },
{ "type": "Feature", "properties": { "gid": "다사59ba32ab", "lbl": null, "val": null }, "geometry": { "type": "MultiPolygon", "coordinates": [ [ [ [ 127.042484724204783, 37.388459241374235 ], [ 127.042471029980277, 37.390712628220669 ], [ 127.045295201314033, 37.390723521634385 ], [ 127.045308811015857, 37.388470133905528 ], [ 127.042484724204783, 37.388459241374235 ] ] ] ] } },
{ "type": "Feature", "properties": { "gid": "다사66ba26ab", "lbl": null, "val": null }, "geometry": { "type": "MultiPolygon", "coordinates": [ [ [ [ 127.121831179424419, 37.334656652745899 ], [ 127.121819882120306, 37.336910082960422 ], [ 127.124642066261785, 37.336919070365909 ], [ 127.12465327926418, 37.334665639422973 ], [ 127.121831179424419, 37.334656652745899 ] ] ] ] } },
{ "type": "Feature", "properties": { "gid": "다사68bb30bb", "lbl": null, "val": null }, "geometry": { "type": "MultiPolygon", "coordinates": [ [ [ [ 127.147040248028205, 37.375296835884697 ], [ 127.147029688308322, 37.37755025692222 ], [ 127.149853402405284, 37.377558650703165 ], [ 127.14986387765309, 37.375305228985617 ], [ 127.147040248028205, 37.375296835884697 ] ] ] ] } },
{ "type": "Feature", "properties": { "gid": "다사68bb36aa", "lbl": null, "val": null }, "geometry": { "type": "MultiPolygon", "coordinates": [ [ [ [ 127.146818246859297, 37.422618496354303 ], [ 127.146807662423669, 37.424871899258576 ], [ 127.149633152608359, 37.424880307329509 ], [ 127.149643652374223, 37.422626903744366 ], [ 127.146818246859297, 37.422618496354303 ] ] ] ] } },
{ "type": "Feature", "properties": { "gid": "다사62ba38aa", "lbl": null, "val": null }, "geometry": { "type": "MultiPolygon", "coordinates": [ [ [ [ 127.076081867780843, 37.440413414650514 ], [ 127.076069155330586, 37.442666791836743 ], [ 127.078895290893371, 37.442676894698614 ], [ 127.078907918602141, 37.440423516694423 ], [ 127.076081867780843, 37.440413414650514 ] ] ] ] } },
{ "type": "Feature", "properties": { "gid": "다사69bb31aa", "lbl": null, "val": null }, "geometry": { "type": "MultiPolygon", "coordinates": [ [ [ [ 127.158324551655554, 37.377583427547442 ], [ 127.15831432868687, 37.379836850409184 ], [ 127.161138131874068, 37.379844975182351 ], [ 127.161148270360727, 37.377591551662384 ], [ 127.158324551655554, 37.377583427547442 ] ] ] ] } },
{ "type": "Feature", "properties": { "gid": "다사62bb28bb", "lbl": null, "val": null }, "geometry": { "type": "MultiPolygon", "coordinates": [ [ [ [ 127.07937415690742, 37.357047922684309 ], [ 127.079361581105275, 37.359301332676765 ], [ 127.082184588908845, 37.359311337935523 ], [ 127.082197080317698, 37.357057927132338 ], [ 127.07937415690742, 37.357047922684309 ] ] ] ] } },
{ "type": "Feature", "properties": { "gid": "다사65aa26ab", "lbl": null, "val": null }, "geometry": { "type": "MultiPolygon", "coordinates": [ [ [ [ 127.10489860711958, 37.334601319139765 ], [ 127.10488680400816, 37.336854744869214 ], [ 127.107708980463642, 37.33686413617658 ], [ 127.107720699274239, 37.334610709685982 ], [ 127.10489860711958, 37.334601319139765 ] ] ] ] } },
{ "type": "Feature", "properties": { "gid": "다사62ab33aa", "lbl": null, "val": null }, "geometry": { "type": "MultiPolygon", "coordinates": [ [ [ [ 127.073511463237352, 37.395335536163415 ], [ 127.073498694508388, 37.39758892982222 ], [ 127.076323135621294, 37.397599083796912 ], [ 127.07633581979745, 37.395345689315626 ], [ 127.073511463237352, 37.395335536163415 ] ] ] ] } },
{ "type": "Feature", "properties": { "gid": "다사60bb31ba", "lbl": null, "val": null }, "geometry": { "type": "MultiPolygon", "coordinates": [ [ [ [ 127.056644979280236, 37.381752850828697 ], [ 127.056631712102401, 37.384006244627095 ], [ 127.059455637375237, 37.384016798247139 ], [ 127.059468820057745, 37.381763403593794 ], [ 127.056644979280236, 37.381752850828697 ] ] ] ] } },
{ "type": "Feature", "properties": { "gid": "다사70aa34aa", "lbl": null, "val": null }, "geometry": { "type": "MultiPolygon", "coordinates": [ [ [ [ 127.161026533999348, 37.404632576931668 ], [ 127.161016381959854, 37.406885990092931 ], [ 127.163841200795588, 37.406894055280098 ], [ 127.163851268239981, 37.404640641465619 ], [ 127.161026533999348, 37.404632576931668 ] ] ] ] } },
{ "type": "Feature", "properties": { "gid": "다사72ab39ab", "lbl": null, "val": null }, "geometry": { "type": "MultiPolygon", "coordinates": [ [ [ [ 127.1862517577419, 37.452024342822746 ], [ 127.186242345081553, 37.454277743539215 ], [ 127.189068952364124, 37.454285214025937 ], [ 127.18907828023022, 37.452031812704682 ], [ 127.1862517577419, 37.452024342822746 ] ] ] ] } },
{ "type": "Feature", "properties": { "gid": "다사65ab39ba", "lbl": null, "val": null }, "geometry": { "type": "MultiPolygon", "coordinates": [ [ [ [ 127.107097801189482, 37.454041123260254 ], [ 127.107086013031761, 37.456294503956393 ], [ 127.109912672199073, 37.456303868062683 ], [ 127.109924375556986, 37.45405048660848 ], [ 127.107097801189482, 37.454041123260254 ] ] ] ] } },
{ "type": "Feature", "properties": { "gid": "다사63bb39aa", "lbl": null, "val": null }, "geometry": { "type": "MultiPolygon", "coordinates": [ [ [ [ 127.09016297267577, 37.449476768895735 ], [ 127.090150678460347, 37.451730146658178 ], [ 127.092977160022201, 37.451739914819363 ], [ 127.092989369457598, 37.449486536266129 ], [ 127.09016297267577, 37.449476768895735 ] ] ] ] } },
{ "type": "Feature", "properties": { "gid": "다사66ba31aa", "lbl": null, "val": null }, "geometry": { "type": "MultiPolygon", "coordinates": [ [ [ [ 127.121616315464237, 37.377471679171379 ], [ 127.121604994241707, 37.379725092979136 ], [ 127.12442878190032, 37.379734094232695 ], [ 127.124440018642659, 37.377480679695708 ], [ 127.121616315464237, 37.377471679171379 ] ] ] ] } },
{ "type": "Feature", "properties": { "gid": "다사68ab33ba", "lbl": null, "val": null }, "geometry": { "type": "MultiPolygon", "coordinates": [ [ [ [ 127.141274911300599, 37.400067416232986 ], [ 127.141264169491208, 37.402320826395787 ], [ 127.144088811038458, 37.402329362612448 ], [ 127.144099468272529, 37.40007595175824 ], [ 127.141274911300599, 37.400067416232986 ] ] ] ] } },
{ "type": "Feature", "properties": { "gid": "다사69ba30bb", "lbl": null, "val": null }, "geometry": { "type": "MultiPolygon", "coordinates": [ [ [ [ 127.155511140391525, 37.375321812954631 ], [ 127.155500834088301, 37.377575236015865 ], [ 127.158324551655554, 37.377583427547442 ], [ 127.158334773486246, 37.375330003822555 ], [ 127.155511140391525, 37.375321812954631 ] ] ] ] } },
{ "type": "Feature", "properties": { "gid": "다사63ab36aa", "lbl": null, "val": null }, "geometry": { "type": "MultiPolygon", "coordinates": [ [ [ [ 127.084659640338586, 37.422416449960494 ], [ 127.084647193204461, 37.424669836501984 ], [ 127.087472655285552, 37.42467973023485 ], [ 127.08748501775321, 37.422426342892187 ], [ 127.084659640338586, 37.422416449960494 ] ] ] ] } },
{ "type": "Feature", "properties": { "gid": "다사72ba36ba", "lbl": null, "val": null }, "geometry": { "type": "MultiPolygon", "coordinates": [ [ [ [ 127.189180818241809, 37.427244341194474 ], [ 127.189171501792714, 37.42949775201145 ], [ 127.191997177894876, 37.429505148304308 ], [ 127.192006409653345, 37.427251736888415 ], [ 127.189180818241809, 37.427244341194474 ] ] ] ] } },
{ "type": "Feature", "properties": { "gid": "다사63aa37ba", "lbl": null, "val": null }, "geometry": { "type": "MultiPolygon", "coordinates": [ [ [ [ 127.081759052574583, 37.435926790943405 ], [ 127.081746512400073, 37.438180171489748 ], [ 127.084572481291332, 37.438190137592478 ], [ 127.084584936742942, 37.435936756239201 ], [ 127.081759052574583, 37.435926790943405 ] ] ] ] } },
{ "type": "Feature", "properties": { "gid": "다사67ab27aa", "lbl": null, "val": null }, "geometry": { "type": "MultiPolygon", "coordinates": [ [ [ [ 127.130264345794544, 37.341443705401986 ], [ 127.130253297707469, 37.343697135195676 ], [ 127.133075738528078, 37.343705922785375 ], [ 127.133086702284814, 37.341452492279501 ], [ 127.130264345794544, 37.341443705401986 ] ] ] ] } },
{ "type": "Feature", "properties": { "gid": "다사70ab41aa", "lbl": null, "val": null }, "geometry": { "type": "MultiPolygon", "coordinates": [ [ [ [ 127.163568955685761, 37.467735901881305 ], [ 127.163558856807867, 37.469989291516313 ], [ 127.166386049258492, 37.469997307368473 ], [ 127.166396063277006, 37.46774391708464 ], [ 127.163568955685761, 37.467735901881305 ] ] ] ] } },
{ "type": "Feature", "properties": { "gid": "다사68ab32ab", "lbl": null, "val": null }, "geometry": { "type": "MultiPolygon", "coordinates": [ [ [ [ 127.141328602413893, 37.388800352465736 ], [ 127.141317866581943, 37.391053766946214 ], [ 127.144142085346743, 37.391062299706249 ], [ 127.144152736650469, 37.388808884534569 ], [ 127.141328602413893, 37.388800352465736 ] ] ] ] } },
{ "type": "Feature", "properties": { "gid": "다사69bb33aa", "lbl": null, "val": null }, "geometry": { "type": "MultiPolygon", "coordinates": [ [ [ [ 127.158242736032463, 37.395610786271746 ], [ 127.158232503955389, 37.397864202227659 ], [ 127.161056983337517, 37.397872332268044 ], [ 127.161067130857276, 37.395618915653586 ], [ 127.158242736032463, 37.395610786271746 ] ] ] ] } },
{ "type": "Feature", "properties": { "gid": "다사67ba28aa", "lbl": null, "val": null }, "geometry": { "type": "MultiPolygon", "coordinates": [ [ [ [ 127.133042839934674, 37.350466209123461 ], [ 127.13303187129533, 37.352719636176282 ], [ 127.135854650752151, 37.352728359259295 ], [ 127.135865535023427, 37.350474931499605 ], [ 127.133042839934674, 37.350466209123461 ] ] ] ] } },
{ "type": "Feature", "properties": { "gid": "다사65bb36ba", "lbl": null, "val": null }, "geometry": { "type": "MultiPolygon", "coordinates": [ [ [ [ 127.112890273069254, 37.42701912845348 ], [ 127.112878670023903, 37.429272521032281 ], [ 127.115704314809335, 37.429281740963098 ], [ 127.115715833167783, 37.427028347637709 ], [ 127.112890273069254, 37.42701912845348 ] ] ] ] } },
{ "type": "Feature", "properties": { "gid": "다사62ab28bb", "lbl": null, "val": null }, "geometry": { "type": "MultiPolygon", "coordinates": [ [ [ [ 127.073728314295565, 37.357027711693782 ], [ 127.073715569707304, 37.359281120048415 ], [ 127.07653857470163, 37.359291260047698 ], [ 127.076551234896925, 37.357037850871421 ], [ 127.073728314295565, 37.357027711693782 ] ] ] ] } },
{ "type": "Feature", "properties": { "gid": "다사66ab38ba", "lbl": null, "val": null }, "geometry": { "type": "MultiPolygon", "coordinates": [ [ [ [ 127.118449889524584, 37.445064627621356 ], [ 127.118438445664836, 37.447318014774197 ], [ 127.121264770842984, 37.447327105509679 ], [ 127.121276129940071, 37.445073717620851 ], [ 127.118449889524584, 37.445064627621356 ] ] ] ] } },
{ "type": "Feature", "properties": { "gid": "다사71bb36bb", "lbl": null, "val": null }, "geometry": { "type": "MultiPolygon", "coordinates": [ [ [ [ 127.1806944797478, 37.429475157873824 ], [ 127.180684908162078, 37.431728565997972 ], [ 127.18351066582369, 37.431736165535639 ], [ 127.183520152709761, 37.429482756796126 ], [ 127.1806944797478, 37.429475157873824 ] ] ] ] } },
{ "type": "Feature", "properties": { "gid": "다사65aa37ab", "lbl": null, "val": null }, "geometry": { "type": "MultiPolygon", "coordinates": [ [ [ [ 127.104378025285499, 37.43375123401421 ], [ 127.104366164219357, 37.436004621727292 ], [ 127.107192059216842, 37.436014046569746 ], [ 127.107203835568242, 37.433760658093547 ], [ 127.104378025285499, 37.43375123401421 ] ] ] ] } },
{ "type": "Feature", "properties": { "gid": "다사61ab36ba", "lbl": null, "val": null }, "geometry": { "type": "MultiPolygon", "coordinates": [ [ [ [ 127.062030421316294, 37.426841634675057 ], [ 127.062017293933479, 37.429095012880126 ], [ 127.064842914022535, 37.429105448531821 ], [ 127.06485595672136, 37.426852069481711 ], [ 127.062030421316294, 37.426841634675057 ] ] ] ] } },
{ "type": "Feature", "properties": { "gid": "다사72ba37ab", "lbl": null, "val": null }, "geometry": { "type": "MultiPolygon", "coordinates": [ [ [ [ 127.189152865782518, 37.434004571055922 ], [ 127.18914354622116, 37.43625797928339 ], [ 127.191969476451646, 37.436265377373218 ], [ 127.191978711294126, 37.434011968546727 ], [ 127.189152865782518, 37.434004571055922 ] ] ] ] } },
{ "type": "Feature", "properties": { "gid": "다사64aa35aa", "lbl": null, "val": null }, "geometry": { "type": "MultiPolygon", "coordinates": [ [ [ [ 127.093184535665969, 37.4134323618254 ], [ 127.093172347960447, 37.415685754211893 ], [ 127.095997475531149, 37.415695442218421 ], [ 127.096009578607379, 37.41344204904734 ], [ 127.093184535665969, 37.4134323618254 ] ] ] ] } },
{ "type": "Feature", "properties": { "gid": "다사63bb28bb", "lbl": null, "val": null }, "geometry": { "type": "MultiPolygon", "coordinates": [ [ [ [ 127.090665858853157, 37.357087536286251 ], [ 127.090653620625147, 37.359340949488868 ], [ 127.093476633934486, 37.359350685265333 ], [ 127.09348878776855, 37.357097271273823 ], [ 127.090665858853157, 37.357087536286251 ] ] ] ] } },
{ "type": "Feature", "properties": { "gid": "다사64bb35aa", "lbl": null, "val": null }, "geometry": { "type": "MultiPolygon", "coordinates": [ [ [ [ 127.101659668522828, 37.413461220985027 ], [ 127.101647734705651, 37.415714615708872 ], [ 127.104472866290578, 37.415724101192602 ], [ 127.104484715478023, 37.413470705700554 ], [ 127.101659668522828, 37.413461220985027 ] ] ] ] } },
{ "type": "Feature", "properties": { "gid": "다사63ab32bb", "lbl": null, "val": null }, "geometry": { "type": "MultiPolygon", "coordinates": [ [ [ [ 127.084821327044921, 37.393122346245981 ], [ 127.084808897911927, 37.395375744026303 ], [ 127.087633260063413, 37.395385627347508 ], [ 127.087645604652366, 37.393132228766632 ], [ 127.084821327044921, 37.393122346245981 ] ] ] ] } },
{ "type": "Feature", "properties": { "gid": "다사62bb31aa", "lbl": null, "val": null }, "geometry": { "type": "MultiPolygon", "coordinates": [ [ [ [ 127.07926092427698, 37.377328581503114 ], [ 127.079248335869607, 37.379581983716967 ], [ 127.082072103635682, 37.379591996274435 ], [ 127.082084607565179, 37.377338593249426 ], [ 127.07926092427698, 37.377328581503114 ] ] ] ] } },
{ "type": "Feature", "properties": { "gid": "다사65ab39aa", "lbl": null, "val": null }, "geometry": { "type": "MultiPolygon", "coordinates": [ [ [ [ 127.10712137356785, 37.449534359274416 ], [ 127.107109588034817, 37.451787741699583 ], [ 127.109936077611934, 37.451797104289788 ], [ 127.109947778363988, 37.449543721106643 ], [ 127.10712137356785, 37.449534359274416 ] ] ] ] } },
{ "type": "Feature", "properties": { "gid": "다사70ab31bb", "lbl": null, "val": null }, "geometry": { "type": "MultiPolygon", "coordinates": [ [ [ [ 127.163941824823084, 37.384359878289537 ], [ 127.163931767460383, 37.386613299872948 ], [ 127.16675582639887, 37.386621291743829 ], [ 127.166765799251039, 37.384367869513 ], [ 127.163941824823084, 37.384359878289537 ] ] ] ] } },
{ "type": "Feature", "properties": { "gid": "다사60bb35ab", "lbl": null, "val": null }, "geometry": { "type": "MultiPolygon", "coordinates": [ [ [ [ 127.056445816450974, 37.415553666990824 ], [ 127.05643252710027, 37.417807047815089 ], [ 127.059257720932607, 37.417817614265495 ], [ 127.059270925646771, 37.415564232585524 ], [ 127.056445816450974, 37.415553666990824 ] ] ] ] } },
{ "type": "Feature", "properties": { "gid": "다사71bb39aa", "lbl": null, "val": null }, "geometry": { "type": "MultiPolygon", "coordinates": [ [ [ [ 127.180608297100235, 37.449755799911422 ], [ 127.180598715918606, 37.452009200265373 ], [ 127.183425236301559, 37.452016805342943 ], [ 127.183434732698629, 37.449763404373307 ], [ 127.180608297100235, 37.449755799911422 ] ] ] ] } },
{ "type": "Feature", "properties": { "gid": "다사66aa37aa", "lbl": null, "val": null }, "geometry": { "type": "MultiPolygon", "coordinates": [ [ [ [ 127.115692795168457, 37.431535133424305 ], [ 127.115681274244963, 37.433788525021299 ], [ 127.11850708971528, 37.433797678893477 ], [ 127.118518525932856, 37.431544286555273 ], [ 127.115692795168457, 37.431535133424305 ] ] ] ] } },
{ "type": "Feature", "properties": { "gid": "다사70aa35ab", "lbl": null, "val": null }, "geometry": { "type": "MultiPolygon", "coordinates": [ [ [ [ 127.160975762497955, 37.415899634104299 ], [ 127.16096560480581, 37.418153042948653 ], [ 127.163790846758289, 37.418161111402526 ], [ 127.163800919808239, 37.415907701904764 ], [ 127.160975762497955, 37.415899634104299 ] ] ] ] } },
{ "type": "Feature", "properties": { "gid": "다사63aa30ab", "lbl": null, "val": null }, "geometry": { "type": "MultiPolygon", "coordinates": [ [ [ [ 127.082122111003315, 37.370578378988576 ], [ 127.082109611248853, 37.372831784606483 ], [ 127.084933127000994, 37.37284172732744 ], [ 127.084945542305633, 37.370588320903977 ], [ 127.082122111003315, 37.370578378988576 ] ] ] ] } },
{ "type": "Feature", "properties": { "gid": "다사65bb37bb", "lbl": null, "val": null }, "geometry": { "type": "MultiPolygon", "coordinates": [ [ [ [ 127.112832244922132, 37.438286082704991 ], [ 127.112820635415858, 37.440539470962449 ], [ 127.115646703777358, 37.440548694626848 ], [ 127.115658228549563, 37.438295305622589 ], [ 127.112832244922132, 37.438286082704991 ] ] ] ] } },
{ "type": "Feature", "properties": { "gid": "다사72aa39bb", "lbl": null, "val": null }, "geometry": { "type": "MultiPolygon", "coordinates": [ [ [ [ 127.183406240335088, 37.456523604691959 ], [ 127.18339674076546, 37.458777003071319 ], [ 127.186223516616508, 37.458784542381991 ], [ 127.186232931373141, 37.456531143392311 ], [ 127.183406240335088, 37.456523604691959 ] ] ] ] } },
{ "type": "Feature", "properties": { "gid": "다사59ab31bb", "lbl": null, "val": null }, "geometry": { "type": "MultiPolygon", "coordinates": [ [ [ [ 127.03968819181101, 37.383941506890508 ], [ 127.039674416131348, 37.38619489457934 ], [ 127.042498416904934, 37.386205853662702 ], [ 127.042512108080913, 37.383952465086075 ], [ 127.03968819181101, 37.383941506890508 ] ] ] ] } },
{ "type": "Feature", "properties": { "gid": "다사67ba41bb", "lbl": null, "val": null }, "geometry": { "type": "MultiPolygon", "coordinates": [ [ [ [ 127.132437747820518, 37.474403414535075 ], [ 127.132426711812954, 37.476656794078735 ], [ 127.135254146004144, 37.476665556104663 ], [ 127.135265097125526, 37.474412175851818 ], [ 127.132437747820518, 37.474403414535075 ] ] ] ] } },
{ "type": "Feature", "properties": { "gid": "다사66ab40ba", "lbl": null, "val": null }, "geometry": { "type": "MultiPolygon", "coordinates": [ [ [ [ 127.118358302960047, 37.463091700642828 ], [ 127.118346848902362, 37.465345080880816 ], [ 127.121173852521736, 37.465354177505823 ], [ 127.121185221741257, 37.463100796531485 ], [ 127.118358302960047, 37.463091700642828 ] ] ] ] } },
{ "type": "Feature", "properties": { "gid": "다사59ab35bb", "lbl": null, "val": null }, "geometry": { "type": "MultiPolygon", "coordinates": [ [ [ [ 127.03946759680467, 37.419995606084775 ], [ 127.039453796565937, 37.422248979929144 ], [ 127.042279150678738, 37.422259953224092 ], [ 127.042292866263111, 37.420006578491098 ], [ 127.03946759680467, 37.419995606084775 ] ] ] ] } },
{ "type": "Feature", "properties": { "gid": "다사71aa32ab", "lbl": null, "val": null }, "geometry": { "type": "MultiPolygon", "coordinates": [ [ [ [ 127.172394142674975, 37.388890495815559 ], [ 127.172384336661224, 37.391143917598761 ], [ 127.175208567952268, 37.391151708415357 ], [ 127.175218289436302, 37.388898286001051 ], [ 127.172394142674975, 37.388890495815559 ] ] ] ] } },
{ "type": "Feature", "properties": { "gid": "다사58ba31aa", "lbl": null, "val": null }, "geometry": { "type": "MultiPolygon", "coordinates": [ [ [ [ 127.031258530439345, 37.377148067561244 ], [ 127.031244505934012, 37.379401455149761 ], [ 127.034068248597379, 37.379412613823419 ], [ 127.03408218862775, 37.377159225330885 ], [ 127.031258530439345, 37.377148067561244 ] ] ] ] } },
{ "type": "Feature", "properties": { "gid": "다사64aa39bb", "lbl": null, "val": null }, "geometry": { "type": "MultiPolygon", "coordinates": [ [ [ [ 127.092952737072764, 37.456246669331605 ], [ 127.09294052355844, 37.458500045290599 ], [ 127.095767260876897, 37.458509748213146 ], [ 127.095779389582745, 37.45625637146869 ], [ 127.092952737072764, 37.456246669331605 ] ] ] ] } },
{ "type": "Feature", "properties": { "gid": "다사61bb36bb", "lbl": null, "val": null }, "geometry": { "type": "MultiPolygon", "coordinates": [ [ [ [ 127.067668535563755, 37.429115816644341 ], [ 127.067655576106418, 37.431369195669014 ], [ 127.070481283784162, 37.431379497076406 ], [ 127.070494158547731, 37.429126117217585 ], [ 127.067668535563755, 37.429115816644341 ] ] ] ] } },
{ "type": "Feature", "properties": { "gid": "다사65ab30ab", "lbl": null, "val": null }, "geometry": { "type": "MultiPolygon", "coordinates": [ [ [ [ 127.107533041684647, 37.370665429897173 ], [ 127.107521301984463, 37.372918842568481 ], [ 127.110344829837146, 37.372928178656302 ], [ 127.110356485086101, 37.370674765228571 ], [ 127.107533041684647, 37.370665429897173 ] ] ] ] } },
{ "type": "Feature", "properties": { "gid": "다사71aa40ba", "lbl": null, "val": null }, "geometry": { "type": "MultiPolygon", "coordinates": [ [ [ [ 127.172069967105784, 37.463252958863201 ], [ 127.172060124998325, 37.465506352155622 ], [ 127.174887151055799, 37.465514163819506 ], [ 127.174896908322424, 37.463260769894745 ], [ 127.172069967105784, 37.463252958863201 ] ] ] ] } },
{ "type": "Feature", "properties": { "gid": "다사60bb33aa", "lbl": null, "val": null }, "geometry": { "type": "MultiPolygon", "coordinates": [ [ [ [ 127.056565354054982, 37.395273200646493 ], [ 127.056552078012686, 37.39752658925574 ], [ 127.059376510455138, 37.397537148006556 ], [ 127.059389701945676, 37.395283758542064 ], [ 127.056565354054982, 37.395273200646493 ] ] ] ] } },
{ "type": "Feature", "properties": { "gid": "다사60bb33ba", "lbl": null, "val": null }, "geometry": { "type": "MultiPolygon", "coordinates": [ [ [ [ 127.056538800492348, 37.399779977000044 ], [ 127.056525521493811, 37.402033363879418 ], [ 127.059350123068143, 37.402043924340909 ], [ 127.059363317496036, 37.39979053660619 ], [ 127.056538800492348, 37.399779977000044 ] ] ] ] } },
{ "type": "Feature", "properties": { "gid": "다사61aa36ab", "lbl": null, "val": null }, "geometry": { "type": "MultiPolygon", "coordinates": [ [ [ [ 127.059218097968511, 37.424577754115091 ], [ 127.059204887372687, 37.42683113233479 ], [ 127.062030421316294, 37.426841634675057 ], [ 127.062043547237707, 37.424588255604895 ], [ 127.059218097968511, 37.424577754115091 ] ] ] ] } },
{ "type": "Feature", "properties": { "gid": "다사63ba27bb", "lbl": null, "val": null }, "geometry": { "type": "MultiPolygon", "coordinates": [ [ [ [ 127.087892208072901, 37.348064075660005 ], [ 127.087879890936463, 37.350317491524365 ], [ 127.09070256536468, 37.35032729149443 ], [ 127.090714798144887, 37.348073874835904 ], [ 127.087892208072901, 37.348064075660005 ] ] ] ] } },
{ "type": "Feature", "properties": { "gid": "다사68aa33ab", "lbl": null, "val": null }, "geometry": { "type": "MultiPolygon", "coordinates": [ [ [ [ 127.138461180703828, 37.397805402907423 ], [ 127.138450355524441, 37.400058813236981 ], [ 127.141274911300599, 37.400067416232986 ], [ 127.141285651914245, 37.397814005206591 ], [ 127.138461180703828, 37.397805402907423 ] ] ] ] } },
{ "type": "Feature", "properties": { "gid": "다사72bb36bb", "lbl": null, "val": null }, "geometry": { "type": "MultiPolygon", "coordinates": [ [ [ [ 127.191997177894876, 37.429505148304308 ], [ 127.19198794510848, 37.431758558857098 ], [ 127.19481370693866, 37.43176588820014 ], [ 127.194822855024881, 37.429512477053869 ], [ 127.191997177894876, 37.429505148304308 ] ] ] ] } },
{ "type": "Feature", "properties": { "gid": "다사65aa32ba", "lbl": null, "val": null }, "geometry": { "type": "MultiPolygon", "coordinates": [ [ [ [ 127.104603134828409, 37.39093670324992 ], [ 127.104591298824829, 37.393190107383546 ], [ 127.107415585853715, 37.393199517734274 ], [ 127.107427337321553, 37.390946112838378 ], [ 127.104603134828409, 37.39093670324992 ] ] ] ] } },
{ "type": "Feature", "properties": { "gid": "다사67ab27bb", "lbl": null, "val": null }, "geometry": { "type": "MultiPolygon", "coordinates": [ [ [ [ 127.130231197843713, 37.348203992193191 ], [ 127.130220146066762, 37.350457419396996 ], [ 127.133042839934674, 37.350466209123461 ], [ 127.133053807353136, 37.348212781207366 ], [ 127.130231197843713, 37.348203992193191 ] ] ] ] } },
{ "type": "Feature", "properties": { "gid": "다사67ab36aa", "lbl": null, "val": null }, "geometry": { "type": "MultiPolygon", "coordinates": [ [ [ [ 127.129865838844381, 37.422566633979677 ], [ 127.129854746392922, 37.424820032683854 ], [ 127.132680229365491, 37.424828845939793 ], [ 127.132691237147995, 37.422575446521947 ], [ 127.129865838844381, 37.422566633979677 ] ] ] ] } },
{ "type": "Feature", "properties": { "gid": "다사61ba35aa", "lbl": null, "val": null }, "geometry": { "type": "MultiPolygon", "coordinates": [ [ [ [ 127.064934182428303, 37.41333177701646 ], [ 127.064921148438884, 37.415585161256359 ], [ 127.067746262016357, 37.415595524332289 ], [ 127.067759211378146, 37.413342139253118 ], [ 127.064934182428303, 37.41333177701646 ] ] ] ] } },
{ "type": "Feature", "properties": { "gid": "다사59ab31aa", "lbl": null, "val": null }, "geometry": { "type": "MultiPolygon", "coordinates": [ [ [ [ 127.039729509650229, 37.377181338633306 ], [ 127.039715738570266, 37.37943472891746 ], [ 127.042539485860999, 37.37944568533765 ], [ 127.042553172465475, 37.377192294165866 ], [ 127.039729509650229, 37.377181338633306 ] ] ] ] } },
{ "type": "Feature", "properties": { "gid": "다사72aa40aa", "lbl": null, "val": null }, "geometry": { "type": "MultiPolygon", "coordinates": [ [ [ [ 127.18339674076546, 37.458777003071319 ], [ 127.183387240138046, 37.461030400587212 ], [ 127.186214100811569, 37.461037940508234 ], [ 127.186223516616508, 37.458784542381991 ], [ 127.18339674076546, 37.458777003071319 ] ] ] ] } },
{ "type": "Feature", "properties": { "gid": "다사71aa39ab", "lbl": null, "val": null }, "geometry": { "type": "MultiPolygon", "coordinates": [ [ [ [ 127.172119161208556, 37.451985979446739 ], [ 127.172109324578827, 37.45423937705722 ], [ 127.174935926526572, 37.454247185559808 ], [ 127.174945678362661, 37.451993787317186 ], [ 127.172119161208556, 37.451985979446739 ] ] ] ] } },
{ "type": "Feature", "properties": { "gid": "다사72aa36bb", "lbl": null, "val": null }, "geometry": { "type": "MultiPolygon", "coordinates": [ [ [ [ 127.183520152709761, 37.429482756796126 ], [ 127.18351066582369, 37.431736165535639 ], [ 127.18633642454158, 37.431743697524773 ], [ 127.186345826727859, 37.429490288175373 ], [ 127.183520152709761, 37.429482756796126 ] ] ] ] } },
{ "type": "Feature", "properties": { "gid": "다사60ab32ba", "lbl": null, "val": null }, "geometry": { "type": "MultiPolygon", "coordinates": [ [ [ [ 127.050943548517523, 37.390745106125237 ], [ 127.050930106365271, 37.392998494737576 ], [ 127.053754366748834, 37.393009186680601 ], [ 127.053767724368441, 37.390755797202189 ], [ 127.050943548517523, 37.390745106125237 ] ] ] ] } },
{ "type": "Feature", "properties": { "gid": "다사69ab40ba", "lbl": null, "val": null }, "geometry": { "type": "MultiPolygon", "coordinates": [ [ [ [ 127.152281409800665, 37.463196388151815 ], [ 127.152270973811014, 37.465449776864631 ], [ 127.155097991998602, 37.46545806193889 ], [ 127.155108343148342, 37.463204672555428 ], [ 127.152281409800665, 37.463196388151815 ] ] ] ] } },
{ "type": "Feature", "properties": { "gid": "다사64aa38ba", "lbl": null, "val": null }, "geometry": { "type": "MultiPolygon", "coordinates": [ [ [ [ 127.093013784250672, 37.444979776565511 ], [ 127.093001577533713, 37.447233156848171 ], [ 127.095827890904175, 37.447242855843818 ], [ 127.095840012859824, 37.444989474775937 ], [ 127.093013784250672, 37.444979776565511 ] ] ] ] } },
{ "type": "Feature", "properties": { "gid": "다사58ba31bb", "lbl": null, "val": null }, "geometry": { "type": "MultiPolygon", "coordinates": [ [ [ [ 127.031216452239391, 37.383908227731048 ], [ 127.031202423049734, 37.386161612723768 ], [ 127.034026419194333, 37.386172774109774 ], [ 127.034040363880862, 37.383919388212874 ], [ 127.031216452239391, 37.383908227731048 ] ] ] ] } },
{ "type": "Feature", "properties": { "gid": "다사68ba37aa", "lbl": null, "val": null }, "geometry": { "type": "MultiPolygon", "coordinates": [ [ [ [ 127.143950158973638, 37.431623625127919 ], [ 127.143939485115965, 37.43387702389083 ], [ 127.146765312895113, 37.43388550223861 ], [ 127.146775902045434, 37.431632102789202 ], [ 127.143950158973638, 37.431623625127919 ] ] ] ] } },
{ "type": "Feature", "properties": { "gid": "다사59ba34aa", "lbl": null, "val": null }, "geometry": { "type": "MultiPolygon", "coordinates": [ [ [ [ 127.04238883261155, 37.404232931130956 ], [ 127.042375127711466, 37.406486311921114 ], [ 127.045199890967567, 37.406497211513226 ], [ 127.045213511279059, 37.404243829840283 ], [ 127.04238883261155, 37.404232931130956 ] ] ] ] } },
{ "type": "Feature", "properties": { "gid": "다사61ba31ba", "lbl": null, "val": null }, "geometry": { "type": "MultiPolygon", "coordinates": [ [ [ [ 127.06511650600558, 37.381784306851337 ], [ 127.06510349231425, 37.384037703198203 ], [ 127.067927421961599, 37.384048054529003 ], [ 127.067940351157063, 37.381794657343569 ], [ 127.06511650600558, 37.381784306851337 ] ] ] ] } },
{ "type": "Feature", "properties": { "gid": "다사59bb33ba", "lbl": null, "val": null }, "geometry": { "type": "MultiPolygon", "coordinates": [ [ [ [ 127.045240747353603, 37.399737063898847 ], [ 127.045227130074352, 37.401990447302147 ], [ 127.048051725678704, 37.402001277655941 ], [ 127.04806525838805, 37.399747893375427 ], [ 127.045240747353603, 37.399737063898847 ] ] ] ] } },
{ "type": "Feature", "properties": { "gid": "다사61aa34ba", "lbl": null, "val": null }, "geometry": { "type": "MultiPolygon", "coordinates": [ [ [ [ 127.059310530970052, 37.408804082355566 ], [ 127.059297330665302, 37.411057466630538 ], [ 127.062122272085929, 37.411067963018759 ], [ 127.062135387782192, 37.408814577893672 ], [ 127.059310530970052, 37.408804082355566 ] ] ] ] } },
{ "type": "Feature", "properties": { "gid": "다사72aa35bb", "lbl": null, "val": null }, "geometry": { "type": "MultiPolygon", "coordinates": [ [ [ [ 127.183558089693634, 37.420469113206011 ], [ 127.183548607031469, 37.422722525398321 ], [ 127.186374027006821, 37.422730054948083 ], [ 127.186383425006937, 37.420476642146021 ], [ 127.183558089693634, 37.420469113206011 ] ] ] ] } },
{ "type": "Feature", "properties": { "gid": "다사62aa34aa", "lbl": null, "val": null }, "geometry": { "type": "MultiPolygon", "coordinates": [ [ [ [ 127.070635686385742, 37.404338881689078 ], [ 127.070622827379296, 37.406592271061143 ], [ 127.073447605375378, 37.406602495811022 ], [ 127.073460379791541, 37.404349105610827 ], [ 127.070635686385742, 37.404338881689078 ] ] ] ] } },
{ "type": "Feature", "properties": { "gid": "다사72bb38aa", "lbl": null, "val": null }, "geometry": { "type": "MultiPolygon", "coordinates": [ [ [ [ 127.191951003681893, 37.440772192436647 ], [ 127.191941765754351, 37.443025598673543 ], [ 127.19476795122668, 37.443032930984543 ], [ 127.19477710440691, 37.440779524153982 ], [ 127.191951003681893, 37.440772192436647 ] ] ] ] } },
{ "type": "Feature", "properties": { "gid": "다사68ba35bb", "lbl": null, "val": null }, "geometry": { "type": "MultiPolygon", "coordinates": [ [ [ [ 127.144003510440228, 37.420356618357019 ], [ 127.143992842522692, 37.422610021438658 ], [ 127.146818246859297, 37.422618496354303 ], [ 127.146828830116604, 37.420365092586351 ], [ 127.144003510440228, 37.420356618357019 ] ] ] ] } },
{ "type": "Feature", "properties": { "gid": "다사64bb37ba", "lbl": null, "val": null }, "geometry": { "type": "MultiPolygon", "coordinates": [ [ [ [ 127.101540270542529, 37.435995129327814 ], [ 127.101528323431722, 37.438248515407821 ], [ 127.104354301832572, 37.43825800857595 ], [ 127.104366164219357, 37.436004621727292 ], [ 127.101540270542529, 37.435995129327814 ] ] ] ] } },
{ "type": "Feature", "properties": { "gid": "다사60bb33bb", "lbl": null, "val": null }, "geometry": { "type": "MultiPolygon", "coordinates": [ [ [ [ 127.056525521493811, 37.402033363879418 ], [ 127.056512241016918, 37.404286749893828 ], [ 127.059336927171287, 37.404297311210719 ], [ 127.059350123068143, 37.402043924340909 ], [ 127.056525521493811, 37.402033363879418 ] ] ] ] } },
{ "type": "Feature", "properties": { "gid": "다사63ba36aa", "lbl": null, "val": null }, "geometry": { "type": "MultiPolygon", "coordinates": [ [ [ [ 127.08748501775321, 37.422426342892187 ], [ 127.087472655285552, 37.42467973023485 ], [ 127.090298118743078, 37.424689556438651 ], [ 127.090310396544041, 37.422436168300273 ], [ 127.08748501775321, 37.422426342892187 ] ] ] ] } },
{ "type": "Feature", "properties": { "gid": "다사63ab29ab", "lbl": null, "val": null }, "geometry": { "type": "MultiPolygon", "coordinates": [ [ [ [ 127.084995189706405, 37.361574686568197 ], [ 127.084982779928552, 37.363828096448401 ], [ 127.087805959319212, 37.363837968565981 ], [ 127.08781828468463, 37.36158455788587 ], [ 127.084995189706405, 37.361574686568197 ] ] ] ] } },
{ "type": "Feature", "properties": { "gid": "다사71bb39bb", "lbl": null, "val": null }, "geometry": { "type": "MultiPolygon", "coordinates": [ [ [ [ 127.180579550354707, 37.456515998382883 ], [ 127.180569965972182, 37.458769396146451 ], [ 127.18339674076546, 37.458777003071319 ], [ 127.183406240335088, 37.456523604691959 ], [ 127.180579550354707, 37.456515998382883 ] ] ] ] } },
{ "type": "Feature", "properties": { "gid": "다사67ba26ba", "lbl": null, "val": null }, "geometry": { "type": "MultiPolygon", "coordinates": [ [ [ [ 127.133108626137584, 37.336945628678173 ], [ 127.133097664821278, 37.339199060910424 ], [ 127.135919938210762, 37.339207779752776 ], [ 127.135930815215389, 37.336954346813876 ], [ 127.133108626137584, 37.336945628678173 ] ] ] ] } },
{ "type": "Feature", "properties": { "gid": "다사60aa36ba", "lbl": null, "val": null }, "geometry": { "type": "MultiPolygon", "coordinates": [ [ [ [ 127.047902766400924, 37.426788447639993 ], [ 127.047889215600605, 37.429041821537908 ], [ 127.05071482828744, 37.429052594883814 ], [ 127.050728294404593, 37.426799220113537 ], [ 127.047902766400924, 37.426788447639993 ] ] ] ] } },
{ "type": "Feature", "properties": { "gid": "다사60aa35aa", "lbl": null, "val": null }, "geometry": { "type": "MultiPolygon", "coordinates": [ [ [ [ 127.047984039529339, 37.413268186081439 ], [ 127.047970497777698, 37.415521565170977 ], [ 127.050795602506994, 37.415532333283444 ], [ 127.050809059632044, 37.41327895332185 ], [ 127.047984039529339, 37.413268186081439 ] ] ] ] } },
{ "type": "Feature", "properties": { "gid": "다사59ba33ab", "lbl": null, "val": null }, "geometry": { "type": "MultiPolygon", "coordinates": [ [ [ [ 127.042429938158776, 37.397472783569121 ], [ 127.042416237834999, 37.399726166954942 ], [ 127.045240747353603, 37.399737063898847 ], [ 127.045254363117024, 37.397483679630405 ], [ 127.042429938158776, 37.397472783569121 ] ] ] ] } },
{ "type": "Feature", "properties": { "gid": "다사58aa30ba", "lbl": null, "val": null }, "geometry": { "type": "MultiPolygon", "coordinates": [ [ [ [ 127.02563960092499, 37.372618775661465 ], [ 127.025625410629928, 37.374872163156212 ], [ 127.028448981221615, 37.374883454835135 ], [ 127.028463087060899, 37.372630066425565 ], [ 127.02563960092499, 37.372618775661465 ] ] ] ] } },
{ "type": "Feature", "properties": { "gid": "다사62bb33ab", "lbl": null, "val": null }, "geometry": { "type": "MultiPolygon", "coordinates": [ [ [ [ 127.079147578146333, 37.397609170308542 ], [ 127.079134977120432, 37.399862564742307 ], [ 127.081959505610754, 37.399872584602363 ], [ 127.081972022074112, 37.397619189357009 ], [ 127.079147578146333, 37.397609170308542 ] ] ] ] } },
{ "type": "Feature", "properties": { "gid": "다사62ba36ab", "lbl": null, "val": null }, "geometry": { "type": "MultiPolygon", "coordinates": [ [ [ [ 127.07617081531393, 37.424639750129977 ], [ 127.07615811276716, 37.426893133370314 ], [ 127.078983655337879, 37.426903230507399 ], [ 127.078996273209228, 37.424649846449434 ], [ 127.07617081531393, 37.424639750129977 ] ] ] ] } },
{ "type": "Feature", "properties": { "gid": "다사63ba34ba", "lbl": null, "val": null }, "geometry": { "type": "MultiPolygon", "coordinates": [ [ [ [ 127.0875591636634, 37.408906000680467 ], [ 127.087546809450856, 37.41115939321039 ], [ 127.090371765049781, 37.411169214640623 ], [ 127.090384034652189, 37.408915821315261 ], [ 127.0875591636634, 37.408906000680467 ] ] ] ] } },
{ "type": "Feature", "properties": { "gid": "다사65ba38ba", "lbl": null, "val": null }, "geometry": { "type": "MultiPolygon", "coordinates": [ [ [ [ 127.109971175960283, 37.445036952147035 ], [ 127.109959477813405, 37.447290337059052 ], [ 127.112785799140596, 37.447299630548791 ], [ 127.112797412525239, 37.445046244884367 ], [ 127.109971175960283, 37.445036952147035 ] ] ] ] } },
{ "type": "Feature", "properties": { "gid": "다사59ab31ab", "lbl": null, "val": null }, "geometry": { "type": "MultiPolygon", "coordinates": [ [ [ [ 127.039715738570266, 37.37943472891746 ], [ 127.039701965957249, 37.381688118336527 ], [ 127.04252579773285, 37.381699075644399 ], [ 127.042539485860999, 37.37944568533765 ], [ 127.039715738570266, 37.37943472891746 ] ] ] ] } },
{ "type": "Feature", "properties": { "gid": "다사63aa33aa", "lbl": null, "val": null }, "geometry": { "type": "MultiPolygon", "coordinates": [ [ [ [ 127.081984537144152, 37.39536579324718 ], [ 127.081972022074112, 37.397619189357009 ], [ 127.084796467395179, 37.397629140942207 ], [ 127.084808897911927, 37.395375744026303 ], [ 127.081984537144152, 37.39536579324718 ] ] ] ] } },
{ "type": "Feature", "properties": { "gid": "다사62ab28ba", "lbl": null, "val": null }, "geometry": { "type": "MultiPolygon", "coordinates": [ [ [ [ 127.073741057465256, 37.35477430247488 ], [ 127.073728314295565, 37.357027711693782 ], [ 127.076551234896925, 37.357037850871421 ], [ 127.076563893683044, 37.354784440830926 ], [ 127.073741057465256, 37.35477430247488 ] ] ] ] } },
{ "type": "Feature", "properties": { "gid": "다사60aa35bb", "lbl": null, "val": null }, "geometry": { "type": "MultiPolygon", "coordinates": [ [ [ [ 127.047943409751241, 37.42002832075439 ], [ 127.047929863476057, 37.422281697248216 ], [ 127.050755222141717, 37.422292467977179 ], [ 127.05076868376203, 37.420039090611141 ], [ 127.047943409751241, 37.42002832075439 ] ] ] ] } },
{ "type": "Feature", "properties": { "gid": "다사72bb39aa", "lbl": null, "val": null }, "geometry": { "type": "MultiPolygon", "coordinates": [ [ [ [ 127.191914045799692, 37.449785812204816 ], [ 127.191904803757055, 37.452039214988694 ], [ 127.194731328312969, 37.452046549674677 ], [ 127.194740485570549, 37.449793146297012 ], [ 127.191914045799692, 37.449785812204816 ] ] ] ] } },
{ "type": "Feature", "properties": { "gid": "다사62bb27bb", "lbl": null, "val": null }, "geometry": { "type": "MultiPolygon", "coordinates": [ [ [ [ 127.079424446120086, 37.348034274072724 ], [ 127.079411875916009, 37.350287687521849 ], [ 127.082234546202727, 37.350297689537982 ], [ 127.0822470320511, 37.348044275278312 ], [ 127.079424446120086, 37.348034274072724 ] ] ] ] } },
{ "type": "Feature", "properties": { "gid": "다사64aa35bb", "lbl": null, "val": null }, "geometry": { "type": "MultiPolygon", "coordinates": [ [ [ [ 127.093147968478505, 37.420192536391532 ], [ 127.093135776701715, 37.42244592618465 ], [ 127.095961158216809, 37.422455616545236 ], [ 127.095973265336028, 37.420202225967394 ], [ 127.093147968478505, 37.420192536391532 ] ] ] ] } },
{ "type": "Feature", "properties": { "gid": "다사60ba35ba", "lbl": null, "val": null }, "geometry": { "type": "MultiPolygon", "coordinates": [ [ [ [ 127.053607334747497, 37.417796413853196 ], [ 127.053593959271424, 37.420049792951126 ], [ 127.056419236269974, 37.42006042777426 ], [ 127.05643252710027, 37.417807047815089 ], [ 127.053607334747497, 37.417796413853196 ] ] ] ] } },
{ "type": "Feature", "properties": { "gid": "다사60ba31bb", "lbl": null, "val": null }, "geometry": { "type": "MultiPolygon", "coordinates": [ [ [ [ 127.053807788306514, 37.383995623577505 ], [ 127.053794435147111, 37.386249015650627 ], [ 127.056618443447562, 37.386259637560663 ], [ 127.056631712102401, 37.384006244627095 ], [ 127.053807788306514, 37.383995623577505 ] ] ] ] } },
{ "type": "Feature", "properties": { "gid": "다사63ab28ba", "lbl": null, "val": null }, "geometry": { "type": "MultiPolygon", "coordinates": [ [ [ [ 127.085032410752774, 37.354814451742861 ], [ 127.085020005118338, 37.357067864215402 ], [ 127.087842931299974, 37.357077733933409 ], [ 127.087855252550156, 37.354824320661088 ], [ 127.085032410752774, 37.354814451742861 ] ] ] ] } },
{ "type": "Feature", "properties": { "gid": "다사64bb31bb", "lbl": null, "val": null }, "geometry": { "type": "MultiPolygon", "coordinates": [ [ [ [ 127.101814687309243, 37.384167010931634 ], [ 127.101802770750467, 37.386420416889749 ], [ 127.104626802883089, 37.386429892390552 ], [ 127.104638634934517, 37.384176485664838 ], [ 127.101814687309243, 37.384167010931634 ] ] ] ] } },
{ "type": "Feature", "properties": { "gid": "다사68ba33aa", "lbl": null, "val": null }, "geometry": { "type": "MultiPolygon", "coordinates": [ [ [ [ 127.14412077918179, 37.395569127459225 ], [ 127.144110124320278, 37.397822540040487 ], [ 127.146934597912519, 37.39783100740901 ], [ 127.146945168217442, 37.395577594141884 ], [ 127.14412077918179, 37.395569127459225 ] ] ] ] } },
{ "type": "Feature", "properties": { "gid": "다사64aa27bb", "lbl": null, "val": null }, "geometry": { "type": "MultiPolygon", "coordinates": [ [ [ [ 127.093537389578429, 37.348083606668368 ], [ 127.093525241154595, 37.350337024115603 ], [ 127.096347918296843, 37.350346689387784 ], [ 127.096359982364149, 37.348093271157296 ], [ 127.093537389578429, 37.348083606668368 ] ] ] ] } },
{ "type": "Feature", "properties": { "gid": "다사72aa35aa", "lbl": null, "val": null }, "geometry": { "type": "MultiPolygon", "coordinates": [ [ [ [ 127.183586531346634, 37.413708871450218 ], [ 127.183577051851074, 37.415962286231931 ], [ 127.186402217868533, 37.415969813952557 ], [ 127.186411612730311, 37.413716398561206 ], [ 127.183586531346634, 37.413708871450218 ] ] ] ] } },
{ "type": "Feature", "properties": { "gid": "다사65bb37ab", "lbl": null, "val": null }, "geometry": { "type": "MultiPolygon", "coordinates": [ [ [ [ 127.112855460057389, 37.433779303597184 ], [ 127.112843853135928, 37.436032693583222 ], [ 127.115669752038698, 37.436041915754053 ], [ 127.115681274244963, 37.433788525021299 ], [ 127.112855460057389, 37.433779303597184 ] ] ] ] } },
{ "type": "Feature", "properties": { "gid": "다사69bb36bb", "lbl": null, "val": null }, "geometry": { "type": "MultiPolygon", "coordinates": [ [ [ [ 127.15808913520533, 37.429411934954473 ], [ 127.158078886027027, 37.431665337958798 ], [ 127.160904634898884, 37.431673477881894 ], [ 127.16091479937856, 37.429420074218442 ], [ 127.15808913520533, 37.429411934954473 ] ] ] ] } },
{ "type": "Feature", "properties": { "gid": "다사61aa35aa", "lbl": null, "val": null }, "geometry": { "type": "MultiPolygon", "coordinates": [ [ [ [ 127.059284128890937, 37.413310850040531 ], [ 127.059270925646771, 37.415564232585524 ], [ 127.062096036312553, 37.415574730674066 ], [ 127.062109154929431, 37.413321347278888 ], [ 127.059284128890937, 37.413310850040531 ] ] ] ] } },
{ "type": "Feature", "properties": { "gid": "다사71ba37aa", "lbl": null, "val": null }, "geometry": { "type": "MultiPolygon", "coordinates": [ [ [ [ 127.177859151566182, 37.431720898911841 ], [ 127.177849494205802, 37.433974305551828 ], [ 127.180675335510657, 37.433981973258831 ], [ 127.180684908162078, 37.431728565997972 ], [ 127.177859151566182, 37.431720898911841 ] ] ] ] } },
{ "type": "Feature", "properties": { "gid": "다사68aa33aa", "lbl": null, "val": null }, "geometry": { "type": "MultiPolygon", "coordinates": [ [ [ [ 127.138472004678178, 37.395551991714271 ], [ 127.138461180703828, 37.397805402907423 ], [ 127.141285651914245, 37.397814005206591 ], [ 127.141296391332261, 37.395560593316659 ], [ 127.138472004678178, 37.395551991714271 ] ] ] ] } },
{ "type": "Feature", "properties": { "gid": "다사73aa38ab", "lbl": null, "val": null }, "geometry": { "type": "MultiPolygon", "coordinates": [ [ [ [ 127.19476795122668, 37.443032930984543 ], [ 127.194758797027291, 37.445286336951916 ], [ 127.197585068275643, 37.445293602274944 ], [ 127.19759413771817, 37.443040195719341 ], [ 127.19476795122668, 37.443032930984543 ] ] ] ] } }
]
}
